area_frac,category,image_id,is_thing,map_inside_mean,map_neutral_mass_frac,map_neutral_mean,map_other_region_mass_frac,map_other_region_mean,map_outside_mass_frac,map_outside_mean,map_self_mass_frac,object_index,own_gt_patch_win_frac,sample_index,size_bucket
0.7371673583984375,"bear",285,True,0.9736872315406799,0.0479813776910305,0.1376364678144455,0.0,0.0,0.0479813776910305,0.1376364678144455,0.952018678188324,0,1.0,0,"large"
0.044269561767578125,"person",4765,True,0.9074785113334656,0.11364307254552841,0.005507464986294508,0.0021920695435255766,0.0054817842319607735,0.11583513021469116,0.005506976041942835,0.8841648697853088,0,1.0,1,"medium"
0.018169403076171875,"surfboard",4765,True,0.7691625356674194,0.14368896186351776,0.0025012437254190445,9.631665307097137e-06,3.5508169275999535e-06,0.143698588013649,0.0023886256385594606,0.8563014268875122,1,0.8757085800170898,1,"small"
0.374542236328125,"motorcycle",7386,True,0.8483766913414001,0.011439511552453041,0.013815287500619888,0.046170830726623535,0.04471150413155556,0.05609992519021034,0.030194498598575592,0.9438999891281128,0,0.9516825675964355,2,"large"
0.142059326171875,"tree-merged",7386,False,0.8358066082000732,0.0987100824713707,0.04943782836198807,0.05277543142437935,0.012713517062366009,0.14951512217521667,0.02432970330119133,0.8504848480224609,1,0.8723952770233154,2,"large"
0.12310791015625,"grass-merged",7386,False,0.8525215983390808,0.011482995934784412,0.005717000924050808,0.24264313280582428,0.05606824532151222,0.24374684691429138,0.03857598081231117,0.756253182888031,2,0.7354982495307922,2,"large"
0.0501708984375,"gravel",7386,False,0.8269016146659851,0.056864116340875626,0.020783716812729836,0.5568960309028625,0.08424751460552216,0.5927980542182922,0.06358538568019867,0.4072018563747406,3,0.760948896408081,2,"medium"
0.02001953125,"truck",7386,True,0.7446444630622864,0.30278098583221436,0.02985985018312931,0.15504351258277893,0.006073781289160252,0.45770859718322754,0.012839311733841896,0.5422914624214172,4,0.7804877758026123,2,"small"
0.009033203125,"sky-other-merged",7386,False,0.8754823207855225,0.07043127715587616,0.002602302934974432,0.16170582175254822,0.00233758008107543,0.2321334034204483,0.00241258111782372,0.7678665518760681,5,0.8648648858070374,2,"tiny"
0.005767822265625,"dog",7386,True,0.8461660742759705,6.128792301751673e-05,1.0732001101132482e-06,5.850513116456568e-05,3.9907538962324907e-07,0.00011379517673049122,5.586668407886464e-07,0.9998862743377686,6,0.8465608358383179,2,"tiny"
0.508453369140625,"bowl",8277,True,0.3292221128940582,0.05745398998260498,0.09003888070583344,0.4941314458847046,0.7211427688598633,0.5505564212799072,0.41715946793556213,0.449443519115448,0,0.965053141117096,3,"large"
0.17689132690429688,"bowl",8277,True,0.8756464719772339,0.06448755413293839,0.05008472874760628,0.1028161495923996,0.03232207149267197,0.16082824766635895,0.03606531023979187,0.8391717076301575,1,0.5600698590278625,3,"large"
0.029693603515625,"fork",8277,True,0.7389191389083862,0.004721102770417929,0.0004959050565958023,0.1210661455988884,0.004118102136999369,0.12107943743467331,0.0031150977592915297,0.8789206147193909,2,0.8919578790664673,3,"small"
0.012165069580078125,"broccoli",8277,True,0.7953521013259888,0.2980075180530548,0.057088594883680344,0.4990554451942444,0.030269473791122437,0.7874815464019775,0.036293867975473404,0.21251852810382843,3,0.0,3,"small"
0.010776519775390625,"broccoli",8277,True,0.005908525083214045,0.36103224754333496,0.05261407792568207,0.6371378302574158,0.029360175132751465,0.9981616139411926,0.03494761139154434,0.0018384276190772653,4,0.0,3,"small"
0.0125732421875,"broccoli",8277,True,0.30147039890289307,0.44271737337112427,0.04381822422146797,0.3961452543735504,0.012427275069057941,0.8388580083847046,0.019983284175395966,0.16114196181297302,5,0.0,3,"small"
0.00653076171875,"broccoli",8277,True,0.00435693608596921,0.16712374985218048,0.002546774921938777,0.8250507116317749,0.0039518484845757484,0.9921433329582214,0.003616824746131897,0.007856653071939945,6,0.0,3,"tiny"
0.0078125,"broccoli",8277,True,0.00036958890268579125,0.260280579328537,0.00848181638866663,0.7393465638160706,0.0075888317078351974,0.9996271729469299,0.007802729029208422,0.00037282644188962877,7,0.0,3,"tiny"
0.12060546875,"wall-other-merged",9400,False,0.938072144985199,0.17323274910449982,0.04104167968034744,0.16100943088531494,0.16878357529640198,0.33424219489097595,0.06458988785743713,0.6657577753067017,0,0.9514170289039612,4,"large"
0.04150390625,"wall-wood",9400,False,0.6054418087005615,0.13411562144756317,0.007810758426785469,0.2742326855659485,0.04720613360404968,0.3984721302986145,0.01736653782427311,0.6015278697013855,1,0.43529412150382996,4,"medium"
0.03515625,"person",9400,True,5.052567303209798e-06,0.9997414946556091,0.1475619226694107,0.0002570335927885026,0.00010949152056127787,0.9999983906745911,0.10972882807254791,1.6777846667537233e-06,2,0.0,4,"medium"
0.02001953125,"keyboard",9400,True,0.9983104467391968,0.39156389236450195,0.020574435591697693,0.07815957814455032,0.011213650926947594,0.4697234630584717,0.01806516759097576,0.5302764773368835,3,0.31707316637039185,4,"small"
0.02197265625,"keyboard",9400,True,9.252157906303182e-05,0.26597410440444946,0.009875052608549595,0.7339495420455933,0.07496297359466553,0.9999236464500427,0.027227498590946198,7.633675704710186e-05,4,0.0,4,"small"
0.0126953125,"laptop",9400,True,0.37510931491851807,0.8470547199249268,0.0520060658454895,0.04481023550033569,0.0073083010502159595,0.8918648958206177,0.039781603962183,0.10813513398170471,5,1.0,4,"small"
0.0078125,"cup",9400,True,0.5279732942581177,0.8150097727775574,0.025349076837301254,0.00010123676474904642,8.215821253543254e-06,0.8151110410690308,0.01832796260714531,0.18488889932632446,6,1.0,4,"tiny"
0.005859375,"platform",9400,False,7.031236691545928e-06,0.1465993970632553,0.0030778637155890465,0.8533978462219238,0.046420250087976456,0.9999972581863403,0.015148165635764599,2.7357345970813185e-06,7,0.0,4,"tiny"
0.0048828125,"counter",9400,False,0.16234032809734344,0.9365163445472717,0.03231073170900345,0.03145260736346245,0.0028015447314828634,0.9679688215255737,0.02407190203666687,0.03203120082616806,8,0.4000000059604645,4,"tiny"
0.0029296875,"mouse",9400,True,0.9999983906745911,0.2581949532032013,0.0014216485433280468,9.465179573453497e-06,1.3361048445403867e-07,0.2582044005393982,0.0010227611055597663,0.7417955994606018,9,1.0,4,"tiny"
0.00439453125,"laptop",9400,True,1.9702041754499078e-05,0.9986182451248169,0.020466597750782967,0.001375840394757688,7.254373485920951e-05,0.9999940991401672,0.014765500091016293,5.889599833608372e-06,10,0.0,4,"tiny"
0.0029296875,"keyboard",9400,True,0.00400485098361969,0.8977407217025757,0.015881653875112534,0.10133462399244308,0.004595892038196325,0.9990753531455994,0.012714787386357784,0.0009246364934369922,11,0.0,4,"tiny"
0.001953125,"person",9400,True,4.419842662173323e-05,0.9999136328697205,0.011002211831510067,7.535218901466578e-05,2.1182017917453777e-06,0.9999890327453613,0.007907763123512268,1.0937737897620536e-05,12,0.0,4,"tiny"
0.0009765625,"keyboard",9400,True,0.006922646891325712,0.3927544951438904,0.000850657990667969,0.6028939485549927,0.0033244569785892963,0.9956483840942383,0.0015483030583709478,0.00435157585889101,13,0.0,4,"tiny"
0.00048828125,"keyboard",9400,True,1.0673632644397912e-08,0.18331412971019745,0.0023480344098061323,0.8166857957839966,0.026586273685097694,1.0,0.009192051365971565,5.672597391814804e-10,14,0.0,4,"tiny"
0.2021484375,"wall-other-merged",10707,False,0.8818791508674622,0.009430279955267906,0.008915833197534084,0.020425591617822647,0.006182737648487091,0.027294116094708443,0.006269671954214573,0.9727059006690979,0,0.9009661674499512,5,"large"
0.1455078125,"person",10707,True,0.979354977607727,0.09264285862445831,0.0833282470703125,0.09294255077838898,0.024493234232068062,0.18269233405590057,0.03727804124355316,0.8173076510429382,1,0.9798657894134521,5,"large"
0.13671875,"window-blind",10707,False,0.7083285450935364,0.009667942300438881,0.005581366829574108,0.13310927152633667,0.022219525650143623,0.13464197516441345,0.017454011365771294,0.8653578758239746,2,0.5714285969734192,5,"large"
0.0595703125,"couch",10707,True,0.9999771118164062,0.08883235603570938,0.03154606744647026,0.04583064466714859,0.004225840326398611,0.13466300070285797,0.009857269003987312,0.865337073802948,3,1.0,5,"medium"
0.06103515625,"couch",10707,True,0.8668453097343445,0.024683136492967606,0.011440904811024666,0.3968033492565155,0.04775495082139969,0.4111548960208893,0.03934383764863014,0.5888451337814331,4,0.8799999952316284,5,"medium"
0.0556640625,"blanket",10707,False,0.8522166013717651,0.01860799454152584,0.005022712983191013,0.0747714638710022,0.005213043186813593,0.09337945282459259,0.005173973273485899,0.9066205024719238,5,0.8245614171028137,5,"medium"
0.04931640625,"dining table",10707,True,0.7508705854415894,0.06624358892440796,0.018243925645947456,0.24931630492210388,0.017564019188284874,0.30638012290000916,0.017205193638801575,0.6936198472976685,6,0.7623762488365173,5,"medium"
0.04736328125,"floor-wood",10707,False,0.4772986173629761,0.21939997375011444,0.039068061858415604,0.1396506130695343,0.006340595427900553,0.3450833559036255,0.01250381488353014,0.6549167633056641,7,0.6494845151901245,5,"medium"
0.01953125,"window-other",10707,False,0.29577112197875977,0.00012763780250679702,4.126515341340564e-05,0.9078130722045898,0.07214704900979996,0.9078232049942017,0.05802728235721588,0.09217669069766998,8,0.20000000298023224,5,"small"
0.0126953125,"food-other-merged",10707,False,0.01162673905491829,0.053111761808395386,0.0027983656618744135,0.9324362874031067,0.01200245413929224,0.9855480790138245,0.010195321403443813,0.014451968483626842,9,0.4615384638309479,5,"small"
0.00830078125,"backpack",10707,True,0.5867267847061157,0.0010697764810174704,3.2329877285519615e-05,0.16765601933002472,0.0012287739664316177,0.16865111887454987,0.0009962787153199315,0.8313488364219666,10,0.5882353186607361,5,"tiny"
0.00244140625,"cup",10707,True,0.41733598709106445,0.00034668768057599664,1.8472713918527006e-06,0.013550993986427784,1.740445259201806e-05,0.013554612174630165,1.4034649211680517e-05,0.9864453077316284,11,0.4000000059604645,5,"tiny"
0.0029296875,"laptop",10707,True,0.9999979138374329,1.924911430251086e-06,2.9101673959530672e-08,0.0003373451763764024,1.2308535133342957e-06,0.0003392701328266412,9.97212282527471e-07,0.9996606707572937,12,1.0,5,"tiny"
0.00146484375,"table-merged",10707,False,4.752207871661085e-07,0.9396148324012756,3.0746975880902028e-06,0.05971010401844978,4.704031297819711e-08,0.9989026188850403,6.345602514556958e-07,0.001097421976737678,14,0.0,5,"tiny"
0.001953125,"remote",10707,True,0.004168560728430748,0.15248697996139526,0.002107321284711361,0.8444737792015076,0.0028130733408033848,0.9969607591629028,0.0026759973261505365,0.003039188450202346,15,0.0,5,"tiny"
0.001953125,"bottle",10707,True,0.14901965856552124,3.5048878999077715e-07,5.262887903256797e-10,8.470904140267521e-05,3.066031695198035e-08,8.505952428095043e-05,2.4807473408827718e-08,0.9999150037765503,16,0.5,5,"tiny"
0.00244140625,"cup",10707,True,0.39994338154792786,3.5688510706677334e-06,1.7977644262145986e-08,5.706764932256192e-05,6.93353925385054e-08,6.0636499256361276e-05,5.93554503325322e-08,0.9999393820762634,17,0.4000000059604645,5,"tiny"
0.0009765625,"remote",10707,True,1.4230861324904254e-06,0.08796221762895584,1.4098350220592692e-07,0.9075647592544556,3.502028107504884e-07,0.9955269694328308,3.096064915553143e-07,0.004472996108233929,18,0.0,5,"tiny"
0.4838409423828125,"tree-merged",11760,False,0.8356521725654602,0.00222286325879395,0.11687193810939789,0.01584007404744625,0.01278626173734665,0.017588956281542778,0.01402463112026453,0.9824110865592957,0,0.8866725564002991,6,"large"
0.182861328125,"dirt-merged",11760,False,0.9751750826835632,0.013092397712171078,0.431140273809433,0.3039272725582123,0.09644347429275513,0.30822065472602844,0.09723056107759476,0.691779375076294,1,0.9317423105239868,6,"large"
0.10765838623046875,"zebra",11760,True,0.7120205760002136,0.007367272395640612,0.17143839597702026,0.5738692283630371,0.11797834187746048,0.5791749358177185,0.11822720617055893,0.4208250641822815,2,0.9243143796920776,6,"large"
0.1038970947265625,"zebra",11760,True,0.9477437734603882,0.008036980405449867,0.10644754022359848,0.04439077153801918,0.005179716739803553,0.05023931711912155,0.005812540650367737,0.9497606754302979,3,0.8965340256690979,6,"large"
0.07556915283203125,"zebra",11760,True,0.9713119268417358,0.01990961842238903,0.1937602013349533,0.0304824560880661,0.0025304111186414957,0.0364723727107048,0.003005582606419921,0.9635276794433594,4,0.9870772361755371,6,"medium"
0.0428924560546875,"grass-merged",11760,False,0.5005929470062256,0.0397598072886467,0.2552330493927002,0.5461939573287964,0.02886081114411354,0.5726974010467529,0.030067309737205505,0.42730259895324707,5,0.4717182517051697,6,"medium"
0.26699066162109375,"fence-merged",13201,False,0.9452357292175293,0.004607668612152338,0.006349511444568634,0.142966628074646,0.08094651252031326,0.14389990270137787,0.057871218770742416,0.8561000823974609,0,0.9579368233680725,7,"large"
0.22695159912109375,"grass-merged",13201,False,0.8909148573875427,0.04188583791255951,0.04236789792776108,0.026042640209197998,0.01005545724183321,0.06556927412748337,0.018353378400206566,0.9344307780265808,1,0.927219569683075,7,"large"
0.1447296142578125,"tree-merged",13201,False,0.8931171894073486,0.0007380988681688905,0.0004778977599926293,0.06666526943445206,0.014392738230526447,0.06676103174686432,0.010811666958034039,0.9332388639450073,2,0.8841855525970459,7,"large"
0.117767333984375,"person",13201,True,0.9227735996246338,0.006011942867189646,0.003251398680731654,0.05607209727168083,0.009699921123683453,0.06068327650427818,0.007957815192639828,0.9393166303634644,3,0.9424073696136475,7,"large"
0.03154754638671875,"sky-other-merged",13201,False,0.23836402595043182,0.0002592800883576274,1.307095317315543e-05,0.30247655510902405,0.004321490880101919,0.30270645022392273,0.0033708084374666214,0.6972935199737549,4,0.8048367500305176,7,"medium"
0.38916015625,"bed",14831,True,0.9993941187858582,0.22949258983135223,0.1896398663520813,0.0,0.0,0.22949258983135223,0.1896398663520813,0.7705073952674866,0,1.0,8,"large"
0.3468017578125,"grass-merged",15746,False,0.9479678869247437,0.049014922231435776,0.27191558480262756,0.05743596330285072,0.03551972657442093,0.10005100071430206,0.05595428869128227,0.8999490737915039,0,0.948565661907196,9,"large"
0.23229217529296875,"tree-merged",15746,False,0.9405152201652527,0.08891420066356659,0.36672452092170715,0.10801270604133606,0.04174165800213814,0.19558456540107727,0.06919243186712265,0.8044154644012451,1,0.9747758507728577,9,"large"
0.17742919921875,"fire hydrant",15746,True,0.9681734442710876,0.007920284755527973,0.022765643894672394,0.08712553232908249,0.021751778200268745,0.09241364151239395,0.021264398470520973,0.9075863361358643,2,0.9667612910270691,9,"large"
0.12474822998046875,"house",15746,False,0.8351802825927734,0.13519220054149628,0.2570139765739441,0.03476091846823692,0.005369814578443766,0.1677413284778595,0.02399182692170143,0.8322587609291077,3,0.8581737875938416,9,"large"
0.04175567626953125,"sky-other-merged",15746,False,0.7338840365409851,0.00028659318923018873,0.00014530531188938767,0.08185834437608719,0.003061664057895541,0.08214050531387329,0.002861856948584318,0.9178593754768372,4,0.7250137329101562,9,"medium"
0.01520538330078125,"pavement-merged",15746,False,0.7350589632987976,0.04543375223875046,0.008266034536063671,0.05370429903268814,0.0006991891423240304,0.06706849485635757,0.0008159108692780137,0.9329314827919006,5,0.7441043853759766,9,"small"
0.3759765625,"grass-merged",17029,False,0.948530375957489,0.0025627256836742163,0.0972113385796547,0.1428002268075943,0.09672877192497253,0.1442543864250183,0.09633751958608627,0.8557455539703369,0,0.9603896141052246,10,"large"
0.357666015625,"tree-merged",17029,False,0.7439901232719421,0.007834592834115028,0.20633676648139954,0.07745414227247238,0.035346418619155884,0.08032985031604767,0.036185022443532944,0.9196701645851135,1,0.8921501636505127,10,"large"
0.09765625,"dog",17029,True,0.950645923614502,0.01696847751736641,0.15169629454612732,0.042424120008945465,0.004672053270041943,0.05477727949619293,0.005962290335446596,0.9452227354049683,2,0.9599999785423279,10,"medium"
0.077880859375,"dirt-merged",17029,False,0.5832276344299316,0.0011610911460593343,0.00549342343583703,0.1261385977268219,0.00719029363244772,0.12614475190639496,0.007110685110092163,0.8738552331924438,3,0.777429461479187,10,"medium"
0.065673828125,"car",17029,True,0.9137190580368042,0.037054210901260376,0.24082200229167938,0.13000157475471497,0.010039785876870155,0.15958495438098907,0.012195640243589878,0.8404150605201721,4,0.921933114528656,10,"medium"
0.0078125,"frisbee",17029,True,0.9999399781227112,0.09999734163284302,0.08888064324855804,0.09999775141477585,0.0009951841784641147,0.19999508559703827,0.001968325348570943,0.8000049591064453,5,1.0,10,"tiny"
0.00732421875,"pavement-merged",17029,False,0.8666425347328186,0.04599112272262573,0.04444408789277077,0.4021270275115967,0.004346760921180248,0.40212714672088623,0.004300793167203665,0.5978727340698242,6,0.8666666746139526,10,"tiny"
0.001953125,"wall-brick",17029,False,0.06752185523509979,3.7225465803203406e-06,4.033222467114683e-07,0.8892037868499756,0.0010723144514486194,0.8892077207565308,0.0010605151765048504,0.11079235374927521,7,0.0,10,"tiny"
0.0009765625,"road",17029,False,9.116067667491734e-05,0.08012709021568298,0.029578546062111855,0.9198510050773621,0.003775671822950244,0.9999780654907227,0.004059427417814732,2.195116576331202e-05,8,0.0,10,"tiny"
0.4619140625,"floor-other-merged",17714,False,0.9712626934051514,0.022294707596302032,0.02022649347782135,0.00013213473721407354,0.0018817053642123938,0.022426845505833626,0.019127806648612022,0.9775732159614563,0,1.0,11,"large"
0.0185546875,"cup",17714,True,0.9945489168167114,0.008473344147205353,0.0003117473970633,5.4795136747998185e-06,2.1443258901854279e-07,0.00847882404923439,0.00016078565386123955,0.9915212392807007,1,1.0,11,"small"
0.00732421875,"fork",17714,True,0.9995225071907043,0.542675793170929,0.017172906547784805,3.504595269987476e-06,1.1524068099788565e-07,0.5426793694496155,0.00875122845172882,0.45732057094573975,2,1.0,11,"tiny"
0.00341796875,"banana",17714,True,0.9984749555587769,0.6418040990829468,0.012088176794350147,2.8473377824411727e-06,5.528292490453168e-08,0.6418069005012512,0.00613591680303216,0.358193039894104,3,1.0,11,"tiny"
0.0029296875,"banana",17714,True,0.04334745928645134,0.9308475255966187,0.0033795321360230446,4.837478627450764e-06,1.8086680597662053e-08,0.9308523535728455,0.0017146000172942877,0.06914760172367096,4,1.0,11,"tiny"
0.3916015625,"person",19402,True,0.9476540684700012,0.043550748378038406,0.037222906947135925,0.02165798656642437,0.05921065807342529,0.06397828459739685,0.04169200733304024,0.9360217452049255,0,0.9850373864173889,12,"large"
0.14501953125,"wall-other-merged",19402,False,0.6187918782234192,0.02226569689810276,0.0045851762406528,0.03831924498081207,0.009347294457256794,0.060584452003240585,0.006768904626369476,0.939415454864502,1,0.9292929172515869,12,"large"
0.8843173980712891,"dirt-merged",20553,False,0.9463558197021484,0.02221529372036457,0.19587767124176025,0.0062417141161859035,0.28756076097488403,0.028290649875998497,0.21062071621418,0.9717093706130981,0,0.985172688961029,13,"large"
0.00738525390625,"dining table",20553,True,0.9732246994972229,0.16282163560390472,0.03609674796462059,0.5052616000175476,0.012225676327943802,0.6680832505226135,0.014574685133993626,0.33191680908203125,1,0.8677685856819153,13,"tiny"
0.0055713653564453125,"teddy bear",20553,True,0.7229853868484497,0.7223711609840393,0.2310343086719513,0.16060049831867218,0.005590503104031086,0.8710617423057556,0.027364324778318405,0.1289382427930832,2,1.0,13,"tiny"
0.0037841796875,"vase",20553,True,0.22808204591274261,0.26242032647132874,0.011239957064390182,0.5312782526016235,0.0024736931081861258,0.7936986088752747,0.00333321001380682,0.2063014656305313,3,0.22580644488334656,13,"tiny"
0.001953125,"rock-merged",20553,False,0.17839929461479187,0.0001646185846766457,6.729356414325594e-07,0.12719528377056122,5.6407669035252184e-05,0.12735989689826965,5.095299638924189e-05,0.8726401329040527,4,0.0,13,"tiny"
0.20873260498046875,"sky-other-merged",22479,False,0.9473785161972046,0.00467724772170186,0.003357087029144168,0.07704625278711319,0.033477529883384705,0.07901042699813843,0.021439777687191963,0.9209895133972168,0,0.9515698552131653,14,"large"
0.2021026611328125,"person",22479,True,0.9461173415184021,0.004154120571911335,0.0028004837222397327,0.050647761672735214,0.020428871735930443,0.051852013915777206,0.01310567744076252,0.9481480717658997,1,0.9654209017753601,14,"large"
0.1390533447265625,"tree-merged",22479,False,0.742093563079834,0.03616179898381233,0.015269682742655277,0.15811006724834442,0.03533078730106354,0.18309183418750763,0.02686331793665886,0.8169081211090088,2,0.8208054304122925,14,"large"
0.09830474853515625,"house",22479,False,0.7895616292953491,0.21838417649269104,0.0833713635802269,0.11092953383922577,0.020983172580599785,0.3203616440296173,0.040575455874204636,0.6796383857727051,3,0.8447807431221008,14,"medium"
0.0537109375,"skateboard",22479,True,0.96337890625,0.00014115868543740362,2.6948862796416506e-05,0.0938340574502945,0.008280979469418526,0.09397522360086441,0.005671648774296045,0.9060248136520386,4,0.9636363387107849,14,"medium"
0.001953125,"bench",22479,True,0.9974737167358398,0.42329588532447815,0.010029375553131104,0.3018420934677124,0.0030611357651650906,0.7251378893852234,0.005149753764271736,0.27486202120780945,5,1.0,14,"tiny"
0.0009765625,"window-other",22479,False,0.0008161934674717486,3.686197260321933e-06,4.0880664187170623e-08,0.9997562170028687,0.004739144816994667,0.9997598528862,0.003320062765851617,0.00024025191669352353,6,0.0,14,"tiny"
0.168975830078125,"horse",23126,True,0.899988055229187,0.054280295968055725,0.017665529623627663,0.051768213510513306,0.028514131903648376,0.10556572675704956,0.02159843035042286,0.8944342732429504,0,0.9884414076805115,15,"large"
0.158447265625,"sky-other-merged",23126,False,0.9439589977264404,0.03916781768202782,0.01168014109134674,0.0008992584189400077,0.00043838127749040723,0.03995693847537041,0.007397041656076908,0.9600430130958557,1,0.9847843050956726,15,"large"
0.075958251953125,"fence-merged",23126,False,0.7224753499031067,0.41734716296195984,0.07563453167676926,0.0030373299960047007,0.0007158765802159905,0.4203752875328064,0.0430721677839756,0.5796246528625488,2,0.812374472618103,15,"medium"
0.074737548828125,"person",23126,True,0.9641218781471252,0.1572379469871521,0.027247272431850433,0.05187578499317169,0.011645056307315826,0.2040666937828064,0.019966471940279007,0.7959333062171936,3,0.973866879940033,15,"medium"
0.8112459182739258,"sky-other-merged",24027,False,0.9836379885673523,0.010345867834985256,0.06457981467247009,0.004541364964097738,0.06064409017562866,0.013829102739691734,0.059283431619405746,0.9861708283424377,0,0.9877682328224182,16,"large"
0.029196739196777344,"building-other-merged",24027,False,0.6532027721405029,0.33788540959358215,0.08700989931821823,0.0907973125576973,0.003603234887123108,0.42868274450302124,0.014740417711436749,0.5713172554969788,1,0.8662093877792358,16,"small"
0.01674938201904297,"kite",24027,True,0.8546835780143738,0.034594982862472534,0.005848935805261135,0.34634795784950256,0.008877073414623737,0.3468175232410431,0.007730478420853615,0.6531825661659241,2,0.8651710748672485,16,"small"
0.0146484375,"grass-merged",24027,False,0.8168051242828369,0.00011810400610556826,1.0913878213614225e-05,0.0010567638091742992,1.4793325135542545e-05,0.0011748679680749774,1.4282956726674456e-05,0.998825192451477,3,0.9333333373069763,16,"small"
0.32373046875,"house",25393,False,0.7299912571907043,0.026426872238516808,0.01602415181696415,0.02781393751502037,0.025913333520293236,0.05204042047262192,0.019183702766895294,0.9479595422744751,0,0.9110105633735657,17,"large"
0.087890625,"person",25393,True,0.990154504776001,0.15057136118412018,0.041747353971004486,0.09453423321247101,0.0214681513607502,0.2365567833185196,0.02956359088420868,0.7634433507919312,1,1.0,17,"medium"
0.08251953125,"person",25393,True,0.8841216564178467,0.07762744277715683,0.015004530549049377,0.011364693753421307,0.0017801698995754123,0.08192218840122223,0.007095680106431246,0.918077826499939,2,0.8875739574432373,17,"medium"
0.0625,"tree-merged",25393,False,0.9007142186164856,0.0046930923126637936,0.0007785354391671717,0.17373040318489075,0.022468984127044678,0.17459771037101746,0.012701899744570255,0.8254022002220154,3,0.9140625,17,"medium"
0.02001953125,"sky-other-merged",25393,False,0.9747939705848694,0.00444322545081377,0.0002685998333618045,0.21264035999774933,0.009282535873353481,0.21480555832386017,0.00544775603339076,0.7851943969726562,4,0.9756097793579102,17,"small"
0.00634765625,"tie",25393,True,0.10401269793510437,0.047489460557699203,0.001192310475744307,0.8885481357574463,0.01573188789188862,0.9360374808311462,0.009723733179271221,0.06396251171827316,5,0.6153846383094788,17,"tiny"
0.00048828125,"tie",25393,True,0.9999330043792725,0.05043773353099823,0.0011881847167387605,0.949562132358551,0.015617682598531246,0.9495884776115417,0.009201488457620144,0.05041159316897392,6,0.0,17,"tiny"
0.00390625,"car",25393,True,0.9997289180755615,0.19267182052135468,0.00457397848367691,0.4072137475013733,0.006794439163058996,0.5998855829238892,0.005877955351024866,0.4001144468784332,7,1.0,17,"tiny"
0.0048828125,"car",25393,True,0.02893548645079136,0.9668751955032349,0.01318676583468914,0.007927699014544487,7.611951150465757e-05,0.9748028516769409,0.0054927850142121315,0.025197112932801247,8,0.20000000298023224,17,"tiny"
0.5626678466796875,"pizza",27696,True,0.9843372702598572,0.012679137289524078,0.019948167726397514,0.0027775277849286795,0.019586823880672455,0.015456665307283401,0.019882256165146828,0.9845431447029114,0,1.0,18,"large"
0.0587310791015625,"person",27696,True,0.5591399669647217,0.6318482160568237,0.1659875214099884,0.018546584993600845,0.0029845417011529207,0.6503947973251343,0.06490437686443329,0.3496052026748657,1,0.9994803667068481,18,"medium"
0.0146484375,"knife",27696,True,0.6841356754302979,0.011194982565939426,0.00031824983307160437,0.0028870562091469765,4.674465526477434e-05,0.014082039706408978,0.0001452670549042523,0.9859179854393005,2,0.6666666865348816,18,"small"
0.0063934326171875,"fork",27696,True,0.92381751537323,0.23237553238868713,0.0058273617178201675,0.10891985893249512,0.0015354905044659972,0.34129539132118225,0.0030799631495028734,0.6587046384811401,3,0.9236276745796204,18,"tiny"
0.200286865234375,"wall-other-merged",29596,False,0.9275860786437988,0.03703513368964195,0.07912465929985046,0.13688279688358307,0.043995168060064316,0.16998697817325592,0.04757767543196678,0.8300130367279053,0,0.9285387992858887,19,"large"
0.201995849609375,"curtain",29596,False,0.7616615295410156,0.00862910132855177,0.013408205471932888,0.05239240825176239,0.012279878370463848,0.054904911667108536,0.011200438253581524,0.9450950622558594,1,0.9265750050544739,19,"large"
0.128082275390625,"couch",29596,True,0.9607387185096741,0.0012677800841629505,0.0015075569972395897,0.012261162512004375,0.0019899653270840645,0.012264586053788662,0.0017523912247270346,0.9877354502677917,2,0.9594948887825012,19,"large"
0.096466064453125,"cabinet-merged",29596,False,0.8227553963661194,0.0013533553574234247,0.0011271403636783361,0.09026668965816498,0.00985406432300806,0.09039003401994705,0.00872903224080801,0.9096100926399231,3,0.8791521787643433,19,"medium"
0.08624267578125,"ceiling-merged",29596,False,0.9997616410255432,0.003149433294311166,0.0029784373473376036,0.12968619167804718,0.015876928344368935,0.12976057827472687,0.014069926925003529,0.8702394366264343,4,1.0,19,"medium"
0.07366943359375,"rug-merged",29596,False,0.9381878972053528,0.0376616045832634,0.027473637834191322,0.058408450335264206,0.00542800547555089,0.09565115720033646,0.007891607470810413,0.9043487906455994,5,0.9424192309379578,19,"medium"
0.047882080078125,"tv",29596,True,0.661781370639801,0.00025631129392422736,7.857268064981326e-05,0.013221087865531445,0.0005010901368223131,0.01335755456238985,0.0004505717079155147,0.986642599105835,6,0.7342256307601929,19,"medium"
0.02099609375,"light",29596,False,0.9380801916122437,0.0020391400903463364,0.00040959074976854026,0.06201522797346115,0.0014919477980583906,0.06405235826969147,0.0013768216595053673,0.9359475374221802,7,0.930232584476471,19,"small"
0.016510009765625,"chair",29596,True,0.4878402352333069,8.422059181611985e-06,6.474925271504617e-07,2.8021589969284832e-05,2.5682410864646954e-07,3.5282842873129994e-05,2.889574943765183e-07,0.9999645948410034,8,0.8872458338737488,19,"small"
0.0107421875,"chair",29596,True,0.0017105706501752138,4.759142029797658e-06,1.1474728012217383e-07,0.9927209615707397,0.0028351196087896824,0.9927256107330322,0.0025348798371851444,0.007274382747709751,9,0.09090909361839294,19,"small"
0.00714111328125,"dining table",29596,True,0.5087056756019592,0.8853340148925781,0.2900579571723938,0.008830592967569828,0.0003412977384869009,0.8941646218299866,0.030912308022379875,0.10583540797233582,10,0.8632478713989258,19,"tiny"
0.00390625,"book",29596,True,0.0028510054107755423,1.3235781359810517e-08,9.702025849378515e-10,0.9985498189926147,0.008603386580944061,0.9985498189926147,0.007698502391576767,0.0014501780970022082,11,0.0,19,"tiny"
0.001953125,"flower",29596,False,0.5000020265579224,0.008001521229743958,7.533102325396612e-05,0.0019041463965550065,2.102509142787312e-06,0.009905667044222355,9.789443538466003e-06,0.9900943636894226,12,0.5,19,"tiny"
0.001129150390625,"vase",29596,True,1.7967307940125465e-05,0.9899579286575317,0.0016772167291492224,0.009927825070917606,1.9708900254045147e-06,0.9998857378959656,0.00017767951067071408,0.00011429795995354652,13,0.0,19,"tiny"
0.0009765625,"cup",29596,True,1.858927248576947e-06,0.6438599228858948,4.699433873156522e-07,0.3323999345302582,2.842345026010662e-08,0.9762598276138306,7.472531393659665e-08,0.02374020218849182,14,0.0,19,"tiny"
0.8733978271484375,"pavement-merged",31093,False,0.967938244342804,0.0049558463506400585,0.7059134244918823,0.02189534902572632,0.15489111840724945,0.02516035921871662,0.17234641313552856,0.9748396873474121,0,0.9901291131973267,20,"large"
0.0930633544921875,"person",31093,True,0.8893773555755615,0.01902691461145878,0.2860167622566223,0.08807414770126343,0.008928069844841957,0.09562474489212036,0.009649602696299553,0.9043752551078796,1,0.8530906438827515,20,"medium"
0.01806640625,"fence-merged",31093,False,0.8444344997406006,0.03323664143681526,0.09567432850599289,0.09626797586679459,0.00172890885733068,0.12950460612773895,0.0023113959468901157,0.8704954385757446,2,0.9459459185600281,20,"small"
0.001953125,"person",31093,True,0.9587267637252808,9.931380191119388e-06,6.268880042625824e-06,0.5127404928207397,0.0019864486530423164,0.5127503275871277,0.0019743689335882664,0.4872497022151947,3,1.0,20,"tiny"
0.0029296875,"person",31093,True,0.5935074687004089,5.803081876365468e-06,1.6586124047535122e-06,0.0007575898780487478,1.3302936849868274e-06,0.0007633930654264987,1.3322986660568858e-06,0.9992365837097168,4,1.0,20,"tiny"
0.0030975341796875,"skateboard",31093,True,0.9450399279594421,0.0012976223370060325,0.0011174713727086782,0.4403862953186035,0.0023299632593989372,0.4416775703430176,0.002322917338460684,0.5583226084709167,5,0.9458128213882446,20,"tiny"
0.0009765625,"building-other-merged",31093,False,0.03870999068021774,2.0177087378669967e-07,1.4948327020647412e-09,0.16189947724342346,7.354474746534834e-06,0.16189968585968018,7.3096639425784815e-06,0.8381003141403198,6,0.0,20,"tiny"
0.0009765625,"tree-merged",31093,False,0.5089288353919983,2.1868581612238813e-08,4.361648375805771e-09,0.5907071232795715,0.0007223942666314542,0.5907071232795715,0.000717991846613586,0.4092928171157837,7,1.0,20,"tiny"
0.0009765625,"sky-other-merged",31093,False,0.04695134237408638,1.8211504766441067e-06,1.3736456416779674e-08,0.0015482587041333318,7.160518578075425e-08,0.0015500796725973487,7.125251499928709e-08,0.9984497427940369,8,0.0,20,"tiny"
0.0007171630859375,"skateboard",31093,True,2.5230360733985435e-07,0.13867855072021484,1.841212451836327e-06,0.8598926067352295,6.996551604743217e-08,0.9977614879608154,8.07097251254163e-08,0.0022384829353541136,9,0.0,20,"tiny"
0.7250766754150391,"playingfield",32081,False,0.9642768502235413,0.005102096125483513,0.5456082224845886,0.02197743020951748,0.058008503168821335,0.024096261709928513,0.0627938061952591,0.9759036898612976,0,0.9818518757820129,21,"large"
0.15199756622314453,"net",32081,False,0.9555463790893555,0.0019327400950714946,0.042109567672014236,0.004970330744981766,0.0008607120835222304,0.004973464645445347,0.0008560825954191387,0.9950265884399414,1,0.9573035836219788,21,"large"
0.10963916778564453,"person",32081,True,0.9558373689651489,0.018528779968619347,0.3238198757171631,0.09282815456390381,0.012279970571398735,0.1049514189362526,0.013801471330225468,0.8950486183166504,2,0.9718871116638184,21,"large"
0.009830474853515625,"tennis racket",32081,True,0.8885563015937805,0.010527932085096836,0.01614045351743698,0.13991837203502655,0.0014609135687351227,0.14956647157669067,0.0015514714177697897,0.8504334688186646,3,0.883197546005249,21,"tiny"
0.603546142578125,"fence-merged",33005,False,0.8844673037528992,0.003809959627687931,0.26601630449295044,0.015289037488400936,0.02129322476685047,0.01754179783165455,0.024041391909122467,0.9824582934379578,0,0.9728472232818604,22,"large"
0.2816314697265625,"playingfield",33005,False,0.9732187986373901,7.042449578875676e-05,0.002498897025361657,0.00738903135061264,0.0028698043897747993,0.007394146174192429,0.0028422062750905752,0.9926058053970337,1,0.9882429242134094,22,"large"
0.084197998046875,"sky-other-merged",33005,False,0.8992214202880859,0.048075269907712936,0.5670037269592285,0.1283358931541443,0.012968955561518669,0.17507590353488922,0.017546044662594795,0.8249240517616272,2,0.9420079588890076,22,"medium"
0.0209197998046875,"person",33005,True,0.9486894011497498,0.007005849853157997,0.019408145919442177,0.0783095583319664,0.0017373665468767285,0.07940606027841568,0.0017484324052929878,0.9205939769744873,3,0.9336251020431519,22,"small"
0.003387451171875,"tennis racket",33005,True,0.8642531633377075,0.00018548491061665118,0.00010702478175517172,0.3478141725063324,0.0015786666190251708,0.3479995131492615,0.0015678999479860067,0.6520005464553833,4,0.8648648858070374,22,"tiny"
0.8480911254882812,"food-other-merged",34205,False,0.957725465297699,0.0019572903402149677,0.6430939435958862,0.043837226927280426,0.24599331617355347,0.044183287769556046,0.24716320633888245,0.9558167457580566,0,0.9842391014099121,23,"large"
0.078369140625,"broccoli",34205,True,0.7025103569030762,0.011720497161149979,0.4306038022041321,0.411531925201416,0.04252174124121666,0.42060303688049316,0.043364763259887695,0.5793970227241516,1,0.7882593274116516,23,"medium"
0.02794647216796875,"broccoli",34205,True,0.004027553368359804,0.00431453064084053,0.0407058447599411,0.9953867793083191,0.02501569874584675,0.9953873157501221,0.02498704567551613,0.004612701013684273,2,0.003822003724053502,23,"small"
0.02410125732421875,"table-merged",34205,False,0.800555408000946,0.0004145205020904541,0.0033884618896991014,0.08738774061203003,0.0018969178199768066,0.08739092200994492,0.0018932496896013618,0.9126090407371521,3,0.7293447256088257,23,"small"
0.0213775634765625,"broccoli",34205,True,0.9616177082061768,0.003354012966156006,0.030573926866054535,0.128038227558136,0.003092448692768812,0.12806424498558044,0.0030852400232106447,0.8719356060028076,4,0.0,23,"small"
0.2099609375,"wall-tile",35770,False,0.8851927518844604,0.05163678154349327,0.03386890888214111,0.04305193945765495,0.018507761880755424,0.0946713387966156,0.024600280448794365,0.9053285717964172,0,0.974418580532074,24,"large"
0.1748046875,"sink",35770,True,0.013751122169196606,0.9737542271614075,0.4457700252532959,0.00948199164122343,0.0026473805774003267,0.9832234382629395,0.17072026431560516,0.01677650958299637,1,0.16201117634773254,24,"large"
0.1640625,"floor-other-merged",35770,False,0.8220022320747375,0.028273899108171463,0.013627851381897926,0.07817225158214569,0.022529812529683113,0.10605143755674362,0.019138703122735023,0.8939486145973206,2,0.9464285969734192,24,"large"
0.1044921875,"toilet",35770,True,0.9769638776779175,7.035025191726163e-05,2.37234853557311e-05,0.032718248665332794,0.005928168073296547,0.03278859704732895,0.003864509519189596,0.9672114253044128,3,0.9906542301177979,24,"large"
0.02099609375,"toilet",35770,True,0.8379836082458496,0.04770210012793541,0.002906512701883912,0.029702836647629738,0.000850503914989531,0.0774049460887909,0.0015078115975484252,0.9225952625274658,4,0.8372092843055725,24,"small"
0.013671875,"paper-merged",35770,False,0.9446997046470642,0.06584131717681885,0.0029142762068659067,0.001846011378802359,3.7980469642207026e-05,0.06768731772899628,0.000950705842114985,0.9323126673698425,5,1.0,24,"small"
0.392578125,"wall-other-merged",37670,False,0.9439713954925537,0.03300836682319641,0.21871648728847504,0.17265433073043823,0.14935575425624847,0.20458298921585083,0.15691669285297394,0.7954170107841492,0,0.9514925479888916,25,"large"
0.37646484375,"toilet",37670,True,0.7325769662857056,0.00408900948241353,0.016609521582722664,0.03200024738907814,0.016505995765328407,0.03438020497560501,0.01574776880443096,0.9656197428703308,1,0.7328145503997803,25,"large"
0.0634765625,"floor-wood",37670,False,0.9762496948242188,0.1770869344472885,0.19507190585136414,0.02319810539484024,0.002073122188448906,0.19991983473300934,0.016534002497792244,0.8000802397727966,2,0.9769230484962463,25,"medium"
0.0537109375,"remote",37670,True,0.9892844557762146,0.03453374654054642,0.03323362395167351,0.18741418421268463,0.014468866400420666,0.21473293006420135,0.015354701317846775,0.7852670550346375,3,0.9909090995788574,25,"medium"
0.044921875,"person",37670,True,0.7538855075836182,0.4209541380405426,0.3730098307132721,0.0354885496199131,0.0024990676902234554,0.4564427137374878,0.029775936156511307,0.5435571670532227,4,0.804347813129425,25,"medium"
0.3257904052734375,"building-other-merged",38829,False,0.6989712715148926,0.024056140333414078,0.09705833345651627,0.1512478142976761,0.06817605346441269,0.16981634497642517,0.06908885389566422,0.8301836848258972,0,0.9297690987586975,26,"large"
0.14684295654296875,"road",38829,False,0.855425238609314,0.027979200705885887,0.06398104876279831,0.1671193242073059,0.033050019294023514,0.19201631844043732,0.034989822655916214,0.8079836964607239,1,0.8478204607963562,26,"large"
0.06705474853515625,"motorcycle",38829,True,0.8941574692726135,0.02371177263557911,0.024462509900331497,0.12143807858228683,0.009847193956375122,0.1451498568058014,0.010912241414189339,0.8548502326011658,2,0.8738195300102234,26,"medium"
0.062469482421875,"person",38829,True,0.8548349142074585,0.07308223843574524,0.07129186391830444,0.12171800434589386,0.009275268763303757,0.19479666650295258,0.013779731467366219,0.8052032589912415,3,0.8567415475845337,26,"medium"
0.0550994873046875,"bicycle",38829,True,0.910340428352356,0.08679786324501038,0.13179001212120056,0.4322606325149536,0.050828803330659866,0.514083743095398,0.05616138130426407,0.48591622710227966,4,0.9199667572975159,26,"medium"
0.0467071533203125,"motorcycle",38829,True,0.9603649973869324,0.013971102423965931,0.009702564217150211,0.03904598578810692,0.00208201352506876,0.049948107451200485,0.0024738027714192867,0.9500519633293152,5,0.9230643510818481,26,"medium"
0.03998565673828125,"person",38829,True,0.3558128774166107,0.1189189925789833,0.05288298428058624,0.4104919135570526,0.013911724090576172,0.5294079780578613,0.01667224057018757,0.4705921411514282,6,0.976912796497345,26,"medium"
0.03417205810546875,"person",38829,True,0.7492692470550537,4.082596569787711e-05,1.659329245740082e-05,0.07335029542446136,0.002257430227473378,0.07339111715555191,0.0020996956154704094,0.9266089200973511,7,0.7716007828712463,26,"medium"
0.02999114990234375,"bicycle",38829,True,5.3325838962337e-05,0.2490117847919464,0.090410977602005,0.7509235739707947,0.020545590668916702,0.9999352097511292,0.025445671752095222,6.479075091192499e-05,8,0.0,26,"small"
0.02500152587890625,"wall-other-merged",38829,False,0.0003114313876722008,0.005700074136257172,0.001325322431512177,0.9938074350357056,0.017308726906776428,0.9995074272155762,0.016204649582505226,0.0004925738321617246,9,0.0,26,"small"
0.02677154541015625,"tree-merged",38829,False,0.8210875988006592,0.3514063358306885,0.19222374260425568,0.06141352280974388,0.0025213805492967367,0.40891626477241516,0.0156254880130291,0.5910836458206177,10,0.9045311808586121,26,"small"
0.01889801025390625,"pavement-merged",38829,False,0.9223892092704773,0.043869853019714355,0.01703619211912155,0.2958817183971405,0.008553540334105492,0.33975157141685486,0.009142609313130379,0.6602485179901123,11,0.9301574230194092,26,"small"
0.01921844482421875,"stairs",38829,False,0.6771678328514099,0.021090185269713402,0.004130144137889147,0.003549015847966075,5.1726008678087965e-05,0.022508064284920692,0.000305539375403896,0.9774920344352722,12,0.6522429585456848,26,"small"
0.01056671142578125,"person",38829,True,0.9908857345581055,0.09177549183368683,0.019656790420413017,0.20121148228645325,0.0031790819484740496,0.2809467017650604,0.004134660121053457,0.7190532088279724,13,1.0,26,"small"
0.01154327392578125,"motorcycle",38829,True,0.6361831426620483,0.32095393538475037,0.05105513706803322,2.12373038266378e-06,2.4947075516479345e-08,0.3209560811519623,0.003511568997055292,0.6790440082550049,14,0.33840054273605347,26,"small"
0.004547119140625,"person",38829,True,0.934753954410553,0.11288053542375565,0.00984504260122776,0.2635263502597809,0.0016835229471325874,0.28316593170166016,0.001686690142378211,0.7168340086936951,15,1.0,26,"tiny"
0.0068359375,"backpack",38829,True,0.9002633094787598,0.00042269282857887447,4.0033526602201164e-05,0.04380998760461807,0.0003049039514735341,0.04423268511891365,0.0002867726725526154,0.9557672739028931,16,0.8571428656578064,26,"tiny"
0.00298309326171875,"person",38829,True,3.1569453540214454e-07,0.07199224829673767,1.770169660630927e-06,0.9277307391166687,1.6684339243511204e-06,0.999436616897583,1.675708176662738e-06,0.0005633629043586552,17,0.0,26,"tiny"
0.001953125,"grass-merged",38829,False,0.9751618504524231,1.5163082025537733e-05,4.891493290415383e-07,0.13155193626880646,0.00031021024915389717,0.1315670907497406,0.0002891124750021845,0.868432879447937,18,1.0,26,"tiny"
0.2222890853881836,"umbrella",40083,True,0.9640158414840698,0.0017759535694494843,0.0013944434467703104,0.03207136690616608,0.014330845326185226,0.032742083072662354,0.009327132254838943,0.9672579169273376,0,0.9741898775100708,27,"large"
0.14580917358398438,"building-other-merged",40083,False,0.9122300148010254,0.06163943186402321,0.038199178874492645,0.18147455155849457,0.05536223202943802,0.23931817710399628,0.04898994415998459,0.7606818675994873,1,0.9429401159286499,27,"large"
0.10632610321044922,"pavement-merged",40083,False,0.7233822345733643,0.12315793335437775,0.05186649039387703,0.23714005947113037,0.04591064900159836,0.3527195155620575,0.0468992181122303,0.6472805142402649,2,0.6997694969177246,27,"large"
0.0917654037475586,"tree-merged",40083,False,0.9465587139129639,0.045508597046136856,0.014970443211495876,0.01867346651852131,0.002768259961158037,0.06417515128850937,0.0065584443509578705,0.9358248710632324,3,0.9471332430839539,27,"medium"
0.042362213134765625,"road",40083,False,0.8177934885025024,0.06165840104222298,0.014581250958144665,0.4260345697402954,0.04202485829591751,0.48080679774284363,0.03350137546658516,0.519193172454834,4,0.7583746314048767,27,"medium"
0.03880023956298828,"car",40083,True,0.9781174063682556,0.007642620243132114,0.0011158643756061792,0.07711030542850494,0.004676459822803736,0.07877550274133682,0.0033762718085199594,0.9212245941162109,5,0.9752242565155029,27,"medium"
0.027556419372558594,"chair",40083,True,0.8862107992172241,0.0923185646533966,0.0105277793481946,0.17518939077854156,0.008156043477356434,0.24103577435016632,0.007975457236170769,0.7589643001556396,6,0.8582453727722168,27,"small"
0.023858070373535156,"tent",40083,False,9.512011456536129e-05,0.7955926656723022,0.17975614964962006,0.20437189936637878,0.01876254566013813,0.9999644756317139,0.06530633568763733,3.559786273399368e-05,7,0.0,27,"small"
0.011180877685546875,"wall-stone",40083,False,0.6249533891677856,0.09621626883745193,0.004087209701538086,0.32345741987228394,0.005485213827341795,0.4170190393924713,0.005054849199950695,0.5829809308052063,8,0.610457181930542,27,"small"
0.009171485900878906,"bicycle",40083,True,0.7771962285041809,0.04178262874484062,0.0011794284218922257,0.08432941883802414,0.0009475405095145106,0.10503945499658585,0.0008443461265414953,0.8949604630470276,9,0.763647735118866,27,"tiny"
0.001953125,"car",40083,True,0.00041223849984817207,0.7637555599212646,0.023962507024407387,0.23615354299545288,0.002920228522270918,0.9999091029167175,0.008869072422385216,9.095152199734002e-05,11,0.0,27,"tiny"
0.55615234375,"bus",42070,True,0.985771894454956,0.01389188040047884,0.07200097292661667,0.033622946590185165,0.05732939392328262,0.043566737323999405,0.056264787912368774,0.9564331769943237,0,0.993854284286499,28,"large"
0.13134765625,"sky-other-merged",42070,False,0.8909895420074463,0.005808555521070957,0.006357827223837376,0.029664508998394012,0.004731024615466595,0.03324560448527336,0.004633050411939621,0.9667543172836304,1,0.9442379474639893,28,"large"
0.126953125,"road",42070,False,0.9402380585670471,0.004687479697167873,0.005288141313940287,0.04249848797917366,0.006936689373105764,0.04329219460487366,0.006186911836266518,0.9567078351974487,2,0.9346153736114502,28,"large"
0.048583984375,"pavement-merged",42070,False,0.9469483494758606,0.016397586092352867,0.007415348198264837,0.06492140144109726,0.0038583041168749332,0.08012349903583527,0.004211912862956524,0.9198764562606812,3,0.9447236061096191,28,"medium"
0.01513671875,"tree-merged",42070,False,0.9936191439628601,0.08759655058383942,0.016140548512339592,0.24557675421237946,0.005714593920856714,0.26195621490478516,0.0054202876053750515,0.7380437850952148,4,1.0,28,"small"
0.014404296875,"grass-merged",42070,False,0.7635971307754517,0.1798611581325531,0.021833045408129692,0.0008590751676820219,1.3169670637580566e-05,0.1807032823562622,0.002461401280015707,0.819296658039093,5,0.7118644118309021,28,"small"
0.00048828125,"building-other-merged",42070,False,3.99528516936698e-06,0.456379234790802,1.9696744857355952e-05,0.5436206459999084,2.9174509563745232e-06,0.9995912909507751,4.773549335368443e-06,0.00040870599332265556,6,0.0,28,"tiny"
0.0009765625,"car",42070,True,0.9008689522743225,4.215561091314157e-07,3.353364474989462e-09,4.120587163924938e-06,4.0803800338551355e-09,4.542143415164901e-06,3.999896858175589e-09,0.9999955296516418,7,1.0,28,"tiny"
0.332794189453125,"snow",43314,False,0.9790833592414856,0.11873725056648254,0.1743914633989334,0.08435283601284027,0.08818908035755157,0.20143435895442963,0.1231851875782013,0.798565685749054,0,0.9908528327941895,29,"large"
0.27230072021484375,"mountain-merged",43314,False,0.8459607362747192,0.09810592234134674,0.09225702285766602,0.022246142849326134,0.012867920100688934,0.11824432760477066,0.04245013743638992,0.8817556500434875,1,0.8786528706550598,29,"large"
0.06932830810546875,"sky-other-merged",43314,False,0.9565126299858093,0.302024245262146,0.10653731971979141,0.022196663543581963,0.0033298435155302286,0.32330209016799927,0.03404226899147034,0.6766979098320007,2,0.9604930281639099,29,"medium"
0.02918243408203125,"person",43314,True,0.8979376554489136,0.12151223421096802,0.01422785222530365,0.07660826295614243,0.003595228772610426,0.19443276524543762,0.006514749489724636,0.8055672645568848,3,0.8996078372001648,29,"small"
0.02051544189453125,"skis",43314,True,0.7382240295410156,0.06387452781200409,0.004928824957460165,0.25358977913856506,0.007739352062344551,0.29350870847702026,0.006423705257475376,0.7064913511276245,4,0.8869467973709106,29,"small"
0.18201446533203125,"person",44279,True,0.9773660898208618,0.012984794564545155,0.008235367015004158,0.05519973114132881,0.02037559077143669,0.0681752860546112,0.015911471098661423,0.9318246841430664,0,0.9892693758010864,30,"large"
0.1435546875,"ceiling-merged",44279,False,0.8537737131118774,0.0038759999442845583,0.0019374002004042268,0.18152572214603424,0.04917240887880325,0.18540173768997192,0.032570980489254,0.8145982623100281,1,0.918367326259613,30,"large"
0.08965301513671875,"shelf",44279,False,0.759063720703125,0.3011277914047241,0.11817746609449387,0.12291151285171509,0.02381317876279354,0.42392608523368835,0.05501082167029381,0.5760738849639893,2,0.8543102741241455,30,"medium"
0.0664520263671875,"person",44279,True,0.821846604347229,0.05684114247560501,0.01095175463706255,0.008134126663208008,0.0007449444383382797,0.05833382159471512,0.0036239803303033113,0.9416661858558655,3,0.8479908108711243,30,"medium"
0.0574951171875,"wall-other-merged",44279,False,0.09562230110168457,0.03406267613172531,0.0024618804454803467,0.7280653119087219,0.024676771834492683,0.7472909092903137,0.01724945567548275,0.2527090907096863,4,0.16321656107902527,30,"medium"
0.04296112060546875,"oven",44279,True,0.42136847972869873,0.7169416546821594,0.15842504799365997,0.01090335939079523,0.001104844268411398,0.7278448939323425,0.05058600753545761,0.27215510606765747,5,0.7274019122123718,30,"medium"
0.03497314453125,"paper-merged",44279,False,0.4086880087852478,0.0636872947216034,0.0032394612208008766,0.0027902049478143454,6.433513044612482e-05,0.06647598743438721,0.0010546939447522163,0.9335240125656128,6,0.44109946489334106,30,"medium"
0.02099609375,"oven",44279,True,1.379968580295099e-06,0.5032776594161987,0.010236593894660473,0.49671751260757446,0.004485519137233496,0.999995231628418,0.006253777537494898,4.732371053250972e-06,7,0.0,30,"small"
0.014892578125,"counter",44279,False,0.8756800293922424,0.46894773840904236,0.039956409484148026,0.022587575018405914,0.0008468084270134568,0.491521954536438,0.01279683131724596,0.508478045463562,8,0.9180327653884888,30,"small"
0.01171875,"light",44279,False,0.8568658828735352,0.005976301152259111,0.00027303409297019243,0.26384589076042175,0.005279438570141792,0.2698221504688263,0.0037545906379818916,0.7301777601242065,9,0.6666666865348816,30,"small"
0.00844573974609375,"floor-other-merged",44279,False,0.9983009696006775,0.26823559403419495,0.010357032530009747,0.03586237132549286,0.0006032978417351842,0.27456390857696533,0.003218303667381406,0.7254360318183899,10,1.0,30,"tiny"
0.00608062744140625,"cardboard",44279,False,2.506114242351032e-06,0.0010609104065224528,4.178416565991938e-05,0.998937726020813,0.017085887491703033,0.9999986886978149,0.011927856132388115,1.2853905673182453e-06,11,0.0,30,"tiny"
0.0068206787109375,"food-other-merged",44279,False,0.28880077600479126,0.39117100834846497,0.00446105282753706,0.035013843327760696,0.00017364798986818641,0.4261820316314697,0.0014730560360476375,0.5738179683685303,12,0.2863534688949585,30,"tiny"
0.0039825439453125,"bowl",44279,True,3.186122739862185e-06,0.08489764481782913,0.002528189681470394,0.9151008725166321,0.011802518740296364,0.9999985694885254,0.008999689482152462,1.415559040651715e-06,13,0.0,30,"tiny"
0.001953125,"bowl",44279,True,1.281107984141272e-07,0.4272492527961731,0.003668426536023617,0.5727505683898926,0.0021236820612102747,0.9999998807907104,0.002589575946331024,9.68135509538115e-08,14,0.0,30,"tiny"
0.00390625,"bowl",44279,True,9.983525117718273e-10,0.34947896003723145,0.002637235214933753,0.6505210995674133,0.002125853206962347,1.0,0.0022803880274295807,1.7168604315997982e-09,15,0.0,30,"tiny"
0.0029296875,"bowl",44279,True,7.106829798431136e-06,0.3949446678161621,0.0011549521004781127,0.6050316691398621,0.0007651387131772935,0.9999763369560242,0.0008828212739899755,2.3653115931665525e-05,16,0.0,30,"tiny"
0.0009765625,"bowl",44279,True,0.00017551171185914427,0.4588393568992615,6.330264568532584e-06,0.4998878538608551,2.9740701847913442e-06,0.958727240562439,3.985306193499127e-06,0.04127278923988342,17,0.0,30,"tiny"
4.57763671875e-05,"bowl",44279,True,1.1258061931584962e-06,0.49999678134918213,6.7035753090749495e-06,0.4999904930591583,2.8869528705399716e-06,0.9999872446060181,4.035847268824e-06,1.2769814020430204e-05,18,0.0,30,"tiny"
0.0005035400390625,"knife",44279,True,2.6952509870170616e-05,0.7461538314819336,3.549422160631366e-07,0.15906478464603424,3.2608177491511015e-08,0.9052186608314514,1.2968287421699642e-07,0.09478133916854858,19,0.0,30,"tiny"
0.32666015625,"sky-other-merged",50165,False,0.9799758791923523,0.0057773650623857975,0.09023869037628174,0.01343489345163107,0.006697706412523985,0.017078343778848648,0.008260458707809448,0.9829215407371521,0,0.9909846782684326,31,"large"
0.30242156982421875,"grass-merged",50165,False,0.9588239192962646,0.013802364468574524,0.20475220680236816,0.05112248659133911,0.023323092609643936,0.06255282461643219,0.027736946940422058,0.9374472498893738,1,0.949897825717926,31,"large"
0.1917266845703125,"mountain-merged",50165,False,0.9472323060035706,0.037194594740867615,0.38953113555908203,0.1345033198595047,0.03720628842711449,0.16833782196044922,0.045479483902454376,0.8316622376441956,2,0.9374452829360962,31,"large"
0.0707855224609375,"train",50165,True,0.9740449786186218,0.011398776434361935,0.04446021839976311,0.14669492840766907,0.013126770965754986,0.15222539007663727,0.013323373161256313,0.8477746248245239,3,1.0,31,"medium"
0.0608062744140625,"tree-merged",50165,False,0.7863037586212158,0.04906938225030899,0.14709310233592987,0.19050751626491547,0.012948095798492432,0.2350601702928543,0.01564355008304119,0.7649398446083069,4,0.7666248679161072,31,"medium"
0.02106475830078125,"railroad",50165,False,0.9257808327674866,0.0005166807677596807,0.0008640630403533578,0.4402259886264801,0.01601375825703144,0.44074249267578125,0.01569942757487297,0.559257447719574,5,0.8808403015136719,31,"small"
0.00693511962890625,"building-other-merged",50165,False,0.9804121255874634,3.857705451082438e-06,1.4693708862978383e-06,0.14388436079025269,0.0011752753052860498,0.14388816058635712,0.0011507462477311492,0.8561119437217712,6,0.9856985807418823,31,"tiny"
0.00202178955078125,"roof",50165,False,0.00014983085566200316,7.956912781992287e-07,3.489454414307147e-08,0.9996679425239563,0.0009354419889859855,0.9996687173843384,0.0009159625042229891,0.0003312795015517622,7,0.0,31,"tiny"
0.37744140625,"grass-merged",51309,False,0.8934984803199768,0.02143327333033085,0.10686106979846954,0.06643977761268616,0.04439428821206093,0.08485881239175797,0.05023101344704628,0.915141224861145,0,0.9511643052101135,32,"large"
0.13848876953125,"sky-other-merged",51309,False,0.9251084327697754,0.00030856492230668664,0.0005491384072229266,0.025991901755332947,0.004336664453148842,0.026025183498859406,0.003973674960434437,0.9739748239517212,1,0.9237549304962158,32,"large"
0.134033203125,"horse",51309,True,0.8616247177124023,0.01926530711352825,0.03226599097251892,0.05318460613489151,0.008297664113342762,0.06709521263837814,0.009591435082256794,0.9329046607017517,2,0.881147563457489,32,"large"
0.11041259765625,"tree-merged",51309,False,0.9335582852363586,0.009218855760991573,0.015035550110042095,0.1434449404478073,0.021166706457734108,0.14494602382183075,0.019641932100057602,0.8550539612770081,3,0.9386401176452637,32,"large"
0.066650390625,"horse",51309,True,0.01911271922290325,0.8458333015441895,0.5276547074317932,0.12655237317085266,0.006786254700273275,0.9723727703094482,0.048037201166152954,0.027627140283584595,4,0.025641025975346565,32,"medium"
0.05938720703125,"horse",51309,True,0.8174099326133728,0.12600961327552795,0.10553572326898575,0.10168421268463135,0.007245468907058239,0.21582536399364471,0.01420402992516756,0.7841746807098389,5,0.9516957998275757,32,"medium"
0.02178955078125,"wall-other-merged",51309,False,0.9205048680305481,0.024607760831713676,0.008591754361987114,0.2165696620941162,0.006177120842039585,0.22278638184070587,0.0058774687349796295,0.7772136330604553,6,0.918767511844635,32,"small"
0.02264404296875,"house",51309,False,0.8909596800804138,0.008585812523961067,0.0025649925228208303,0.08572133630514145,0.002094736322760582,0.08634310215711594,0.0019507596734911203,0.9136568903923035,7,0.8274932503700256,32,"small"
0.2890625,"pavement-merged",52007,False,0.5205625295639038,0.03669659420847893,0.08032392710447311,0.06635094434022903,0.0173878725618124,0.0974925234913826,0.022864079102873802,0.9025075435638428,0,0.8513513803482056,33,"large"
0.2265625,"bus",52007,True,0.9858871102333069,0.01816714182496071,0.05783909559249878,0.06279026716947556,0.021823259070515633,0.07894467562437057,0.024752961471676826,0.921055257320404,1,0.982758641242981,33,"large"
0.189453125,"sky-other-merged",52007,False,0.9559503793716431,0.00035838258918374777,0.0008720083278603852,0.022474627941846848,0.005672088358551264,0.02283301204442978,0.005220996681600809,0.9771669507026672,2,0.9896907210350037,33,"large"
0.10888671875,"flower",52007,False,0.8965936303138733,0.001715661259368062,0.0022778608836233616,0.034637290984392166,0.004295835737138987,0.03466007858514786,0.003933570347726345,0.9653399586677551,3,0.9237667918205261,33,"large"
0.06103515625,"building-other-merged",52007,False,0.5640650987625122,0.018255870789289474,0.009384630247950554,0.111911341547966,0.005076110828667879,0.1207750216126442,0.005036595743149519,0.8792250156402588,4,0.8560000061988831,33,"medium"
0.0166015625,"person",52007,True,0.9404138922691345,7.829241076251492e-05,1.704458009044174e-05,0.05845118314027786,0.0010684122098609805,0.05852947756648064,0.0009869756177067757,0.9414705038070679,5,0.9411764740943909,33,"small"
0.01171875,"person",52007,True,0.9152178764343262,2.5788705897866748e-05,3.9818773984734435e-06,0.08806252479553223,0.0011355263413861394,0.08808830380439758,0.0010483124060556293,0.91191166639328,6,0.9166666865348816,33,"small"
0.01123046875,"tree-merged",52007,False,0.4295507073402405,3.1192814731184626e-07,2.7224610121834303e-08,0.2743775248527527,0.001997738378122449,0.2743777632713318,0.00184482685290277,0.7256221771240234,7,0.43478259444236755,33,"small"
0.00634765625,"road",52007,False,3.0032929316803347e-06,2.505340262359823e-06,1.5150789067774895e-07,0.9999934434890747,0.005018020514398813,0.9999958276748657,0.004635823890566826,4.138546955800848e-06,8,0.0,33,"tiny"
0.0048828125,"person",52007,True,0.0001047376572387293,0.326007217168808,0.012453638017177582,0.673816978931427,0.002133614383637905,0.9998242259025574,0.0029235673137009144,0.00017575561651028693,9,0.0,33,"tiny"
0.28857421875,"dirt-merged",53624,False,0.8294490575790405,0.02279619313776493,0.09375372529029846,0.4216180443763733,0.29514366388320923,0.4399973750114441,0.26434898376464844,0.5600026249885559,0,0.8843855857849121,34,"large"
0.16750335693359375,"water-other",53624,False,0.895097017288208,0.006509986240416765,0.009905652143061161,0.05180276185274124,0.01121627725660801,0.05188806354999542,0.009856414049863815,0.9481120705604553,1,0.9482578039169312,34,"large"
0.14159393310546875,"grass-merged",53624,False,0.5209729075431824,0.026554206386208534,0.020294995978474617,0.050939347594976425,0.0053458446636796,0.07130483537912369,0.006598006933927536,0.9286952018737793,2,0.26175978779792786,34,"large"
0.09752655029296875,"elephant",53624,True,0.9501773118972778,0.020850839093327522,0.019507529214024544,0.03893512114882469,0.004727608058601618,0.0469452328979969,0.005057859234511852,0.953054666519165,3,0.9482907056808472,34,"medium"
0.09372711181640625,"rock-merged",53624,False,0.9594203233718872,0.0076067568734288216,0.007121942937374115,0.07576688379049301,0.009168954566121101,0.07584627717733383,0.008143388666212559,0.924153745174408,4,0.944240927696228,34,"medium"
0.05403900146484375,"pavement-merged",53624,False,0.1263532191514969,0.0804271474480629,0.023699231445789337,0.6972932815551758,0.02534550242125988,0.7770379185676575,0.02515541762113571,0.22296211123466492,5,0.26965975761413574,34,"medium"
0.05510711669921875,"fence-merged",53624,False,0.19710193574428558,0.7522562146186829,0.3187202513217926,0.001081374241039157,5.657983274431899e-05,0.7533258199691772,0.035105496644973755,0.24667419493198395,6,0.25875675678253174,34,"medium"
0.00048828125,"person",53624,True,0.006588444113731384,0.015189598314464092,7.709691271884367e-05,0.9848103523254395,0.0005797371850349009,0.9939013719558716,0.0005245381034910679,0.006098615471273661,7,0.0,34,"tiny"
0.00244140625,"person",53624,True,8.133059964166023e-06,0.3613239824771881,2.135024487870396e-06,0.6063421964645386,4.1667414052426466e-07,0.9676660895347595,5.956952122687653e-07,0.032333824783563614,8,0.0,34,"tiny"
0.00146484375,"person",53624,True,8.101317689579446e-06,0.3052966594696045,1.7250407324809203e-07,0.4926161468029022,3.23358548826036e-08,0.7979128360748291,4.6924576224682824e-08,0.2020871639251709,9,0.0,34,"tiny"
0.34017181396484375,"person",54654,True,0.8939293026924133,0.02485990896821022,0.08097007870674133,0.024498678743839264,0.013909640721976757,0.04819786921143532,0.023337362334132195,0.9518021941184998,0,0.9053311347961426,35,"large"
0.1724395751953125,"wall-other-merged",54654,False,0.6682218313217163,0.06218074634671211,0.11428238451480865,0.3005862832069397,0.07404810190200806,0.36084747314453125,0.07860986143350601,0.6391525268554688,1,0.7895761728286743,35,"large"
0.1624603271484375,"oven",54654,True,0.8881760239601135,0.02086610719561577,0.031679827719926834,0.010242092423141003,0.0020627749618142843,0.031108200550079346,0.005531470291316509,0.9688917398452759,2,1.0,35,"large"
0.053009033203125,"paper-merged",54654,False,0.9568405747413635,0.00037352307117544115,0.00023475072521250695,0.17688292264938354,0.012838970869779587,0.1772456020116806,0.011538487859070301,0.8227543830871582,3,0.9579735398292542,35,"medium"
0.0507049560546875,"wall-wood",54654,False,0.7326290607452393,0.0394764319062233,0.018234428018331528,0.14115114510059357,0.007507986389100552,0.1801193803548813,0.008596925996243954,0.8198805451393127,4,0.7515798807144165,35,"medium"
0.03920745849609375,"cabinet-merged",54654,False,0.4334997832775116,0.05195324867963791,0.018588796257972717,0.5002492070198059,0.020293427631258965,0.5157280564308167,0.018839068710803986,0.48427191376686096,5,0.7135629653930664,35,"medium"
0.0390625,"window-other",54654,False,0.7414911985397339,0.0005275693838484585,0.00016400810272898525,0.04963211715221405,0.001754061202518642,0.05015968903899193,0.0015917508862912655,0.9498403072357178,6,0.6000000238418579,35,"medium"
0.037994384765625,"rug-merged",54654,False,0.727713942527771,0.030629796907305717,0.010089620016515255,0.11367393285036087,0.0042512062937021255,0.14430363476276398,0.004846855532377958,0.8556963801383972,7,0.822088360786438,35,"medium"
0.005859375,"table-merged",54654,False,0.06355908513069153,0.0761069655418396,0.009676470421254635,0.894031822681427,0.01244352012872696,0.9701387882232666,0.012170497328042984,0.02986115776002407,8,0.6666666865348816,35,"tiny"
0.00450897216796875,"food-other-merged",54654,False,0.6997013688087463,1.982423782465048e-05,1.9790340957115404e-06,0.6777968406677246,0.007395110093057156,0.6778160929679871,0.006667470093816519,0.3221838176250458,9,0.866328239440918,35,"tiny"
0.375762939453125,"floor-wood",61418,False,0.8462610244750977,0.023932544514536858,0.13896381855010986,0.07291426509618759,0.04482315108180046,0.09159746766090393,0.05136577785015106,0.9084025025367737,0,0.9009989500045776,36,"large"
0.18719482421875,"sky-other-merged",61418,False,0.9477766752243042,0.0034268039744347334,0.010254060849547386,0.016110170632600784,0.003850955283269286,0.016518643125891685,0.003666246309876442,0.9834813475608826,1,0.9479132890701294,36,"large"
0.09857177734375,"sea",61418,False,0.5571894645690918,0.09678857773542404,0.10790791362524033,0.0882764607667923,0.0070429653860628605,0.18285498023033142,0.013634271919727325,0.817145049571991,2,0.5142414569854736,36,"medium"
0.0367889404296875,"fence-merged",61418,False,0.8175401091575623,0.11713972687721252,0.16708967089653015,0.5377055406570435,0.05113355070352554,0.6502531170845032,0.05805417150259018,0.3497469127178192,3,0.9390294551849365,36,"medium"
0.0326995849609375,"chair",61418,True,0.9137238264083862,0.03862179070711136,0.024542147293686867,0.21928095817565918,0.009247006848454475,0.22008027136325836,0.00871619675308466,0.7799196839332581,4,0.9104059934616089,36,"medium"
0.03369140625,"person",61418,True,0.9682164788246155,0.01489492878317833,0.008258368819952011,0.02369139902293682,0.0008731069974601269,0.024092482402920723,0.0008333906880579889,0.975907564163208,5,0.9710144996643066,36,"medium"
0.0292205810546875,"person",61418,True,0.9670019745826721,0.013221301138401031,0.00762148154899478,0.1751934140920639,0.006686480715870857,0.18693754076957703,0.006692190654575825,0.8130624294281006,6,0.9665796160697937,36,"small"
0.0265045166015625,"wall-wood",61418,False,0.8250092267990112,0.0356350801885128,0.014010532759130001,0.07724747061729431,0.002003178233280778,0.07748236507177353,0.001886569894850254,0.9225176572799683,7,0.8157743215560913,36,"small"
0.022674560546875,"mountain-merged",61418,False,0.9302765727043152,0.037093427032232285,0.01843709871172905,0.29606834053993225,0.009657762013375759,0.29607200622558594,0.009077806025743484,0.7039279937744141,8,0.9374158978462219,36,"small"
0.02392578125,"chair",61418,True,0.8308130502700806,0.01703459396958351,0.008980418555438519,0.35833367705345154,0.012429499998688698,0.37457165122032166,0.012196744792163372,0.625428318977356,9,0.8163265585899353,36,"small"
0.0220794677734375,"boat",61418,True,0.0017823647940531373,0.0016460565384477377,0.00048657230217941105,0.9961667060852051,0.019338028505444527,0.9977917075157166,0.018183020874857903,0.002208286663517356,10,0.0,36,"small"
0.01806640625,"boat",61418,True,0.8997990489006042,0.01585608720779419,0.004866506904363632,0.10558945685625076,0.0021187257952988148,0.1214451789855957,0.002288477262482047,0.8785548210144043,11,0.37837839126586914,36,"small"
0.0095977783203125,"person",61418,True,3.909963197656907e-06,0.3588216006755829,0.06698750704526901,0.6411755084991455,0.007751213386654854,0.9999966025352478,0.011363948695361614,3.334272150823381e-06,12,0.0,36,"tiny"
0.0098114013671875,"chair",61418,True,0.0653320699930191,0.053456369787454605,0.019302478060126305,0.9203808903694153,0.021524695679545403,0.9705547094345093,0.021337464451789856,0.029445352032780647,13,0.0,36,"tiny"
0.0065765380859375,"chair",61418,True,0.003464366076514125,0.027044421061873436,0.00808680709451437,0.9716959595680237,0.018763162195682526,0.9987362623214722,0.018123533576726913,0.0012638474581763148,14,0.0,36,"tiny"
0.005859375,"person",61418,True,5.76533693674719e-07,0.08067519962787628,0.03065316379070282,0.9193246960639954,0.022550318390130997,0.9999998211860657,0.023041697219014168,1.4747338639153895e-07,15,0.0,36,"tiny"
0.00347900390625,"chair",61418,True,0.5884912610054016,0.04913144186139107,0.01687881350517273,0.8551170825958252,0.018905848264694214,0.9011480212211609,0.01872919872403145,0.0988519936800003,16,0.28070175647735596,36,"tiny"
0.00537109375,"person",61418,True,1.1110131708846893e-05,0.45713090896606445,0.08017737418413162,0.5428649187088013,0.0061372071504592896,0.9999943375587463,0.010631016455590725,5.643436452373862e-06,17,0.0,36,"tiny"
0.0023193359375,"chair",61418,True,0.5050933957099915,0.016244860365986824,0.0035978346131742,0.9063796401023865,0.01290286798030138,0.9122629165649414,0.012209019623696804,0.0877370536327362,18,0.0,36,"tiny"
0.3304443359375,"dining table",62554,True,0.9705997705459595,0.004745884332805872,0.8084386587142944,0.46776703000068665,0.42152032256126404,0.4681360721588135,0.4216221272945404,0.5318638682365417,0,0.9828222990036011,37,"large"
0.284271240234375,"broccoli",62554,True,0.7522159814834595,0.00012964366760570556,0.007980858907103539,0.018741343170404434,0.005730542354285717,0.01877400279045105,0.005716297309845686,0.9812260866165161,1,0.8725711107254028,37,"large"
0.149688720703125,"wall-other-merged",62554,False,0.6941635012626648,0.003117212327197194,0.09319096058607101,0.018153203651309013,0.0022677709348499775,0.018172061070799828,0.0022617350332438946,0.981827974319458,2,0.8438328504562378,37,"large"
0.11114501953125,"bowl",62554,True,0.8478556275367737,0.0018976168939843774,0.05214547738432884,0.02938804402947426,0.0032291561365127563,0.03128565847873688,0.0034239746164530516,0.9687143564224243,3,0.7276222109794617,37,"large"
0.074188232421875,"bowl",62554,True,0.799776554107666,0.01023765467107296,0.2306685745716095,0.256083607673645,0.02210989221930504,0.2561117112636566,0.022064941003918648,0.7438881993293762,4,0.7877416610717773,37,"medium"
0.045013427734375,"bowl",62554,True,0.9256619811058044,0.006782441399991512,0.08767949789762497,0.089293472468853,0.004291757009923458,0.08951155841350555,0.004289453383535147,0.9104884266853333,5,0.7810169458389282,37,"medium"
0.0048828125,"fork",62554,True,0.3979596495628357,0.01591774821281433,0.015600102953612804,0.42399558424949646,0.0014835039619356394,0.4399133026599884,0.0015337223885580897,0.5600866079330444,6,0.4000000059604645,37,"tiny"
0.70654296875,"fence-merged",64495,False,0.4084290862083435,0.029435671865940094,0.17210914194583893,0.15597708523273468,0.23608966171741486,0.18485760688781738,0.22300496697425842,0.8151424527168274,0,0.9785763621330261,38,"large"
0.09375,"gravel",64495,False,0.7620144486427307,0.008498085662722588,0.011855009943246841,0.14571312069892883,0.014553025364875793,0.15421120822429657,0.014372769743204117,0.845788836479187,1,0.7083333134651184,38,"medium"
0.076171875,"parking meter",64495,True,0.9865415692329407,0.3660653829574585,0.8053769469261169,0.07344795763492584,0.011326978914439678,0.43587183952331543,0.06284922361373901,0.5641281008720398,2,1.0,38,"medium"
0.03662109375,"rock-merged",64495,False,0.9375708103179932,0.008242261596024036,0.005180829204618931,0.09782203286886215,0.00412135012447834,0.09782496839761734,0.003864534432068467,0.9021750688552856,3,1.0,38,"medium"
0.02734375,"pavement-merged",64495,False,0.8665837645530701,2.1625328372465447e-05,8.812081432552077e-06,0.039558663964271545,0.0010700454004108906,0.03958028554916382,0.0010039845947176218,0.960419774055481,4,0.8571428656578064,38,"small"
0.3896484375,"bed",66523,True,0.9927934408187866,0.03621137514710426,0.7862517833709717,0.11523997783660889,0.08914171159267426,0.15145136415958405,0.11312229931354523,0.8485485315322876,0,0.9974937438964844,39,"large"
0.341796875,"curtain",66523,False,0.24281005561351776,2.8767815820174292e-05,0.00011699723836500198,0.028057841584086418,0.0037599399220198393,0.02808661013841629,0.003643733449280262,0.9719133377075195,1,0.322857141494751,39,"large"
0.17724609375,"wall-other-merged",66523,False,0.917911946773529,0.0014207473723217845,0.011195887811481953,0.01663290336728096,0.003430367447435856,0.016674067825078964,0.0033531407825648785,0.9833259582519531,2,0.9917355179786682,39,"large"
0.0654296875,"blanket",66523,False,0.2942029535770416,8.252524276031181e-05,7.743076275801286e-05,0.022777853533625603,0.0004911726573482156,0.02286037802696228,0.0004818775050807744,0.9771395921707153,3,0.20895522832870483,39,"medium"
0.00537109375,"ceiling-merged",66523,False,0.8175912499427795,0.08517483621835709,0.023052524775266647,0.22721417248249054,0.0013254645746201277,0.22722461819648743,0.001298195100389421,0.772775411605835,4,0.8181818127632141,39,"tiny"
0.443359375,"wall-stone",67180,False,0.9472981095314026,0.015112876892089844,0.022644825279712677,0.02522042579948902,0.0413195863366127,0.038440119475126266,0.030163105577230453,0.9615598917007446,0,0.965859055519104,40,"large"
0.1904296875,"person",67180,True,0.9762563705444336,0.037312619388103485,0.025371327996253967,0.02704395353794098,0.01032758317887783,0.06207815185189247,0.015199035406112671,0.9379220008850098,1,0.9871794581413269,40,"large"
0.0751953125,"bench",67180,True,0.9052084684371948,0.02886124514043331,0.007747259456664324,0.1027575209736824,0.012686630710959435,0.13011491298675537,0.01100916787981987,0.8698852062225342,2,0.9545454382896423,40,"medium"
0.0009765625,"grass-merged",67180,False,0.965207576751709,0.940222978591919,0.2873804569244385,0.049197930842638016,0.006195539608597755,0.9894208312034607,0.08824215829372406,0.010579131543636322,3,1.0,40,"tiny"
0.58837890625,"playingfield",68387,False,0.98924320936203,0.002085598185658455,0.5002449154853821,0.37823057174682617,0.8660733103752136,0.3787762522697449,0.8621785640716553,0.6212238073348999,0,0.9933609962463379,41,"large"
0.3447265625,"grass-merged",68387,False,0.690615713596344,5.814175165141933e-05,0.0036315598990768194,0.02419055439531803,0.009047622792422771,0.02423311583697796,0.009023018181324005,0.9757668972015381,1,0.056657224893569946,41,"large"
0.01953125,"person",68387,True,0.9485247731208801,0.00012177090684417635,0.0006188733386807144,0.06670886278152466,0.0013561313971877098,0.06683063507080078,0.0013531941222026944,0.9331693053245544,2,0.949999988079071,41,"small"
0.01416015625,"person",68387,True,0.0005983341834507883,0.0002859338419511914,0.00120248191524297,0.9991983771324158,0.01670808531343937,0.9994843006134033,0.01665492355823517,0.0005157495033927262,3,0.0,41,"small"
0.0146484375,"person",68387,True,0.4513895809650421,9.62373633228708e-06,2.6574516596156172e-05,0.3869894742965698,0.004253189545124769,0.3869990408420563,0.004236433655023575,0.6130009293556213,4,0.0,41,"small"
0.0146484375,"person",68387,True,0.9332491755485535,1.0455473820059069e-08,3.7018079268591464e-08,0.011540930718183517,0.00016263159341178834,0.011540940962731838,0.00016198701632674783,0.9884591102600098,5,0.9333333373069763,41,"small"
0.00146484375,"baseball glove",68387,True,2.2071151306590764e-06,0.002527134260162711,3.840212148276123e-09,0.4528079926967621,2.7023399074010968e-09,0.4553351104259491,2.706791013551424e-09,0.5446648597717285,7,0.0,41,"tiny"
0.24427032470703125,"zebra",70158,True,0.9135141372680664,0.04005426913499832,0.018967365846037865,0.003471010597422719,0.003039740025997162,0.04027099907398224,0.01238977164030075,0.959729015827179,0,0.9878501892089844,42,"large"
0.1434326171875,"zebra",70158,True,0.9167447090148926,0.0337681882083416,0.0099663520231843,0.05885273963212967,0.02332940325140953,0.09262092411518097,0.015669500455260277,0.9073790907859802,1,0.9564361572265625,42,"large"
0.12206268310546875,"zebra",70158,True,0.9376043677330017,0.08930076658725739,0.02407846972346306,0.046371035277843475,0.01583435945212841,0.13553036749362946,0.020437413826584816,0.864469587802887,2,0.9617475867271423,42,"large"
0.3548431396484375,"building-other-merged",72281,False,0.8911776542663574,0.023019205778837204,0.056741222739219666,0.3011988699436188,0.30429935455322266,0.31897419691085815,0.2295764684677124,0.6810258030891418,0,0.895119309425354,43,"large"
0.152923583984375,"pavement-merged",72281,False,0.8978294730186462,0.008251732215285301,0.007319603115320206,0.1764163076877594,0.04461304098367691,0.1783304512500763,0.03517824038863182,0.8216694593429565,1,0.8812612295150757,43,"large"
0.08507537841796875,"table-merged",72281,False,0.9323622584342957,0.0020768260583281517,0.000980990706011653,0.10853482037782669,0.013272327370941639,0.1085539162158966,0.010557320900261402,0.891446053981781,2,0.908169686794281,43,"medium"
0.08858489990234375,"wall-brick",72281,False,0.8130599856376648,0.008170071057975292,0.0035317474976181984,0.11147826910018921,0.012545484118163586,0.1155165508389473,0.01032097078859806,0.8844834566116333,3,0.7250882983207703,43,"medium"
0.0425872802734375,"sky-other-merged",72281,False,0.7562801241874695,0.052865974605083466,0.010891299694776535,0.11724364012479782,0.005915877874940634,0.1700911670923233,0.006894690450280905,0.8299087882041931,4,0.7730204463005066,43,"medium"
0.03564453125,"wall-other-merged",72281,False,0.0007013385184109211,0.059525176882743835,0.011752378195524216,0.9398053884506226,0.04501622915267944,0.9993278980255127,0.03854115307331085,0.000672150868922472,5,0.0,43,"medium"
0.02756500244140625,"roof",72281,False,0.5257829427719116,0.03314288705587387,0.006234992295503616,0.5900382995605469,0.02662830986082554,0.5910311937332153,0.021538930013775826,0.40896883606910706,6,0.28342097997665405,43,"small"
0.02880859375,"skateboard",72281,True,0.9782692193984985,0.07141341269016266,0.01349575910717249,0.14408992230892181,0.006548630073666573,0.20834816992282867,0.007637146860361099,0.7916517853736877,7,1.0,43,"small"
0.36224365234375,"dining table",74733,True,0.934451699256897,0.15518425405025482,0.3201729357242584,0.15697260200977325,0.19143803417682648,0.30972251296043396,0.2381507158279419,0.6902775168418884,0,0.9518323540687561,44,"large"
0.07897567749023438,"pizza",74733,True,0.8898715972900391,0.009418617933988571,0.0028278902173042297,0.013770941644906998,0.0014353005681186914,0.015199180692434311,0.0011776639148592949,0.9848008155822754,1,0.8724822402000427,44,"medium"
0.0728759765625,"cup",74733,True,0.9545111060142517,0.028471846133470535,0.009549634531140327,0.10288168489933014,0.011889893561601639,0.12743593752384186,0.010957769118249416,0.8725640773773193,2,0.9734610319137573,44,"medium"
0.041133880615234375,"cup",74733,True,0.08647323399782181,0.8370144963264465,0.2230008840560913,0.10685749351978302,0.009377925656735897,0.9438291192054749,0.06233126297593117,0.056170832365751266,3,0.04748214781284332,44,"medium"
0.0382080078125,"floor-other-merged",74733,False,0.6247935891151428,0.09033617377281189,0.010839274153113365,0.07446517795324326,0.002932071452960372,0.16294199228286743,0.004831559490412474,0.8370579481124878,4,0.690095841884613,44,"medium"
0.024135589599609375,"dining table",74733,True,0.9213560819625854,0.20582805573940277,0.03545714542269707,0.2510600984096527,0.013925484381616116,0.4568881392478943,0.019169753417372704,0.5431119203567505,5,0.9190769791603088,44,"small"
0.020854949951171875,"cup",74733,True,0.008435407653450966,0.03929726779460907,0.006832236424088478,0.9564467668533325,0.05329772084951401,0.9957428574562073,0.042024023830890656,0.0042571378871798515,6,0.0,44,"small"
0.02227783203125,"cup",74733,True,0.9999160766601562,0.008586148731410503,0.000901837192941457,0.10645046830177307,0.003590142587199807,0.10770215094089508,0.0027500183787196875,0.8922977447509766,7,1.0,44,"small"
0.0205078125,"cup",74733,True,0.9986374378204346,0.00011057157826144248,1.6800182493170723e-05,0.43278929591178894,0.021069360896945,0.4328998923301697,0.015960773453116417,0.5671001076698303,8,1.0,44,"small"
0.019733428955078125,"paper-merged",74733,False,0.5657489895820618,0.20734602212905884,0.012333381921052933,0.002989105647429824,5.6882145145209506e-05,0.21033485233783722,0.0030335448682308197,0.7896651029586792,9,0.6006186008453369,44,"small"
0.018901824951171875,"cup",74733,True,0.9993566870689392,0.1865491420030594,0.02813848853111267,0.2961922287940979,0.014277216978371143,0.473110169172287,0.01728837937116623,0.5268898010253906,10,1.0,44,"small"
0.017314910888671875,"chair",74733,True,0.7944628000259399,0.036512020975351334,0.004092229064553976,0.4548431932926178,0.01625765860080719,0.48361584544181824,0.01311013288795948,0.5163841247558594,11,0.0,44,"small"
0.015522003173828125,"chair",74733,True,0.07434596866369247,0.018022360280156136,0.0012556551955640316,0.9292749762535095,0.020598316565155983,0.9303133487701416,0.015648722648620605,0.0696866437792778,12,0.10739739239215851,44,"small"
0.00872802734375,"cup",74733,True,0.6775550842285156,0.0003067784127779305,7.695520253037103e-06,0.007840574719011784,6.202801887411624e-05,0.008139485493302345,4.8956939281197265e-05,0.991860568523407,13,0.6713286638259888,44,"tiny"
0.001953125,"cup",74733,True,6.915062112966552e-05,0.7615694403648376,0.0693545714020729,0.23842425644397736,0.006787207443267107,0.9999937415122986,0.021687468513846397,6.239698450372089e-06,14,0.0,44,"tiny"
0.001953125,"cup",74733,True,0.005277139134705067,0.8305838108062744,0.07241486012935638,0.16891883313655853,0.004603597801178694,0.9995025992393494,0.02075267769396305,0.0004973789909854531,15,0.0,44,"tiny"
0.55224609375,"laptop",78420,True,0.9208085536956787,0.0013498017797246575,0.048696018755435944,0.004151451867073774,0.004885620437562466,0.0045705572701990604,0.005214603617787361,0.9954293966293335,0,0.9911582469940186,45,"large"
0.17041015625,"floor-other-merged",78420,False,0.9307685494422913,0.01698465459048748,0.20637740194797516,0.061396896839141846,0.012931649573147297,0.07814281433820724,0.01620686799287796,0.9218572974205017,1,0.9283667802810669,45,"large"
0.1552734375,"cat",78420,True,0.9812809228897095,0.024852128699421883,0.2799765169620514,0.02001352794468403,0.0038439289201050997,0.04486566036939621,0.008472741581499577,0.9551343321800232,2,0.9811320900917053,45,"large"
0.0537109375,"curtain",78420,False,0.7675094604492188,0.001130892662331462,0.0034034147392958403,0.03257998824119568,0.0014887062134221196,0.03264699503779411,0.0014702151529490948,0.9673529267311096,3,0.7636363506317139,45,"medium"
0.03173828125,"chair",78420,True,0.9960540533065796,0.03869934380054474,0.13713695108890533,0.3603196144104004,0.018921080976724625,0.36999011039733887,0.019174156710505486,0.6300098896026611,4,1.0,45,"medium"
0.0244140625,"wall-other-merged",78420,False,0.9578642845153809,3.2675354759703623e-06,5.587327905232087e-06,0.0341857485473156,0.000860956497490406,0.03418901562690735,0.0008485412108711898,0.965811014175415,5,0.9599999785423279,45,"small"
0.2299346923828125,"rock-merged",79144,False,0.9802151918411255,0.07890357822179794,0.03516222536563873,0.01100239995867014,0.01271228026598692,0.08990597724914551,0.028913499787449837,0.9100940227508545,0,0.9893158078193665,46,"large"
0.141754150390625,"wall-wood",79144,False,0.8358991146087646,0.251973420381546,0.07403748482465744,0.027123073115944862,0.014600220136344433,0.27434077858924866,0.052195802330970764,0.725659191608429,1,0.9594187140464783,46,"large"
0.03228759765625,"bear",79144,True,0.9433225393295288,0.0890548899769783,0.005394797772169113,0.006215949542820454,0.0005079266848042607,0.09527085721492767,0.0033142948523163795,0.9047290682792664,2,0.9697542786598206,46,"medium"
0.0322723388671875,"bear",79144,True,0.0011803428642451763,0.08182916790246964,0.004824342671781778,0.9170081615447998,0.07292280346155167,0.998837411403656,0.033816736191511154,0.0011626488994807005,3,0.0,46,"medium"
0.0068359375,"grass-merged",79144,False,0.02800852246582508,0.9383123517036438,0.0873100534081459,0.05798504874110222,0.006854493636637926,0.9962973594665527,0.05187340825796127,0.0037026398349553347,4,0.2857142984867096,46,"tiny"
0.00201416015625,"floor-wood",79144,False,0.006816366221755743,0.07524510473012924,0.00046245226985774934,0.9223683476448059,0.007109946105629206,0.9959802627563477,0.0034085921943187714,0.004019742365926504,5,0.0,46,"tiny"
0.43929290771484375,"rug-merged",80057,False,0.7604556083679199,0.028765713796019554,0.03123531863093376,0.01358038280159235,0.019617846235632896,0.040581997483968735,0.025200990960001945,0.9594178795814514,0,0.9433126449584961,47,"large"
0.24103546142578125,"teddy bear",80057,True,0.9608385562896729,0.05555739626288414,0.04605503007769585,0.07404376566410065,0.04480421915650368,0.128742054104805,0.04509034380316734,0.8712579607963562,1,0.9777798652648926,47,"large"
0.1640625,"dog",81766,True,0.9922436475753784,0.050176721066236496,0.01388351246714592,0.0003146715462207794,0.00024940920411609113,0.050491396337747574,0.010355529375374317,0.9495086073875427,0,0.9940476417541504,48,"large"
0.10009765625,"fence-merged",81766,False,0.923529863357544,0.09056676179170609,0.014872870407998562,0.0009492933168075979,0.0003446482587605715,0.09151606261730194,0.01034807413816452,0.9084839224815369,1,0.9853658676147461,48,"large"
0.06982421875,"dirt-merged",81766,False,0.8101158142089844,0.36482998728752136,0.053076956421136856,0.007681209594011307,0.002229716395959258,0.3725111782550812,0.03610118478536606,0.627488911151886,2,1.0,48,"medium"
0.02978515625,"dog",81766,True,0.819828450679779,0.0838082879781723,0.0036057729739695787,0.0002247248776257038,1.7088334061554633e-05,0.08403301984071732,0.002309006405994296,0.9159669280052185,3,0.9672130942344666,48,"small"
0.013671875,"dog",81766,True,0.8096061944961548,0.1603328287601471,0.0034446672070771456,0.008199366740882397,0.00029766434454359114,0.16853219270706177,0.0022746676113456488,0.8314677476882935,4,1.0,48,"small"
0.0029296875,"sky-other-merged",81766,False,0.990179717540741,0.24460937082767487,0.0015160281909629703,3.7412007714010542e-06,3.806513149129387e-08,0.24461309611797333,0.0009421494323760271,0.7553868889808655,5,1.0,48,"tiny"
0.68994140625,"dining table",85195,True,0.9069105386734009,0.004618749022483826,0.08817341923713684,0.008240307681262493,0.01883290521800518,0.012847191654145718,0.026263749226927757,0.9871528148651123,0,0.9907997250556946,49,"large"
0.18603515625,"wall-other-merged",85195,False,0.9961509108543396,0.007755575235933065,0.0440467931330204,0.00949927419424057,0.0022943050134927034,0.017254848033189774,0.003997465595602989,0.9827451705932617,1,1.0,49,"large"
0.09130859375,"cake",85195,True,0.9878743290901184,0.01539656426757574,0.04456384852528572,0.051088664680719376,0.005604925565421581,0.0614108107984066,0.0064948066137731075,0.9385891556739807,2,0.9893048405647278,49,"medium"
0.3619537353515625,"dirt-merged",88250,False,0.9359724521636963,0.06916588544845581,0.06279724091291428,0.012382961809635162,0.01954892836511135,0.08026701956987381,0.046338219195604324,0.9197329878807068,0,0.9860461354255676,50,"large"
0.2333221435546875,"elephant",88250,True,0.9649674296379089,0.06644649058580399,0.04026200994849205,0.019898133352398872,0.013514140620827675,0.08411815017461777,0.02697155252099037,0.915881872177124,1,0.9867241978645325,50,"large"
0.843109130859375,"fence-merged",89296,False,0.5801075100898743,0.0012642759829759598,0.09476329386234283,0.027436338365077972,0.08960695564746857,0.02810067869722843,0.09013431519269943,0.9718992710113525,0,0.9733412861824036,51,"large"
0.07720947265625,"person",89296,True,0.9520984292030334,0.04270685091614723,0.560745120048523,0.14815346896648407,0.014212722890079021,0.16610433161258698,0.015867864713072777,0.833895742893219,1,0.9683794379234314,51,"medium"
0.0731353759765625,"person",89296,True,0.6908900141716003,0.0036714246962219477,0.028360869735479355,0.025727126747369766,0.0014487039297819138,0.025731386616826057,0.0014398079365491867,0.9742686748504639,2,0.7640308737754822,51,"medium"
0.0027618408203125,"baseball bat",89296,True,0.8987129330635071,0.040372151881456375,0.026970908045768738,0.44660747051239014,0.002021903172135353,0.44660767912864685,0.0020086937583982944,0.5533924102783203,3,0.9944751262664795,51,"tiny"
0.0009765625,"sports ball",89296,True,0.00016224756836891174,0.0036706372629851103,9.018027924412308e-08,0.03574524074792862,5.941743541626465e-09,0.0394158773124218,6.507862249094387e-09,0.9605841040611267,5,0.0,51,"tiny"
0.47283935546875,"sky-other-merged",90155,False,0.9282975196838379,0.002691180445253849,0.003705790499225259,0.006582131143659353,0.014100059866905212,0.008932986296713352,0.007505013607442379,0.9910669922828674,0,0.9651800990104675,52,"large"
0.092681884765625,"tree-merged",90155,False,0.9805271029472351,0.4951701760292053,0.35562118887901306,0.11537673324346542,0.04543207213282585,0.6065754294395447,0.15442520380020142,0.3934246003627777,1,0.9894632697105408,52,"medium"
0.0560150146484375,"railroad",90155,False,0.9071961045265198,0.2516879141330719,0.09815959632396698,0.35146474838256836,0.0707215815782547,0.5948876142501831,0.07904966175556183,0.4051123261451721,2,0.9302642345428467,52,"medium"
0.04376220703125,"gravel",90155,False,0.9158812761306763,0.3230516016483307,0.07947900146245956,0.1723097413778305,0.021450471132993698,0.49347826838493347,0.040835924446582794,0.5065217614173889,3,0.694212019443512,52,"medium"
0.01532745361328125,"grass-merged",90155,False,0.9547865986824036,0.3182238042354584,0.030321093276143074,0.2138618677854538,0.009880311787128448,0.5224658846855164,0.016260657459497452,0.47753405570983887,4,1.0,52,"small"
0.47393798828125,"curtain",92124,False,0.8695874810218811,0.042342573404312134,0.10618577152490616,0.024365108460187912,0.030700121074914932,0.06670308113098145,0.05599173530936241,0.9332969188690186,0,0.9721828699111938,53,"large"
0.12005615234375,"wall-other-merged",92124,False,0.9212209582328796,0.362710177898407,0.5196924805641174,0.1996033489704132,0.0715290978550911,0.5616352558135986,0.16103191673755646,0.43836477398872375,1,0.988815426826477,53,"large"
0.0667724609375,"rug-merged",92124,False,0.9532756209373474,0.01862134039402008,0.006914428435266018,0.016331788152456284,0.0014086506562307477,0.02648059092462063,0.001855288166552782,0.9735194444656372,2,0.9497258067131042,53,"medium"
0.06146240234375,"toilet",92124,True,0.9163632392883301,0.079073965549469,0.027751458808779716,0.012264139950275421,0.0009923703037202358,0.08862104266881943,0.005835302639752626,0.9113789796829224,3,0.9285004734992981,53,"medium"
0.03271484375,"wall-tile",92124,False,0.8771294951438904,0.023089734837412834,0.005951245781034231,0.3446536660194397,0.019758054986596107,0.3677428066730499,0.017254583537578583,0.6322571635246277,4,0.8059701323509216,53,"medium"
0.02862548828125,"sink",92124,True,0.9481711387634277,0.36739373207092285,0.09522318094968796,0.04873761162161827,0.002793681574985385,0.4052933156490326,0.019042305648326874,0.5947067141532898,5,0.9722814559936523,53,"small"
0.02081298828125,"ceiling-merged",92124,False,0.5279113054275513,0.0009340717806480825,5.841694655828178e-05,0.00136910832952708,1.8769527741824277e-05,0.00227500987239182,2.558598316682037e-05,0.9977250695228577,6,0.5161290168762207,53,"small"
0.01751708984375,"floor-wood",92124,False,0.8125596642494202,0.07347285747528076,0.007137830834835768,0.13112719357013702,0.0027772795874625444,0.16794513165950775,0.0029242036398500204,0.8320549130439758,7,0.8327525854110718,53,"small"
0.0048828125,"bottle",92124,True,0.45234188437461853,4.837847882299684e-07,6.068271662940106e-09,3.828672561212443e-06,1.0324920474147348e-08,4.312457349442411e-06,9.571704318034335e-09,0.999995768070221,8,0.6000000238418579,53,"tiny"
0.27685546875,"grass-merged",94852,False,0.9713701009750366,0.13531236350536346,0.10375529527664185,0.004476518835872412,0.004411729518324137,0.13823392987251282,0.059653788805007935,0.8617660403251648,0,0.9805996417999268,54,"large"
0.1943359375,"sky-other-merged",94852,False,0.870229959487915,0.03355061635375023,0.014433338306844234,0.0005204346962273121,0.00022855037241242826,0.03407105430960655,0.007404121104627848,0.9659290313720703,1,0.979899525642395,54,"large"
0.122314453125,"elephant",94852,True,0.9927553534507751,0.17236104607582092,0.06553725153207779,0.04336520656943321,0.014241929166018963,0.21531520783901215,0.03796300292015076,0.7846847772598267,2,0.9960079789161682,54,"large"
0.42919921875,"sky-other-merged",98497,False,0.846792459487915,0.01480999868363142,0.058707091957330704,0.11799357831478119,0.10545863956212997,0.13068614900112152,0.09572035819292068,0.8693137764930725,0,0.8248009085655212,55,"large"
0.2998046875,"building-other-merged",98497,False,0.9382026195526123,0.0305996835231781,0.0879264771938324,0.043781381100416183,0.022273380309343338,0.07187065482139587,0.031107058748602867,0.9281293749809265,1,0.9674267172813416,55,"large"
0.16845703125,"tree-merged",98497,False,0.7763686776161194,0.009304995648562908,0.01859745755791664,0.37793225049972534,0.1093543991446495,0.3795655369758606,0.09621953964233398,0.6204345226287842,2,0.843478262424469,55,"large"
0.3010711669921875,"sky-other-merged",99054,False,0.9807302951812744,0.0005870264722034335,0.002562995534390211,0.03008856438100338,0.014557945542037487,0.030495623126626015,0.013288425281643867,0.9695044159889221,0,0.9730880260467529,56,"large"
0.3018798828125,"airplane",99054,True,0.7937008142471313,0.061860788613557816,0.23940825462341309,0.05323859304189682,0.022816458716988564,0.11245884001255035,0.04348764568567276,0.8875412344932556,1,0.8334259986877441,56,"large"
0.25714874267578125,"pavement-merged",99054,False,0.83784419298172,0.06251518428325653,0.24208912253379822,0.14095564186573029,0.05644943192601204,0.20241114497184753,0.07360395044088364,0.7975889444351196,2,0.9653463959693909,56,"large"
0.053253173828125,"building-other-merged",99054,False,0.8149271607398987,0.04920525476336479,0.04175955057144165,0.22261062264442444,0.015018166974186897,0.26693734526634216,0.016691625118255615,0.7330626845359802,3,0.8328080177307129,56,"medium"
0.00876617431640625,"mountain-merged",99054,False,0.5001927018165588,0.14461606740951538,0.04194634035229683,0.6393610835075378,0.014038045890629292,0.7832838892936707,0.015988193452358246,0.21671608090400696,4,0.22280243039131165,56,"tiny"
0.005584716796875,"person",99054,True,0.8247910141944885,0.1838289052248001,0.018036561086773872,0.22228555381298065,0.001644347794353962,0.3269825875759125,0.0022504820954054594,0.6730174422264099,5,0.8251366019248962,56,"tiny"
0.00379180908203125,"road",99054,False,1.7030804883688688e-05,0.024380605667829514,0.0001005730518954806,0.9753952622413635,0.00030291423900052905,0.9997754693031311,0.0002887807786464691,0.0002244221541332081,6,0.0,56,"tiny"
0.0009765625,"grass-merged",99054,False,0.03953735902905464,0.0004423724312800914,2.150782393073314e-06,0.8857107758522034,0.00032324978383257985,0.8861532807350159,0.0003008294734172523,0.11384670436382294,7,0.0,56,"tiny"
0.5473480224609375,"sky-other-merged",100489,False,0.9209600687026978,0.0024693768937140703,0.39376771450042725,0.08327282220125198,0.10141731798648834,0.08330868929624557,0.10120619088411331,0.9166913032531738,0,0.9138579964637756,57,"large"
0.3751220703125,"tree-merged",100489,False,0.9287577867507935,0.0026124934665858746,0.29884544014930725,0.1168026402592659,0.07384201884269714,0.11680779606103897,0.07373888790607452,0.8831920623779297,1,0.9409168362617493,57,"large"
0.0769500732421875,"bird",100489,True,0.9738805890083313,0.014894997701048851,0.36798009276390076,0.11334724724292755,0.010490822605788708,0.12036515772342682,0.01110933255404234,0.8796347379684448,2,0.9660916328430176,57,"medium"
0.4697265625,"tree-merged",101780,False,0.9449007511138916,0.022286394611001015,0.11881139129400253,0.008922056294977665,0.009199293330311775,0.031208451837301254,0.026963315904140472,0.9687915444374084,0,0.9771309494972229,58,"large"
0.2587890625,"dirt-merged",101780,False,0.9610862731933594,0.0014169180067256093,0.004169188439846039,0.014982405118644238,0.005781606305390596,0.01639932207763195,0.00559465866535902,0.9836006164550781,1,0.947169840335846,58,"large"
0.10546875,"rock-merged",101780,False,0.8790268898010254,0.03266322240233421,0.04100743308663368,0.10804697126150131,0.014416786842048168,0.14071020483970642,0.016971347853541374,0.8592898845672607,2,0.9444444179534912,58,"large"
0.0439453125,"giraffe",101780,True,0.9731475710868835,0.03587331250309944,0.022319596260786057,0.16430401802062988,0.010096433572471142,0.20017734169960022,0.01119514461606741,0.7998226881027222,3,0.9777777791023254,58,"medium"
0.013671875,"fence-merged",101780,False,0.9279193878173828,0.466901957988739,0.22807855904102325,0.23089639842510223,0.010765338316559792,0.6977982521057129,0.029699556529521942,0.30220165848731995,4,0.9285714030265808,58,"small"
0.013671875,"giraffe",101780,True,0.790166437625885,0.08569063246250153,0.014923944137990475,0.19251474738121033,0.0032001181971281767,0.27820536494255066,0.004221600014716387,0.7217946648597717,5,0.7857142686843872,58,"small"
0.0087890625,"giraffe",101780,True,0.0005782779771834612,0.8735809326171875,0.1488676518201828,0.12607206404209137,0.0020394776947796345,0.9996529817581177,0.014769407920539379,0.00034705581492744386,6,0.1111111119389534,58,"tiny"
0.397430419921875,"person",102820,True,0.941460371017456,0.01438103336840868,0.014547271654009819,0.0031699601095169783,0.00531153567135334,0.017227644100785255,0.010885012336075306,0.9827723503112793,0,0.977290153503418,59,"large"
0.1573638916015625,"tree-merged",102820,False,0.8026700019836426,0.4024783670902252,0.2382434755563736,0.03245208412408829,0.015470133163034916,0.43304988741874695,0.11449727416038513,0.5669500827789307,1,0.88344806432724,59,"large"
0.05088043212890625,"cake",102820,True,0.9783943891525269,0.17882229387760162,0.03046286292374134,0.044757287949323654,0.005010364577174187,0.22357960045337677,0.015103551559150219,0.7764203548431396,2,0.9788573980331421,59,"medium"
0.01496124267578125,"cardboard",102820,False,0.7202891707420349,0.7489046454429626,0.09602653980255127,0.027794061228632927,0.0022037222515791655,0.7766987085342407,0.03805246576666832,0.22330118715763092,3,0.8694543838500977,59,"small"
0.00348663330078125,"window-blind",102820,False,0.0013190606841817498,0.5458953380584717,0.022627271711826324,0.4538126289844513,0.011415114626288414,0.9997051954269409,0.01565057970583439,0.00029480134253390133,4,0.0,59,"tiny"
0.0005950927734375,"wall-other-merged",102820,False,7.258663117681863e-06,0.5087589621543884,0.02311103232204914,0.4912407696247101,0.013480636291205883,0.9999997615814209,0.017107419669628143,2.526476521325094e-07,5,0.0,59,"tiny"
0.240264892578125,"railroad",106281,False,0.8612774610519409,0.3911394774913788,0.24135109782218933,0.008102670311927795,0.013816316612064838,0.3992269039154053,0.18100082874298096,0.60077303647995,0,0.9624984264373779,60,"large"
0.155426025390625,"bridge",106281,False,0.48954418301582336,0.10739435255527496,0.022976772859692574,0.2555127441883087,0.10656683892011642,0.3629070818424225,0.05131810903549194,0.6370928883552551,1,0.5988611578941345,60,"large"
0.04657745361328125,"building-other-merged",106281,False,0.8547790050506592,0.01852133497595787,0.0028444945346564054,0.5194523334503174,0.11254540085792542,0.5356008410453796,0.04816083237528801,0.46439915895462036,2,0.8805896639823914,60,"medium"
0.2513885498046875,"wall-other-merged",107339,False,0.9605774879455566,0.00824529305100441,0.017201010137796402,0.08948104828596115,0.03824033588171005,0.09324059635400772,0.03316915035247803,0.90675950050354,0,0.9826403856277466,61,"large"
0.218170166015625,"rug-merged",107339,False,0.9967003464698792,0.011573493480682373,0.021267646923661232,0.06753754615783691,0.024155236780643463,0.07302703708410263,0.02191110886633396,0.9269729256629944,1,0.9934256672859192,61,"large"
0.1402130126953125,"window-other",107339,False,0.8967170119285583,0.005403938237577677,0.0054956176318228245,0.0313275009393692,0.0055405194871127605,0.0314999520778656,0.004756232723593712,0.9685000777244568,2,0.9212101697921753,61,"large"
0.09417724609375,"couch",107339,True,0.0017176499823108315,0.9707669615745544,0.5757643580436707,0.027100417762994766,0.00263175368309021,0.9978635311126709,0.08340568095445633,0.002136549213901162,3,0.010369409807026386,61,"medium"
0.07720947265625,"table-merged",107339,False,0.8465718030929565,0.011526969261467457,0.006072539370507002,0.021342547610402107,0.0018003543373197317,0.028056083247065544,0.0020446409471333027,0.9719439744949341,4,0.8405138254165649,61,"medium"
0.049560546875,"floor-wood",107339,False,0.843086302280426,0.0683383196592331,0.026312893256545067,0.10926320403814316,0.006505651865154505,0.14990802109241486,0.007752516306936741,0.850091814994812,5,0.8851600885391235,61,"medium"
0.0461578369140625,"person",107339,True,0.9118365049362183,0.09514621645212173,0.03610249236226082,0.060242388397455215,0.003524730447679758,0.13108189404010773,0.006656558718532324,0.8689181208610535,6,0.9203305840492249,61,"medium"
0.0013885498046875,"book",107339,True,7.308689237106591e-05,0.4333736300468445,0.0016489801928400993,0.5664173364639282,0.00031588642741553485,0.9997910857200623,0.0004862992209382355,0.00020893446344416589,7,0.0,61,"tiny"
0.0009765625,"remote",107339,True,2.7821170078823343e-07,0.1753721833229065,4.476536474840032e-09,0.7412489056587219,2.7719258000047375e-09,0.9166210889816284,2.989740677250552e-09,0.08337888866662979,8,0.0,61,"tiny"
0.2525787353515625,"wall-other-merged",109118,False,0.839491069316864,0.13850337266921997,0.1036016047000885,0.016889972612261772,0.01028041448444128,0.15518534183502197,0.05211186781525612,0.844814658164978,0,0.8705974817276001,62,"large"
0.1985015869140625,"person",109118,True,0.9641933441162109,0.07912483811378479,0.05443156883120537,0.09458767622709274,0.04676937311887741,0.17082759737968445,0.049197006970644,0.8291723728179932,1,0.9852409958839417,62,"large"
0.1833953857421875,"person",109118,True,0.9739068746566772,0.05144956335425377,0.030080851167440414,0.03810865804553032,0.015540845692157745,0.08955822885036469,0.021515298634767532,0.9104416966438293,2,0.9770363569259644,62,"large"
0.014739990234375,"chair",109118,True,0.9924865961074829,0.48753923177719116,0.057986434549093246,0.14588837325572968,0.00896101351827383,0.633427619934082,0.02565714158117771,0.3665723502635956,3,1.0,62,"small"
0.015228271484375,"baseball glove",109118,True,0.8490391373634338,0.017661212012171745,0.0007582418620586395,0.1024763286113739,0.002271795179694891,0.10247669368982315,0.0014990705531090498,0.8975234031677246,4,0.8336673378944397,62,"small"
0.0009765625,"sports ball",109118,True,3.8267430682026315e-06,0.1481749564409256,2.8700492649136322e-08,0.7943249344825745,7.780875677099175e-08,0.9424997568130493,6.131481455895482e-08,0.057500217109918594,5,0.0,62,"tiny"
0.438323974609375,"sky-other-merged",110282,False,0.992361307144165,0.015529392287135124,0.02101554349064827,0.013157290406525135,0.025533724576234818,0.028686683624982834,0.022871792316436768,0.9713132381439209,0,0.9933161735534668,63,"large"
0.1892547607421875,"tree-merged",110282,False,0.919640302658081,0.0867777094244957,0.051198653876781464,0.021971089765429497,0.008930881507694721,0.10855419188737869,0.02614159695804119,0.8914457559585571,1,0.9664597511291504,63,"large"
0.0419921875,"traffic light",110282,True,0.9837226271629333,0.026680340990424156,0.0035799697507172823,0.053983043879270554,0.003819413483142853,0.06967725604772568,0.003229457186535001,0.9303227066993713,2,1.0,63,"medium"
0.6726608276367188,"oven",111036,True,0.9026460647583008,0.010905416682362556,0.03730396926403046,0.003788670990616083,0.015767093747854233,0.014678416773676872,0.02763228863477707,0.985321581363678,0,0.9674708247184753,64,"large"
0.0704193115234375,"floor-other-merged",111036,False,0.7753910422325134,0.050655558705329895,0.018737174570560455,0.14003093540668488,0.012436400167644024,0.18056827783584595,0.012943572364747524,0.8194316625595093,1,0.7421451807022095,64,"medium"
0.05959320068359375,"car",111036,True,0.9825789332389832,0.025832919403910637,0.009064157493412495,0.050766050815582275,0.00421941326931119,0.07362382858991623,0.004948566667735577,0.9263761043548584,2,0.9854052066802979,64,"medium"
0.0173187255859375,"cardboard",111036,False,0.9840264320373535,0.01684054359793663,0.002685144543647766,0.39881977438926697,0.01426941528916359,0.4066809117794037,0.011887088418006897,0.5933190584182739,3,1.0,64,"small"
0.0009765625,"dirt-merged",111036,False,0.9967198967933655,0.4077194035053253,0.043905485421419144,0.542104959487915,0.012842345051467419,0.9498243927955627,0.018443692475557327,0.05017564445734024,4,1.0,64,"tiny"
0.29264068603515625,"giraffe",112634,True,0.9594755172729492,0.008225739002227783,0.06823363900184631,0.07998022437095642,0.036559097468853,0.08503861725330353,0.036892835050821304,0.9149612784385681,0,0.9738770127296448,65,"large"
0.2138519287109375,"tree-merged",112634,False,0.7868432402610779,0.005513560958206654,0.02647850476205349,0.04911183938384056,0.011613546870648861,0.05289556086063385,0.011954141780734062,0.9471043944358826,1,0.7891188263893127,65,"large"
0.20384979248046875,"dirt-merged",112634,False,0.9016087651252747,0.0038962794933468103,0.02243144065141678,0.13581940531730652,0.038012806326150894,0.13706311583518982,0.03666695952415466,0.8629369139671326,2,0.9943485856056213,65,"large"
0.17555999755859375,"rock-merged",112634,False,0.9058334231376648,0.00204838952049613,0.009039261378347874,0.02517787180840969,0.005218424368649721,0.025882741436362267,0.005125236231833696,0.9741172790527344,3,0.9054365158081055,65,"large"
0.043304443359375,"fence-merged",112634,False,0.7223496437072754,0.0015179143520072103,0.0015683353412896395,0.18022559583187103,0.007485164329409599,0.18163684010505676,0.00725711602717638,0.8183630704879761,4,0.766737163066864,65,"medium"
0.0301361083984375,"sky-other-merged",112634,False,0.8148813247680664,0.03725315257906914,0.027539454400539398,0.06515227258205414,0.0019090452697128057,0.10206066071987152,0.0028779429849237204,0.8979392647743225,5,0.9073417782783508,65,"medium"
0.0068359375,"giraffe",112634,True,0.85389244556427,0.0013274006778374314,0.00030879242694936693,0.3204154372215271,0.0028839358128607273,0.32174283266067505,0.002788012847304344,0.678257167339325,6,1.0,65,"tiny"
0.4124298095703125,"wall-other-merged",114770,False,0.9357728958129883,0.11655113101005554,0.7131139636039734,0.09736500680446625,0.09382624179124832,0.21304379403591156,0.1778193563222885,0.7869563102722168,0,0.9445225596427917,66,"large"
0.16394805908203125,"floor-other-merged",114770,False,0.9341328144073486,0.00443223025649786,0.008996187709271908,0.05577908828854561,0.011999341659247875,0.05864982679486275,0.011412929743528366,0.9413502216339111,1,0.9388524293899536,66,"large"
0.1373748779296875,"car",114770,True,0.7725633978843689,0.02033931389451027,0.029504461213946342,0.07202134281396866,0.010682487860321999,0.08722738921642303,0.011757356114685535,0.912772536277771,2,0.8285571336746216,66,"large"
0.1260986328125,"motorcycle",114770,True,0.8677006959915161,0.02357313595712185,0.03347872570157051,0.016842875629663467,0.0024145361967384815,0.03882751986384392,0.005057737231254578,0.9611724615097046,3,0.9153557419776917,66,"large"
0.08213043212890625,"airplane",114770,True,0.9435981512069702,0.007860519923269749,0.009763933718204498,0.2185009866952896,0.025949791073799133,0.22162273526191711,0.024039994925260544,0.7783772945404053,4,0.9329307675361633,66,"medium"
0.94482421875,"snow",117645,False,0.9838409423828125,0.008251789957284927,0.8352781534194946,0.002340358681976795,0.046403128653764725,0.010150205343961716,0.17275592684745789,0.9898497462272644,0,0.9896640777587891,67,"large"
0.04541015625,"tree-merged",117645,False,0.9866353273391724,0.01990075223147869,0.11245030164718628,0.145335853099823,0.008047104813158512,0.14533694088459015,0.007981306873261929,0.8546629548072815,1,0.9892473220825195,67,"medium"
0.001953125,"person",117645,True,0.9999970197677612,4.128659725211037e-08,1.3037117163605672e-08,0.33329662680625916,0.0009874883107841015,0.33329668641090393,0.0009783093119040132,0.6667032837867737,2,1.0,67,"tiny"
0.447265625,"grass-merged",119038,False,0.9122689962387085,0.0049862246960401535,0.05320799723267555,0.10738945752382278,0.09622504562139511,0.11012162268161774,0.09135112911462784,0.8898783922195435,0,0.9836244583129883,68,"large"
0.36474609375,"sky-other-merged",119038,False,0.9908682703971863,0.0007635194924660027,0.006503204815089703,0.012413062155246735,0.007663906551897526,0.012478439137339592,0.007189073134213686,0.9875215291976929,1,0.9919678568840027,68,"large"
0.07373046875,"tree-merged",119038,False,0.2775425314903259,0.021873654797673225,0.012987514957785606,0.1961926966905594,0.005657336674630642,0.19791729748249054,0.00545134674757719,0.8020826578140259,2,0.2715231776237488,68,"medium"
0.07421875,"mountain-merged",119038,False,0.8275017738342285,0.006132477428764105,0.009564531967043877,0.08352190256118774,0.0063263410702347755,0.0835641548037529,0.006049118936061859,0.9164358973503113,3,0.875,68,"medium"
0.391876220703125,"sky-other-merged",120572,False,0.989395260810852,0.0014665232738479972,0.006271981168538332,0.014516856521368027,0.011051204055547714,0.014624937437474728,0.009462789632380009,0.9853751063346863,0,0.9923487305641174,69,"large"
0.16855621337890625,"wall-stone",120572,False,0.9596385955810547,0.12607216835021973,0.26021915674209595,0.02214227244257927,0.0056844414211809635,0.14821283519268036,0.033851221203804016,0.8517870903015137,1,0.9725704789161682,69,"large"
0.170501708984375,"house",120572,False,0.8778008818626404,0.0031244587153196335,0.005597407463937998,0.09191405773162842,0.020492082461714745,0.09194701164960861,0.01826987788081169,0.9080530405044556,2,0.912162184715271,69,"large"
0.12290191650390625,"tree-merged",120572,False,0.8183773756027222,0.01891227997839451,0.021682558581233025,0.029901742935180664,0.004009541589766741,0.046448275446891785,0.005585852079093456,0.9535517692565918,3,0.8602644205093384,69,"large"
0.03910064697265625,"grass-merged",120572,False,0.9754514098167419,0.043421875685453415,0.022259874269366264,0.18277975916862488,0.00989721342921257,0.1913248747587204,0.009390939027071,0.8086751103401184,4,0.9863414764404297,69,"medium"
0.0185546875,"rock-merged",120572,False,0.4395589828491211,0.0029133716598153114,0.00030867979512549937,0.1606808453798294,0.0017599455313757062,0.16332435607910156,0.0016221781261265278,0.8366756439208984,5,0.5789473652839661,69,"small"
0.8350143432617188,"road",122217,False,0.7716308236122131,0.004556492902338505,0.025564778596162796,0.001837424817495048,0.023477282375097275,0.0059256660751998425,0.02327960543334484,0.9940743446350098,0,0.8163312077522278,70,"large"
0.041412353515625,"pavement-merged",122217,False,0.36397868394851685,0.17612148821353912,0.2296341508626938,0.7290905117988586,0.13013628125190735,0.8999289870262146,0.14140796661376953,0.10007103532552719,1,0.6462785601615906,70,"medium"
0.00931549072265625,"person",122217,True,0.9330126047134399,0.011853815987706184,0.0009925573831424117,0.1001836284995079,0.0011067681480199099,0.10149094462394714,0.0009909749496728182,0.8985090851783752,2,0.932841956615448,70,"tiny"
0.4453125,"mirror-stuff",123480,False,0.8938204050064087,0.03662070631980896,0.11152912676334381,0.28575900197029114,0.4639171063899994,0.3223796784877777,0.3413877785205841,0.6776203513145447,0,0.9473684430122375,71,"large"
0.26513671875,"wall-other-merged",123480,False,0.7182638049125671,0.0022037900052964687,0.0021914923563599586,0.0048699877224862576,0.0017233429243788123,0.007073777727782726,0.0018462127773091197,0.9929261803627014,1,0.7016574740409851,71,"large"
0.08837890625,"door-stuff",123480,False,0.927084743976593,0.016761571168899536,0.014268532395362854,0.4841972589492798,0.11060536652803421,0.5009588003158569,0.09022343903779984,0.4990411400794983,2,0.7403314709663391,71,"medium"
0.00830078125,"cell phone",123480,True,0.8571886420249939,0.008555934764444828,0.0004153795016463846,0.23155412077903748,0.0027142127510160208,0.24011005461215973,0.0022671231999993324,0.7598898410797119,3,0.7058823704719543,71,"tiny"
0.1709585189819336,"dining table",125129,True,0.9807099103927612,0.031011680141091347,0.06273828446865082,0.01705673150718212,0.004047160968184471,0.04780836030840874,0.01015393901616335,0.9521916508674622,0,0.9887595176696777,72,"large"
0.14286136627197266,"person",125129,True,0.9688599109649658,0.010640633292496204,0.017381802201271057,0.01682209223508835,0.003104565432295203,0.026470975950360298,0.004390821326524019,0.973529040813446,1,0.9870561361312866,72,"large"
0.1447286605834961,"person",125129,True,0.919222891330719,0.010468809865415096,0.01736697554588318,0.07147852331399918,0.013425476849079132,0.07859855890274048,0.013268967159092426,0.9214015007019043,2,0.9614981412887573,72,"large"
0.1338796615600586,"wall-tile",125129,False,0.8887442350387573,0.005172939505428076,0.009794783778488636,0.27407923340797424,0.05791297182440758,0.2780047357082367,0.05289699137210846,0.7219953536987305,3,0.9342370629310608,72,"large"
0.11039924621582031,"wall-other-merged",125129,False,0.6706751585006714,0.0021197786554694176,0.0018897739937528968,0.044679589569568634,0.004312369041144848,0.04575619474053383,0.003990926314145327,0.9542438387870789,4,0.607591450214386,72,"large"
0.07998371124267578,"person",125129,True,0.9556725025177002,0.04243798553943634,0.039936888962984085,0.029499739408493042,0.0028983191587030888,0.06676378101110458,0.005943804048001766,0.9332361817359924,5,0.959555983543396,72,"medium"
0.06890869140625,"chair",125129,True,0.9277380704879761,0.017665386199951172,0.01386701874434948,0.046789102256298065,0.0037854162510484457,0.06429314613342285,0.004717717412859201,0.9357069134712219,6,0.9778565168380737,72,"medium"
0.06271553039550781,"floor-other-merged",125129,False,0.8771287798881531,0.07826153188943863,0.06186079606413841,0.12259629368782043,0.00991932675242424,0.20040206611156464,0.014709485694766045,0.7995980381965637,7,0.9173687100410461,72,"medium"
0.0006256103515625,"table-merged",125129,False,0.015291940420866013,0.449880450963974,0.014534910209476948,0.5467173457145691,0.0016850850079208612,0.9965978860855103,0.0028041843324899673,0.0034021364990621805,8,0.0,72,"tiny"
0.48221588134765625,"cat",125850,True,0.9869354963302612,0.0029455211479216814,0.3041810989379883,0.034767840057611465,0.03340713307261467,0.03660916909575462,0.0349276103079319,0.9633909463882446,0,0.9908393025398254,73,"large"
0.40526580810546875,"floor-wood",125850,False,0.948198139667511,0.002841539913788438,0.23208732903003693,0.015092291869223118,0.009954212233424187,0.01647881418466568,0.010825758799910545,0.9835212826728821,1,0.9554020166397095,73,"large"
0.11080169677734375,"bowl",125850,True,0.9727118611335754,0.025435281917452812,0.72318035364151,0.199940487742424,0.03065829537808895,0.2075663059949875,0.0317486971616745,0.7924337387084961,2,0.9735592007637024,73,"large"
0.4951171875,"sky-other-merged",127624,False,0.9870835542678833,0.00010134495096281171,0.000685776409227401,0.044502533972263336,0.05302925035357475,0.04460388049483299,0.04519188776612282,0.9553961157798767,0,0.9822485446929932,74,"large"
0.18836212158203125,"building-other-merged",127624,False,0.825786828994751,0.024086996912956238,0.056613028049468994,0.1004660576581955,0.02425205148756504,0.12455305457115173,0.02726615034043789,0.8754468560218811,1,0.7880432605743408,74,"large"
0.13545608520507812,"railroad",127624,False,0.8515254259109497,0.14180269837379456,0.2724543809890747,0.06407234817743301,0.011795857921242714,0.20587503910064697,0.03458787873387337,0.794124960899353,2,0.9279056191444397,74,"large"
0.0888671875,"train",127624,True,0.42825567722320557,0.09029939770698547,0.055909182876348495,0.09659245610237122,0.005410953890532255,0.18689186871051788,0.0096007464453578,0.8131081461906433,3,0.4615384638309479,74,"medium"
0.0166015625,"sea",127624,False,0.03727760910987854,0.02505434863269329,0.0192647073417902,0.9642988443374634,0.061744388192892075,0.9893532395362854,0.05847889184951782,0.010646815411746502,4,0.0,74,"small"
0.23081207275390625,"food-other-merged",128658,False,0.7985566258430481,0.13544167578220367,0.0420844629406929,0.023195965215563774,0.07869180291891098,0.15854136645793915,0.045148320496082306,0.8414586186408997,0,0.9745479822158813,75,"large"
0.06456756591796875,"banana",128658,True,0.764070451259613,0.013652686029672623,0.0010372446849942207,0.07147841900587082,0.016585996374487877,0.07886632531881332,0.004515484441071749,0.9211336374282837,1,0.9299302697181702,75,"medium"
0.65087890625,"grass-merged",129756,False,0.7113189101219177,0.011917308904230595,0.12547826766967773,0.020816458389163017,0.03256160393357277,0.031674839556217194,0.04337920993566513,0.9683251976966858,0,0.8154538869857788,76,"large"
0.21484375,"mountain-merged",129756,False,0.9853533506393433,0.004578376188874245,0.028212275356054306,0.24291275441646576,0.09164359420537949,0.2434544414281845,0.08676432818174362,0.7565456032752991,1,0.9977272748947144,76,"large"
0.03369140625,"sky-other-merged",129756,False,0.8946094512939453,0.0001084504256141372,7.209971954580396e-05,0.001592472312040627,5.217774014454335e-05,0.0016167417634278536,5.0510319852037355e-05,0.9983832240104675,2,0.8695651888847351,76,"medium"
0.02734375,"tree-merged",129756,False,0.7943452596664429,0.02098681591451168,0.01886720024049282,0.467939555644989,0.020558660849928856,0.4679487347602844,0.01964051090180874,0.5320512652397156,3,0.8928571343421936,76,"small"
0.01123046875,"sheep",129756,True,0.015499747358262539,0.6530002355575562,0.15193171799182892,0.3305431604385376,0.003700107801705599,0.9835246205329895,0.010509408079087734,0.016475340351462364,4,0.0,76,"small"
0.00927734375,"sheep",129756,True,0.38436412811279297,0.34616363048553467,0.07997670024633408,0.3139980435371399,0.003483070759102702,0.6601154208183289,0.006990412715822458,0.33988457918167114,5,0.6315789222717285,76,"tiny"
0.00634765625,"sheep",129756,True,0.3661314845085144,0.20236659049987793,0.015065965242683887,0.17642661929130554,0.0006286839488893747,0.31255292892456055,0.0010634086793288589,0.687447190284729,6,1.0,76,"tiny"
0.0029296875,"dog",129756,True,0.999894917011261,1.6188972722375183e-06,1.4257300051667698e-07,0.26750338077545166,0.0011241346364840865,0.2675049901008606,0.0010729441419243813,0.7324950695037842,7,1.0,76,"tiny"
0.001953125,"dog",129756,True,0.49998238682746887,1.16264081952977e-05,2.566734735864884e-07,0.025904633104801178,2.7260797651251778e-05,0.025916261598467827,2.6032139430753887e-05,0.9740837812423706,8,0.5,76,"tiny"
0.234375,"tree-merged",130599,False,0.8442219495773315,0.007433429826050997,0.022149918600916862,0.2409423142671585,0.09290547668933868,0.24448610842227936,0.08363027125597,0.7555139660835266,0,0.9437500238418579,77,"large"
0.203125,"sky-other-merged",130599,False,0.8446444272994995,0.0030842111445963383,0.006102764513343573,0.013337481766939163,0.003264869563281536,0.013465630821883678,0.0029387427493929863,0.9865344166755676,1,0.8774038553237915,77,"large"
0.18896484375,"person",130599,True,0.9478969573974609,0.045000750571489334,0.10048864036798477,0.047176018357276917,0.01277782954275608,0.08735394477844238,0.021138910204172134,0.9126460552215576,2,0.961240291595459,77,"large"
0.15380859375,"gravel",130599,False,0.03808515518903732,0.009292230941355228,0.005896072369068861,0.8857326507568359,0.06505602598190308,0.894960880279541,0.05898217484354973,0.10503910481929779,3,0.095238097012043,77,"large"
0.1328125,"mountain-merged",130599,False,0.35287463665008545,0.0029079264495521784,0.0015609358670189977,0.006502055563032627,0.0003924040647689253,0.006620461121201515,0.0003601798671297729,0.993379533290863,4,0.3602941036224365,77,"large"
0.0029296875,"fence-merged",130599,False,0.9224621653556824,0.0072610401548445225,0.00654566241428256,0.9586296677589417,0.08354076743125916,0.9658907055854797,0.07675373554229736,0.03410927951335907,5,1.0,77,"tiny"
0.56787109375,"person",131444,True,0.9852408170700073,0.06542807072401047,0.10304558277130127,0.00540216825902462,0.06531230360269547,0.07083023339509964,0.09869665652513504,0.929169774055481,0,1.0,78,"large"
0.0498046875,"tie",131444,True,0.924593448638916,0.07819578796625137,0.010223186574876308,0.0005355177563615143,4.7136665671132505e-05,0.07873131334781647,0.004141611512750387,0.9212686419487,1,0.9215686321258545,78,"medium"
0.4792022705078125,"stairs",132703,False,0.7097264528274536,0.0026278712321072817,0.2427658587694168,0.007084666285663843,0.004681671038269997,0.007112774066627026,0.0046782111749053,0.9928873181343079,0,0.9653558135032654,79,"large"
0.4534149169921875,"sky-other-merged",132703,False,0.9759587049484253,0.0006516024004667997,0.07987947762012482,0.026369009166955948,0.022027188912034035,0.0264721792191267,0.022014599293470383,0.9735278487205505,1,0.9799764156341553,79,"large"
0.05419921875,"person",132703,True,0.9355186820030212,0.021321600303053856,0.34279873967170715,0.14301133155822754,0.009030734188854694,0.14945019781589508,0.0094198202714324,0.8505497574806213,2,0.9279279112815857,79,"medium"
0.0126953125,"skateboard",132703,True,0.934281051158905,0.06757856905460358,0.35011082887649536,0.380603551864624,0.007418517023324966,0.38255536556243896,0.007443308364599943,0.6174446940422058,3,0.9230769276618958,79,"small"
0.40369415283203125,"elephant",133631,True,0.9719941020011902,0.014748110435903072,0.027653805911540985,0.04406081885099411,0.04907956346869469,0.05865729600191116,0.04100353643298149,0.9413426518440247,0,0.9705554246902466,80,"large"
0.25750732421875,"dirt-merged",133631,False,0.9602476358413696,0.03369373828172684,0.04149451479315758,0.06647587567567825,0.03491901233792305,0.09680499136447906,0.03569413721561432,0.9031949639320374,1,0.9630540609359741,80,"large"
0.063140869140625,"wall-other-merged",133631,False,0.7736806869506836,0.2706569731235504,0.0841803327202797,0.022812267765402794,0.0022073679137974977,0.29346925020217896,0.021658558398485184,0.7065308094024658,2,1.0,80,"medium"
0.04233551025390625,"fence-merged",133631,False,0.6116151213645935,0.7739853858947754,0.5729754567146301,0.06870195269584656,0.015365064144134521,0.8426632881164551,0.14480839669704437,0.15733666718006134,3,0.8084339499473572,80,"medium"
0.01201629638671875,"rock-merged",133631,False,0.8801136016845703,0.022225474938750267,0.0013366584898903966,0.20896770060062408,0.003647398902103305,0.2089751660823822,0.002827900694683194,0.7910248637199402,4,0.5123809576034546,80,"small"
0.34133434295654297,"wall-other-merged",135670,False,0.9106520414352417,0.08430700749158859,0.36072513461112976,0.1168941780924797,0.07933531701564789,0.19702042639255524,0.11579084396362305,0.802979588508606,0,0.9256778955459595,81,"large"
0.1727437973022461,"floor-other-merged",135670,False,0.9886144995689392,0.009056974202394485,0.018547173589468002,0.07163327187299728,0.017992256209254265,0.07823637127876282,0.017521793022751808,0.9217635989189148,1,0.9816159009933472,81,"large"
0.16297435760498047,"door-stuff",135670,False,0.97358238697052,0.006210984196513891,0.014078169129788876,0.22418496012687683,0.06150767579674721,0.22626735270023346,0.05543501302599907,0.7737327218055725,2,0.9578269124031067,81,"large"
0.15012359619140625,"ceiling-merged",135670,False,0.9092370867729187,0.008687329478561878,0.015781620517373085,0.1694812774658203,0.036573078483343124,0.16948877274990082,0.032776739448308945,0.8305112719535828,3,0.8819624185562134,81,"large"
0.06985092163085938,"window-other",135670,False,0.7816022634506226,0.039674270898103714,0.02645830251276493,0.05778101459145546,0.004149141255766153,0.09512267261743546,0.006170207168906927,0.904877245426178,4,0.5041778087615967,81,"medium"
0.016420364379882812,"light",135670,False,0.8761551380157471,0.02011370286345482,0.005469086579978466,0.4144951105117798,0.01140221580862999,0.4151751697063446,0.01038388442248106,0.584824800491333,5,0.7371936440467834,81,"small"
0.49332427978515625,"table-merged",136772,False,0.9787304401397705,0.002472075866535306,0.22322796285152435,0.02909291721880436,0.028868623077869415,0.03065047785639763,0.030131610110402107,0.9693495035171509,0,0.9960408806800842,82,"large"
0.3635215759277344,"bowl",136772,True,0.4545762538909912,0.011467416770756245,0.37425461411476135,0.0771576464176178,0.02187362127006054,0.08207534998655319,0.02321448177099228,0.9179245829582214,1,0.9345715641975403,82,"large"
0.14169692993164062,"orange",136772,True,0.524134635925293,0.005138074047863483,0.0751512423157692,0.07946592569351196,0.007489495445042849,0.07946763187646866,0.007469882722944021,0.9205324053764343,2,0.5284695029258728,82,"large"
0.103515625,"hot dog",138241,True,0.9348111152648926,0.2733363211154938,0.04060233756899834,0.0,0.0,0.2733363211154938,0.04060233756899834,0.7266635298728943,0,1.0,83,"large"
0.3324422836303711,"wall-other-merged",139684,False,0.9234455823898315,0.049831341952085495,0.1199079155921936,0.0985843762755394,0.06803234666585922,0.14639340341091156,0.07886829972267151,0.8536065816879272,0,0.952101469039917,84,"large"
0.18027782440185547,"couch",139684,True,0.9246006011962891,0.02426491491496563,0.02815396338701248,0.01729312166571617,0.00446504820138216,0.03880561515688896,0.00820943247526884,0.9611943960189819,1,0.94466632604599,84,"large"
0.05316162109375,"window-other",139684,False,0.9869676232337952,0.026169175282120705,0.018999692052602768,0.4940478205680847,0.06719745695590973,0.5164737105369568,0.059190694242715836,0.4835262894630432,2,1.0,84,"medium"
0.05649280548095703,"curtain",139684,False,0.8551256656646729,0.046449072659015656,0.01684936322271824,0.1007172018289566,0.0068581560626626015,0.10897042602300644,0.006261731032282114,0.8910295367240906,3,0.7601498961448669,84,"medium"
0.03937053680419922,"chair",139684,True,0.005912858061492443,0.9373286962509155,0.27079346776008606,0.057280100882053375,0.0030485112220048904,0.9946086406707764,0.04470612853765488,0.005391356535255909,4,0.6201099753379822,84,"medium"
0.031882286071777344,"rug-merged",139684,False,0.9519274830818176,0.20520532131195068,0.07572472840547562,0.2541680932044983,0.017107125371694565,0.44972509145736694,0.02562079392373562,0.5502749085426331,5,0.9928210377693176,84,"medium"
0.03406333923339844,"cat",139684,True,0.9385338425636292,0.013863520696759224,0.003251642221584916,0.08762310445308685,0.003757887752726674,0.08802397549152374,0.003194523276761174,0.9119760394096375,6,0.9296433329582214,84,"medium"
0.03165912628173828,"table-merged",139684,False,0.0018915381515398622,0.27992573380470276,0.04371924698352814,0.717508852481842,0.020453177392482758,0.9974346160888672,0.024044208228588104,0.002565427217632532,7,0.15423080325126648,84,"medium"
0.029036521911621094,"shelf",139684,False,0.7611029148101807,0.046542756259441376,0.01065604854375124,0.312979519367218,0.013028466142714024,0.35416826605796814,0.012481745332479477,0.6458317637443542,8,0.7315006256103516,84,"small"
0.027059555053710938,"mirror-stuff",139684,False,0.40154919028282166,0.07276485860347748,0.005810681730508804,0.08952167630195618,0.0012949156807735562,0.08960578590631485,0.0010992075549438596,0.9103942513465881,9,0.43014732003211975,84,"small"
0.01953125,"tv",139684,True,0.9559457898139954,0.0184166356921196,0.0027057144325226545,0.1312934011220932,0.003469232702627778,0.1497100591659546,0.003352844389155507,0.850290060043335,10,0.949999988079071,84,"small"
0.0137939453125,"dining table",139684,True,0.15156130492687225,0.40780723094940186,0.023231759667396545,0.3466511368751526,0.0035265947226434946,0.7544583678245544,0.006513573694974184,0.24554161727428436,11,0.0,84,"small"
0.006103515625,"light",139684,False,0.32001355290412903,8.81319647305645e-05,1.1520613725224393e-06,0.00021729787113144994,5.017380431127094e-07,0.0002720509364735335,5.347807245925651e-07,0.9997277855873108,12,0.3199999928474426,84,"tiny"
0.0009765625,"book",139684,True,1.0,0.5004864931106567,0.006547446828335524,5.9032368881162256e-05,1.3586213754024357e-07,0.5005455613136292,0.0009796525118872523,0.4994544982910156,13,1.0,84,"tiny"
0.0011444091796875,"book",139684,True,2.7563748517422937e-05,0.4006284475326538,2.977832264150493e-05,0.5965319871902466,7.802012078172993e-06,0.9971604943275452,1.1090351108578034e-05,0.002839466091245413,14,0.0,84,"tiny"
0.3566436767578125,"wall-other-merged",140640,False,0.6900321245193481,0.04498270899057388,0.0484648197889328,0.023577405139803886,0.015544659458100796,0.06674905866384506,0.027358923107385635,0.933250904083252,0,0.699439525604248,85,"large"
0.1927337646484375,"person",140640,True,0.9607790112495422,0.013695976696908474,0.01075898576527834,0.025150077417492867,0.008590398356318474,0.03688393533229828,0.008784624747931957,0.963115930557251,1,0.9949331283569336,85,"large"
0.09259033203125,"person",140640,True,0.0006095857243053615,0.9604661464691162,0.6863391995429993,0.03921159729361534,0.010341556742787361,0.9996773600578308,0.19268043339252472,0.00032271508825942874,2,0.0949241891503334,85,"medium"
0.048614501953125,"door-stuff",140640,False,0.7871233224868774,0.028945978730916977,0.015700457617640495,0.6844170093536377,0.12848596274852753,0.7117560505867004,0.09931689500808716,0.2882439196109772,3,0.9670433402061462,85,"medium"
0.039794921875,"potted plant",140640,True,0.8050684928894043,0.037445068359375,0.006668421905487776,0.2381637841463089,0.014469195157289505,0.26496562361717224,0.012027584947645664,0.7350342869758606,4,0.8194018602371216,85,"medium"
0.018646240234375,"cake",140640,True,0.8889692425727844,0.03257973864674568,0.0023798930924385786,0.04028366878628731,0.0009777547093108296,0.07286340743303299,0.0013274499215185642,0.9271366596221924,5,0.9476268291473389,85,"small"
0.0029296875,"cake",140640,True,0.5566204786300659,0.01899680308997631,0.0002590741205494851,0.4924493432044983,0.002184878569096327,0.5114461779594421,0.0017121511045843363,0.4885539412498474,6,0.6666666865348816,85,"tiny"
0.0027313232421875,"knife",140640,True,0.2343888282775879,0.1600654572248459,0.0006667473935522139,0.21198910474777222,0.00028720032423734665,0.3720545768737793,0.0003803492581937462,0.6279454231262207,7,0.2849161922931671,85,"tiny"
0.001953125,"cake",140640,True,0.1658819615840912,0.009461442939937115,8.023197733564302e-05,0.8344342708587646,0.002299011219292879,0.8438957333564758,0.0017549002077430487,0.1561042219400406,8,0.5,85,"tiny"
0.0009765625,"cake",140640,True,0.7336052656173706,0.48379772901535034,0.003482167376205325,0.10952284932136536,0.00025579187786206603,0.5933205485343933,0.0010462222853675485,0.4066794514656067,9,1.0,85,"tiny"
0.21352672576904297,"bus",142585,True,0.9871147274971008,0.013882966712117195,0.008593839593231678,0.006056100595742464,0.0029621506109833717,0.01968836411833763,0.005382467061281204,0.9803116321563721,0,0.986301839351654,86,"large"
0.15548324584960938,"sky-other-merged",142585,False,0.5586875081062317,0.05777256190776825,0.015885498374700546,0.033851344138383865,0.006498489994555712,0.09045840799808502,0.010229882784187794,0.9095416069030762,1,0.9177359342575073,86,"large"
0.1332263946533203,"car",142585,True,0.9099269509315491,0.01603596843779087,0.00569006334990263,0.0003512607654556632,8.334308222401887e-05,0.016387227922677994,0.0023300889879465103,0.9836127161979675,2,0.9853398203849792,86,"large"
0.06494808197021484,"bridge",142585,False,0.8574094772338867,0.3717278838157654,0.11880630254745483,0.13261638581752777,0.02501089498400688,0.49836310744285583,0.05916641652584076,0.5016369223594666,3,0.9971807599067688,86,"medium"
0.053444862365722656,"tree-merged",142585,False,0.6370338797569275,0.19991907477378845,0.0272985752671957,0.0832168236374855,0.006583694834262133,0.2821528911590576,0.014137580059468746,0.7178471684455872,4,0.7457396984100342,86,"medium"
0.0135040283203125,"building-other-merged",142585,False,0.997776210308075,0.3003406822681427,0.025588221848011017,0.2443360686302185,0.011312413029372692,0.5446767807006836,0.016338802874088287,0.455323189496994,5,1.0,86,"small"
0.005859375,"car",142585,True,0.00017853239842224866,0.13643857836723328,0.003273028414696455,0.8634359836578369,0.011122972704470158,0.999874472618103,0.008380327373743057,0.00012554661952890456,6,0.0,86,"tiny"
0.005859375,"car",142585,True,0.9967233538627625,0.40499529242515564,0.015157539397478104,0.145746111869812,0.002929232781752944,0.5507414937019348,0.007201607339084148,0.44925862550735474,7,0.8333333134651184,86,"tiny"
0.00390625,"traffic light",142585,True,0.01601703278720379,0.0003823605948127806,1.2179788200228359e-06,0.9430685043334961,0.001608342514373362,0.9434509873390198,0.0010479401098564267,0.05654897540807724,8,0.0,86,"tiny"
0.0028963088989257812,"traffic light",142585,True,0.0030556274577975273,0.00255728792399168,2.390798726992216e-05,0.9947173595428467,0.0049711428582668304,0.99727463722229,0.0032477949280291796,0.0027254056185483932,9,0.0,86,"tiny"
0.0009765625,"car",142585,True,1.884816640540521e-07,0.21282464265823364,0.005249622743576765,0.7871754169464111,0.010348791256546974,1.0,0.008575931191444397,2.1483854695247828e-08,10,0.0,86,"tiny"
0.48388671875,"sky-other-merged",144706,False,0.8991115093231201,0.015291094779968262,0.0916447713971138,0.0069115194492042065,0.006919024046510458,0.02191971242427826,0.018891766667366028,0.9780803322792053,0,0.9344096779823303,87,"large"
0.18994140625,"tree-merged",144706,False,0.9364851713180542,0.06813599914312363,0.21149638295173645,0.16518822312355042,0.051614537835121155,0.22788746654987335,0.06481028348207474,0.7721125483512878,1,0.9588689208030701,87,"large"
0.14599609375,"road",144706,False,0.939688503742218,0.02215762995183468,0.04294862225651741,0.02497321367263794,0.004604337736964226,0.04635746031999588,0.0078090704046189785,0.9536424875259399,2,0.95652174949646,87,"large"
0.052734375,"house",144706,False,0.9273372888565063,0.19506753981113434,0.2229146510362625,0.22834615409374237,0.02218315750360489,0.4234137237071991,0.0379105769097805,0.5765863060951233,3,0.9259259104728699,87,"medium"
0.02392578125,"pavement-merged",144706,False,0.823559045791626,0.13725213706493378,0.04994913935661316,0.15105390548706055,0.0045214989222586155,0.27047812938690186,0.007484655361622572,0.7295219302177429,4,0.8367347121238708,87,"small"
0.01953125,"grass-merged",144706,False,0.5221025943756104,0.1295655220746994,0.026320576667785645,0.19409263134002686,0.00322909327223897,0.32365816831588745,0.004977054428309202,0.6763419508934021,5,0.5,87,"small"
0.0048828125,"traffic light",144706,True,0.777751624584198,0.19212384521961212,0.012172210030257702,0.1921866238117218,0.0009802862768992782,0.192376047372818,0.000909030728507787,0.8076239228248596,6,0.800000011920929,87,"tiny"
0.0029296875,"truck",144706,True,0.5043420195579529,3.1698946258984506e-05,6.324172545646434e-07,0.0020983575377613306,3.3668218293314567e-06,0.0021300564985722303,3.1632816899218597e-06,0.9978699088096619,7,0.6666666865348816,87,"tiny"
0.0029296875,"traffic light",144706,True,0.9996415972709656,3.517164077493362e-05,1.387922225148941e-06,1.2233289453433827e-05,3.8823756653982855e-08,4.740493022836745e-05,1.3924636732554063e-07,0.9999526739120483,8,1.0,87,"tiny"
0.001953125,"car",144706,True,0.9999767541885376,2.0750069040786912e-07,5.460428997849931e-09,1.8936599417429534e-06,4.003424702858638e-09,2.101160816891934e-06,4.111773588277856e-09,0.9999979138374329,9,1.0,87,"tiny"
0.40234375,"dog",145781,True,0.9729288220405579,0.02844322845339775,0.04954405128955841,0.025072751566767693,0.02837289869785309,0.04906614124774933,0.033795468509197235,0.9509338736534119,0,0.9866504669189453,88,"large"
0.26318359375,"rug-merged",145781,False,0.9665248990058899,0.04085613414645195,0.048873141407966614,0.059990786015987396,0.03378701210021973,0.10020527243614197,0.03844675421714783,0.8997948169708252,1,0.9740259647369385,88,"large"
0.06103515625,"wall-other-merged",145781,False,0.8534400463104248,0.020354483276605606,0.004977806005626917,0.08142074942588806,0.006687970366328955,0.0987197682261467,0.006076423916965723,0.9012801647186279,2,0.8479999899864197,88,"medium"
0.03955078125,"bottle",145781,True,0.03664186969399452,0.9866420030593872,0.7936866879463196,0.0057349614799022675,0.0015056505799293518,0.9923769235610962,0.19642968475818634,0.007623033598065376,3,0.790123462677002,88,"medium"
0.32861328125,"gravel",147338,False,0.9551367163658142,0.016162574291229248,0.12004044651985168,0.18066218495368958,0.11251681298017502,0.19112804532051086,0.11046445369720459,0.8088719248771667,0,0.9316493272781372,89,"large"
0.19287109375,"fire hydrant",147338,True,0.9798550009727478,0.015914849936962128,0.06030723452568054,0.031780894845724106,0.008329644799232483,0.04542887583374977,0.011143197305500507,0.954571008682251,1,0.9848101139068604,89,"large"
0.08447265625,"truck",147338,True,0.9031879901885986,0.02681557461619377,0.04577026516199112,0.12201697379350662,0.012590039521455765,0.14445248246192932,0.014070316217839718,0.8555475473403931,2,0.9942196607589722,89,"medium"
0.08056640625,"pavement-merged",147338,False,0.9856855869293213,0.011149421334266663,0.018901778385043144,0.10290265083312988,0.010492638684809208,0.10342171788215637,0.009963124059140682,0.896578311920166,3,0.9818181991577148,89,"medium"
0.0537109375,"sky-other-merged",147338,False,0.9321144223213196,0.020014816895127296,0.02005317248404026,0.023569658398628235,0.0013800036394968629,0.04358447343111038,0.0024109783116728067,0.956415593624115,4,0.9818181991577148,89,"medium"
0.0498046875,"grass-merged",147338,False,0.5212238430976868,0.022238068282604218,0.01877589337527752,0.4000733494758606,0.019632389768958092,0.41151267290115356,0.01910414919257164,0.5884872674942017,5,0.5,89,"medium"
0.046875,"car",147338,True,0.7768970131874084,0.041808996349573135,0.030452385544776917,0.0012186235981062055,5.147644333192147e-05,0.04302762448787689,0.0017179198330268264,0.9569723010063171,6,0.875,89,"medium"
0.03662109375,"wall-other-merged",147338,False,0.3421110510826111,0.030552849173545837,0.009889512322843075,0.23112553358078003,0.004282975569367409,0.2591651678085327,0.004549424629658461,0.7408348917961121,7,0.2933333218097687,89,"medium"
0.02783203125,"road",147338,False,0.7522651553153992,0.04560459777712822,0.022394483909010887,0.1756441593170166,0.0048881880939006805,0.1839258074760437,0.004853864200413227,0.8160741329193115,8,0.7368420958518982,89,"small"
0.025390625,"tree-merged",147338,False,0.5774009227752686,0.045234210789203644,0.013396733440458775,0.007296633441001177,0.00012240700016263872,0.05253084748983383,0.0008340066997334361,0.9474692344665527,9,0.692307710647583,89,"small"
0.01416015625,"building-other-merged",147338,False,0.47577929496765137,0.05543762817978859,0.009264593943953514,0.2282925844192505,0.002133940812200308,0.2283896505832672,0.0020227658096700907,0.7716103196144104,10,0.6551724076271057,89,"small"
0.009765625,"truck",147338,True,7.36626680009067e-05,3.347092388139572e-06,3.7533777685894165e-07,0.999873697757721,0.0062453411519527435,0.9998770952224731,0.005915848538279533,0.00012278323993086815,11,0.0,89,"tiny"
0.0029296875,"truck",147338,True,0.9980893135070801,1.1238487331866054e-06,1.2565944018660957e-07,0.499446302652359,0.0030880114063620567,0.49944743514060974,0.0029262073803693056,0.5005524754524231,12,0.0,89,"tiny"
0.218505859375,"zebra",148783,True,0.953262209892273,0.09261628985404968,0.044850029051303864,0.0056803226470947266,0.004292109981179237,0.0974312573671341,0.02877185121178627,0.9025686979293823,0,0.9877095222473145,90,"large"
0.16455078125,"tree-merged",148783,False,0.6560018062591553,0.19837811589241028,0.05717260390520096,0.017451873049139977,0.006669729948043823,0.21405723690986633,0.03519038110971451,0.7859427332878113,1,0.9688427448272705,90,"large"
0.140869140625,"fence-merged",148783,False,0.9712786674499512,0.09441928565502167,0.02998819760978222,0.0016185689019039273,0.0006403709994629025,0.096037857234478,0.016919700428843498,0.9039620757102966,2,1.0,90,"large"
0.5029296875,"mountain-merged",150726,False,0.14951449632644653,0.01797347515821457,0.4652518332004547,0.6033794283866882,0.23036517202854156,0.6033812761306763,0.2301396131515503,0.39661872386932373,0,0.560194194316864,91,"large"
0.25439453125,"tree-merged",150726,False,0.9860020875930786,0.004495545290410519,0.25325366854667664,0.38876086473464966,0.21712419390678406,0.39207369089126587,0.21696679294109344,0.6079263091087341,1,1.0,91,"large"
0.11669921875,"rock-merged",150726,False,0.9176666140556335,0.017173420637845993,0.2753332853317261,0.08800205588340759,0.01173789519816637,0.0880107656121254,0.011700121685862541,0.9119892120361328,2,0.7447698712348938,91,"large"
0.072265625,"giraffe",150726,True,0.9547415971755981,0.012958114966750145,0.13607652485370636,0.10294037312269211,0.008583934977650642,0.10295364260673523,0.008535338565707207,0.8970464468002319,3,0.9594594836235046,91,"medium"
0.05322265625,"giraffe",150726,True,0.9440597295761108,0.007841142825782299,0.06023210659623146,0.09908777475357056,0.005934101063758135,0.10692892223596573,0.00635414756834507,0.8930711150169373,4,0.963302731513977,91,"medium"
0.18572998046875,"platform",151857,False,0.9931191205978394,0.05239834636449814,0.02083943970501423,0.02222405932843685,0.01414888072758913,0.07462240010499954,0.018266914412379265,0.9253775477409363,0,1.0,92,"large"
0.17197418212890625,"ceiling-merged",151857,False,0.9790694117546082,0.035495270043611526,0.012581565417349339,0.01682339422404766,0.00914203654974699,0.052200108766555786,0.011199216358363628,0.947799801826477,1,0.9833636283874512,92,"large"
0.06989288330078125,"wall-other-merged",151857,False,0.9477097392082214,0.017548538744449615,0.0025032958947122097,0.056917015463113785,0.00948547013103962,0.07350929081439972,0.005650364328175783,0.9264907836914062,2,0.9720554351806641,92,"medium"
0.05078125,"railroad",151857,False,0.9054117798805237,0.08474124222993851,0.008500663563609123,0.0007337899878621101,8.234033884946257e-05,0.08547504246234894,0.004527172073721886,0.9145249724388123,3,0.9230769276618958,92,"medium"
0.013671875,"sky-other-merged",151857,False,0.9043673276901245,0.0044444408267736435,0.00015737554349470884,0.2988378703594208,0.010931496508419514,0.3032822906970978,0.005456846207380295,0.6967177391052246,4,0.9285714030265808,92,"small"
0.0068359375,"building-other-merged",151857,False,0.18518631160259247,0.050851013511419296,0.00015544200141448528,0.12284037470817566,0.00038252255762927234,0.17369137704372406,0.0002679303870536387,0.8263086080551147,5,0.2857142984867096,92,"tiny"
0.41039562225341797,"motorcycle",153217,True,0.971013605594635,0.025721199810504913,0.08631321042776108,0.06090027466416359,0.05697412043809891,0.08080359548330307,0.05941411480307579,0.9191964864730835,0,0.9841400980949402,93,"large"
0.14391040802001953,"grass-merged",153217,False,0.9517154693603516,0.05022013932466507,0.06269390881061554,0.10340447723865509,0.022919965907931328,0.15078383684158325,0.028406428173184395,0.8492162227630615,1,0.9400070309638977,93,"large"
0.09716129302978516,"pavement-merged",153217,False,0.840049684047699,0.017190255224704742,0.013020760379731655,0.16073456406593323,0.020280396565794945,0.1659143567085266,0.0179829690605402,0.8340857028961182,2,0.8461047410964966,93,"medium"
0.09402084350585938,"wall-brick",153217,False,0.9236649870872498,0.17030327022075653,0.14458777010440826,0.0433870404958725,0.006112484261393547,0.2082347422838211,0.025210250169038773,0.7917652130126953,3,0.9451454281806946,93,"medium"
0.06958389282226562,"cat",153217,True,0.9231210947036743,0.01700974814593792,0.009865768253803253,0.12800432741641998,0.011952528730034828,0.14276333153247833,0.011497571133077145,0.8572367429733276,4,0.9249355792999268,93,"medium"
0.06121253967285156,"window-other",153217,False,0.6482524871826172,0.012668438255786896,0.004087827634066343,0.0366428904235363,0.0018814392387866974,0.048121627420186996,0.0021368602756410837,0.9518784880638123,5,0.6556414365768433,93,"medium"
0.37890625,"truck",154000,True,0.9859599471092224,0.005580816883593798,0.2599734663963318,0.03001135215163231,0.018892312422394753,0.03385842218995094,0.021079475060105324,0.9661416411399841,0,0.9896907210350037,94,"large"
0.3779296875,"sky-other-merged",154000,False,0.9921479821205139,0.003464658744633198,0.16198040544986725,0.03232375532388687,0.020405489951372147,0.033801283687353134,0.02108699642121792,0.966198742389679,1,0.9922480583190918,94,"large"
0.19384765625,"dirt-merged",154000,False,0.9666492938995361,0.003278598887845874,0.07539741694927216,0.01761980727314949,0.004213087726384401,0.018382377922534943,0.00435282988473773,0.9816176295280457,2,0.994962215423584,94,"large"
0.01953125,"fence-merged",154000,False,0.812461256980896,0.046462591737508774,0.10019532591104507,0.06705592572689056,0.001234692637808621,0.11351851373910904,0.002072506584227085,0.8864815831184387,3,0.875,94,"small"
0.01708984375,"truck",154000,True,0.7512423992156982,0.0648624449968338,0.1145961582660675,0.0597054585814476,0.0008984194719232619,0.124567911028862,0.001858609146438539,0.8754320740699768,4,0.7428571581840515,94,"small"
0.00390625,"tree-merged",154000,False,0.5444530844688416,0.5980936884880066,0.38134294748306274,6.457425479311496e-05,3.4598633646965027e-07,0.5981581807136536,0.0031782006844878197,0.4018417000770569,5,0.5,94,"tiny"
0.001953125,"truck",154000,True,3.835164534393698e-06,0.3194914758205414,0.11779400706291199,0.6805061101913452,0.0021042197477072477,0.9999975562095642,0.0030664147343486547,2.4475475584040396e-06,6,0.0,94,"tiny"
0.27890586853027344,"wall-tile",154718,False,0.8365336060523987,0.0549517385661602,0.028224477544426918,0.007585805840790272,0.007962033152580261,0.06250936537981033,0.021573828533291817,0.9374905824661255,0,0.9739856719970703,95,"large"
0.18355941772460938,"person",154718,True,0.9426994919776917,0.1748046725988388,0.07661846280097961,0.012627891264855862,0.008068968541920185,0.18522073328495026,0.04818091168999672,0.8147792220115662,1,0.994679868221283,95,"large"
0.042809486389160156,"paper-merged",154718,False,0.9979406595230103,0.0763430967926979,0.008890104480087757,0.16805075109004974,0.020057981833815575,0.24285677075386047,0.014315894804894924,0.7571432590484619,2,1.0,95,"medium"
0.0107421875,"cardboard",154718,False,0.0001948911085492,0.9839290976524353,0.11165464669466019,0.016032913699746132,0.0017466520657762885,0.9999619126319885,0.05557974800467491,3.807519533438608e-05,3,0.0,95,"small"
0.25543975830078125,"platform",155443,False,0.8963931202888489,0.009801793843507767,0.030676277354359627,0.05679672583937645,0.02085741050541401,0.06561563163995743,0.021595781669020653,0.9343843460083008,0,0.8948657512664795,96,"large"
0.21976470947265625,"building-other-merged",155443,False,0.8916661739349365,0.13497710227966309,0.8319218158721924,0.46348440647125244,0.3172238767147064,0.5939556956291199,0.3673797845840454,0.4060443043708801,1,0.9445582628250122,96,"large"
0.12882232666015625,"house",155443,False,0.8665062189102173,0.014460677281022072,0.022680940106511116,0.08155392855405807,0.012586929835379124,0.09107931703329086,0.012839551083743572,0.9089206457138062,2,0.6140361428260803,96,"large"
0.1081085205078125,"railroad",155443,False,0.9800921678543091,0.0027742856182157993,0.0039042914286255836,0.03567682206630707,0.004832095000892878,0.03845110908150673,0.004750641994178295,0.961548924446106,3,0.9548341631889343,96,"large"
0.05820465087890625,"sky-other-merged",155443,False,0.924629807472229,0.0291146207600832,0.022313857451081276,0.10313420742750168,0.007148162927478552,0.1031956896185875,0.00657556252554059,0.8968043327331543,4,0.908900260925293,96,"medium"
0.0517578125,"train",155443,True,0.8870353102684021,1.7106232917285524e-05,1.0347513125452679e-05,0.03065483272075653,0.0016689940821379423,0.030671941116452217,0.0015320326201617718,0.9693281054496765,5,0.9433962106704712,96,"medium"
0.04974365234375,"bridge",155443,False,0.5732278823852539,0.004566315561532974,0.0017653036629781127,0.056951723992824554,0.0019758972339332104,0.0580083429813385,0.0018478537676855922,0.9419916868209839,6,0.41134968400001526,96,"medium"
0.02001953125,"wall-brick",155443,False,0.0005466847214847803,0.0002175983099732548,7.381361501757056e-05,0.9993837475776672,0.029391398653388023,0.9995879530906677,0.027092494070529938,0.0004120457451790571,7,0.0,96,"small"
0.01607513427734375,"ceiling-merged",155443,False,0.00077968486584723,0.002455956768244505,0.00037354897358454764,0.9964941740036011,0.013095486909151077,0.9989476799964905,0.012091273441910744,0.0010524039389565587,8,0.0,96,"small"
0.01123046875,"train",155443,True,0.9121686816215515,0.041282206773757935,0.006253006402403116,0.13568709790706635,0.001766570145264268,0.13626070320606232,0.001634428626857698,0.8637392520904541,9,0.9130434989929199,96,"small"
0.0087890625,"fence-merged",155443,False,0.888900637626648,0.14959648251533508,0.02023804932832718,0.1128661185503006,0.0013096253387629986,0.2624626159667969,0.0028048718813806772,0.7375375032424927,10,0.8888888955116272,96,"tiny"
0.1258716583251953,"cake",157138,True,0.8993232250213623,0.008199180476367474,0.0011499646352604032,0.006543542258441448,0.013682449236512184,0.014742722734808922,0.0019377450225874782,0.9852572679519653,0,0.9920521974563599,97,"large"
0.046051025390625,"fork",157138,True,0.7628465294837952,0.0366939939558506,0.0016583626857027411,0.017813963815569878,0.004887089598923922,0.051118962466716766,0.001983908237889409,0.9488810896873474,1,1.0,97,"medium"
0.0090789794921875,"food-other-merged",157138,False,0.00045807191054336727,0.12736986577510834,3.1917802516545635e-06,0.6708996295928955,8.010705641936511e-05,0.7974070310592651,1.651913953537587e-05,0.20259293913841248,2,0.35462185740470886,97,"tiny"
0.2782135009765625,"dirt-merged",158945,False,0.9779259562492371,0.011899077333509922,0.042983271181583405,0.1912844479084015,0.10381331294775009,0.20167690515518188,0.09522542357444763,0.7983230352401733,0,0.9754291772842407,98,"large"
0.2535552978515625,"elephant",158945,True,0.8876744508743286,0.030246594920754433,0.07527314126491547,0.012523900717496872,0.004500973038375378,0.04138646274805069,0.01301797665655613,0.9586135745048523,1,0.8839742541313171,98,"large"
0.138427734375,"rock-merged",158945,False,0.8942301273345947,0.2586394250392914,0.5713748335838318,0.15369585156440735,0.0415271632373333,0.40608176589012146,0.09823527932167053,0.5939182639122009,2,0.8892195820808411,98,"large"
0.12347412109375,"building-other-merged",158945,False,0.894900381565094,0.01751590706408024,0.024252230301499367,0.15184850990772247,0.025277214124798775,0.15411321818828583,0.022967489436268806,0.8458868265151978,3,0.9607019424438477,98,"large"
0.0489349365234375,"grass-merged",158945,False,0.7484753727912903,0.0016323085874319077,0.0007905123056843877,0.19683721661567688,0.01049638818949461,0.19837571680545807,0.009530242532491684,0.8016242980957031,4,0.6785157322883606,98,"medium"
0.04736328125,"chair",158945,True,0.9216251373291016,0.051241032779216766,0.026397934183478355,0.050778090953826904,0.0028738619294017553,0.10190004855394363,0.00519898347556591,0.8981000185012817,5,0.9484536051750183,98,"medium"
0.0206298828125,"person",158945,True,0.9164459705352783,0.044668201357126236,0.009369960986077785,0.012104244902729988,0.0002704885555431247,0.04468861222267151,0.0009030434885062277,0.9553114175796509,6,0.9215976595878601,98,"small"
0.08544921875,"toothbrush",160666,True,0.9525669813156128,0.15994413197040558,0.01694555953145027,0.0,0.0,0.15994413197040558,0.01694555953145027,0.8400558233261108,0,1.0,99,"medium"
0.392486572265625,"snow",161781,False,0.9668368697166443,0.014344015158712864,0.009342649951577187,0.0049238018691539764,0.12777425348758698,0.018104221671819687,0.011516927741467953,0.9818956851959229,0,0.9875592589378357,100,"large"
0.014892578125,"skis",161781,True,0.9079495072364807,0.24966545403003693,0.010131148621439934,0.19761575758457184,0.012123006395995617,0.438411682844162,0.010715491138398647,0.5615882277488708,1,0.9180327653884888,100,"small"
0.32861328125,"person",162092,True,0.9677714705467224,0.036299560219049454,0.022661181166768074,0.009455477818846703,0.022787656635046005,0.045039862394332886,0.02234071120619774,0.9549601078033447,0,0.9955423474311829,101,"large"
0.041259765625,"person",162092,True,0.7822995781898499,0.05929356813430786,0.004045580979436636,0.053887318819761276,0.004611722659319639,0.11318088322877884,0.004296718630939722,0.8868191242218018,1,0.976331353187561,101,"medium"
0.021484375,"table-merged",162092,False,0.09075304865837097,0.9773291945457458,0.2647228240966797,0.009209885261952877,0.0029883491806685925,0.9865059852600098,0.1456712931394577,0.0134940380230546,2,0.9886363744735718,101,"small"
0.01953125,"light",162092,False,0.7867117524147034,0.6406084895133972,0.09600236266851425,0.1671864539384842,0.02989877574145794,0.8077949285507202,0.06586400419473648,0.19220511615276337,3,0.800000011920929,101,"small"
0.015625,"tree-merged",162092,False,0.8903289437294006,0.5363349318504333,0.04593327268958092,0.15916474163532257,0.01612585224211216,0.6954997181892395,0.03227893263101578,0.3045003116130829,4,0.8125,101,"small"
0.014404296875,"person",162092,True,1.4125849929769174e-06,0.9997171759605408,0.05020397529006004,0.00028209606534801424,1.6704521840438247e-05,0.9999992251396179,0.027180243283510208,7.595461966047878e-07,5,0.0,101,"small"
0.012451171875,"cake",162092,True,1.1188388270966243e-05,0.804061233997345,0.039193183183670044,0.1959335058927536,0.01121334545314312,0.9999945759773254,0.026330068707466125,5.357532245398033e-06,6,0.0,101,"small"
0.0078125,"fruit",162092,False,1.8437418475514278e-05,0.9970988631248474,0.0038765498902648687,0.0028316823299974203,1.280195647268556e-05,0.9999306201934814,0.0020901369862258434,6.945307541172951e-05,7,0.0,101,"tiny"
0.005859375,"person",162092,True,0.0012983434135094285,0.6620884537696838,0.009676122106611729,0.33693578839302063,0.005701799876987934,0.9990242123603821,0.007834386080503464,0.0009758073720149696,8,0.5,101,"tiny"
0.41059112548828125,"pavement-merged",163257,False,0.9654414057731628,0.021791914477944374,0.0677202120423317,0.03487437963485718,0.03218580037355423,0.0565699078142643,0.04032687097787857,0.9434301257133484,0,0.9759369492530823,102,"large"
0.3081512451171875,"person",163257,True,0.9109211564064026,0.02550143375992775,0.05580763518810272,0.030929170548915863,0.016389667987823486,0.05133496969938278,0.021955028176307678,0.9486650228500366,1,0.9428076148033142,102,"large"
0.14095306396484375,"tree-merged",163257,False,0.94758141040802,0.10718487948179245,0.12180788069963455,0.024094192311167717,0.005107857286930084,0.13074664771556854,0.02338613010942936,0.869253396987915,2,0.9626522064208984,102,"large"
0.0071258544921875,"person",163257,True,0.428972989320755,0.5902315378189087,0.050436653196811676,0.15931285917758942,0.0021454207599163055,0.7354300022125244,0.008558029308915138,0.26456978917121887,3,0.5888651013374329,102,"tiny"
0.32958984375,"mirror-stuff",164602,False,0.8520200252532959,0.3167424201965332,0.7405413389205933,0.07291104644536972,0.07074931263923645,0.3896128535270691,0.2673689126968384,0.6103872060775757,0,0.9333333373069763,103,"large"
0.28369140625,"person",164602,True,0.8471682071685791,0.009351935237646103,0.011927547864615917,0.033378541469573975,0.016078948974609375,0.04238474741578102,0.014850265346467495,0.9576152563095093,1,0.8554216623306274,103,"large"
0.16455078125,"person",164602,True,0.8967167139053345,0.01357694435864687,0.012418178841471672,0.1727079600095749,0.048559095710515976,0.18016919493675232,0.03881426900625229,0.8198308944702148,2,0.937685489654541,103,"large"
0.01318359375,"wall-tile",164602,False,0.8262349367141724,0.057516999542713165,0.009142070077359676,0.594214677810669,0.023524384945631027,0.6517316699028015,0.020656460896134377,0.3482683002948761,3,0.8518518805503845,103,"small"
0.013671875,"sink",164602,True,0.8784012794494629,0.026773830875754356,0.0040784236043691635,0.5725770592689514,0.021737560629844666,0.5993509292602539,0.018214475363492966,0.4006490707397461,4,0.8571428656578064,103,"small"
0.00048828125,"toothbrush",164602,True,0.999801516532898,0.49999821186065674,0.0024808982852846384,0.5000017881393433,0.000607786700129509,0.5000020861625671,0.0004884268273599446,0.49999797344207764,5,1.0,103,"tiny"
0.4638671875,"grass-merged",165500,False,0.9403798580169678,0.037402138113975525,0.07465945929288864,0.017263982445001602,0.025914324447512627,0.05381204932928085,0.04627290368080139,0.9461878538131714,0,0.9747368693351746,104,"large"
0.22412109375,"tree-merged",165500,False,0.9585760235786438,0.010642291978001595,0.0123366704210639,0.1970510482788086,0.09621060639619827,0.19755494594573975,0.06816916167736053,0.8024450540542603,1,0.9586056470870972,104,"large"
0.0537109375,"sky-other-merged",165500,False,0.9101881980895996,0.008601832203567028,0.002113256137818098,0.13839201629161835,0.010962339118123055,0.13840807974338531,0.008299080654978752,0.8615918755531311,2,0.8999999761581421,104,"medium"
0.02783203125,"mountain-merged",165500,False,0.5626521110534668,0.018467634916305542,0.0019973258022218943,0.3730144500732422,0.012562227435410023,0.37307441234588623,0.009585680440068245,0.6269256472587585,3,0.31578946113586426,104,"small"
0.0029296875,"bear",165500,True,0.00012508367944974452,0.8790614008903503,0.04139642417430878,0.1209048330783844,0.0017164276214316487,0.9999662637710571,0.010907730087637901,3.369358091731556e-05,4,0.0,104,"tiny"
0.49029541015625,"sky-other-merged",166563,False,0.9169356822967529,0.03182511404156685,0.04674969241023064,0.005875422153621912,0.014238803647458553,0.037567902356386185,0.034429047256708145,0.9624320864677429,0,0.9690028429031372,105,"large"
0.1927490234375,"elephant",166563,True,0.9585010409355164,0.11583460867404938,0.08122864365577698,0.05983965843915939,0.027215726673603058,0.17149315774440765,0.04737256094813347,0.8285068869590759,1,0.9867004156112671,105,"large"
0.7361373901367188,"wall-other-merged",167240,False,0.9718064069747925,0.0008147641201503575,0.24311573803424835,0.026513615623116493,0.07452863454818726,0.027107365429401398,0.07554108649492264,0.9728925824165344,0,0.9940302968025208,106,"large"
0.19518280029296875,"vase",167240,True,0.9848950505256653,0.008594438433647156,0.6984845995903015,0.034025888890028,0.008486107923090458,0.04015836492180824,0.009993340820074081,0.9598416090011597,1,0.9890161156654358,106,"large"
0.06689453125,"table-merged",167240,False,0.9028560519218445,0.0001616376539459452,0.003966078627854586,0.0011410607257857919,7.409861427731812e-05,0.0011558913392946124,7.490273128496483e-05,0.9988441467285156,2,0.8467153310775757,106,"medium"
0.302734375,"refrigerator",168593,True,0.9942663311958313,0.025399642065167427,0.077126644551754,0.012467223219573498,0.006563544273376465,0.03786686807870865,0.01698988489806652,0.9621330499649048,0,0.9967741966247559,107,"large"
0.21142578125,"window-other",168593,False,0.9117497801780701,0.00662712287157774,0.012616263702511787,0.012834325432777405,0.0036667045205831528,0.017176827415823936,0.004272269085049629,0.9828231334686279,1,0.9445727467536926,107,"large"
0.20947265625,"wall-other-merged",168593,False,0.9535211324691772,0.003007427556440234,0.006098535377532244,0.043100327253341675,0.013088274747133255,0.04396268352866173,0.01161850243806839,0.9560372233390808,2,0.9766899943351746,107,"large"
0.12158203125,"refrigerator",168593,True,0.9332039952278137,0.020749352872371674,0.024180594831705093,0.03444858267903328,0.005330799147486687,0.055001601576805115,0.007517769932746887,0.9449983835220337,3,0.9397590160369873,107,"large"
0.052734375,"chair",168593,True,0.9551424384117126,0.07537097483873367,0.04126473143696785,0.031663794070482254,0.002115559997037053,0.10703475773334503,0.006373536307364702,0.8929651379585266,4,1.0,107,"medium"
0.3846435546875,"bed",170278,True,0.9376820921897888,0.1295609027147293,0.22156864404678345,0.028453189879655838,0.033291880041360855,0.15742237865924835,0.10950750857591629,0.8425776362419128,0,0.9581085443496704,108,"large"
0.26385498046875,"dog",170278,True,0.9718977808952332,0.0021426354069262743,0.0023598920088261366,0.06978003680706024,0.03953148424625397,0.06980890780687332,0.026143347844481468,0.9301910996437073,1,0.9678463935852051,108,"large"
0.09503173828125,"cabinet-merged",170278,False,0.9430989027023315,0.03902873769402504,0.014671067707240582,0.008440741337835789,0.0012131368275731802,0.04746948555111885,0.004935466684401035,0.9525305032730103,2,1.0,108,"medium"
0.0069580078125,"window-other",170278,False,0.873908281326294,0.7183999419212341,0.0630987137556076,0.005016275215893984,0.00014848085993435234,0.7234162092208862,0.01601565256714821,0.27658379077911377,3,1.0,108,"tiny"
0.24560546875,"couch",171740,True,0.9345054030418396,0.004043099470436573,0.005057519767433405,0.04017144441604614,0.01711304672062397,0.043832167983055115,0.01394697930663824,0.9561678171157837,0,0.9662027955055237,109,"large"
0.16796875,"wall-other-merged",171740,False,0.8317626118659973,0.3162570595741272,0.38644939661026,0.08818119019269943,0.03227654844522476,0.4041830003261566,0.11390779167413712,0.595816969871521,1,0.9563953280448914,109,"large"
0.1650390625,"shelf",171740,False,0.7729235887527466,0.004710382781922817,0.00350400572642684,0.1044262945652008,0.023145481944084167,0.10638148337602615,0.018187418580055237,0.8936184048652649,2,0.8461538553237915,109,"large"
0.091796875,"table-merged",171740,False,0.9408020377159119,0.008777226321399212,0.00449172081425786,0.11177889257669449,0.015324195846915245,0.12055611610412598,0.013035397976636887,0.8794438242912292,3,0.9468085169792175,109,"medium"
0.0400390625,"floor-other-merged",171740,False,0.45891523361206055,0.014655512757599354,0.0027631984557956457,0.48693111538887024,0.022922733798623085,0.49214157462120056,0.01854855753481388,0.5078585147857666,4,0.45121949911117554,109,"medium"
0.0380859375,"mirror-stuff",171740,False,0.887292742729187,0.04828987270593643,0.011960851959884167,0.26085802912712097,0.01608128286898136,0.2890108823776245,0.01428060419857502,0.7109890580177307,5,0.8717948794364929,109,"medium"
0.025390625,"rug-merged",171740,False,0.7688876390457153,2.0529934772639535e-05,2.8322378966549877e-06,0.2625312805175781,0.008879371918737888,0.26255181431770325,0.007131636608392,0.7374482154846191,6,0.6538461446762085,109,"small"
0.0205078125,"light",171740,False,0.9324117302894592,0.0007784647750668228,8.125832391669974e-05,0.044590432196855545,0.0011340411147102714,0.045368898659944534,0.000927788089029491,0.9546310305595398,7,0.9047619104385376,109,"small"
0.0107421875,"ceiling-merged",171740,False,0.5883880257606506,0.00047601183177903295,1.9001707187271677e-05,0.1744002103805542,0.0016754375537857413,0.17487621307373047,0.0013541248627007008,0.8251237273216248,8,0.4545454680919647,109,"small"
0.001953125,"cup",171740,True,0.9999951124191284,0.25540897250175476,0.005114094819873571,0.23627635836601257,0.0011261554900556803,0.49168530106544495,0.0018929167417809367,0.5083147287368774,9,1.0,109,"tiny"
0.0029296875,"clock",171740,True,0.6630929112434387,3.996296072728001e-06,4.050389534882015e-08,0.0011605728650465608,2.803389634209452e-06,0.0011645688209682703,2.27164855459705e-06,0.9988353848457336,10,0.6666666865348816,109,"tiny"
0.5237884521484375,"pavement-merged",172617,False,0.9263824224472046,0.022857917472720146,0.030250411480665207,0.005760186817497015,0.029134882614016533,0.0286181028932333,0.030019067227840424,0.9713818430900574,0,0.9924858808517456,110,"large"
0.06905269622802734,"suitcase",172617,True,0.9013410806655884,0.14269714057445526,0.03547295182943344,0.19588209688663483,0.03314748406410217,0.3366754651069641,0.0339336097240448,0.6633246541023254,1,0.9174113273620605,110,"medium"
0.017464637756347656,"book",172617,True,0.26517581939697266,0.7734920978546143,0.051805559545755386,0.046615686267614365,0.00194683822337538,0.816805899143219,0.021016132086515427,0.18319407105445862,2,0.045923661440610886,110,"small"
0.005612373352050781,"book",172617,True,0.047423575073480606,0.968521237373352,0.05261072888970375,0.026699049398303032,0.000886525958776474,0.987018883228302,0.020351506769657135,0.012981176376342773,3,0.0,110,"tiny"
0.0037107467651367188,"book",172617,True,1.672802318353206e-05,0.7385314106941223,0.05449039116501808,0.2614664137363434,0.011762909591197968,0.9999977350234985,0.027952851727604866,2.228914354418521e-06,4,0.0,110,"tiny"
0.00390625,"book",172617,True,3.618479013312026e-06,0.8928146958351135,0.053408920764923096,0.10718469321727753,0.003912078216671944,0.9999994039535522,0.02266802079975605,6.259966767174774e-07,5,0.0,110,"tiny"
0.3095703125,"sky-other-merged",173183,False,0.8905778527259827,0.07459227740764618,0.03218640387058258,0.0,0.0,0.07459227740764618,0.03218640387058258,0.9254077076911926,0,1.0,111,"large"
0.2439746856689453,"wall-other-merged",174231,False,0.9398226141929626,0.032910432666540146,0.021150311455130577,0.06167813017964363,0.043152693659067154,0.09458855539560318,0.031684502959251404,0.9054114818572998,0,0.9795212149620056,112,"large"
0.15569019317626953,"floor-other-merged",174231,False,0.8150858879089355,0.03690560162067413,0.012474717572331429,0.016611983999609947,0.004900701344013214,0.04728125408291817,0.007459111046046019,0.9527187943458557,1,0.8401499390602112,112,"large"
0.14072036743164062,"table-merged",174231,False,0.849526584148407,0.16947536170482635,0.06488816440105438,0.04255446791648865,0.013763748109340668,0.20765651762485504,0.0364612378180027,0.7923436164855957,2,0.9784420728683472,112,"large"
0.06388092041015625,"cat",174231,True,0.9500055313110352,0.06126924604177475,0.010320975445210934,0.024496188387274742,0.0029997900128364563,0.08576544374227524,0.0060816421173512936,0.9142346382141113,3,0.9847127795219421,112,"medium"
0.0029296875,"light",174231,False,0.00034067744854837656,0.9970094561576843,0.18989066779613495,0.002977201249450445,0.00037055157008580863,0.9999867081642151,0.07527213543653488,1.3298384146764874e-05,4,0.0,112,"tiny"
0.64697265625,"tree-merged",176701,False,0.9465227127075195,0.060876548290252686,0.2935236990451813,0.03648235276341438,0.11619355529546738,0.09684721380472183,0.1860092431306839,0.9031528234481812,0,0.995471715927124,113,"large"
0.20166015625,"sky-other-merged",176701,False,0.8783086538314819,0.06466101855039597,0.09068360924720764,0.03903888165950775,0.0116973165422678,0.10191290080547333,0.02517619915306568,0.8980870842933655,1,0.8934624791145325,113,"large"
0.00537109375,"paper-merged",176701,False,0.7217759490013123,0.8717084527015686,0.2524915635585785,0.03311552852392197,0.001579464878886938,0.9048240780830383,0.03705452010035515,0.09517589956521988,2,0.8181818127632141,113,"tiny"
0.0048828125,"pavement-merged",176701,False,0.6501901149749756,0.4286739230155945,0.022129325196146965,0.13399866223335266,0.001138402963988483,0.56267249584198,0.004104734864085913,0.43732747435569763,3,0.800000011920929,113,"tiny"
0.0009765625,"road",176701,False,0.9849478602409363,0.0001410623372066766,3.27107136399718e-06,0.7048929929733276,0.0026777854654937983,0.705034077167511,0.0023013141471892595,0.2949658930301666,4,0.0,113,"tiny"
0.879730224609375,"sea",177357,False,0.9775557518005371,0.0006799372495152056,0.2872927188873291,0.004430968314409256,0.0321224145591259,0.004570635035634041,0.032832253724336624,0.995429277420044,0,0.9833489656448364,114,"large"
0.0802001953125,"surfboard",177357,True,0.9588274955749512,0.0022309659980237484,0.09235245734453201,0.09003600478172302,0.008296490646898746,0.09147777408361435,0.008417878299951553,0.9085222482681274,1,0.9604261517524719,114,"medium"
0.039276123046875,"person",177357,True,0.9681152701377869,0.019239045679569244,0.43798354268074036,0.17619208991527557,0.008548044599592686,0.18312327563762665,0.008872461505234241,0.8168767094612122,2,0.9704739451408386,114,"medium"
0.429412841796875,"dirt-merged",178618,False,0.9680258631706238,0.0005226536886766553,0.017369357869029045,0.020234905183315277,0.01538905967026949,0.020630234852433205,0.01534608006477356,0.9793697595596313,0,0.9915428757667542,115,"large"
0.28466796875,"sky-other-merged",178618,False,0.9884988069534302,0.008151711896061897,0.188105970621109,0.04412384331226349,0.01842203363776207,0.0451933778822422,0.018619433045387268,0.9548066258430481,1,0.9862778782844543,115,"large"
0.214202880859375,"tree-merged",178618,False,0.9098147749900818,0.02559594437479973,0.420265257358551,0.05628636106848717,0.015187338925898075,0.07064756751060486,0.01885318197309971,0.9293524026870728,2,0.9384527802467346,115,"large"
0.059906005859375,"elephant",178618,True,0.9401035904884338,5.754538142355159e-05,0.0002638864971231669,0.038372304290533066,0.0024226424284279346,0.0384012795984745,0.002392360707744956,0.9615986347198486,3,0.94549161195755,115,"medium"
0.0031890869140625,"elephant",178618,True,6.375810244207969e-06,0.9999646544456482,0.4404292106628418,3.176154496031813e-05,1.815202921306991e-07,0.9999964237213135,0.005643163807690144,3.6146375350654125e-06,4,0.0,115,"tiny"
0.138671875,"wall-wood",179653,False,0.6680688858032227,0.062288206070661545,0.008025215938687325,0.0009350220789201558,0.000986334285698831,0.0632232278585434,0.00725907925516367,0.9367768168449402,0,1.0,116,"large"
0.08935546875,"sky-other-merged",179653,False,0.811699390411377,0.3248176574707031,0.045476626604795456,0.00027338878135196865,0.00020535921794362366,0.32509103417396545,0.03836430236697197,0.6749088764190674,1,1.0,116,"medium"
0.00439453125,"road",179653,False,0.6681692600250244,0.4851091504096985,0.003607142949476838,0.0004296798724681139,1.0754854883998632e-05,0.4855388104915619,0.0027834484353661537,0.5144611597061157,2,0.6666666865348816,116,"tiny"
0.2001953125,"fence-merged",180487,False,0.9417895078659058,0.13327573239803314,0.24407827854156494,0.11600285768508911,0.04357754439115524,0.24492377042770386,0.07646521925926208,0.7550762295722961,0,0.965129554271698,117,"large"
0.2027435302734375,"tree-merged",180487,False,0.9170392751693726,0.0036525223404169083,0.005040827207267284,0.009613900445401669,0.0027283974923193455,0.011931436136364937,0.0028160640504211187,0.9880685210227966,1,0.944080650806427,117,"large"
0.16876220703125,"person",180487,True,0.9753414392471313,0.055062778294086456,0.07261238247156143,0.0306407418102026,0.007919127121567726,0.08453785628080368,0.018285946920514107,0.9154621362686157,2,0.9792947769165039,117,"large"
0.10677337646484375,"house",180487,False,0.8104482293128967,0.019800052046775818,0.013315302319824696,0.04710325971245766,0.005698325578123331,0.05623341351747513,0.005772399716079235,0.9437666535377502,3,0.8719542622566223,117,"large"
0.07340240478515625,"dining table",180487,True,0.9302570223808289,0.3128507733345032,0.23391307890415192,0.017331643030047417,0.002235137391835451,0.3301815986633301,0.036326028406620026,0.6698183417320251,4,0.949901282787323,117,"medium"
0.05362701416015625,"umbrella",180487,True,0.9600524306297302,0.03885708376765251,0.015966251492500305,0.06769686937332153,0.004673775285482407,0.08101826906204224,0.0047961450181901455,0.9189817309379578,5,0.9635794758796692,117,"medium"
0.04470062255859375,"person",180487,True,0.8901775479316711,0.023802688345313072,0.007335915230214596,0.029687082394957542,0.0015218880726024508,0.053058888763189316,0.0023339195176959038,0.9469411373138428,6,0.8957160115242004,117,"medium"
0.009246826171875,"cup",180487,True,0.9738017320632935,0.17074760794639587,0.01507298182696104,0.08111775666475296,0.0011427045101299882,0.25186535716056824,0.003059753682464361,0.7481346130371094,7,0.9752475023269653,117,"tiny"
0.0080108642578125,"chair",180487,True,0.9310999512672424,0.2856388986110687,0.021876851096749306,7.985233241925016e-05,9.745424449647544e-07,0.28571873903274536,0.003007725579664111,0.7142813205718994,8,0.9752380847930908,117,"tiny"
0.13494873046875,"cat",181859,True,0.9906226396560669,0.08756164461374283,0.01828160136938095,0.03422582522034645,0.03766429051756859,0.11972056329250336,0.021017612889409065,0.8802794814109802,0,0.9927634596824646,118,"large"
0.0845184326171875,"sink",181859,True,0.8278719186782837,0.17667239904403687,0.020879307761788368,0.009558296762406826,0.004360458347946405,0.18602503836154938,0.017467278987169266,0.8139750361442566,1,0.9400613903999329,118,"medium"
0.0296630859375,"wall-other-merged",181859,False,0.9303511381149292,0.184673011302948,0.008667969144880772,0.014407875016331673,0.0020214866381138563,0.19166159629821777,0.006743456702679396,0.8083384037017822,2,0.9994856119155884,118,"small"
0.0241851806640625,"towel",181859,False,0.9742302298545837,0.3778998553752899,0.019677814096212387,0.001448319060727954,0.0002204717748099938,0.3779078722000122,0.014668130315840244,0.6220921277999878,3,0.9741324782371521,118,"small"
0.7324066162109375,"sky-other-merged",183500,False,0.9704689383506775,0.1053207591176033,0.6822612881660461,0.009414300322532654,0.051985740661621094,0.11399726569652557,0.3417573571205139,0.8860027194023132,0,0.9742702841758728,119,"large"
0.1433258056640625,"airplane",183500,True,0.9524669647216797,0.010289766825735569,0.013029652647674084,0.12375807017087936,0.02642737701535225,0.12946750223636627,0.023699244484305382,0.8705323934555054,1,0.9731715321540833,119,"large"
0.001953125,"person",183500,True,0.9841910600662231,1.1177335323964144e-07,1.7349721659343231e-09,1.574292400619015e-05,3.4616864041936424e-08,1.5854697267059237e-05,3.0536789097368455e-08,0.9999841451644897,2,1.0,119,"tiny"
0.012969970703125,"orange",184791,True,0.002231830498203635,0.1397915780544281,0.0020988541655242443,0.8581923246383667,0.40054842829704285,0.9979838728904724,0.014516908675432205,0.002016133163124323,0,0.0,120,"small"
0.011810302734375,"orange",184791,True,0.0001781330065568909,0.089789018034935,0.0016004585195332766,0.9100875854492188,0.4859620928764343,0.9998766183853149,0.01724674180150032,0.0001234253722941503,1,0.0,120,"small"
0.0087890625,"orange",184791,True,0.9997715353965759,0.35683131217956543,0.005103818606585264,0.0007307017222046852,0.0002860201639123261,0.35756200551986694,0.004933979362249374,0.6424380540847778,2,1.0,120,"tiny"
0.0087890625,"bowl",184791,True,8.31637044029776e-06,0.9999884366989136,0.024135474115610123,8.380774488614406e-06,5.535657237487612e-06,0.9999968409538269,0.02328483574092388,3.1669101190345827e-06,3,0.2222222238779068,120,"tiny"
0.001373291015625,"orange",184791,True,4.68234091499653e-08,0.172866091132164,0.001835181494243443,0.8271339535713196,0.19823725521564484,1.0,0.010165899060666561,6.333979118977595e-09,4,0.0,120,"tiny"
0.637700080871582,"pavement-merged",185950,False,0.8620283007621765,0.0015887783374637365,0.037879593670368195,0.010910432785749435,0.017863405868411064,0.012271280400454998,0.018850458785891533,0.9877287745475769,0,0.9774734377861023,121,"large"
0.14270591735839844,"tree-merged",185950,False,0.7513784766197205,0.014293903484940529,0.07912345230579376,0.16668161749839783,0.02576831355690956,0.17017203569412231,0.02564903348684311,0.8298280239105225,1,0.8572755455970764,121,"large"
0.11017131805419922,"person",185950,True,0.9864245653152466,0.020332561805844307,0.10928934812545776,0.12290490418672562,0.017771603539586067,0.13385933637619019,0.018874971196055412,0.8661406636238098,2,0.9820468425750732,121,"large"
0.08114814758300781,"sky-other-merged",185950,False,0.5612016320228577,0.0048659564927220345,0.010600372217595577,0.10321808606386185,0.005851260386407375,0.10445702075958252,0.005781004671007395,0.8955428600311279,3,0.6598542928695679,121,"medium"
0.007767677307128906,"skateboard",185950,True,0.8561829328536987,0.00015631839050911367,4.8697391321184114e-05,0.08545484393835068,0.0006413518567569554,0.08545754849910736,0.0006263123359531164,0.9145423769950867,4,0.8800491094589233,121,"tiny"
0.5349159240722656,"river",186873,False,0.9977368712425232,0.0805022120475769,0.11464142799377441,0.007513782009482384,0.08121545612812042,0.08801599591970444,0.11075019836425781,0.9119839668273926,0,1.0,122,"large"
0.043704986572265625,"boat",186873,True,0.9697349071502686,0.30006977915763855,0.04890168085694313,0.06707854568958282,0.00823736097663641,0.36714833974838257,0.02571175992488861,0.6328516006469727,1,0.9734659790992737,122,"medium"
0.002414703369140625,"person",186873,True,0.0009033636888489127,0.007585532963275909,5.537733045457571e-07,0.9197036027908325,4.703275044448674e-05,0.9272891283035278,2.78863499261206e-05,0.07271096110343933,2,0.0,122,"tiny"
0.002162933349609375,"person",186873,True,1.232223894476192e-06,0.6849099397659302,3.554665397587087e-07,0.3025935888290405,1.0996264876439454e-07,0.9875035285949707,2.1106922076796764e-07,0.012496456503868103,3,0.0,122,"tiny"
0.0009765625,"person",186873,True,2.532878227157198e-07,0.3291563391685486,1.2253898340475189e-08,0.6546754837036133,1.7031046795068505e-08,0.9838318824768066,1.5065998226759802e-08,0.016168199479579926,4,0.0,122,"tiny"
0.0009765625,"person",186873,True,5.378785061793678e-08,0.42542290687561035,3.860069597294569e-09,0.56048983335495,3.5537361942061807e-09,0.9859127402305603,3.6797445090996916e-09,0.014087351970374584,5,0.0,122,"tiny"
0.0009765625,"person",186873,True,2.7865714855579427e-06,0.5295814871788025,2.0933445199489142e-08,0.3028927743434906,8.366426662576032e-09,0.8324741721153259,1.3535790266416825e-08,0.16752581298351288,6,0.0,122,"tiny"
0.0009765625,"person",186873,True,1.0143376130145043e-06,0.35861843824386597,2.1919431603123485e-08,0.6019444465637207,2.5709658402206514e-08,0.9605628848075867,2.4150571320546987e-08,0.039437130093574524,7,0.0,122,"tiny"
0.0009765625,"person",186873,True,1.0983592346747173e-07,0.6422975659370422,2.581561808767674e-08,0.351208359003067,9.864027816774978e-09,0.9935060143470764,1.6425616422566236e-08,0.006494079250842333,8,0.0,122,"tiny"
0.0009765625,"person",186873,True,1.1928492313018069e-05,0.22214007377624512,1.4770574985334406e-08,0.35154107213020325,1.6333896013520643e-08,0.5736811757087708,1.569083352137568e-08,0.42631882429122925,9,0.0,122,"tiny"
0.9716796875,"sky-other-merged",187745,False,0.9954085350036621,0.002075943863019347,0.15871088206768036,0.001837824354879558,0.11070174723863602,0.003470826195552945,0.11895132809877396,0.9965291619300842,0,0.9989949464797974,123,"large"
0.01611328125,"tree-merged",187745,False,0.9556794762611389,0.008494672365486622,0.0122105423361063,0.15612861514091492,0.002932183211669326,0.1561514288187027,0.0028962267097085714,0.8438485860824585,1,0.9090909361839294,123,"small"
0.3330078125,"ceiling-merged",189310,False,0.995849609375,0.0002023493143497035,0.0004757638671435416,0.0037263259291648865,0.0023613276425749063,0.003928675316274166,0.0019610251765698195,0.9960712790489197,0,0.9941349029541016,124,"large"
0.23291015625,"wall-other-merged",189310,False,0.8494494557380676,0.0061725410632789135,0.009444246999919415,0.08325992524623871,0.028772149235010147,0.08682381361722946,0.024522457271814346,0.9131761789321899,1,0.903563916683197,124,"large"
0.15380859375,"curtain",189310,False,0.8204350471496582,0.0029659485444426537,0.002752130152657628,0.03721893951296806,0.0069358572363853455,0.03960169479250908,0.006149199325591326,0.9603983163833618,2,0.920634925365448,124,"large"
0.03515625,"chair",189310,True,0.9999359846115112,0.0003226484404876828,8.236322173615918e-05,0.027147559449076653,0.0011919965036213398,0.02747020684182644,0.0010291453218087554,0.9725298881530762,3,1.0,124,"medium"
0.03515625,"mirror-stuff",189310,False,0.9896336793899536,0.019192049279808998,0.005095259286463261,0.055334411561489105,0.0025268567260354757,0.07452645897865295,0.0029037983622401953,0.9254736304283142,4,0.9722222089767456,124,"medium"
0.02197265625,"window-other",189310,False,0.7166003584861755,0.04703745245933533,0.011852371506392956,0.5369686484336853,0.022879378870129585,0.5587038993835449,0.020382629707455635,0.4412961006164551,5,0.7555555701255798,124,"small"
0.02587890625,"floor-wood",189310,False,0.8326798677444458,0.38430237770080566,0.09543212503194809,0.0033792341127991676,0.0001426457311026752,0.3871779441833496,0.013976139947772026,0.6128221154212952,6,0.8679245114326477,124,"small"
0.02294921875,"door-stuff",189310,False,0.9327937364578247,0.04289055988192558,0.006963945459574461,0.06830134987831116,0.001876333961263299,0.06890954822301865,0.0016215260839089751,0.9310903549194336,7,0.936170220375061,124,"small"
0.439666748046875,"river",190140,False,0.9215507507324219,0.01016661524772644,0.013445206917822361,0.03972873464226723,0.07049071043729782,0.04859181493520737,0.03693113476037979,0.9514082670211792,0,0.940931499004364,125,"large"
0.195220947265625,"boat",190140,True,0.8863772749900818,0.03774005174636841,0.023254331201314926,0.09513244777917862,0.038957975804805756,0.12791502475738525,0.03153777867555618,0.8720849752426147,1,0.9090198278427124,125,"large"
0.024444580078125,"person",190140,True,0.909351110458374,0.030851861461997032,0.0028475760482251644,0.23565255105495453,0.010702244006097317,0.25211402773857117,0.007681108079850674,0.7478859424591064,2,0.9200998544692993,125,"small"
0.020843505859375,"dog",190140,True,0.8862752318382263,0.08800823986530304,0.0063598318956792355,0.11815312504768372,0.004184058867394924,0.20616136491298676,0.004899619147181511,0.793838620185852,3,0.8594436049461365,125,"small"
0.401763916015625,"tree-merged",191288,False,0.8258079290390015,0.08292261511087418,0.4284781813621521,0.1522541344165802,0.1255427449941635,0.22732554376125336,0.16316577792167664,0.7726744413375854,0,0.8023547530174255,126,"large"
0.213409423828125,"fence-merged",191288,False,0.8725097179412842,0.09609188139438629,0.30043911933898926,0.19112902879714966,0.0704268217086792,0.28333473205566406,0.09358765184879303,0.7166653275489807,1,0.9081938862800598,126,"large"
0.184600830078125,"horse",191288,True,0.8953602313995361,0.06636440753936768,0.16489173471927643,0.14169420301914215,0.03983616828918457,0.19948390126228333,0.050512511283159256,0.8005161285400391,2,0.902793824672699,126,"large"
0.052276611328125,"sky-other-merged",191288,False,0.4392247200012207,0.01918104477226734,0.01369564887136221,0.6084594130516052,0.041607048362493515,0.6130220890045166,0.038379788398742676,0.3869779109954834,3,0.4109748899936676,126,"medium"
0.035308837890625,"person",191288,True,0.9977846145629883,0.20028547942638397,0.11863916367292404,0.08399324864149094,0.0046897875145077705,0.2842787206172943,0.01450548879802227,0.7157212495803833,4,1.0,126,"medium"
0.029510498046875,"grass-merged",191288,False,0.30049166083335876,0.011288111098110676,0.003902051830664277,0.6911910772323608,0.022344514727592468,0.6912979483604431,0.020461803302168846,0.3087020516395569,5,0.44570836424827576,126,"small"
0.0068359375,"mountain-merged",191288,False,0.8525158166885376,2.8979107810300775e-05,5.6430149015795905e-06,0.6398267149925232,0.011376638896763325,0.6398555636405945,0.010425210930407047,0.36014437675476074,6,0.0,126,"tiny"
0.3544158935546875,"tree-merged",192699,False,0.9444488286972046,0.31346043944358826,0.704820454120636,0.011798369698226452,0.01371202152222395,0.32418325543403625,0.2487141191959381,0.6758167147636414,0,0.9611443281173706,127,"large"
0.204315185546875,"person",192699,True,0.9251302480697632,0.02793661691248417,0.025584544986486435,0.036986105144023895,0.012952717952430248,0.06301502883434296,0.01597621478140354,0.9369851350784302,1,0.963965654373169,127,"large"
0.15001678466796875,"person",192699,True,0.9553894996643066,0.04973439872264862,0.03448815271258354,0.012178149074316025,0.0029502571560442448,0.061703089624643326,0.011088595725595951,0.9382970333099365,2,0.9689264297485352,127,"large"
0.0721893310546875,"motorcycle",192699,True,0.9049585461616516,0.011293213814496994,0.003757402766495943,0.09866371750831604,0.010218141600489616,0.10861664265394211,0.008579741232097149,0.8913834095001221,3,0.9320439696311951,127,"medium"
0.5633926391601562,"fence-merged",85772,False,0.9734035134315491,0.08428914099931717,0.19569188356399536,0.0077458652667701244,0.026484191417694092,0.0920306071639061,0.12731340527534485,0.9079693555831909,0,0.9720495343208313,1020,"large"
0.1590728759765625,"person",85772,True,0.9779976010322571,0.07272796332836151,0.05072654411196709,0.07098927348852158,0.022171955555677414,0.14262989163398743,0.03077639453113079,0.8573701977729797,1,0.9755395650863647,1020,"large"
0.0146484375,"tennis racket",85772,True,0.9998677372932434,1.2012834304186981e-05,9.462518164582434e-07,0.28525978326797485,0.008060789667069912,0.2852717936038971,0.00593281164765358,0.7147281765937805,2,1.0,1020,"small"
0.001953125,"sports ball",85772,True,0.9999986886978149,9.340834367321804e-05,7.013858862592315e-07,7.595028000650927e-05,2.010664417184671e-07,0.0001693586091278121,3.314816012789379e-07,0.9998304843902588,3,1.0,1020,"tiny"
0.0009765625,"sports ball",85772,True,0.9999945759773254,8.275530944956699e-07,3.1071067940757757e-09,0.00021639549231622368,2.8607041713257786e-07,0.0002172230597352609,2.1238423641989357e-07,0.9997828006744385,4,1.0,1020,"tiny"
0.3662109375,"road",177934,False,0.8888035416603088,0.008961042389273643,0.09287425130605698,0.06365665793418884,0.0368606336414814,0.06786005944013596,0.037387415766716,0.9321399927139282,0,0.9173333048820496,1407,"large"
0.142578125,"sky-other-merged",177934,False,0.9187372326850891,0.009982436895370483,0.040374863892793655,0.028945663943886757,0.004779917187988758,0.038718488067388535,0.00615343265235424,0.9612815380096436,1,0.9075342416763306,1407,"large"
0.10107421875,"tree-merged",177934,False,0.9793239831924438,0.013844214379787445,0.04775124043226242,0.14269158244132996,0.019143005833029747,0.14821231365203857,0.019160019233822823,0.8517875671386719,2,1.0,1407,"large"
0.08056640625,"truck",177934,True,0.8609516620635986,0.03905719518661499,0.08473248034715652,0.011985493823885918,0.0009885012404993176,0.051003165543079376,0.00405456917360425,0.9489968419075012,3,0.8969696760177612,1407,"medium"
0.068359375,"pavement-merged",177934,False,0.6041037440299988,0.02671138197183609,0.04534682631492615,0.2625483572483063,0.016678154468536377,0.2779954671859741,0.017067071050405502,0.7220045328140259,4,0.699999988079071,1407,"medium"
0.06201171875,"motorcycle",177934,True,0.9565765857696533,0.07479210197925568,0.18489110469818115,0.21793697774410248,0.020061569288372993,0.28778016567230225,0.025553058832883835,0.7122198939323425,5,0.9842519760131836,1407,"medium"
0.02294921875,"building-other-merged",177934,False,0.8476073145866394,0.015571566298604012,0.0160926952958107,0.42576920986175537,0.015714939683675766,0.44134077429771423,0.015727965161204338,0.5586591958999634,6,0.6808510422706604,1407,"small"
0.01904296875,"person",177934,True,0.819970965385437,0.06189968064427376,0.03439674153923988,0.15608930587768555,0.0030786115676164627,0.16596345603466034,0.0031674555502831936,0.8340365886688232,7,0.8205128312110901,1407,"small"
0.01318359375,"house",177934,False,0.8415072560310364,0.023510713130235672,0.01447496097534895,0.46508142352104187,0.01011643372476101,0.4651636779308319,0.009777777828276157,0.5348363518714905,8,0.8518518805503845,1407,"small"
0.0126953125,"car",177934,True,0.8307952880859375,3.0115432309685275e-05,1.1189209544681944e-05,0.15739600360393524,0.0020660979207605124,0.1574261486530304,0.0019959749188274145,0.8425738215446472,9,0.9230769276618958,1407,"small"
0.009765625,"flower",177934,False,0.7090436220169067,1.5172045095823705e-05,4.550945504888659e-06,0.3148179352283478,0.0033260718919336796,0.3148330748081207,0.0032130612526088953,0.6851668953895569,10,0.800000011920929,1407,"tiny"
0.01025390625,"person",177934,True,3.1515578484686557e-06,0.04743487387895584,0.01769709587097168,0.9525628089904785,0.012510967440903187,0.9999973773956299,0.012699846178293228,2.570935748735792e-06,11,0.0,1407,"small"
0.01416015625,"person",177934,True,0.9478253722190857,0.08236858248710632,0.03835753723978996,0.11519578844308853,0.0018962475005537271,0.144562765955925,0.0023006913252174854,0.855437159538269,12,1.0,1407,"small"
0.01025390625,"car",177934,True,6.808117905166e-05,2.236450200143736e-05,3.0744131436222233e-06,0.9998268485069275,0.004841082263737917,0.999849259853363,0.004678782541304827,0.00015072812675498426,13,0.0,1407,"small"
0.0078125,"person",177934,True,2.9639556942129275e-07,0.10372121632099152,0.01527369860559702,0.8962782025337219,0.004639254882931709,0.9999995231628418,0.005000365898013115,4.667302846428356e-07,14,0.0,1407,"tiny"
0.00634765625,"motorcycle",177934,True,0.6922892332077026,0.24196097254753113,0.06816963851451874,0.3465272784233093,0.0034247413277626038,0.537047803401947,0.005130305886268616,0.46295222640037537,15,0.692307710647583,1407,"tiny"
0.005859375,"truck",177934,True,0.8331514000892639,0.23829451203346252,0.04537186771631241,0.000707522442098707,4.725606686406536e-06,0.2390020489692688,0.0015422172145918012,0.7609979510307312,16,0.8333333134651184,1407,"tiny"
0.00634765625,"person",177934,True,0.055926911532878876,1.855602749856189e-05,2.5173204676320893e-07,0.22327138483524323,0.00010625058348523453,0.2232852429151535,0.00010270657367073,0.7767147421836853,17,0.0,1407,"tiny"
0.0048828125,"car",177934,True,0.6584967970848083,4.0857557337403705e-07,3.904875001126129e-08,0.0014495817013084888,4.854905455431435e-06,0.0014499903190881014,4.691856702265795e-06,0.9985500574111938,18,0.4000000059604645,1407,"tiny"
0.001953125,"car",177934,True,0.038320500403642654,0.0001398107415298,1.098807388189016e-06,0.7172023057937622,0.00019692674686666578,0.7173420786857605,0.00019031611736863852,0.28265783190727234,19,0.5,1407,"tiny"
0.001953125,"banner",177934,False,0.09618633985519409,1.15478187581175e-05,6.504061644818648e-08,0.009978482499718666,1.963501063073636e-06,0.009990029036998749,1.8994139736605575e-06,0.9900100827217102,20,1.0,1407,"tiny"
0.001953125,"car",177934,True,1.4943549103918485e-05,0.04646318405866623,6.582909009011928e-07,0.8923925757408142,4.417197487782687e-07,0.938855767250061,4.490306366733421e-07,0.06114427000284195,21,0.0,1407,"tiny"
0.001953125,"car",177934,True,1.67946818692144e-05,0.16373954713344574,3.5609705264505465e-06,0.7914924025535583,6.013724487274885e-07,0.9552319049835205,7.012805554040824e-07,0.04476802051067352,22,0.0,1407,"tiny"
0.00048828125,"person",177934,True,4.035913661937229e-06,0.08669794350862503,4.549117875285447e-06,0.9133021235466003,1.6708448811186827e-06,0.9988852739334106,1.766709829098545e-06,0.0011147421319037676,23,0.0,1407,"tiny"
0.00048828125,"mirror-stuff",177934,False,1.1762769645429216e-05,0.041550181806087494,2.737620263815188e-07,0.9584498405456543,2.201775117782745e-07,0.9741261601448059,2.1634494373756752e-07,0.025873800739645958,24,0.0,1407,"tiny"
0.0009765625,"truck",177934,True,9.262456615033443e-07,0.1533413976430893,1.532825262984261e-05,0.8463899493217468,2.9528823688451666e-06,0.9997314214706421,3.370233798705158e-06,0.0002685801300685853,25,0.0,1407,"tiny"
