bg_miss_frac,fARI,foreground_pixels,image_id,mBO,mIoU,map_ambiguous_patch_frac,map_kind,map_pair_overlap_mean,map_top1_top2_margin_mean,merge_frac,n_gt,n_objects_caption,n_pred_on_fg,object_dominant_frac_mean,sample_index,split_frac,valid_object_count
0.0325772568123002,0.5932303071022034,6569,139,0.20783685147762299,0.2350110560655594,0.22764228284358978,"llm_attention",0.15829379856586456,0.043310631066560745,0.23241542092840284,16,16,16,0.7558887990389556,0,0.35302176891459885,16
0.07371117890948917,0.0,51132,285,0.9163957834243774,0.839312732219696,0.0,"llm_attention",nan,inf,0.0,1,1,1,0.9262888210905108,1,0.07371117890948917,1
0.0745902495041236,0.3577783405780792,19158,632,0.11235272139310837,0.131134033203125,0.16943521797657013,"llm_attention",0.3640671372413635,0.010385818779468536,0.15144678210840995,17,17,17,0.6877950164035542,2,0.33719594947280507,17
0.0513681592039801,0.2884286046028137,8040,724,0.22983895242214203,0.3483637273311615,0.07633587718009949,"llm_attention",0.1483631283044815,0.011660821735858917,0.045627376425855515,4,4,4,0.7573300752872281,3,0.17114427860696518,4
0.11107679302945575,0.12941472232341766,61516,776,0.25222447514533997,0.21620075404644012,0.20507614314556122,"llm_attention",0.18011081218719482,0.0027667521499097347,0.42384287621381417,4,4,4,0.489524084087553,4,0.5658365303335717,4
0.004773054755043227,0.17207911610603333,11104,785,0.32655030488967896,0.4950731694698334,0.06145251542329788,"llm_attention",0.06217934191226959,0.006575006991624832,0.09718577504298254,2,2,2,0.8414404563952969,5,0.2749459654178674,2
0.13906089664201549,0.36016857624053955,28261,802,0.570335865020752,0.641697108745575,0.09887640178203583,"llm_attention",0.11724413931369781,0.003951045218855143,0.14142452015946735,2,2,2,0.7553831815341456,6,0.2608187962209405,2
0.07346579073866367,0.31843841075897217,12482,872,0.3577737510204315,0.5015619993209839,0.12376237660646439,"llm_attention",0.09139156341552734,0.016408666968345642,0.19169909208819716,3,4,4,0.6624893457894456,7,0.3533087646210543,4
0.037298387096774195,0.3316166400909424,6944,885,0.1831885427236557,0.26545199751853943,0.19090908765792847,"llm_attention",0.18496616184711456,0.024115707725286484,0.2487658937920718,6,6,6,0.8564578486441818,8,0.3289170506912442,6
0.05255849475803652,0.20387011766433716,28806,1000,0.17959477007389069,0.21170756220817566,0.42918455600738525,"llm_attention",0.21318572759628296,0.007964939810335636,0.5719991206214275,15,16,16,0.49422417823774534,9,0.5983475664792057,16
0.008195121951219513,0.46621227264404297,5125,1268,0.28899553418159485,0.36687496304512024,0.12903225421905518,"llm_attention",0.1328577697277069,0.04993105307221413,0.2823135943340547,7,7,7,0.7541370432722474,10,0.3291707317073171,7
0.14640616138887363,0.014204316772520542,54663,1296,0.19695653021335602,0.24332822859287262,0.15063731372356415,"llm_attention",0.08893194049596786,0.003863888792693615,0.09033433347621089,3,4,4,0.6335388765210334,11,0.619431791156724,4
0.0015512998823151813,0.6502522230148315,18694,1353,0.2696705758571625,0.3193913996219635,0.21597632765769958,"llm_attention",0.2010074406862259,0.008363516069948673,0.3068309670506295,7,7,7,0.6175641260894121,12,0.30223601155450946,7
0.0030365470122546362,0.6686338782310486,18442,1425,0.42204737663269043,0.4952143430709839,0.10726643353700638,"llm_attention",0.07641292363405228,0.0061669982969760895,0.07935385619493092,2,2,2,0.9396402373569966,13,0.08214944149224596,2
0.0,0.9039067029953003,692,1490,0.0784241110086441,0.3443889319896698,0.06666667014360428,"llm_attention",0.11540007591247559,0.10557233542203903,0.024566473988439308,2,2,2,0.9797136038186158,14,0.024566473988439308,2
0.04300588501584427,0.763674795627594,19881,1503,0.4681631624698639,0.5148617029190063,0.07817589491605759,"llm_attention",0.11111392080783844,0.010880553163588047,0.07332071901608325,4,4,4,0.8987611280703669,15,0.11317338162064282,4
0.0020197486535008975,0.3074904680252075,8912,1532,0.2059168815612793,0.2813314199447632,0.1785714328289032,"llm_attention",0.24526791274547577,0.01802133210003376,0.3044749269170227,8,8,8,0.6718385246312264,16,0.4231373429084381,8
0.058004640371229696,0.11937680095434189,26722,1584,0.11208279430866241,0.15273751318454742,0.19168591499328613,"llm_attention",0.3355630934238434,0.007043816614896059,0.04254727474972191,8,14,14,0.6853599508165586,17,0.35517551081505877,14
0.11636510232635348,0.3935282528400421,42169,1675,0.5507223606109619,0.5127237439155579,0.06969697028398514,"llm_attention",0.06690843403339386,0.0028253186028450727,0.1296763458751543,2,2,2,0.8221273346104578,18,0.23095164694443784,2
0.0,1.0,213,1761,0.18618881702423096,0.5859682559967041,0.0,"llm_attention",nan,inf,0.0,1,1,1,1.0,19,0.0,1
0.1469762062128222,0.28450021147727966,48416,1818,0.587108314037323,0.5993744134902954,0.08746736496686935,"llm_attention",0.12411723285913467,0.002284039044752717,0.18217917675544795,2,2,2,0.7165814416133662,20,0.30237937871777926,2
0.03855321177452032,0.5015349984169006,16782,1993,0.4286820888519287,0.5400395393371582,0.11851851642131805,"llm_attention",0.06985720247030258,0.009965172037482262,0.09990703439727301,3,3,3,0.8088194131594891,21,0.23394112739840306,3
0.140728043235007,0.0003211957518942654,42003,2006,0.13760802149772644,0.2505156993865967,0.054380666464567184,"llm_attention",0.0857807919383049,0.004203306045383215,0.0003878975950349108,2,4,4,0.7815261139822334,22,0.4368021331809633,4
0.04355518112889638,0.0001353904663119465,35610,2149,0.31665992736816406,0.3690629005432129,0.13979849219322205,"llm_attention",0.08838727325201035,0.002296234481036663,0.0012037934173052644,2,2,2,0.6011743577752345,23,0.3587194608256108,2
0.020603384841795438,0.36564624309539795,6795,2153,0.26913905143737793,0.37225615978240967,0.2300885021686554,"llm_attention",0.17607614398002625,0.026466120034456253,0.3063861758076634,5,5,5,0.7353646290889216,24,0.35481972038263426,5
0.08330741316744428,0.03252233564853668,38580,2157,0.1564188450574875,0.25454092025756836,0.21911922097206116,"llm_attention",0.22371016442775726,0.004997709766030312,0.02618333993100718,5,14,14,0.6707451700250244,25,0.48623639191290824,14
0.03695060287825749,0.7612845301628113,2571,2261,0.45274150371551514,0.6227918267250061,0.02500000037252903,"llm_attention",0.023845668882131577,0.048495300114154816,0.03150242326332795,2,2,2,0.9547453151930764,26,0.06728899260987943,2
0.026635838150289016,0.1936326026916504,21625,2299,0.08155646175146103,0.08371556550264359,0.5070821642875671,"llm_attention",0.285100519657135,0.0033167358487844467,0.5887690626633094,16,20,20,0.511661047800242,27,0.6307514450867052,20
0.2092527605783894,0.04929639771580696,54427,2431,0.3955141007900238,0.5053852200508118,0.09334657341241837,"llm_attention",0.1544722467660904,0.00556857930496335,0.01935498861471258,3,9,9,0.5661094283072153,28,0.39812960479173937,9
0.003975155279503106,0.4406757950782776,4025,2473,0.25081968307495117,0.381828248500824,0.1764705926179886,"llm_attention",0.11753597110509872,0.046671923249959946,0.20878024444998752,4,4,4,0.8482614221215852,29,0.27403726708074533,4
0.0,0.054594021290540695,1623,2532,0.19499407708644867,0.44811078906059265,0.043478261679410934,"llm_attention",0.040654368698596954,0.04491002485156059,0.05791743684534812,2,2,2,0.8057553956834532,30,0.3659889094269871,2
0.1199382051402088,0.02359960228204727,42722,2587,0.36056023836135864,0.47980841994285583,0.15601782500743866,"llm_attention",0.455689400434494,0.00161743292119354,0.41326666312037874,2,2,2,0.5149352319253822,31,0.48363840644164596,2
0.36282736439919716,0.0,41353,2592,0.5768088698387146,0.7625391483306885,0.0830078125,"llm_attention",0.1244412288069725,0.002438147785142064,0.0,1,3,3,0.58256958382705,32,0.41743041617294996,3
0.04303443453941619,0.3372516632080078,28605,2685,0.1463572233915329,0.15750646591186523,0.32043009996414185,"llm_attention",0.21051618456840515,0.00708102248609066,0.3306056842259078,19,19,19,0.6418104935201868,33,0.4902289809473868,19
0.022267206477732792,0.4973828196525574,494,2923,0.06245393678545952,0.19829106330871582,0.0,"llm_attention",0.2728913426399231,0.11583995819091797,0.08902691511387163,5,5,4,0.8532325973867808,34,0.31781376518218624,5
0.09245261859369744,0.5174039006233215,44585,3156,0.4972039759159088,0.5451001524925232,0.06882022321224213,"llm_attention",0.05870155245065689,0.003810791065916419,0.12253169562316191,3,3,3,0.8048520115847365,35,0.21240327464393854,3
0.0,0.22987259924411774,842,3255,0.0968022495508194,0.1533336490392685,0.5333333611488342,"llm_attention",0.3150848150253296,0.13626505434513092,0.504750593824228,10,10,8,0.6520434093993944,36,0.46318289786223277,10
0.422168105318995,0.0,41474,3501,0.4205489158630371,0.3534752428531647,0.09459459781646729,"llm_attention",0.15720337629318237,0.0031059742905199528,0.0,1,3,3,0.4884264840623041,37,0.511573515937696,3
0.032633121641426475,0.13571374118328094,20470,3553,0.3976392149925232,0.5430552363395691,0.054441262036561966,"llm_attention",0.0354427769780159,0.005525879096239805,0.12362387637612363,2,2,2,0.8221618022417045,38,0.31314118221787984,2
0.19217898460655894,0.0,52295,3661,0.7846542596817017,0.6434327363967896,0.0,"llm_attention",nan,inf,0.0,1,1,1,0.8078210153934411,39,0.19217898460655894,1
0.2867847914359542,0.005493647418916225,54180,3845,0.31740301847457886,0.4942132532596588,0.09384460002183914,"llm_attention",0.2211257964372635,0.0036734044551849365,0.0038041509238652244,2,12,12,0.5141844534160341,40,0.48185677371723884,12
0.11749927927185866,0.29454025626182556,24281,3934,0.16518864035606384,0.19011875987052917,0.2199999988079071,"llm_attention",0.1823534369468689,0.012556362897157669,0.344222512600336,14,14,14,0.6246713489254819,41,0.48733577694493635,14
0.05858545975025912,0.12059791386127472,40522,4134,0.13223707675933838,0.1409434825181961,0.24817518889904022,"llm_attention",0.18119724094867706,0.009061696007847786,0.4144385026737968,18,20,20,0.6390140557947813,42,0.5904200187552441,20
0.23105776444111029,0.0,41323,4395,0.5464560389518738,0.5378084182739258,0.08481532335281372,"llm_attention",0.15017583966255188,0.002324929228052497,0.0,1,2,2,0.564189434455388,43,0.43581056554461195,2
0.016122728161031854,0.4976139962673187,20468,4495,0.44302836060523987,0.535308837890625,0.14906832575798035,"llm_attention",0.08021851629018784,0.008300566114485264,0.17439666302512663,3,3,3,0.8388935222100372,44,0.1877076411960133,3
0.003913894324853229,0.13778582215309143,4088,4765,0.28287798166275024,0.49262237548828125,0.014705882407724857,"llm_attention",0.03874941170215607,0.028249431401491165,0.27897838899803534,2,2,2,0.7843834688346883,45,0.311399217221135,2
0.43195481872836583,0.4071785807609558,60379,4795,0.593035876750946,0.5214202404022217,0.04577822983264923,"llm_attention",0.09754836559295654,0.002667580731213093,0.08557350282815325,3,3,3,0.6990174443931104,46,0.31186339621391546,3
0.1198885859902809,0.22282975912094116,33748,5001,0.1666567325592041,0.17209048569202423,0.31501832604408264,"llm_attention",0.22389590740203857,0.006902583409100771,0.5300653154669719,16,16,16,0.4828915483298644,47,0.5871459049425151,16
0.1526495650630215,0.0,45064,5037,0.6541885137557983,0.6636450290679932,0.07983193546533585,"llm_attention",0.021210046485066414,0.0027410578913986683,0.0,1,2,2,0.6751508965027516,48,0.3248491034972484,2
0.003785614664275752,0.0,5019,5060,0.47623640298843384,0.636277973651886,0.11249999701976776,"llm_attention",0.040693249553442,0.023773906752467155,0.0,1,2,2,0.6887826260211197,49,0.3112173739788803,2
0.028060734191812417,0.31063997745513916,36421,5193,0.30523180961608887,0.32789134979248047,0.20442929863929749,"llm_attention",0.1455560326576233,0.008024865761399269,0.4420746348766914,9,9,9,0.6008411572134542,50,0.4360945608302902,9
0.004181184668989547,0.005523976869881153,14350,5477,0.27343979477882385,0.47847244143486023,0.09956710040569305,"llm_attention",0.09841278195381165,0.007710752077400684,0.0596221133659902,2,2,2,0.7223871693283905,51,0.4689198606271777,2
0.09797896741247242,0.0,23107,5503,0.8142750859260559,0.8539524674415588,0.0,"llm_attention",nan,inf,0.0,1,1,1,0.9020210325875276,52,0.09797896741247242,1
0.026403673554581508,0.00019805955525953323,9582,5529,0.25573089718818665,0.48407217860221863,0.06211180239915848,"llm_attention",0.03794550895690918,0.01194977480918169,0.0004287705005895594,2,2,2,0.7759448736688244,53,0.4479231893132958,2
0.015310786106032906,0.1715894490480423,4376,5586,0.05326687917113304,0.10039813816547394,0.43478259444236755,"llm_attention",0.3880251944065094,0.024699389934539795,0.457182640983987,12,12,11,0.753812244318106,54,0.4453839122486289,12
0.029701249321021184,0.032008618116378784,46025,5600,0.23002977669239044,0.34379780292510986,0.229080930352211,"llm_attention",0.14249074459075928,0.0032194736413657665,0.3688029020556227,3,3,3,0.5127294618396109,55,0.47613253666485605,3
0.03497463062833073,0.32143542170524597,31337,5992,0.4227480888366699,0.535378098487854,0.11222445219755173,"llm_attention",0.14418314397335052,0.004584028851240873,0.3097781158030488,3,3,3,0.6340798392245041,56,0.3522672878705683,3
0.0750144927536232,0.020421862602233887,25875,6012,0.3009570837020874,0.44227707386016846,0.13647642731666565,"llm_attention",0.22917591035366058,0.003778171492740512,0.42567059413386815,2,2,2,0.5304162476430425,57,0.4687536231884058,2
0.1104186952288218,0.0,30810,6040,0.7052305936813354,0.7864696979522705,0.07258064299821854,"llm_attention",0.24669615924358368,0.005158477462828159,0.0,1,9,9,0.7251217137293087,58,0.27487828627069133,9
0.0,1.0,620,6213,0.07300989329814911,0.4758727550506592,0.0,"llm_attention",nan,inf,0.0,1,1,1,1.0,59,0.0,1
0.0,0.540510892868042,766,6460,0.18301256000995636,0.42495211958885193,0.20000000298023224,"llm_attention",0.058316171169281006,0.09470668435096741,0.11488250652741515,2,2,2,0.9327217125382263,60,0.11488250652741515,2
0.049689440993788817,0.38353660702705383,19481,6471,0.15709953010082245,0.19081822037696838,0.19936709105968475,"llm_attention",0.1710807830095291,0.018006043508648872,0.30286825473991247,13,14,14,0.6528673542903568,61,0.42867409270571327,14
0.11088319088319089,0.008717834018170834,8775,6614,0.22515781223773956,0.34293675422668457,0.16013072431087494,"llm_attention",0.30516865849494934,0.004339455161243677,0.02025121763650346,2,2,2,0.47640502127444373,62,0.47327635327635326,2
0.0,0.351750910282135,732,6723,0.10970457643270493,0.22445107996463776,0.529411792755127,"llm_attention",0.3297794461250305,0.026924539357423782,0.20081967213114754,6,6,6,0.8119725193682304,63,0.35792349726775957,6
0.09377052370411812,0.2740614414215088,41111,6763,0.371992290019989,0.39917322993278503,0.13916786015033722,"llm_attention",0.11322393268346786,0.005575397051870823,0.25528773888769596,4,5,5,0.7416398716478717,64,0.3679793729172241,5
0.051633598054686085,0.3444789946079254,38657,6771,0.28456225991249084,0.34770193696022034,0.20454545319080353,"llm_attention",0.23174762725830078,0.004901863634586334,0.3814680450615095,6,7,7,0.5096799033502429,65,0.44504229505652276,7
0.10237388724035608,0.0,1348,6818,0.2205212265253067,0.5770158767700195,0.0,"llm_attention",nan,inf,0.0,1,1,1,0.8976261127596439,66,0.10237388724035608,1
0.10418575012943566,0.3273625373840332,50218,6894,0.5972804427146912,0.6065568327903748,0.07556675374507904,"llm_attention",0.04935018718242645,0.0023903746623545885,0.19110389899079713,2,2,2,0.732745763252963,67,0.2753793460512167,2
0.057595031802474085,0.15948843955993652,19967,6954,0.1857772022485733,0.25147536396980286,0.24455206096172333,"llm_attention",0.19705264270305634,0.009180521592497826,0.5157038847850348,7,7,7,0.5085115248644932,68,0.5715931286622928,7
0.006997299287994108,0.4772472679615021,8146,7088,0.3455192446708679,0.45880264043807983,0.18796992301940918,"llm_attention",0.15251556038856506,0.0192507803440094,0.15168747682037334,4,4,4,0.8140706452950175,69,0.2472379081757918,4
0.07447002000687104,0.45972806215286255,49483,7108,0.4266987144947052,0.4632558226585388,0.14702154695987701,"llm_attention",0.10908488929271698,0.004064284265041351,0.18677671514039915,4,4,4,0.7564426949299381,70,0.27773174625629005,4
0.0013679890560875513,0.14690545201301575,2193,7278,0.29328829050064087,0.5139250159263611,0.0555555559694767,"llm_attention",0.0434754379093647,0.05271507799625397,0.2511415525114155,2,2,2,0.7921045957747099,71,0.3082535339717282,2
0.026832046576382735,0.6982123255729675,7901,7281,0.399236261844635,0.4838600158691406,0.10852713137865067,"llm_attention",0.14688435196876526,0.022247662767767906,0.13538821693328132,5,5,5,0.831852399465617,72,0.19719022908492595,5
0.21416163976881533,0.14975234866142273,31663,7386,0.29662248492240906,0.36928901076316833,0.13926498591899872,"llm_attention",0.14255432784557343,0.0073316749185323715,0.0913511775580741,5,5,5,0.79829082902515,73,0.4025834570318668,5
0.07692307692307693,0.07792705297470093,4433,7511,0.10191557556390762,0.18795277178287506,0.34375,"llm_attention",0.21941369771957397,0.03630803897976875,0.06989247311827956,8,8,8,0.9171864734309076,74,0.46785472591924204,8
0.013343711775825643,0.557680606842041,8993,7574,0.22036071121692657,0.25364458560943604,0.25342464447021484,"llm_attention",0.1894306242465973,0.03605415299534798,0.2159359855742139,12,12,12,0.739717109152124,75,0.2635383075725564,12
0.0179421768707483,3.2829293559188955e-06,11760,7784,0.7323863506317139,0.827109694480896,0.0,"llm_attention",nan,inf,0.0,1,1,1,0.9820578231292517,76,0.0179421768707483,1
0.03638691557905171,0.21488067507743835,24212,7795,0.31315183639526367,0.4510112404823303,0.16310159862041473,"llm_attention",0.1468973606824875,0.006339985877275467,0.2613261326132613,3,3,3,0.7756267206909726,77,0.33487526846191973,3
0.009913873226346117,0.6512210369110107,16139,7816,0.25700095295906067,0.3241128921508789,0.1269230842590332,"llm_attention",0.21935980021953583,0.011295064352452755,0.20345453407597472,8,8,8,0.5859316630838376,78,0.22913439494392465,8
0.06617862371888726,0.0460512600839138,20490,7818,0.0918426588177681,0.1486896425485611,0.13215859234333038,"llm_attention",0.14846423268318176,0.011560847982764244,0.01620152607923069,6,10,10,0.7676567982970725,79,0.31908247925817473,10
0.0010193679918450561,0.09703844040632248,3924,7888,0.2284775972366333,0.4536362588405609,0.10769230872392654,"llm_attention",0.12448612600564957,0.026903092861175537,0.3436224489795918,2,2,2,0.6546928071655478,80,0.3442915392456677,2
0.011496531219028742,0.17457105219364166,5045,7977,0.12780146300792694,0.23694638907909393,0.15909090638160706,"llm_attention",0.40538832545280457,0.020333558320999146,0.08802887507519551,6,6,6,0.8743965051204498,81,0.312784935579782,6
0.015530855881142173,-0.0014855116605758667,26721,7991,0.1257994920015335,0.23467904329299927,0.3014354109764099,"llm_attention",0.40171271562576294,0.0019982964731752872,0.002965103018322816,3,3,3,0.7606726716229311,82,0.5080648179334606,3
0.09075988839652059,0.14937938749790192,24372,8021,0.1831658035516739,0.26458218693733215,0.19638243317604065,"llm_attention",0.23785023391246796,0.005442379042506218,0.3555054151624549,6,7,7,0.6586810990027598,83,0.4922041687182012,7
0.007741766172418318,0.3449513614177704,7621,8211,0.20650355517864227,0.28338780999183655,0.15267175436019897,"llm_attention",0.11390260607004166,0.02852001041173935,0.275059508066649,6,6,6,0.5672544603585127,84,0.45453352578401784,6
0.23807285020261043,0.033528536558151245,44667,8277,0.18221791088581085,0.21987296640872955,0.18472906947135925,"llm_attention",0.34455960988998413,0.004823918920010328,0.3392001880527723,3,13,13,0.4617308554803629,85,0.6218684935187051,13
0.0861496826573021,0.0,31039,8532,0.7376041412353516,0.791779637336731,0.05928853899240494,"llm_attention",0.036551810801029205,0.003806660184636712,0.0,1,2,2,0.784561358291182,86,0.21543864170881794,2
0.03815721870183251,0.6598753929138184,29195,8629,0.2589292824268341,0.28664007782936096,0.23706896603107452,"llm_attention",0.26815345883369446,0.00530591094866395,0.29144261244257685,7,7,7,0.5992838778979593,87,0.30464120568590514,7
0.05234638229879468,0.33116161823272705,28789,8690,0.30058154463768005,0.34217438101768494,0.19017094373703003,"llm_attention",0.1450968086719513,0.006067775189876556,0.32743200645113996,5,5,5,0.6318564120205423,88,0.3813262009795408,5
0.0014285714285714286,0.8265546560287476,700,8762,0.13728675246238708,0.26118215918540955,0.25,"llm_attention",0.3350507915019989,0.12193305045366287,0.09012875536480687,5,5,5,0.9205244693470634,89,0.06714285714285714,5
0.07586681342872867,0.32338064908981323,36340,8844,0.3517626225948334,0.41423001885414124,0.13864818215370178,"llm_attention",0.12064366787672043,0.005828293971717358,0.22017091981061845,5,5,5,0.7583463361969531,90,0.35539350577875617,5
0.06692913385826772,0.5530890822410583,762,8899,0.1289202719926834,0.39239755272865295,0.27272728085517883,"llm_attention",0.12132856994867325,0.15905776619911194,0.13220815752461323,2,2,2,0.7836216415163784,91,0.19028871391076116,2
0.12562564339214086,0.1316971331834793,28171,9378,0.15043021738529205,0.2339874655008316,0.16701902449131012,"llm_attention",0.15433871746063232,0.007170437835156918,0.08497076973043195,5,6,6,0.544018461182522,92,0.4242660892407085,6
0.05347064330613883,0.335416316986084,37385,9400,0.2316768318414688,0.2253316342830658,0.29780563712120056,"llm_attention",0.1713773012161255,0.007967489771544933,0.4092013790764709,18,21,21,0.5754098320677931,93,0.4828407115153136,21
0.22163187855787475,0.4518072307109833,47430,9448,0.6651788949966431,0.6340668797492981,0.03153745085000992,"llm_attention",0.026230569928884506,0.002559154061600566,0.09691749282192968,2,2,2,0.7245861815799768,94,0.29706936538056083,2
0.0467792680907435,0.7031323313713074,12078,9483,0.2719411849975586,0.332907110452652,0.0357142873108387,"llm_attention",0.15199878811836243,0.017592888325452805,0.06175627551463563,6,6,6,0.9142969617320015,95,0.1635204504056963,6
0.0034562211981566822,0.41376298666000366,23436,9590,0.149737149477005,0.15968306362628937,0.21394230425357819,"llm_attention",0.21125051379203796,0.016845790669322014,0.2805823164204667,18,26,24,0.76505847471998,96,0.3812937361324458,26
0.21314413741598207,0.065493643283844,13390,9769,0.2483154982328415,0.39437296986579895,0.09813084453344345,"llm_attention",0.20514896512031555,0.007551326882094145,0.03198557327258922,3,5,5,0.7105554179215406,97,0.37983569828230024,5
0.0035612535612535613,0.8242048621177673,2808,9772,0.2344895452260971,0.35565245151519775,0.043478261679410934,"llm_attention",0.09520313143730164,0.039702411741018295,0.08363116511794139,4,4,4,0.9199488370464466,98,0.0868945868945869,4
0.03587565167020661,0.5301870107650757,25895,9891,0.2642500400543213,0.29197970032691956,0.1981566846370697,"llm_attention",0.13782444596290588,0.015375951305031776,0.23095409757269886,11,13,13,0.7116097364886174,99,0.31226105425757866,13
0.034466175056107724,0.37324410676956177,31190,9914,0.23259560763835907,0.2564775049686432,0.20078739523887634,"llm_attention",0.12674745917320251,0.008527655154466629,0.26053461730034866,7,7,7,0.6048038935224683,100,0.4037512023084322,7
0.06190595926577822,0.06415233761072159,19885,10092,0.36862313747406006,0.527697741985321,0.03870967775583267,"llm_attention",0.07281750440597534,0.005973026622086763,0.00825560201565348,2,2,2,0.9207338705590188,101,0.15730450088006034,2
0.1436504658313828,0.3203442096710205,43578,10363,0.30858415365219116,0.3596818447113037,0.09475218504667282,"llm_attention",0.12985824048519135,0.004628099966794252,0.12594458438287154,4,4,4,0.7962571702391735,102,0.28736977373904266,4
0.2790748365221603,0.0,41290,10583,0.5864211916923523,0.6893377900123596,0.05467928573489189,"llm_attention",0.10908975452184677,0.0033170937094837427,0.0,1,4,4,0.6124969726325987,103,0.38750302736740133,4
0.06101219591730255,0.2465035319328308,30666,10707,0.17317457497119904,0.19733062386512756,0.2455795705318451,"llm_attention",0.15704482793807983,0.014097597450017929,0.4143080395902066,14,15,15,0.7106576019320706,104,0.5105002282658319,15
0.0702893436838391,0.010208245366811752,14170,10764,0.28839167952537537,0.4922178089618683,0.10743801295757294,"llm_attention",0.06354845315217972,0.0077384114265441895,0.007590708972218006,2,2,2,0.8140724946695096,105,0.36923076923076925,2
0.06396761133603239,0.27469825744628906,2470,10977,0.30966711044311523,0.4716973602771759,0.18918919563293457,"llm_attention",0.09649896621704102,0.04753851890563965,0.2054498269896194,2,2,2,0.8250414593698177,106,0.2562753036437247,2
0.04256983754429564,0.0,21729,10995,0.8282836079597473,0.8659324645996094,0.0,"llm_attention",nan,inf,0.0,1,1,1,0.9574301624557043,107,0.04256983754429564,1
0.18450454706507619,0.31192734837532043,42335,11051,0.572806715965271,0.5879204273223877,0.11695906519889832,"llm_attention",0.18061082065105438,0.0033154913689941168,0.14169852855984244,2,3,3,0.642941184806713,108,0.3619700011810559,3
0.0,1.0,1470,11122,0.2440239042043686,0.5864704847335815,0.0,"llm_attention",nan,inf,0.0,1,1,1,1.0,109,0.0,1
0.039761522586562716,0.37053948640823364,21805,11149,0.30080825090408325,0.38811245560646057,0.19705882668495178,"llm_attention",0.1768922060728073,0.007139642257243395,0.23130193905817176,5,5,5,0.8006468525764596,110,0.3252923641366659,5
0.01689291101055807,0.5216601490974426,3315,11197,0.136918306350708,0.20943406224250793,0.12244898080825806,"llm_attention",0.14475581049919128,0.08511769026517868,0.22491561828781834,8,8,8,0.8161202146993076,111,0.2920060331825038,8
0.13635741652983033,0.5232147574424744,14616,11511,0.2318548709154129,0.25944095849990845,0.12711864709854126,"llm_attention",0.11645521968603134,0.016134975478053093,0.20739919195120018,7,7,7,0.661335255778009,112,0.3086343732895457,7
0.0,1.0,467,11615,0.023770742118358612,0.36451104283332825,0.0,"llm_attention",nan,inf,0.0,1,1,1,1.0,113,0.0,1
0.08414444356519216,0.35638871788978577,37911,11699,0.32612743973731995,0.3740697205066681,0.17721518874168396,"llm_attention",0.10639681667089462,0.006841085385531187,0.3121741885314363,6,6,6,0.6883707974016788,114,0.3867215320091794,6
0.07304575163398692,0.12880408763885498,19125,11760,0.33081331849098206,0.4735495150089264,0.15806451439857483,"llm_attention",0.17231206595897675,0.006999592762440443,0.4572427797833935,3,3,3,0.5617001398497009,115,0.4406797385620915,3
0.006589785831960461,0.88904869556427,3642,11813,0.21148686110973358,0.380630761384964,0.032258063554763794,"llm_attention",0.113298699259758,0.026267530396580696,0.025981205085682697,2,2,2,0.9644151311962952,116,0.032399780340472265,2
0.10425244684441444,0.24167227745056152,29630,12062,0.24292464554309845,0.3041001558303833,0.1827957034111023,"llm_attention",0.20678341388702393,0.004077345598489046,0.26408198636072494,3,3,3,0.5262230774599641,117,0.43351333108336143,3
0.07102001906577693,0.43268951773643494,2098,12120,0.0744968056678772,0.09691879153251648,0.4285714328289032,"llm_attention",0.27398672699928284,0.03633984550833702,0.29502308876346844,19,20,18,0.7200707712106339,118,0.42087702573879887,20
0.05627344726969571,0.592578113079071,2399,12280,0.1861993968486786,0.30303606390953064,0.1666666716337204,"llm_attention",0.16869612038135529,0.06537437438964844,0.09231448763250884,5,5,5,0.7148002137673475,119,0.2980408503543143,5
0.07068746470920384,0.06786376982927322,28336,12576,0.19260357320308685,0.26503685116767883,0.12999999523162842,"llm_attention",0.13856211304664612,0.00924697332084179,0.04344358789351764,7,15,15,0.7539188111217874,120,0.4803783173348391,15
0.02162565249813572,0.34153908491134644,16092,12639,0.15433421730995178,0.174478679895401,0.26053640246391296,"llm_attention",0.25415486097335815,0.010798401199281216,0.3594385162601626,15,15,15,0.6022623491771452,121,0.4357444693015163,15
0.006456241032998565,0.0,4182,12667,0.24780818819999695,0.5211687088012695,0.0,"llm_attention",nan,inf,0.0,1,1,1,0.9935437589670014,122,0.006456241032998565,1
0.019175686676515813,0.2752492427825928,33167,12670,0.14992430806159973,0.14961299300193787,0.3666061758995056,"llm_attention",0.23359070718288422,0.005502606276422739,0.4901785988749193,21,23,23,0.5673725039354662,123,0.5476829378599211,23
0.13465122313698663,0.4629359245300293,42391,12748,0.56174635887146,0.5995581150054932,0.1312684416770935,"llm_attention",0.1034412682056427,0.003591915126889944,0.19513125971158302,3,3,3,0.6930833194353242,124,0.303507820056144,3
0.25366513080233044,0.0,52522,13004,0.7220837473869324,0.838066577911377,0.0341796875,"llm_attention",0.054632995277643204,0.0018464198801666498,0.0,1,2,2,0.7281329728494726,125,0.2718670271505274,2
0.13104528544656094,0.36975738406181335,35751,13177,0.4562776982784271,0.49289727210998535,0.09236234426498413,"llm_attention",0.05735248327255249,0.004787640180438757,0.22558424000515032,3,3,3,0.7274103513630119,126,0.32706777432799083,3
0.07395659432387312,0.0871870294213295,11980,13201,0.37051475048065186,0.5535011291503906,0.043062202632427216,"llm_attention",0.042984891682863235,0.009157209657132626,0.04083288263926447,2,2,2,0.8473149995662358,127,0.2938230383973289,2
0.012202714481384635,0.20444130897521973,16062,13291,0.1533736139535904,0.22938692569732666,0.33448275923728943,"llm_attention",0.18795426189899445,0.008072653785347939,0.468864237993193,6,8,8,0.5346771423699257,128,0.5638774747852073,8
0.02950990615224192,0.017750317230820656,9590,13348,0.09618972986936569,0.2046349048614502,0.1975308656692505,"llm_attention",0.35160568356513977,0.0105905681848526,0.010207370796174921,5,7,7,0.8478658808279661,129,0.42752867570385816,7
0.09775591761450968,0.33884021639823914,3253,13546,0.15217769145965576,0.23082593083381653,0.3396226465702057,"llm_attention",0.21731288731098175,0.03667580708861351,0.30255536626916524,7,8,8,0.6792769713709289,130,0.3845680909929296,8
0.02087919202382494,0.1510607898235321,30892,13597,0.36765503883361816,0.3916456997394562,0.08418890833854675,"llm_attention",0.06757852435112,0.0037983101792633533,0.043277019208516544,2,2,2,0.7181757893244055,131,0.29486598472096337,2
0.07906608354282173,0.4108061194419861,29039,13659,0.28222569823265076,0.2887886166572571,0.2271762192249298,"llm_attention",0.1560334414243698,0.013027110137045383,0.30422914407508506,16,16,16,0.6059785833072127,132,0.4359654258066738,16
0.051524259338772006,0.28706425428390503,23290,13729,0.21008801460266113,0.24588511884212494,0.21715818345546722,"llm_attention",0.1584869921207428,0.010848546400666237,0.41303757356269805,10,10,10,0.6987753316690176,133,0.439888364104766,10
0.0020325203252032522,0.7440237998962402,492,13774,0.14207442104816437,0.4163089990615845,0.1111111119389534,"llm_attention",0.04716094583272934,0.21011066436767578,0.05295315682281059,2,2,2,0.9680851063829787,134,0.054878048780487805,2
0.009820880531220356,0.5167403221130371,17921,13923,0.2253197282552719,0.24732595682144165,0.26644736528396606,"llm_attention",0.18590964376926422,0.01980777084827423,0.356494787264018,16,17,16,0.6673741303927723,135,0.3688410244964009,17
0.12560966459068057,0.2143915593624115,13327,14007,0.29797905683517456,0.43076053261756897,0.05140186846256256,"llm_attention",0.07616294175386429,0.005916091147810221,0.1940272891101004,2,2,2,0.785326192524241,136,0.29976738951001725,2
0.08534123031363575,0.5199142694473267,7429,14038,0.15726681053638458,0.16046442091464996,0.25190839171409607,"llm_attention",0.28513291478157043,0.020129695534706116,0.1892568064753495,20,20,19,0.7476111347269174,137,0.30529007941849506,20
0.024269624378251673,0.5206606984138489,34982,14226,0.3701397478580475,0.4124036729335785,0.16192170977592468,"llm_attention",0.14449812471866608,0.007553571369498968,0.24996337854861864,6,7,7,0.6731643241488506,138,0.3176776627980104,7
0.015911193339500463,0.0,5405,14380,0.7698653936386108,0.8717304468154907,0.0,"llm_attention",nan,inf,0.0,1,1,1,0.9840888066604996,139,0.015911193339500463,1
0.009587071149763747,0.798299252986908,14603,14439,0.2208966612815857,0.25145667791366577,0.14644351601600647,"llm_attention",0.24018864333629608,0.011454949155449867,0.11892415128258314,13,14,14,0.7173274277633965,140,0.19585016777374512,14
0.06916496945010184,0.502841591835022,12275,14473,0.2851024568080902,0.364692747592926,0.05050504952669144,"llm_attention",0.3684205114841461,0.006652436684817076,0.03623315245930334,6,6,6,0.7371361031634293,141,0.10386965376782077,6
0.14604147103646803,0.1650133579969406,64961,14831,0.49289023876190186,0.38076743483543396,0.0810546875,"llm_attention",0.10779543220996857,0.0017425870755687356,0.2797346504668854,2,2,2,0.6495818139291736,142,0.38492326164929724,2
0.3307438471057335,0.0,29092,14888,0.461691677570343,0.4844493567943573,0.0,"llm_attention",nan,inf,0.0,1,1,1,0.6692561528942664,143,0.3307438471057335,1
0.030348434103061286,0.1460697203874588,34038,15079,0.35814860463142395,0.48455092310905457,0.1022304818034172,"llm_attention",0.13142910599708557,0.004520836286246777,0.3999394031207393,3,3,3,0.6251240824598042,144,0.3431165168341266,3
0.09817643765496281,0.055377982556819916,50012,15254,0.09893186390399933,0.11369076371192932,0.271619975566864,"llm_attention",0.25965723395347595,0.002470413688570261,0.5189570307303446,7,8,8,0.4794452646792858,145,0.6922138686715188,8
0.09814722083124687,0.0,1997,15272,0.6127934455871582,0.7974691390991211,0.0,"llm_attention",nan,inf,0.0,1,1,1,0.9018527791687532,146,0.09814722083124687,1
0.11996413245372446,0.0,46839,15278,0.8241857290267944,0.7312859892845154,0.0,"llm_attention",nan,inf,0.0,1,1,1,0.8800358675462755,147,0.11996413245372446,1
0.14452742123687282,0.15405872464179993,42850,15335,0.14141112565994263,0.1553834229707718,0.26560232043266296,"llm_attention",0.30846381187438965,0.003954210318624973,0.5204735793982049,13,13,13,0.4992364202793257,148,0.5989964994165694,13
0.020224269122947537,0.4907441735267639,4994,15338,0.33549854159355164,0.45606765151023865,0.15000000596046448,"llm_attention",0.1329725980758667,0.038242071866989136,0.21316165951359084,4,4,4,0.8493856313028832,149,0.2290748898678414,4
0.0076285240464344945,0.5331818461418152,6030,15440,0.4156889021396637,0.548018217086792,0.0824742242693901,"llm_attention",0.1691058874130249,0.02273201011121273,0.17078877005347592,3,3,3,0.7888157695085184,150,0.1771144278606965,3
0.2521477145562538,0.2994205951690674,58085,15497,0.45833897590637207,0.38905012607574463,0.12260127812623978,"llm_attention",0.06273120641708374,0.0029218869749456644,0.2471051359377518,3,3,3,0.6906741671097537,151,0.43694585521218904,3
0.047284972639259154,0.5348652005195618,7127,15517,0.18418565392494202,0.20193281769752502,0.3636363744735718,"llm_attention",0.3526957035064697,0.018610941246151924,0.3877761413843888,13,13,12,0.5821605713285801,152,0.3551283850147327,13
0.04256189891549007,0.503700315952301,4887,15597,0.29497823119163513,0.4176536798477173,0.1358024626970291,"llm_attention",0.16203704476356506,0.02579084411263466,0.1944860012823253,3,3,3,0.7610622130271644,153,0.2222222222222222,3
0.002912621359223301,0.8445544242858887,3090,15660,0.21366915106773376,0.3271436393260956,0.18367347121238708,"llm_attention",0.13514059782028198,0.06930761784315109,0.05809802012333658,5,5,5,0.9498962028423266,154,0.08025889967637541,5
0.017923958961979482,3.310501824671519e-06,16570,15746,0.8424621820449829,0.8903458118438721,0.0,"llm_attention",nan,inf,0.0,1,1,1,0.9820760410380205,155,0.017923958961979482,1
0.04743551734361103,0.368523508310318,3373,15751,0.2624119818210602,0.40057510137557983,0.21052631735801697,"llm_attention",0.26300275325775146,0.03677806630730629,0.3330220977279801,4,4,4,0.5711956762774393,156,0.3815594426326712,4
0.11345682375374558,0.4226433038711548,7342,15956,0.3270995318889618,0.4650842547416687,0.11965811997652054,"llm_attention",0.06623510271310806,0.023132577538490295,0.028114917806114612,3,3,3,0.8485330669797269,157,0.30822664124216836,3
0.0,0.30690911412239075,1266,16010,0.16997173428535461,0.29829731583595276,0.3214285671710968,"llm_attention",0.33158621191978455,0.05138632282614708,0.21879936808846762,5,5,5,0.7713617939380145,158,0.3570300157977883,5
0.026180669186932234,0.2009812593460083,17723,16228,0.17394272983074188,0.22260208427906036,0.2006578892469406,"llm_attention",0.2099667638540268,0.014534959569573402,0.21658265252911524,10,14,14,0.7181589729096454,159,0.46290131467584494,14
0.04897365443672216,0.30871933698654175,18561,16249,0.23488587141036987,0.28247934579849243,0.2561728358268738,"llm_attention",0.16150909662246704,0.01474971417337656,0.3666440063448901,9,10,10,0.6363781223655336,160,0.4606432843058025,10
0.033900152605188576,0.6396929621696472,9174,16439,0.36802515387535095,0.5182196497917175,0.03448275849223137,"llm_attention",0.06314802169799805,0.012836896814405918,0.036556470720974836,2,2,2,0.9620169876779519,161,0.06921735339001527,2
0.0029977911012937833,0.6864456534385681,6338,16451,0.21440576016902924,0.25011682510375977,0.2017543911933899,"llm_attention",0.1977369487285614,0.032754309475421906,0.2247191011235955,12,12,12,0.7616811712525133,162,0.2335121489428842,12
0.036044362292051754,0.0,2164,16502,0.6317383646965027,0.8062868118286133,0.0,"llm_attention",nan,inf,0.0,1,1,1,0.9639556377079482,163,0.036044362292051754,1
0.26525475612797894,0.11584820598363876,44101,16598,0.4966343641281128,0.464813232421875,0.05766710266470909,"llm_attention",0.0927743911743164,0.0033418035600334406,0.05425423571891492,2,3,3,0.8103247942872522,164,0.346953583818961,3
0.055072028811524606,0.3560616672039032,6664,16958,0.1628730446100235,0.22433197498321533,0.14150942862033844,"llm_attention",0.2086171954870224,0.024191012606024742,0.26901699221851677,6,6,6,0.6790047273710194,165,0.2995198079231693,6
0.03627956606793527,0.6206772923469543,11246,17029,0.40864333510398865,0.5107020139694214,0.10000000149011612,"llm_attention",0.059714823961257935,0.019591543823480606,0.08793135264809006,4,4,4,0.8982825210407726,166,0.1683265160946114,4
0.12883300242664902,0.0,18132,17031,0.7899975180625916,0.8527892827987671,0.0,"llm_attention",nan,inf,0.0,1,1,1,0.871166997573351,167,0.12883300242664902,1
0.04557231297897292,0.0006049571675248444,36667,17115,0.37058839201927185,0.4633740484714508,0.07836456596851349,"llm_attention",0.2791230082511902,0.0024552836548537016,0.48848439821693906,2,2,2,0.7109629238341306,168,0.289061008536286,2
0.0550676477569428,0.7836325764656067,8426,17178,0.3590247929096222,0.4430267810821533,0.1259259283542633,"llm_attention",0.18417266011238098,0.022508902475237846,0.1163024365737252,5,5,5,0.6600260909728508,169,0.16627106574887254,5
0.0028841111693759833,0.43472063541412354,3814,17182,0.12002955377101898,0.14822246134281158,0.28787878155708313,"llm_attention",0.26128411293029785,0.045356448739767075,0.36418616881409416,8,8,8,0.5575972257049573,170,0.40665967488201366,8
0.12006231222877489,0.286155641078949,44935,17207,0.579460859298706,0.6173427700996399,0.04836415499448776,"llm_attention",0.04045933485031128,0.0027189531829208136,0.09124936772888215,2,2,2,0.8817228534820737,171,0.20778902859686213,2
0.016716972370559555,0.6089598536491394,4307,17379,0.26786455512046814,0.4527154862880707,0.07777778059244156,"llm_attention",0.220270037651062,0.02011527307331562,0.011570247933884297,2,4,4,0.8470690833243428,172,0.1634548409565823,4
0.0,0.14445443451404572,1422,17436,0.1532929688692093,0.33676213026046753,0.23076923191547394,"llm_attention",0.18483780324459076,0.06978297233581543,0.3628691983122363,3,3,3,0.697122742577288,173,0.43248945147679324,3
0.010777998017839446,0.5046011805534363,8072,17627,0.19397702813148499,0.21045751869678497,0.2348484843969345,"llm_attention",0.25007012486457825,0.03015461191534996,0.3395115842204133,15,15,14,0.8130557071563983,174,0.22683349851337958,15
0.036480157752033525,0.0,32456,17714,0.5845285654067993,0.5065780878067017,0.12188365310430527,"llm_attention",0.2337922602891922,0.008121616207063198,0.0,1,17,17,0.6830786295292087,175,0.3169213704707912,17
0.032759450723275484,0.5253417491912842,43621,17899,0.34343624114990234,0.3782086968421936,0.10294117778539658,"llm_attention",0.13669432699680328,0.008516207337379456,0.10238907849829351,6,10,10,0.7192958695112924,176,0.2608147451915362,10
0.0331638548648024,0.14362646639347076,8654,17905,0.32913652062416077,0.4945093095302582,0.07874015718698502,"llm_attention",0.17721641063690186,0.01277871523052454,0.27094538066212503,2,2,2,0.7763869221639386,177,0.315923272475156,2
0.07356357441536317,0.20523840188980103,12914,17959,0.0961637943983078,0.1261032521724701,0.27014216780662537,"llm_attention",0.28112173080444336,0.012815536931157112,0.5211467736542962,16,16,16,0.6594850878802798,178,0.4584946569614372,16
0.020910804340074373,0.3859769403934479,39262,18150,0.2517828345298767,0.28016701340675354,0.17610062658786774,"llm_attention",0.10884042084217072,0.007532134186476469,0.19851200541088942,7,7,7,0.8247346189665798,179,0.3366359329631705,7
0.017887970615243342,0.1863822191953659,27225,18193,0.39410823583602905,0.5040055513381958,0.11737088859081268,"llm_attention",0.07237604260444641,0.006073587574064732,0.15887500934998877,2,3,3,0.5971540957995984,180,0.34751147842056934,3
0.0017239397770371222,0.27984344959259033,8701,18491,0.14143024384975433,0.1959773153066635,0.25517240166664124,"llm_attention",0.17947924137115479,0.027188928797841072,0.41192723923555147,11,11,11,0.6440311811124227,181,0.5520055166072865,11
0.08601633829889477,0.0,4162,18519,0.6463891267776489,0.80633944272995,0.0,"llm_attention",nan,inf,0.0,1,1,1,0.9139836617011052,182,0.08601633829889477,1
0.17029944998981464,0.022657934576272964,34363,18575,0.13237233459949493,0.24384498596191406,0.1305241584777832,"llm_attention",0.1424439251422882,0.004337373189628124,0.011013293114938094,3,7,7,0.7743626016100978,183,0.35846695573727555,7
0.04100367197062423,0.0,14706,18737,0.7210860252380371,0.8075128793716431,0.0,"llm_attention",nan,inf,0.0,1,1,1,0.9589963280293757,184,0.04100367197062423,1
0.2042161728580739,0.0,39894,18770,0.5968344807624817,0.5868691205978394,0.05612998455762863,"llm_attention",0.06286951899528503,0.002764178905636072,0.0,1,2,2,0.6323507294329974,185,0.3676492705670026,2
0.059391094595475584,0.0,15339,18833,0.481607586145401,0.588870644569397,0.0,"llm_attention",nan,inf,0.0,1,1,1,0.9406089054045245,186,0.059391094595475584,1
0.11129112392802368,0.3132445216178894,46293,18837,0.43591004610061646,0.4703975319862366,0.08389715850353241,"llm_attention",0.2189795970916748,0.00382406753487885,0.05498164847718821,4,6,6,0.6597730265655477,187,0.24532866740111897,6
0.023696682464454975,0.8420608639717102,422,19042,0.14370884001255035,0.34315231442451477,0.3333333432674408,"llm_attention",0.33939847350120544,0.16020099818706512,0.06796116504854369,3,3,3,0.9529186461264088,188,0.035545023696682464,3
0.006503927696595997,0.3635386824607849,11839,19109,0.20400746166706085,0.22813810408115387,0.390625,"llm_attention",0.22907119989395142,0.013863190077245235,0.4266281244686278,15,15,15,0.6418788202254342,189,0.41101444378748203,15
0.021972692680743117,0.6924605369567871,26806,19221,0.6179068088531494,0.6529240012168884,0.037383176386356354,"llm_attention",0.03543265163898468,0.004448039922863245,0.07415036045314109,2,2,2,0.9215786506453947,190,0.09449377005148102,2
0.11612014329016258,0.04639206454157829,54435,19402,0.34508806467056274,0.36392053961753845,0.14316469430923462,"llm_attention",0.116885244846344,0.0026627518236637115,0.35958348921311883,2,3,3,0.5314018697952563,191,0.46909157711031507,3
0.12783720323506392,0.33236655592918396,19165,19432,0.15189620852470398,0.16548499464988708,0.34662577509880066,"llm_attention",0.3000568449497223,0.0114543866366148,0.47502243493867785,15,15,15,0.4552315249953194,192,0.5072267153665536,15
0.08636222429325878,0.0,16095,19742,0.5849011540412903,0.6897966861724854,0.0,"llm_attention",nan,inf,0.0,1,1,1,0.9136377757067412,193,0.08636222429325878,1
0.15916232768309746,0.21387450397014618,43597,19786,0.309725821018219,0.34230244159698486,0.20336605608463287,"llm_attention",0.1527603268623352,0.003700939239934087,0.31728408532925967,4,5,5,0.6301997825109695,194,0.49262563937885634,5
0.24792060491493384,0.0,42320,19924,0.6078516840934753,0.5957556962966919,0.06666667014360428,"llm_attention",0.04030746966600418,0.0027223913930356503,0.0,1,2,2,0.6245274102079396,195,0.3754725897920605,2
0.03679924835577827,0.5065360069274902,6386,20059,0.5535409450531006,0.6869807243347168,0.06666667014360428,"llm_attention",0.07851257920265198,0.01752607710659504,0.1285969761014469,2,2,2,0.8605786315688397,196,0.16066395239586595,2
0.18764959310674964,0.0,31335,20107,0.7546246647834778,0.7740589380264282,0.0,"llm_attention",nan,inf,0.0,1,1,1,0.8123504068932503,197,0.18764959310674964,1
0.09510034351835112,0.0,11062,20247,0.834097146987915,0.899120032787323,0.0,"llm_attention",nan,inf,0.0,1,1,1,0.9048996564816489,198,0.09510034351835112,1
0.03351839718610987,0.0867055132985115,28999,20333,0.23867309093475342,0.36670875549316406,0.18108652532100677,"llm_attention",0.09782178699970245,0.0049579087644815445,0.050487030363577975,3,3,3,0.7381651079628915,199,0.41222111107279563,3
0.0,0.31332966685295105,9590,20553,0.21527761220932007,0.24556779861450195,0.09876543283462524,"llm_attention",0.208229199051857,0.025650672614574432,0.3505735140771637,11,11,11,0.6667239526408394,200,0.3588112617309698,11
0.0819133775326848,0.13820946216583252,16139,20571,0.07001242786645889,0.1230725422501564,0.2846441864967346,"llm_attention",0.22129005193710327,0.011945271864533424,0.19497874063575624,11,12,12,0.6765089166230871,201,0.5303302559018527,12
0.11760566295483711,0.11672850698232651,48314,20992,0.4299378991127014,0.48592087626457214,0.06737120449542999,"llm_attention",0.04979529231786728,0.0024816549848765135,0.07914242822293113,2,2,2,0.7922277190241669,202,0.3110485573539761,2
0.10495130702203997,0.19583746790885925,48775,21167,0.49242329597473145,0.5116612315177917,0.15258511900901794,"llm_attention",0.1333964318037033,0.003807254834100604,0.21962616822429906,2,4,4,0.5671114837471823,203,0.4360840594566889,4
0.0573794305636258,0.49013471603393555,6884,21465,0.22460515797138214,0.3817835748195648,0.05607476457953453,"llm_attention",0.06921647489070892,0.01692562736570835,0.12020342117429496,2,2,2,0.8629295877703407,204,0.17068564787914003,2
0.055444589847785664,0.49670344591140747,43557,21503,0.26165571808815,0.23475109040737152,0.14890511333942413,"llm_attention",0.21868209540843964,0.006448882166296244,0.3500802100043751,8,8,8,0.6968551035142192,205,0.26762632871869046,8
0.1540290369618969,0.0,31546,21604,0.4337661564350128,0.5509971976280212,0.11797752976417542,"llm_attention",0.148969829082489,0.003185165347531438,0.0,1,2,2,0.4934698535472009,206,0.506530146452799,2
0.0018359853121175031,0.5231486558914185,3268,21839,0.15460802614688873,0.1923641860485077,0.2857142984867096,"llm_attention",0.26045483350753784,0.05998553708195686,0.2706928264868179,14,15,14,0.7282477853229785,207,0.30630354957160344,15
0.05240014657383657,0.4478468894958496,8187,21879,0.2603204846382141,0.328612744808197,0.16428571939468384,"llm_attention",0.10864026099443436,0.03587457910180092,0.23214746068574374,7,7,7,0.7588131681414573,208,0.2896054720898986,7
0.05000708315625443,0.784466028213501,14118,21903,0.7185080051422119,0.7868226170539856,0.02222222276031971,"llm_attention",0.042344655841588974,0.008500696159899235,0.027438115120787355,2,2,2,0.938805389656582,209,0.07607309817254569,2
0.0018672332753847144,0.38677725195884705,31062,22192,0.47927936911582947,0.5348186492919922,0.10236220806837082,"llm_attention",0.1426313817501068,0.0037350982893258333,0.24229131724938718,3,3,3,0.697088513633748,210,0.24370613611486705,3
0.06034623284321716,0.562687873840332,30673,22371,0.6400119066238403,0.662915050983429,0.050193049013614655,"llm_attention",0.07717539370059967,0.005102591589093208,0.043439039622510583,2,3,3,0.9080214733830729,211,0.12825612101848533,3
0.018509729473184623,0.0,2107,22396,0.36882469058036804,0.6565321683883667,0.0,"llm_attention",nan,inf,0.0,1,1,1,0.9814902705268154,212,0.018509729473184623,1
0.032822513234884367,0.31810131669044495,17945,22479,0.24178612232208252,0.3457784056663513,0.09540636092424393,"llm_attention",0.1658283770084381,0.008278974331915379,0.1952062687255128,4,4,4,0.7764042253451158,213,0.2800780161604904,4
0.038169497060744614,0.20027486979961395,24496,22589,0.48944681882858276,0.6330042481422424,0.11286089569330215,"llm_attention",0.11715277284383774,0.00463130883872509,0.17185178897330333,2,2,2,0.7543783084612308,214,0.2660434356629654,2
0.2265383952013185,0.0,52181,22623,0.7181366682052612,0.5444631576538086,0.0,"llm_attention",nan,inf,0.0,1,1,1,0.7734616047986815,215,0.2265383952013185,1
0.1963439184362621,0.3397800922393799,30798,22705,0.25755149126052856,0.32304027676582336,0.046966731548309326,"llm_attention",0.0988386943936348,0.007990476675331593,0.15369075996929418,4,5,5,0.8319016787064893,216,0.3483343074225599,5
0.0018876828692779614,0.20702581107616425,4238,22755,0.10915080457925797,0.2526571750640869,0.1666666716337204,"llm_attention",0.18546144664287567,0.030684782192111015,0.08463356973995272,4,4,4,0.799286941580756,217,0.3154789995280793,4
0.027459335159446756,0.465201735496521,29571,22892,0.41652169823646545,0.4670223891735077,0.18287937343120575,"llm_attention",0.11794114112854004,0.007150579709559679,0.24173302270593552,5,5,5,0.7765470049163932,218,0.28626018734571035,5
0.10659886066355345,0.39214515686035156,40901,22935,0.42512834072113037,0.49760985374450684,0.10681114345788956,"llm_attention",0.0896701067686081,0.0040709287859499454,0.2184669275608221,3,3,3,0.6586959063155526,219,0.35400112466687855,3
0.08052434456928839,0.32709017395973206,4272,22969,0.4182688593864441,0.5961639881134033,0.0810810774564743,"llm_attention",0.0993080735206604,0.02434121072292328,0.18839103869653767,2,2,2,0.764185952410239,220,0.25374531835205993,2
0.00992158745399264,0.718288779258728,12498,23023,0.5634897947311401,0.667290449142456,0.04568528011441231,"llm_attention",0.05380463972687721,0.009587406180799007,0.07313722320995636,2,2,2,0.9221543992901713,221,0.08233317330772924,2
0.1319465532948679,0.485917329788208,13172,23034,0.5687594413757324,0.6393555402755737,0.10232558101415634,"llm_attention",0.09842866659164429,0.01927279680967331,0.08929508483470351,4,5,5,0.7416926362423506,222,0.27862131794716066,5
0.0153304729306272,0.393428236246109,20743,23126,0.35710981488227844,0.47335875034332275,0.08875739574432373,"llm_attention",0.05798754096031189,0.008210602216422558,0.08230110159118727,3,3,3,0.7423819848779892,223,0.38162271609699655,3
0.0,0.4613366723060608,435,23230,0.1442486196756363,0.3422865569591522,0.20000000298023224,"llm_attention",0.35409611463546753,0.12414999306201935,0.2413793103448276,3,3,3,0.6674218407231448,224,0.32413793103448274,3
0.39476629987116396,0.14886276423931122,47347,23272,0.5558407306671143,0.5206870436668396,0.0317460335791111,"llm_attention",0.11787565052509308,0.002325700130313635,0.047459519821328865,2,2,2,0.7331468639992675,225,0.42349040065896465,2
0.018060572381217006,0.30127111077308655,3599,23359,0.2652835249900818,0.4798351526260376,0.10169491171836853,"llm_attention",0.036114685237407684,0.031544607132673264,0.13214487832484437,2,2,2,0.8793103448275862,226,0.21005834954153932,2
0.003357314148681055,0.0,2085,23666,0.33237364888191223,0.633298933506012,0.0,"llm_attention",nan,inf,0.0,1,1,1,0.996642685851319,227,0.003357314148681055,1
0.08770161290322581,0.0,992,23751,0.09988962113857269,0.4868558943271637,0.0,"llm_attention",nan,inf,0.0,1,1,1,0.9122983870967742,228,0.08770161290322581,1
0.050407290910557304,0.49545934796333313,12399,23781,0.1622837781906128,0.19843074679374695,0.24752475321292877,"llm_attention",0.2760341465473175,0.011985240504145622,0.3047392559877697,7,7,7,0.6171903207734645,229,0.3424469715299621,7
0.14224186150576126,0.2018958181142807,35756,23899,0.2428514063358307,0.2503546476364136,0.15807560086250305,"llm_attention",0.1713002771139145,0.005657332483679056,0.3012063906097163,7,7,7,0.7009052707241983,230,0.3999328783980311,7
0.01769538655993259,0.2864450514316559,4747,23937,0.21333259344100952,0.30817803740501404,0.25974026322364807,"llm_attention",0.18177704513072968,0.04265892505645752,0.3688612481235256,6,6,6,0.6226341536673183,231,0.4642932378344217,6
0.007105156313438896,0.12085448950529099,9852,24021,0.06321176886558533,0.07682079076766968,0.4146341383457184,"llm_attention",0.33176273107528687,0.002566303126513958,0.6077489265998773,15,18,18,0.6178391996323895,232,0.5391798619569631,18
0.04690431519699812,0.22619205713272095,1599,24027,0.12902741134166718,0.3175014853477478,0.14814814925193787,"llm_attention",0.34493207931518555,0.0357714518904686,0.05708661417322835,3,3,3,0.9022371364653243,233,0.27329580988117574,3
0.021711801930411438,0.0,46933,24144,0.9050124883651733,0.8297103643417358,0.0,"llm_attention",nan,inf,0.0,1,1,1,0.9782881980695886,234,0.021711801930411438,1
0.05171322307509694,0.46996283531188965,25274,24243,0.17155684530735016,0.24377596378326416,0.1287553608417511,"llm_attention",0.22901467978954315,0.007459689397364855,0.10447698919347435,6,8,8,0.810233771864339,235,0.3275302682598718,8
0.14292253991264042,0.2763853669166565,52427,24567,0.22590813040733337,0.23263202607631683,0.20868515968322754,"llm_attention",0.20205236971378326,0.003906621132045984,0.2889126274090889,8,8,8,0.5455293281434915,236,0.451008068361722,8
0.014389968136499126,0.623896598815918,9729,24610,0.17212262749671936,0.2207675576210022,0.23463687300682068,"llm_attention",0.23894745111465454,0.018911078572273254,0.2420481802064866,10,12,12,0.6935215581685615,237,0.2994141227258711,12
0.0740949827111707,0.33009350299835205,14171,24919,0.5650396943092346,0.6894471049308777,0.07079645991325378,"llm_attention",0.0944289043545723,0.008012845180928707,0.1897721210273607,2,2,2,0.7539547796223236,238,0.24980594171194692,2
0.0611648993391732,0.3917298913002014,13014,25057,0.35722509026527405,0.47023558616638184,0.0717703327536583,"llm_attention",0.06671660393476486,0.01704839989542961,0.11949582583074153,4,4,4,0.8283036316900914,239,0.22498847395112956,4
0.03371435749277729,0.5399240255355835,39805,25096,0.45284897089004517,0.4857354462146759,0.06574923545122147,"llm_attention",0.08235075324773788,0.0064718760550022125,0.18734888074253178,5,5,5,0.813554688890752,240,0.23459364401457103,5
0.07988595603789203,0.5105687379837036,54365,25139,0.7063494920730591,0.6701820492744446,0.07547169923782349,"llm_attention",0.09138175845146179,0.0021411459892988205,0.0770460997161249,2,2,2,0.8671220068745715,241,0.15077715441920353,2
0.0,0.008680051192641258,4215,25181,0.08731871843338013,0.19218657910823822,0.17910447716712952,"llm_attention",0.3426186740398407,0.01411458570510149,0.00830367734282325,5,5,5,0.8739650634122995,242,0.4597864768683274,5
0.015939539677086913,0.4432784616947174,14555,25228,0.5718832015991211,0.6849609017372131,0.033195022493600845,"llm_attention",0.029826533049345016,0.008020967245101929,0.15918452838092578,2,2,2,0.8698084105100992,243,0.17258673995190657,2
0.0755736473552858,0.27442678809165955,41271,25386,0.17903096973896027,0.19814929366111755,0.232876718044281,"llm_attention",0.14640921354293823,0.005551809910684824,0.2531453134829105,8,8,8,0.7247969688806297,244,0.5181362215599331,8
0.047172339855266684,0.4014735817909241,14924,25393,0.22555801272392273,0.3250076472759247,0.16535432636737823,"llm_attention",0.13767746090888977,0.013895528391003609,0.11075949367088607,5,7,7,0.6704834056318181,245,0.3248458858214956,7
0.050499552929285076,0.4672757685184479,25723,25394,0.15324951708316803,0.1691228598356247,0.19082126021385193,"llm_attention",0.3658028841018677,0.007748034317046404,0.15959711758925646,18,19,19,0.7391302357778229,246,0.3195583718850834,19
0.024601734220608993,0.18995650112628937,9918,25424,0.4264516532421112,0.5969824194908142,0.10559006035327911,"llm_attention",0.06106267124414444,0.011621075682342052,0.1876162910895183,2,2,2,0.8118942092430959,247,0.2888687235329704,2
0.2803630247389446,0.34554362297058105,28538,25560,0.29129758477211,0.3478553295135498,0.08888889104127884,"llm_attention",0.0642058253288269,0.004932465497404337,0.12173150898378536,3,3,3,0.7446550066107526,248,0.4232251734529399,3
0.014448716358675432,0.6864273548126221,32252,25603,0.22517167031764984,0.22282972931861877,0.20795106887817383,"llm_attention",0.2019582986831665,0.010707867331802845,0.20549927641099855,21,22,22,0.6573564847604068,249,0.2538447228078879,22
0.0025037091988130565,0.438554584980011,10784,25986,0.16200202703475952,0.1577351838350296,0.2751091718673706,"llm_attention",0.32115229964256287,0.016505733132362366,0.1664032722878126,11,17,17,0.6685637658776412,250,0.3486646884272997,17
0.0,0.3105859160423279,12237,26204,0.23751752078533173,0.2876051068305969,0.1666666716337204,"llm_attention",0.19067540764808655,0.019541123881936073,0.36242543106970665,8,9,9,0.6647884059102133,251,0.4604886818664705,9
0.1555856521382254,0.30868348479270935,24366,26465,0.258300244808197,0.27093377709388733,0.09133858233690262,"llm_attention",0.12250623106956482,0.006082484498620033,0.23139732685297693,6,6,6,0.705808768169331,252,0.3908314864975786,6
0.04897077357018544,0.739194929599762,16663,26564,0.23309211432933807,0.24883317947387695,0.19391635060310364,"llm_attention",0.33566561341285706,0.01829672046005726,0.1823057992048968,15,15,15,0.6273976671365082,253,0.2302106463421953,15
0.005208875924575477,0.40788447856903076,9599,26690,0.25357362627983093,0.2796704173088074,0.25925925374031067,"llm_attention",0.2502857744693756,0.0185483917593956,0.34914650748769505,12,12,11,0.717836621719882,254,0.35003646213147205,12
0.050065540343722695,0.38000041246414185,27464,26926,0.42475953698158264,0.5338014960289001,0.09216590225696564,"llm_attention",0.07369813323020935,0.006075741723179817,0.08014872168346812,3,3,3,0.8497153429136102,255,0.16210311680745704,3
0.02530357013015342,0.1885388195514679,27506,26941,0.21096093952655792,0.24557280540466309,0.3317972421646118,"llm_attention",0.26654064655303955,0.005843195132911205,0.5851920925027975,10,10,10,0.4807182247762192,256,0.5867083545408275,10
0.08292717719502628,0.41629138588905334,42061,27186,0.38707855343818665,0.47052809596061707,0.15350224077701569,"llm_attention",0.1128409132361412,0.004590524826198816,0.2511082881808519,3,4,4,0.5394837326168765,257,0.38734219348089677,4
0.07459547870786845,0.7679187655448914,17119,27620,0.37683019042015076,0.4294602572917938,0.0625,"llm_attention",0.17080576717853546,0.013472532853484154,0.041724529731094556,6,7,7,0.8926674790487309,258,0.12605876511478475,7
0.1658265932090806,0.16761811077594757,51186,27696,0.28794336318969727,0.30675366520881653,0.1336633712053299,"llm_attention",0.08736719936132431,0.0039816987700760365,0.09665558105766078,4,4,4,0.7406725030383916,259,0.3565623412651897,4
0.05524099270401983,0.07667701691389084,35499,27768,0.47883278131484985,0.5866656303405762,0.05181347206234932,"llm_attention",0.23652192950248718,0.005858428776264191,0.010644641898741725,2,9,9,0.774816124161804,260,0.17685005211414406,9
0.0,1.0,9337,27932,0.36788809299468994,0.5412101745605469,0.0,"llm_attention",nan,inf,0.0,1,1,1,1.0,261,0.0,1
0.0,0.4259689748287201,4890,27972,0.4799673557281494,0.6382074952125549,0.03947368264198303,"llm_attention",0.028533311560750008,0.02551344782114029,0.1736196319018405,2,2,2,0.8436817162703389,262,0.1736196319018405,2
0.023533585619678336,0.17012299597263336,8456,27982,0.36211785674095154,0.5404278635978699,0.18320611119270325,"llm_attention",0.09274653345346451,0.013754724524915218,0.0807799442896936,2,2,2,0.8580690717678778,263,0.26147114474929045,2
0.0,1.0,155,28285,0.047444138675928116,0.49992311000823975,0.0,"llm_attention",nan,inf,0.0,1,1,1,1.0,264,0.0,1
0.07193881232412151,0.185175821185112,41577,28449,0.2819218039512634,0.36000847816467285,0.256488561630249,"llm_attention",0.21817617118358612,0.003212691517546773,0.4556056600839683,5,5,5,0.5533340059390721,265,0.49669288308439763,5
0.09363371215930806,0.0,59658,28452,0.7816969156265259,0.5974953174591064,0.05900948494672775,"llm_attention",0.05864526331424713,0.001983820926398039,0.0,1,2,2,0.7879077407891649,266,0.2120922592108351,2
0.07336740488358887,0.024306926876306534,26415,28809,0.17546692490577698,0.3111326992511749,0.31220656633377075,"llm_attention",0.39395517110824585,0.003601379692554474,0.3167054786125751,4,4,4,0.45030156549188916,267,0.6509558962710581,4
0.08150470219435736,0.36561283469200134,13398,28993,0.10081306099891663,0.13284720480442047,0.2181818187236786,"llm_attention",0.38491091132164,0.011498966254293919,0.2502844141069397,15,15,13,0.8678116584015743,268,0.3960292580982236,15
0.06619082890041075,0.47125759720802307,14851,29187,0.4721149206161499,0.5899490714073181,0.033898305147886276,"llm_attention",0.05394696816802025,0.007945755496621132,0.10369195269685608,2,2,2,0.8869469931212374,269,0.16301932529795973,2
0.11485642946317104,0.04016184061765671,8010,29393,0.1780950427055359,0.32533377408981323,0.1230769231915474,"llm_attention",0.5114719271659851,0.0072165862657129765,0.013963328631875882,4,4,4,0.91051298290057,270,0.35280898876404493,4
0.1699342105263158,0.5417798161506653,30400,29397,0.7041035890579224,0.7298361659049988,0.03292180970311165,"llm_attention",0.04574555531144142,0.003925839439034462,0.0357057937703099,2,2,2,0.8464041730820728,271,0.19957236842105264,2
0.006744868035190616,0.4179496765136719,10230,29596,0.15044832229614258,0.20685087144374847,0.2781065106391907,"llm_attention",0.1648482084274292,0.009639176540076733,0.2769412459403602,7,8,8,0.7512146919426363,272,0.35992179863147605,8
0.03588117489986649,0.035297565162181854,41944,29640,0.07899557054042816,0.08343247324228287,0.26608186960220337,"llm_attention",0.3124640882015228,0.0038491636514663696,0.2343777046910161,13,13,13,0.5258975062712306,273,0.7303070761014686,13
0.1463932858812281,0.21965543925762177,47065,29675,0.2990535497665405,0.29445940256118774,0.15446071326732635,"llm_attention",0.1918978989124298,0.003431370947510004,0.5090230242688238,4,4,4,0.44688986366496253,274,0.5508764474662701,4
0.027822450948858154,0.6362025141716003,12436,29984,0.28458282351493835,0.35238856077194214,0.15736040472984314,"llm_attention",0.20000867545604706,0.013201484456658363,0.23076923076923078,7,7,7,0.7928781035060793,275,0.2665648118366034,7
0.07525633584832656,0.4128640294075012,20676,30213,0.24920763075351715,0.28266963362693787,0.20958083868026733,"llm_attention",0.16032889485359192,0.012847458943724632,0.24743723849372384,9,9,9,0.7269215910526001,276,0.3467305088024763,9
0.027644230769230768,0.20391379296779633,3328,30494,0.3307703733444214,0.539154589176178,0.01886792480945587,"llm_attention",0.027547195553779602,0.01826571859419346,0.037082818294190356,2,2,2,0.913497506234414,277,0.16676682692307693,2
0.015302314008459815,0.27778512239456177,8038,30504,0.2716732323169708,0.4195660352706909,0.11874999850988388,"llm_attention",0.13172738254070282,0.014326304197311401,0.17523689197725836,3,3,3,0.7933321569494355,278,0.2646180641950734,3
0.071724810929495,-7.945948254928226e-07,24594,30675,0.8625510334968567,0.8886820077896118,0.0,"llm_attention",nan,inf,0.0,1,1,1,0.928275189070505,279,0.071724810929495,1
0.18598571621075327,0.3882465660572052,37105,30785,0.13104356825351715,0.14634472131729126,0.16151686012744904,"llm_attention",0.26005351543426514,0.004705659579485655,0.17835386041583895,3,10,10,0.6448208447716605,280,0.36809055383371514,10
0.07788303363775596,0.4417494237422943,17629,30828,0.4786874055862427,0.5575441122055054,0.12635378539562225,"llm_attention",0.11359690129756927,0.010202261619269848,0.21302903543307086,4,4,4,0.7761977356984234,281,0.2743207215383743,4
0.025566231983527796,0.0,5828,31050,0.324959933757782,0.5639367699623108,0.0,"llm_attention",nan,inf,0.0,1,1,1,0.9744337680164722,282,0.025566231983527796,1
0.03038644785600847,0.09164807945489883,9445,31093,0.18819096684455872,0.3262206017971039,0.15189872682094574,"llm_attention",0.09734132140874863,0.020659612491726875,0.03887311640096091,4,4,4,0.7634059148412635,283,0.3598729486500794,4
0.002631578947368421,0.5853068828582764,760,31118,0.14538972079753876,0.21989381313323975,0.23076923191547394,"llm_attention",0.30085092782974243,0.10064559429883957,0.262532981530343,9,9,7,0.784110278237795,284,0.2355263157894737,9
0.0,0.034097183495759964,2106,31217,0.18574252724647522,0.4354158937931061,0.0,"llm_attention",0.1521238386631012,0.044593799859285355,0.1396011396011396,2,2,2,0.7660044150110376,285,0.402659069325736,2
0.0830234438156831,0.54234778881073,12370,31248,0.10220464318990707,0.12806901335716248,0.276699036359787,"llm_attention",0.33467191457748413,0.009515206329524517,0.25866172970113727,15,16,15,0.6464752765398518,286,0.32053354890864993,16
0.052673442333186035,0.5962315201759338,11315,31269,0.6634724736213684,0.7574483752250671,0.06521739065647125,"llm_attention",0.06449917703866959,0.010167676024138927,0.08452280996361601,2,2,2,0.9005501003589897,287,0.13274414494034467,2
0.006768131377331913,0.4214966893196106,29107,31296,0.18794289231300354,0.18668000400066376,0.35974302887916565,"llm_attention",0.2175346463918686,0.014041369780898094,0.3539259771705292,39,44,42,0.6092619593384242,288,0.4398598275328959,44
0.006450622024266626,0.5347510576248169,6511,31322,0.16530220210552216,0.16748642921447754,0.5299145579338074,"llm_attention",0.2486625462770462,0.03724595159292221,0.36249806770752824,23,23,23,0.7138873153340348,289,0.3073260635847028,23
0.04743083003952569,0.5884895920753479,6578,31620,0.18071743845939636,0.23465843498706818,0.13084112107753754,"llm_attention",0.15992148220539093,0.05160887911915779,0.1908713692946058,9,10,10,0.7078522767186164,290,0.32912739434478566,10
0.06844368013757524,0.39518582820892334,17445,31735,0.30016380548477173,0.41769665479660034,0.10181818157434464,"llm_attention",0.12725411355495453,0.0075262486934661865,0.17309704018214264,3,3,3,0.775376542122113,291,0.3002579535683577,3
0.04459545551072414,0.0,4709,31749,0.2573798596858978,0.5223528146743774,0.0,"llm_attention",nan,inf,0.0,1,1,1,0.9554045444892758,292,0.04459545551072414,1
0.31591234155884723,0.18513920903205872,60827,31817,0.2287323772907257,0.26219525933265686,0.14614614844322205,"llm_attention",0.18056990206241608,0.0025932849384844303,0.16772007401888925,5,5,5,0.604342129991428,293,0.4930540713827741,5
0.030495635706667246,0.34230300784111023,45941,32038,0.403999000787735,0.4062054753303528,0.12005457282066345,"llm_attention",0.07776663452386856,0.003678632900118828,0.20074090704984285,4,4,4,0.8472612949040803,294,0.26568860059641713,4
0.0280257421631721,0.25894618034362793,9634,32081,0.38960161805152893,0.5646906495094299,0.14556962251663208,"llm_attention",0.07946109771728516,0.0116433659568429,0.08255019222554463,2,2,2,0.8561616356571005,295,0.1940004151961802,2
0.02091503267973856,0.0,3060,32285,0.525798499584198,0.7412970662117004,0.0,"llm_attention",nan,inf,0.0,1,1,1,0.9790849673202614,296,0.02091503267973856,1
0.12145796590241034,0.32552582025527954,42525,32334,0.304103821516037,0.3273530900478363,0.17110799252986908,"llm_attention",0.11780385673046112,0.0069921487011015415,0.24325481798715204,6,7,7,0.790802619077187,297,0.37754262198706645,7
0.032654380860006466,0.579865038394928,3093,32570,0.4095882475376129,0.5878931879997253,0.0416666679084301,"llm_attention",0.04065239429473877,0.039929814636707306,0.10260695187165775,2,2,2,0.893966616849483,298,0.13191076624636275,2
0.10395551801801801,0.4447389543056488,42624,32610,0.2709530293941498,0.3058219850063324,0.2598540186882019,"llm_attention",0.20754991471767426,0.004393714480102062,0.4222501505511481,7,7,7,0.41472065643413886,299,0.4773836336336336,7
0.002716720177821684,0.5319069027900696,4049,32735,0.39733362197875977,0.5720481276512146,0.0555555559694767,"llm_attention",0.10685771703720093,0.02477475255727768,0.1342248637939574,2,2,2,0.8852800468560192,300,0.13657693257594467,2
0.0,1.0,608,32811,0.08060453087091446,0.48689696192741394,0.0,"llm_attention",nan,inf,0.0,1,1,1,1.0,301,0.0,1
0.0563816604708798,0.24367773532867432,17754,32817,0.326265811920166,0.428856760263443,0.12014134228229523,"llm_attention",0.16562631726264954,0.007930485531687737,0.292484928072584,3,3,3,0.729147353123952,302,0.3782809507716571,3
0.045234052874120786,-0.05189920961856842,24738,32861,0.35943883657455444,0.46364858746528625,0.05384615436196327,"llm_attention",0.19294121861457825,0.004125230014324188,0.28074854989626996,2,2,2,0.8185634857596733,303,0.22819144635783006,2
0.07110176827006306,0.1882074773311615,8087,32887,0.27299627661705017,0.43247196078300476,0.2578125,"llm_attention",0.09888260066509247,0.02605770342051983,0.17092651757188498,3,4,4,0.6494234272567297,304,0.41548163719549897,4
0.031453950003534153,0.08760407567024231,42443,32901,0.1263386607170105,0.17220036685466766,0.30453258752822876,"llm_attention",0.16476722061634064,0.0049088988453149796,0.5669212805293373,11,12,12,0.6206735404273678,305,0.6729024809744835,12
0.03559870550161812,0.7191035151481628,1236,32941,0.13671426475048065,0.17821645736694336,0.40909090638160706,"llm_attention",0.2138674557209015,0.14728909730911255,0.15016778523489932,13,13,11,0.8736719188034614,306,0.1779935275080906,13
0.03374777975133215,0.49600890278816223,2252,33005,0.22766700387001038,0.45783331990242004,0.027027027681469917,"llm_attention",0.032250985503196716,0.05092102289199829,0.10707720588235294,2,2,2,0.8379151456360248,307,0.1372113676731794,2
0.10264826347977332,0.11304478347301483,35646,33104,0.13285818696022034,0.15124934911727905,0.1666666716337204,"llm_attention",0.1706593632698059,0.006713629700243473,0.37402694844780693,9,9,9,0.4971805907945236,308,0.6623464063289008,9
0.012438949938949938,0.054033875465393066,13104,33109,0.12474621832370758,0.20103566348552704,0.20873786509037018,"llm_attention",0.28807517886161804,0.012694212608039379,0.04875975581485202,9,9,9,0.8538083016564486,309,0.5463980463980463,9
0.03213689482470785,0.6481127738952637,7188,33114,0.18361961841583252,0.25192350149154663,0.12711864709854126,"llm_attention",0.3606109917163849,0.01642247661948204,0.20310478654592498,8,8,8,0.728570237527614,310,0.22857540345019478,8
0.01257815373299007,0.41302505135536194,13595,33221,0.1804278939962387,0.21106524765491486,0.30000001192092896,"llm_attention",0.18755128979682922,0.0187151450663805,0.36740166865315854,14,16,16,0.6862872924723377,311,0.4253034203751379,16
0.014991181657848324,0.12135910242795944,9072,33368,0.33834612369537354,0.530829131603241,0.0972222238779068,"llm_attention",0.060131948441267014,0.018563879653811455,0.04364368845120859,2,3,3,0.8489102121099357,312,0.28450176366843033,3
0.10726786081943586,0.3740379512310028,14571,33638,0.16086211800575256,0.19161967933177948,0.1367521435022354,"llm_attention",0.2094990611076355,0.00760466605424881,0.3267988929889299,8,8,8,0.739784287572147,313,0.32701942213986684,8
0.08379470297770462,0.3441837430000305,6683,33707,0.4567630887031555,0.6183008551597595,0.061403509229421616,"llm_attention",0.07549906522035599,0.016217147931456566,0.18226359627633512,2,2,2,0.7874905483519885,314,0.25078557534041596,2
0.3899968674950402,0.4012456238269806,19154,33759,0.153432697057724,0.27084630727767944,0.15131579339504242,"llm_attention",0.16151660680770874,0.004923349246382713,0.18461143444026018,4,4,4,0.7695091324719724,315,0.3700010441683199,4
0.006642066420664207,0.5349248051643372,17615,33854,0.1808841973543167,0.19970521330833435,0.30584192276000977,"llm_attention",0.2235015630722046,0.014293280430138111,0.2599725682935193,21,21,20,0.7227157348645933,316,0.2904910587567414,21
0.1638845489680125,0.025563951581716537,24322,34071,0.328452467918396,0.5051704049110413,0.10659898817539215,"llm_attention",0.14009058475494385,0.004364620428532362,0.42284618410700237,2,2,2,0.5095310171757599,317,0.4909958062659321,2
0.2402887590237195,0.3815027177333832,31999,34139,0.3746221959590912,0.44026923179626465,0.07827788591384888,"llm_attention",0.08964039385318756,0.006570966448634863,0.1188399835458659,4,4,4,0.7373077761213745,318,0.3387605862683209,4
0.39116915422885573,0.0,6432,34205,0.15571196377277374,0.40556612610816956,0.0,"llm_attention",nan,inf,0.0,1,1,1,0.6088308457711443,319,0.39116915422885573,1
0.1530501326144615,0.15711785852909088,22999,34257,0.1104981005191803,0.1470375508069992,0.38624337315559387,"llm_attention",0.3226405680179596,0.004287040326744318,0.2789670927665691,6,6,6,0.7164550073113798,320,0.556502456628549,6
0.0,0.3464444875717163,4089,34417,0.10229330509901047,0.1033635064959526,0.41428571939468384,"llm_attention",0.27771276235580444,0.025717969983816147,0.4326241134751773,17,17,16,0.7090945226260176,321,0.3746637319638053,17
0.009675190048375951,0.03398015350103378,1447,34452,0.16068527102470398,0.36189112067222595,0.1666666716337204,"llm_attention",0.19359903037548065,0.06200718879699707,0.025819958129797628,3,3,3,0.8631205673758865,322,0.4001382170006911,3
0.019481865284974094,0.5575879216194153,4825,34760,0.2737239897251129,0.39764541387557983,0.13333334028720856,"llm_attention",0.11252947151660919,0.02809561975300312,0.12724582540689072,4,4,4,0.8945959038309572,323,0.20207253886010362,4
0.0006453694740238787,0.48553821444511414,3099,34873,0.16840879619121552,0.19048264622688293,0.19607843458652496,"llm_attention",0.1685822755098343,0.05078515782952309,0.29932192444300937,9,9,9,0.7769863363066092,324,0.3155856727976767,9
0.051045489164301044,0.0,57772,35062,0.8946604132652283,0.6460607051849365,0.0,"llm_attention",nan,inf,0.0,1,1,1,0.9489545108356989,325,0.051045489164301044,1
0.03383314109957709,0.2095414698123932,13005,35197,0.37464407086372375,0.5095657110214233,0.05339805781841278,"llm_attention",0.049198709428310394,0.013560538180172443,0.12797453243135695,3,3,3,0.8651159262100916,326,0.3071126489811611,3
0.16931020909069858,0.3631340265274048,43187,35279,0.3736875355243683,0.3742777109146118,0.15064562857151031,"llm_attention",0.16996100544929504,0.008290844038128853,0.2849895470383275,9,9,9,0.6335611585343958,327,0.4034778984416607,9
0.09974238079035629,0.16441474854946136,20573,35326,0.17368090152740479,0.2641790509223938,0.10769230872392654,"llm_attention",0.22173143923282623,0.007585631683468819,0.06101182441552832,6,6,6,0.660165606845226,328,0.32780829242210663,6
0.10317168748469263,0.6240647435188293,32664,35682,0.20327894389629364,0.21324872970581055,0.11894882470369339,"llm_attention",0.1420416682958603,0.010831546038389206,0.11558680958558067,12,18,18,0.7385577825770894,329,0.24562209159931422,18
0.14878165312947922,0.2940503656864166,31395,35770,0.3663308918476105,0.42691507935523987,0.1515151560306549,"llm_attention",0.14714008569717407,0.005700832698494196,0.2704684927406077,4,4,4,0.6706929082563933,330,0.4080904602643733,4
0.023397008736857693,0.22486543655395508,6753,35963,0.33892542123794556,0.5248649716377258,0.1037735864520073,"llm_attention",0.19905298948287964,0.015105663798749447,0.25549658832448824,2,2,2,0.7471378163633133,331,0.27291574115208056,2
0.12457053106900952,0.3658035695552826,20374,36494,0.1306450366973877,0.128385528922081,0.3614457845687866,"llm_attention",0.2424454241991043,0.013411257416009903,0.3509755550571877,45,45,37,0.6780045311806663,332,0.5327868852459017,45
0.038959212376933894,0.4577343463897705,7110,36539,0.3600897789001465,0.4995913803577423,0.13793103396892548,"llm_attention",0.08424852788448334,0.015112418681383133,0.09571198595053418,3,3,3,0.8084696911612603,333,0.21054852320675105,3
0.07953795379537953,0.1950879991054535,15150,36660,0.2297857254743576,0.31413811445236206,0.14166666567325592,"llm_attention",0.14579439163208008,0.010711479000747204,0.42975977052707065,4,4,4,0.6185917764967966,334,0.44904290429042903,4
0.013262599469496022,0.8115873336791992,3770,36678,0.24821990728378296,0.37602803111076355,0.1746031790971756,"llm_attention",0.23092135787010193,0.030126305297017097,0.04086021505376344,4,4,4,0.9046849863839892,335,0.07718832891246684,4
0.03435510143639864,0.42139288783073425,13506,36844,0.24328754842281342,0.271676242351532,0.20814479887485504,"llm_attention",0.18163660168647766,0.021638620644807816,0.2945100444717068,14,14,14,0.7404339275231387,336,0.35754479490596774,14
0.002870390814749393,0.12897388637065887,4529,36861,0.18625479936599731,0.39980626106262207,0.14705882966518402,"llm_attention",0.16859981417655945,0.021739821881055832,0.31975199291408324,2,2,2,0.6794534700383137,337,0.32170457054537427,2
0.005798881157047346,0.4563908874988556,29316,36936,0.3039610981941223,0.3121696710586548,0.15062761306762695,"llm_attention",0.18685637414455414,0.013473624363541603,0.2679612982913607,15,15,15,0.7442877761592039,338,0.3471483149133579,15
0.2597433140706894,0.16679085791110992,29764,37670,0.3165046274662018,0.4023556113243103,0.10924369841814041,"llm_attention",0.08359953761100769,0.004946860950440168,0.274134253165706,3,3,3,0.6932305275993614,339,0.47920306410428704,3
0.005547850208044383,0.4402576684951782,1442,37689,0.11616706103086472,0.1606585532426834,0.23076923191547394,"llm_attention",0.3081842362880707,0.10145708918571472,0.34658298465829845,13,13,9,0.7752040049842303,340,0.28640776699029125,13
0.026460071513706794,0.8649332523345947,12585,37740,0.5098638534545898,0.5445117354393005,0.0445544570684433,"llm_attention",0.1602846086025238,0.02356931008398533,0.050685602350636634,7,8,8,0.8813011118415304,341,0.10369487485101311,8
0.0,0.17057234048843384,2590,37751,0.11504162102937698,0.27263569831848145,0.1702127605676651,"llm_attention",0.12230251729488373,0.05663250386714935,0.22277992277992278,4,4,4,0.6867409994626544,342,0.383011583011583,4
0.02527075812274368,0.5899633765220642,11911,37777,0.17227418720722198,0.2234661728143692,0.1504424810409546,"llm_attention",0.18222932517528534,0.021178588271141052,0.15374677002583978,7,13,13,0.721008963045479,343,0.23809923600033583,13
0.08614025400331309,0.3281623125076294,5433,37988,0.2133438140153885,0.31902018189430237,0.2527472674846649,"llm_attention",0.10681676864624023,0.04231361299753189,0.24652567975830816,5,5,5,0.8089386065979252,344,0.35670900055218113,5
0.018235498436957275,0.5324369072914124,5758,38048,0.23118095099925995,0.35478535294532776,0.06521739065647125,"llm_attention",0.0954975113272667,0.027904925867915154,0.04404740845568725,4,4,4,0.9307982254547467,345,0.1575199722125738,4
0.33058369512783403,0.0,20730,38070,0.5460805892944336,0.6613947153091431,0.0,"llm_attention",nan,inf,0.0,1,1,1,0.669416304872166,346,0.33058369512783403,1
0.0,0.14844606816768646,1849,38118,0.19661448895931244,0.4453686475753784,0.03333333507180214,"llm_attention",0.16155347228050232,0.030797841027379036,0.060032449972958354,2,2,2,0.8636363636363636,347,0.25635478637101133,2
0.014770057066129574,0.12831178307533264,5958,38210,0.3078728914260864,0.5170174241065979,0.09677419066429138,"llm_attention",0.11526413261890411,0.01900218054652214,0.029131175468483816,2,2,2,0.8940729220667012,348,0.2057737495803961,2
0.15533469129732388,0.42973530292510986,28474,38576,0.3382844924926758,0.4218292236328125,0.07726269215345383,"llm_attention",0.11216694116592407,0.007137246895581484,0.14772774520809945,4,4,4,0.7390623157462048,349,0.32587623797148274,4
0.0684379294548786,0.21113915741443634,32745,38678,0.21805121004581451,0.2584223747253418,0.18584071099758148,"llm_attention",0.11238988488912582,0.007997454144060612,0.07087595069499082,7,7,7,0.7789652163845426,350,0.3983814322797374,7
0.04743299405221114,0.09421403706073761,40183,38825,0.4623328447341919,0.593277633190155,0.11949685215950012,"llm_attention",0.11540170758962631,0.0027816614601761103,0.3349792303472059,2,2,2,0.6781309053143824,351,0.36652315655874373,2
0.022824970517746415,0.33901649713516235,26287,38829,0.26348668336868286,0.29508349299430847,0.16355140507221222,"llm_attention",0.1289532631635666,0.011939319781959057,0.3775061315062094,10,10,10,0.6989952809990375,352,0.3955947806900749,10
0.14486145212206245,0.5377886295318604,2851,39405,0.10207327455282211,0.1215524673461914,0.2380952388048172,"llm_attention",0.2097644805908203,0.06023876368999481,0.23256767842493847,22,24,22,0.7293295582591116,353,0.3156787092248334,24
0.1201272223128364,0.3641183376312256,12262,39477,0.1308082789182663,0.19101101160049438,0.20202019810676575,"llm_attention",0.2974570095539093,0.008490816690027714,0.16340717397349153,7,7,7,0.8163483891552532,354,0.3139781438590768,7
0.008154389779831475,0.4646965265274048,7358,39480,0.4355993866920471,0.5963051915168762,0.05737704783678055,"llm_attention",0.035236477851867676,0.015626240521669388,0.1441490819402576,2,2,2,0.9079927188482542,355,0.15112802391954336,2
0.009989422963920554,0.5586445927619934,8509,39484,0.23285511136054993,0.26176267862319946,0.2535211145877838,"llm_attention",0.21866323053836823,0.023996029049158096,0.23468660968660968,16,16,15,0.7715856530544045,356,0.2815842049594547,16
0.04833265829620629,0.08925614506006241,7407,39551,0.3143399953842163,0.5203583836555481,0.06722689419984818,"llm_attention",0.07651966065168381,0.015504706650972366,0.021279614129663782,2,2,2,0.8878324376464104,357,0.21979208856487106,2
0.10332344731332868,0.0,22928,39670,0.8452146053314209,0.8807525634765625,0.0,"llm_attention",nan,inf,0.0,1,1,1,0.8966765526866713,358,0.10332344731332868,1
0.22857142857142856,-0.008082843385636806,2065,39769,0.21241573989391327,0.470947265625,0.13671875,"llm_attention",0.11538823693990707,0.004238777328282595,0.09918392969240426,2,6,6,0.38287432847932035,359,0.6595641646489104,6
0.16082064857710127,0.4965507388114929,1511,39785,0.12451540678739548,0.23945675790309906,0.19230769574642181,"llm_attention",0.19721835851669312,0.07223611325025558,0.19006309148264985,6,6,6,0.743799614152028,360,0.2799470549305096,6
0.009660618279569893,0.266874760389328,11904,39914,0.10297629982233047,0.15917406976222992,0.20744681358337402,"llm_attention",0.35556167364120483,0.012592586688697338,0.1788955806260073,11,11,11,0.8509889607122194,361,0.404317876344086,11
0.02963855421686747,0.6241939067840576,4150,39951,0.2772115468978882,0.4358590245246887,0.05970149114727974,"llm_attention",0.04076635092496872,0.02822602353990078,0.0891482493171095,3,3,3,0.9111253965202346,362,0.1293975903614458,3
0.004754725733503421,0.10124588012695312,8623,39956,0.2206929624080658,0.38910165429115295,0.1268656700849533,"llm_attention",0.09014109522104263,0.012495934031903744,0.02551852714984852,2,2,2,0.7909052216799706,363,0.260466195059724,2
0.07475460857074455,0.2641749680042267,16708,40036,0.3532179594039917,0.4771266281604767,0.10948905348777771,"llm_attention",0.045052483677864075,0.007749263197183609,0.1228410634581797,3,3,3,0.7443107214079959,364,0.36144361982283935,3
0.17942803146104888,0.4097341299057007,35981,40083,0.3265310823917389,0.3367478847503662,0.09515570849180222,"llm_attention",0.13260750472545624,0.010486160404980183,0.1850973751058425,11,11,11,0.7126503622306491,365,0.4245851977432534,11
0.1524082682227277,0.5207691788673401,10111,40471,0.15715482831001282,0.16703425347805023,0.22085890173912048,"llm_attention",0.22911442816257477,0.021316461265087128,0.1836639439906651,20,20,19,0.832164633832746,366,0.31272871130451985,20
0.0415651091635119,0.05397170037031174,38566,40757,0.23701854050159454,0.3737443685531616,0.13942307233810425,"llm_attention",0.08434107154607773,0.004114805720746517,0.4087060033005979,3,3,3,0.580249183487957,367,0.5835969506819478,3
0.05741610509835954,1.369819869978528e-06,29382,41633,0.879485547542572,0.8895987272262573,0.0,"llm_attention",nan,inf,0.0,1,1,1,0.9425838949016404,368,0.05741610509835954,1
0.07172689304521518,0.25727829337120056,16521,41635,0.4556388556957245,0.5746375322341919,0.18320611119270325,"llm_attention",0.13462930917739868,0.009043000638484955,0.3335941575378195,3,3,3,0.6212640802277993,369,0.38139337812481083,3
0.013058001822046765,0.6729497313499451,6586,41872,0.21255095303058624,0.28608420491218567,0.1339285671710968,"llm_attention",0.10585155338048935,0.032585468143224716,0.17969230769230768,5,5,5,0.8144822419061251,370,0.20133616762830245,5
0.07049067035245335,0.2645585834980011,5788,41888,0.37525394558906555,0.5198331475257874,0.21276596188545227,"llm_attention",0.17937228083610535,0.0227595753967762,0.30892193308550187,3,3,3,0.6473088638949521,371,0.3576364892881824,3
0.019839667800911242,0.06038549542427063,17339,41990,0.17404597997665405,0.3050306439399719,0.27017542719841003,"llm_attention",0.2067405879497528,0.007604660931974649,0.5318623124448367,4,4,4,0.47641043185678855,372,0.6214891285541265,4
0.16153337739590218,0.0010139920050278306,45390,42070,0.28933849930763245,0.3944353759288788,0.10614524781703949,"llm_attention",0.06595251709222794,0.0026065853890031576,0.0007882705344474224,2,2,2,0.8023809523809524,373,0.39497686715135494,2
0.32829710064306533,0.03391849249601364,44941,42102,0.29779383540153503,0.35910895466804504,0.10724233835935593,"llm_attention",0.12660136818885803,0.003221607068553567,0.030841090535661045,2,3,3,0.6675379899744492,374,0.4946485391958345,3
0.10194369301673178,0.06728924065828323,19962,42178,0.23942923545837402,0.38545453548431396,0.1929260492324829,"llm_attention",0.292582243680954,0.00433737738057971,0.41228314832375745,3,3,3,0.48253576990075403,375,0.5427311892595932,3
0.01850709438618137,0.04871014133095741,6484,42276,0.23055996000766754,0.34249523282051086,0.12871287763118744,"llm_attention",0.10370013117790222,0.015086958184838295,0.10025141420490258,2,2,2,0.7620925189030069,376,0.4020666255397903,2
0.0902591599642538,0.3753996789455414,22380,42296,0.39900708198547363,0.4988192319869995,0.14525139331817627,"llm_attention",0.08264921605587006,0.00727292662486434,0.20019646365422397,3,3,3,0.7809434355192343,377,0.27238605898123325,3
0.02540927075392936,0.07002969086170197,27549,42528,0.292262464761734,0.4333256483078003,0.14883720874786377,"llm_attention",0.10391265153884888,0.005886889062821865,0.3283548735520876,3,3,3,0.5808060827739306,378,0.48586155577334933,3
0.00794912559618442,0.0,1887,42563,0.5230511426925659,0.7481192350387573,0.0,"llm_attention",nan,inf,0.0,1,1,1,0.9920508744038156,379,0.00794912559618442,1
0.034734621003083915,0.5527840852737427,6161,42628,0.3487549126148224,0.4302945137023926,0.2448979616165161,"llm_attention",0.15532442927360535,0.041778694838285446,0.27223810324533376,6,8,8,0.6034312870420355,380,0.3768868690147703,8
0.029873170049963312,0.28255200386047363,28621,42889,0.45112961530685425,0.5459830164909363,0.13646532595157623,"llm_attention",0.1283559799194336,0.0038719098083674908,0.11913851473024563,2,2,2,0.8698307588030506,381,0.21351455225184304,2
0.0043821209465381246,0.2799934148788452,2282,43314,0.0949244573712349,0.20272183418273926,0.15789473056793213,"llm_attention",0.17532089352607727,0.03546799719333649,0.21170774647887325,5,5,5,0.6739398841419163,382,0.35801928133216476,5
0.0018214936247723133,0.5868425369262695,549,43435,0.05091128498315811,0.18396681547164917,0.3333333432674408,"llm_attention",0.16857722401618958,0.1432349532842636,0.20072992700729927,5,5,5,0.8219009487015342,383,0.25136612021857924,5
0.14542845556352746,0.0,32057,43581,0.678838312625885,0.6402644515037537,0.09268292784690857,"llm_attention",0.09034399688243866,0.004059373866766691,0.0,1,4,4,0.6970708425616869,384,0.302929157438313,4
0.045006321112515804,0.506730854511261,3955,43737,0.2032046914100647,0.2916173040866852,0.20967741310596466,"llm_attention",0.22839391231536865,0.029282862320542336,0.16865236960550703,6,6,6,0.6764980838961351,385,0.2579013906447535,6
0.09820912767186597,0.11131155490875244,6924,43816,0.14419063925743103,0.2686370313167572,0.14516128599643707,"llm_attention",0.09326452761888504,0.026033569127321243,0.053811659192825115,5,5,5,0.7604217972070431,386,0.35456383593298674,5
0.16235732587933846,0.43943673372268677,51516,44068,0.7022150754928589,0.6337974667549133,0.057598039507865906,"llm_attention",0.06286165863275528,0.0022957222536206245,0.08407489803485355,2,2,2,0.7716048318293645,387,0.23278204829567514,2
0.08444471759572245,0.24575738608837128,16271,44195,0.3553667962551117,0.48172980546951294,0.095238097012043,"llm_attention",0.0764300525188446,0.009874740615487099,0.27401490232932807,3,3,3,0.7142872845572378,388,0.37274906274967734,3
0.01103081019399011,0.49013280868530273,2629,44260,0.32308197021484375,0.430221289396286,0.40425533056259155,"llm_attention",0.27474942803382874,0.049554742872714996,0.2857692307692308,5,5,5,0.714378572857301,389,0.2936477748193229,5
0.047392716703710036,0.4077175557613373,29245,44279,0.18325969576835632,0.21664346754550934,0.1855010688304901,"llm_attention",0.19955383241176605,0.005023216363042593,0.26677195879249077,10,10,10,0.666487595577651,390,0.3624209266541289,10
0.0011851851851851852,0.5407193303108215,10125,44590,0.2932787239551544,0.32452085614204407,0.2848837077617645,"llm_attention",0.16125965118408203,0.028006820008158684,0.3490556709186196,10,10,10,0.6360649094891848,391,0.2871111111111111,10
0.07194767441860465,0.0,2752,44652,0.6023585200309753,0.7877944707870483,0.0,"llm_attention",nan,inf,0.0,1,1,1,0.9280523255813954,392,0.07194767441860465,1
0.03977518374405534,0.5326542258262634,4626,44699,0.37026092410087585,0.4516231119632721,0.23170731961727142,"llm_attention",0.2352924346923828,0.02307390607893467,0.28680774425934263,4,4,4,0.7471415771333751,393,0.23346303501945526,4
0.0318368493102601,0.42979684472084045,28489,44877,0.3199247121810913,0.37606415152549744,0.14444445073604584,"llm_attention",0.05978598818182945,0.006364712491631508,0.2516858820970198,4,4,4,0.685580886750764,394,0.3189301133770929,4
0.036584484129853226,0.6334210634231567,27662,45070,0.7096542716026306,0.760532796382904,0.06278026849031448,"llm_attention",0.04270828515291214,0.004202950745820999,0.08705440900562852,2,2,2,0.879361841248214,395,0.12045405249078157,2
0.0012285012285012285,0.7205902338027954,814,45090,0.14404714107513428,0.29176050424575806,0.06666667014360428,"llm_attention",0.0761607438325882,0.181406632065773,0.0897908979089791,4,4,4,0.8470253657018363,396,0.1977886977886978,4
0.013568023469013568,0.35278210043907166,2727,45229,0.07807566970586777,0.1022886335849762,0.25,"llm_attention",0.3219617009162903,0.05301516875624657,0.395910780669145,16,16,12,0.7960798827946218,397,0.3050971763843051,16
0.001175663760164593,0.2856470048427582,10207,45472,0.15077784657478333,0.195205956697464,0.40361446142196655,"llm_attention",0.2554503083229065,0.01019037514925003,0.3969592937714566,6,6,6,0.5454668636879471,398,0.4466542568825316,6
0.11082914702988243,0.3001237213611603,38618,45550,0.21953576803207397,0.254597544670105,0.12012986838817596,"llm_attention",0.12268431484699249,0.007789291441440582,0.1549886423204613,8,8,8,0.7398995869379235,399,0.3464446631104666,8
0.006711409395973154,0.44695624709129333,2235,45596,0.18624718487262726,0.22765770554542542,0.3333333432674408,"llm_attention",0.2469891756772995,0.08924346417188644,0.2828828828828829,12,12,11,0.7592552571509791,400,0.32527964205816556,12
0.27147766323024053,0.46122583746910095,6402,45728,0.11153897643089294,0.21704314649105072,0.06730769574642181,"llm_attention",0.10107950866222382,0.01685149595141411,0.1346483704974271,2,2,2,0.6573646489865042,401,0.3281786941580756,2
0.12390578467647324,0.2978835999965668,22162,46031,0.3037635385990143,0.36886700987815857,0.09428571164608002,"llm_attention",0.1310449093580246,0.010467988438904285,0.14714668314791923,5,5,5,0.8289636131118296,402,0.3111181301326595,5
0.15365131155282702,0.1441327929496765,23293,46048,0.2868455648422241,0.38348108530044556,0.14016172289848328,"llm_attention",0.1791551113128662,0.0055479127913713455,0.09044333975854722,4,4,4,0.8293333233750819,403,0.4138153093203967,4
0.009442583003350593,0.2493157535791397,6566,46252,0.1541895568370819,0.2668371796607971,0.25925925374031067,"llm_attention",0.20235157012939453,0.022807631641626358,0.32134071340713405,5,5,5,0.7451828743203209,404,0.41425525434054217,5
0.17900430957083857,0.35340383648872375,44552,46378,0.6202409267425537,0.6229625344276428,0.05164992809295654,"llm_attention",0.05814557522535324,0.002701923018321395,0.1107526587746398,2,2,2,0.795120067331234,405,0.2699317651283893,2
0.06814033213124972,0.10436265915632248,44922,46463,0.2754989564418793,0.2914651036262512,0.173024520277977,"llm_attention",0.07968425750732422,0.0035431073047220707,0.2362819808413559,3,3,3,0.6579404200099668,406,0.41284893815947643,3
0.0543010752688172,0.23044465482234955,26040,46497,0.3455921709537506,0.4323669672012329,0.1990632265806198,"llm_attention",0.13716591894626617,0.007028779946267605,0.32908308292049054,3,4,4,0.5905641829165373,407,0.4334485407066052,4
0.03594747267258455,0.0,13631,46804,0.8688264489173889,0.9154801368713379,0.0,"llm_attention",nan,inf,0.0,1,1,1,0.9640525273274154,408,0.03594747267258455,1
0.24535797925727668,0.11055510491132736,23912,46872,0.2642059624195099,0.36312785744667053,0.08799999952316284,"llm_attention",0.05524945259094238,0.007178664673119783,0.037849819894707676,3,3,3,0.7832984239374016,409,0.3102626296420207,3
0.08976063829787234,0.45951759815216064,3008,47010,0.23740215599536896,0.37602320313453674,0.20000000298023224,"llm_attention",0.20701995491981506,0.05775870382785797,0.21658144631117604,4,4,4,0.7364234174654369,410,0.3271276595744681,4
0.045861737458486276,0.20199944078922272,45768,47112,0.12790566682815552,0.13132134079933167,0.25854992866516113,"llm_attention",0.20330044627189636,0.0076927924528717995,0.3084796995580389,20,21,21,0.7748739737520914,411,0.4969629435413389,21
0.1663198458574181,0.3339281678199768,38925,47121,0.488351434469223,0.5341946482658386,0.09740259498357773,"llm_attention",0.07544475793838501,0.004180927760899067,0.18101137099010817,3,3,3,0.7690233941402571,412,0.3212845215157354,3
0.10505986867516416,0.514602541923523,5178,47571,0.22379440069198608,0.387226939201355,0.14606741070747375,"llm_attention",0.3130895495414734,0.013200909830629826,0.16529995684074233,3,3,3,0.6472376018826799,413,0.27481653147933566,3
0.11030405853193012,0.4411192834377289,37723,47585,0.3533673584461212,0.4088429808616638,0.1315789520740509,"llm_attention",0.1379658579826355,0.007725754287093878,0.20654311423633873,6,7,7,0.6948625757807253,414,0.35148318002279777,7
0.12085396617770719,0.21759328246116638,21406,47740,0.19285500049591064,0.2760886549949646,0.1536312848329544,"llm_attention",0.15367549657821655,0.008989669382572174,0.17519528136457835,6,6,6,0.5479009995404116,415,0.5531626646734561,6
0.0004806921967633392,0.33309316635131836,12482,47769,0.29145538806915283,0.36598119139671326,0.2395833283662796,"llm_attention",0.1332264542579651,0.0181184783577919,0.33905097787752486,6,6,6,0.6651298747020756,416,0.39144367889761256,6
0.12543399273314493,0.002637196332216263,24770,47801,0.07048989087343216,0.16217999160289764,0.2524038553237915,"llm_attention",0.3097730278968811,0.0063704634085297585,0.002677376171352075,5,7,7,0.7909068548105549,417,0.5249495357287041,7
0.1234690499834492,0.4617115557193756,15105,47819,0.3797733187675476,0.46340256929397583,0.07500000298023224,"llm_attention",0.0999240130186081,0.013524865731596947,0.20687311178247733,4,4,4,0.6475041827020274,418,0.3047997351870242,4
0.008875739644970414,0.0,2704,47828,0.418974906206131,0.6912235021591187,0.04878048598766327,"llm_attention",0.11961245536804199,0.042899519205093384,0.0,1,2,2,0.7104289940828402,419,0.2895710059171598,2
0.33918687732716113,0.3673746883869171,59622,48153,0.5769994258880615,0.4070546329021454,0.07476635277271271,"llm_attention",0.10423503071069717,0.0018593937857076526,0.21185816898906062,2,2,2,0.62488177748899,420,0.3773439334473852,2
0.021562245728234338,0.48841825127601624,36870,48396,0.2847882807254791,0.3369922637939453,0.1385350376367569,"llm_attention",0.09625766426324844,0.008389542810618877,0.13078309078309078,6,7,7,0.788603047597733,421,0.2729861676159479,7
0.02468470410693112,0.29943856596946716,18554,48504,0.21367618441581726,0.3119448721408844,0.20618556439876556,"llm_attention",0.14611732959747314,0.008388184010982513,0.21772767462422635,5,5,5,0.5739600597580727,422,0.42195752937371994,5
0.0032533550223668157,0.34644564986228943,2459,48555,0.22535033524036407,0.3079525828361511,0.25,"llm_attention",0.20973321795463562,0.04400554671883583,0.32802937576499386,6,6,6,0.660963593218594,423,0.3904026026840179,6
0.17685776972240771,0.0,52415,48564,0.43485909700393677,0.4804146885871887,0.10885167121887207,"llm_attention",0.057973165065050125,0.002253384329378605,0.0,1,2,2,0.43863397882285604,424,0.561366021177144,2
0.028965195047886007,0.02912868559360504,8562,48924,0.17440365254878998,0.3511987626552582,0.20529800653457642,"llm_attention",0.31323403120040894,0.008391393348574638,0.11234063026220832,3,3,3,0.7043690768249791,425,0.49579537491240366,3
0.17226689067562703,0.18217015266418457,33332,49060,0.24342359602451324,0.3022729456424713,0.09090909361839294,"llm_attention",0.2577107548713684,0.0033263270743191242,0.05596230518303733,6,7,7,0.5425414218004772,426,0.3111124444977799,7
0.07032590051457976,0.0,583,49259,0.04816921427845955,0.44169238209724426,0.0,"llm_attention",nan,inf,0.0,1,1,1,0.9296740994854202,427,0.07032590051457976,1
0.1489435400069276,0.19259686768054962,37531,49269,0.511139988899231,0.5951629281044006,0.12436974793672562,"llm_attention",0.11697280406951904,0.0029678877908736467,0.2396606242760089,2,2,2,0.6635742365282357,428,0.3529082625029975,2
0.05588001061852933,0.4411439597606659,7534,49759,0.17652644217014313,0.21233321726322174,0.3700787425041199,"llm_attention",0.2415418177843094,0.020133746787905693,0.34134682974834807,12,12,12,0.546350527918812,429,0.3831961773294399,12
0.00234192037470726,0.3650708496570587,2562,49761,0.08834785968065262,0.11750476807355881,0.6279069781303406,"llm_attention",0.42753198742866516,0.030376167967915535,0.2942097026604069,17,17,17,0.7814033500022095,430,0.42310694769711166,17
0.20554770080118495,0.18948739767074585,44559,49810,0.41839972138404846,0.4367922246456146,0.06954102963209152,"llm_attention",0.11189913749694824,0.003334677778184414,0.35612994350282484,3,3,3,0.6583800941739762,431,0.42426894678964966,3
0.08961117861482382,0.3495778441429138,6584,50006,0.19527874886989594,0.27558451890945435,0.22429905831813812,"llm_attention",0.2164297103881836,0.025108495727181435,0.2962962962962963,7,8,8,0.6779046201712765,432,0.4636998784933171,8
0.010785734995650914,0.5191028118133545,17245,50145,0.2575807571411133,0.3087860941886902,0.23310810327529907,"llm_attention",0.12236208468675613,0.017755357548594475,0.21490122515973972,9,9,9,0.7241266156666728,433,0.30669759350536385,9
0.10581008682800665,0.0841905027627945,21652,50149,0.1076042652130127,0.14589068293571472,0.4399999976158142,"llm_attention",0.2919771671295166,0.006012209691107273,0.5890708124580342,12,13,13,0.501376131851598,434,0.7256604470718641,13
0.04456706281833616,0.0,7068,50165,0.709125280380249,0.8310014009475708,0.0,"llm_attention",nan,inf,0.0,1,1,1,0.9554329371816639,435,0.04456706281833616,1
0.11845229780695628,0.49742698669433594,7159,50326,0.5666437149047852,0.6954042315483093,0.08771929889917374,"llm_attention",0.11106540262699127,0.015562831424176693,0.10743146886388845,2,2,2,0.7919490590862883,436,0.21315826232714066,2
0.23099789528500445,0.046056874096393585,46087,50331,0.24763186275959015,0.29740357398986816,0.18227848410606384,"llm_attention",0.2015509307384491,0.003358480054885149,0.3585959764115008,3,4,4,0.48987221596697195,437,0.5248117690455009,4
0.09701776649746192,0.2969563603401184,31520,50380,0.38340455293655396,0.4498104155063629,0.13163064420223236,"llm_attention",0.09443726390600204,0.006446047220379114,0.2239477197667065,4,4,4,0.7194799766920636,438,0.4135469543147208,4
0.09880149058314029,0.19223955273628235,9929,50638,0.49097496271133423,0.6471959948539734,0.046783626079559326,"llm_attention",0.08312198519706726,0.010723637416958809,0.04112650871703174,2,2,2,0.8319975325001714,439,0.20243730486453823,2
0.002390914524805738,0.45598188042640686,15057,50679,0.21283948421478271,0.2798611521720886,0.22317597270011902,"llm_attention",0.26580679416656494,0.008600760251283646,0.13421210305572198,8,8,8,0.6858839205010416,440,0.23337982333798232,8
0.0363264173201027,0.5390594005584717,28822,50811,0.25865745544433594,0.31138893961906433,0.1503623127937317,"llm_attention",0.141923725605011,0.009437247179448605,0.18192619261926193,6,9,9,0.7501131477387188,441,0.28939698841163003,9
0.08332726345691602,0.20616354048252106,27458,50828,0.31172648072242737,0.41831541061401367,0.11832946538925171,"llm_attention",0.10743401944637299,0.005908239167183638,0.08386968613428684,4,4,4,0.8397562834924437,442,0.2977638575278607,4
0.10138115554270012,0.019558195024728775,41487,50844,0.3147159814834595,0.39542970061302185,0.13704819977283478,"llm_attention",0.29710638523101807,0.002100936369970441,0.4396609533006089,2,2,2,0.5915306015565542,443,0.40863402993708875,2
0.2831199608459339,0.17805027961730957,38821,50896,0.06091255322098732,0.12080325186252594,0.2441742718219757,"llm_attention",0.3056345283985138,0.0032083257101476192,0.23190801293568092,2,14,14,0.45778378106334366,444,0.5235825970479895,14
0.0,0.3897331953048706,338,50943,0.10501793771982193,0.37796616554260254,0.1111111119389534,"llm_attention",0.04717855527997017,0.21017497777938843,0.1863905325443787,2,2,2,0.8754940711462451,445,0.1863905325443787,2
0.12682713014312122,0.3093622028827667,52473,51008,0.5655787587165833,0.5022342205047607,0.0449574738740921,"llm_attention",0.08834737539291382,0.0021935736294835806,0.18102055960539526,2,2,2,0.723757055284233,446,0.2848893716768624,2
0.10720651897122485,0.23253300786018372,23562,51309,0.3405313789844513,0.4401105046272278,0.20540539920330048,"llm_attention",0.1635456085205078,0.00706451665610075,0.35871838752614565,4,4,4,0.5691161314436995,447,0.42865631100925217,4
0.03010005087332542,0.18203480541706085,11794,51314,0.3599979281425476,0.5041167736053467,0.0486486479640007,"llm_attention",0.06255124509334564,0.010028563439846039,0.15219861876038115,2,2,2,0.8319904506117577,448,0.2864168221129388,2
0.18756268806419257,0.0,14955,51326,0.30432823300361633,0.3920397460460663,0.0,"llm_attention",nan,inf,0.0,1,1,1,0.8124373119358074,449,0.18756268806419257,1
0.08028275687957587,0.14049415290355682,3961,51598,0.3493870496749878,0.5449740290641785,0.095238097012043,"llm_attention",0.07679479569196701,0.014719703234732151,0.03458687894592369,2,2,2,0.889960886571056,450,0.21307750568038375,2
0.022828211049920055,0.3396497964859009,22516,51610,0.48643389344215393,0.5768723487854004,0.09917355328798294,"llm_attention",0.06709738075733185,0.006892447825521231,0.29110989910008184,3,3,3,0.7698927602117562,451,0.30795878486409667,3
0.01647537948907812,0.23703977465629578,10804,51712,0.4102396070957184,0.5761155486106873,0.050847455859184265,"llm_attention",0.024272650480270386,0.010990498587489128,0.1370223978919631,2,2,2,0.856579269110675,452,0.2471306923361718,2
0.16200235175541744,0.09944620728492737,29765,51738,0.3948362469673157,0.5257489085197449,0.09322033822536469,"llm_attention",0.04597023129463196,0.004032718949019909,0.0845928717475845,2,2,2,0.7938870176801052,453,0.3557534016462288,2
0.0,0.2955343723297119,1353,51938,0.06326355040073395,0.11465602368116379,0.23999999463558197,"llm_attention",0.3544711768627167,0.092744380235672,0.13895048041389504,12,13,9,0.8661634877312964,454,0.44050258684405025,13
0.0006642311524410495,0.0,3011,51961,0.3729548752307892,0.6460229158401489,0.0,"llm_attention",nan,inf,0.0,1,1,1,0.9993357688475589,455,0.0006642311524410495,1
0.0,0.45888081192970276,398,51976,0.12887167930603027,0.40635207295417786,0.0,"llm_attention",0.03789473697543144,0.19177588820457458,0.16080402010050251,2,2,2,0.8327176113360324,456,0.16080402010050251,2
0.1345099860659545,0.32616159319877625,21530,52007,0.21529705822467804,0.2888387143611908,0.11046511679887772,"llm_attention",0.20466549694538116,0.009020639583468437,0.05661693678222604,5,8,8,0.7916351419999421,457,0.2921969345099861,8
0.003374673078545516,0.0,11853,52017,0.41058239340782166,0.6444047689437866,0.06122449040412903,"llm_attention",0.04907827824354172,0.009686306118965149,0.0,1,2,2,0.5089007002446638,458,0.4910992997553362,2
0.019230769230769232,0.4792441129684448,3640,52412,0.07342150062322617,0.11569253355264664,0.15789473056793213,"llm_attention",0.30229535698890686,0.021890684962272644,0.06050420168067227,12,12,12,0.8182821519264262,459,0.20274725274725275,12
0.07810654216121955,0.13863861560821533,35554,52413,0.2540396749973297,0.2771524488925934,0.17777778208255768,"llm_attention",0.11140862852334976,0.00562482513487339,0.3996399914574244,5,5,5,0.7227722706036395,460,0.48247735838442934,5
0.07137351626329583,0.2391863614320755,12974,52462,0.5002624988555908,0.6446747183799744,0.08920187503099442,"llm_attention",0.09335559606552124,0.008512194268405437,0.2350597609561753,2,2,2,0.7242151541254803,461,0.2896562355480191,2
0.0007124198527665638,0.5787181854248047,4211,52507,0.5005707740783691,0.6527470946311951,0.015384615398943424,"llm_attention",0.04009731858968735,0.0293863695114851,0.11929657794676807,2,2,2,0.8953729504981177,462,0.11992400854903823,2
0.047832192381955414,0.0,11394,52565,0.7427769303321838,0.8370383977890015,0.0,"llm_attention",nan,inf,0.0,1,1,1,0.9521678076180445,463,0.047832192381955414,1
0.04216496116385156,0.16996736824512482,24333,52591,0.4165872037410736,0.5489760041236877,0.08398950099945068,"llm_attention",0.04774769768118858,0.004974388517439365,0.18488007894623934,2,2,2,0.757767037873499,464,0.31130563432375785,2
0.09186533072286844,0.3769042193889618,26049,52891,0.5890963673591614,0.6905818581581116,0.07506053149700165,"llm_attention",0.031482994556427,0.004687812644988298,0.1684139330402435,2,2,2,0.7711574553406337,465,0.24480786210603095,2
0.008316773386325164,0.5411736369132996,27174,52996,0.22419500350952148,0.23901978135108948,0.1818181872367859,"llm_attention",0.20936836302280426,0.011256617493927479,0.23203948344960665,12,17,17,0.7747299261385071,466,0.3384485169647457,17
0.002054231717337716,0.7292746901512146,2434,53505,0.08878377079963684,0.15119001269340515,0.28260868787765503,"llm_attention",0.42789387702941895,0.0374523401260376,0.36064223960477565,9,9,8,0.5972862380790394,467,0.2641741988496302,9
0.4730503949271332,0.0,35956,53529,0.3908677399158478,0.3679828941822052,0.060055866837501526,"llm_attention",0.07595597952604294,0.0036999820731580257,0.0,1,3,3,0.4730503949271332,468,0.5269496050728668,3
0.05121215071560705,0.1842573881149292,10271,53624,0.1868996024131775,0.28379788994789124,0.20370370149612427,"llm_attention",0.23756088316440582,0.011193729937076569,0.06187788609543356,6,6,6,0.8195580851498132,469,0.28322461298802454,6
0.002333359259547328,0.19887642562389374,12857,53626,0.16074930131435394,0.22382421791553497,0.3037383258342743,"llm_attention",0.1988549679517746,0.010365910828113556,0.4725968659858112,9,9,9,0.5032710389355063,470,0.5583728708096757,9
0.23219183300319976,0.06125909835100174,52504,53909,0.3907286822795868,0.3881206214427948,0.04054053872823715,"llm_attention",0.041206084191799164,0.002352702198550105,0.3294222707315258,2,2,2,0.5666408433160054,471,0.48512494286149627,2
0.09378778283148137,0.0,17369,53994,0.6095813512802124,0.7035676836967468,0.0,"llm_attention",nan,inf,0.0,1,1,1,0.9062122171685186,472,0.09378778283148137,1
0.07130139889783807,0.21322567760944366,23590,54123,0.2042951136827469,0.3125401437282562,0.16223403811454773,"llm_attention",0.18599212169647217,0.006807776167988777,0.12324265108636115,5,5,5,0.6369194344434299,473,0.3576091564222128,5
0.023899621589324835,0.2957996726036072,5021,54164,0.33648669719696045,0.5301544666290283,0.07228915393352509,"llm_attention",0.04554189741611481,0.022899681702256203,0.08957355641705775,2,2,2,0.896660846791794,474,0.18860784704242184,2
0.10305150631681244,0.28929194808006287,25725,54592,0.2806302011013031,0.3644341230392456,0.161369189620018,"llm_attention",0.09955050051212311,0.009317825548350811,0.2748114761203086,5,5,5,0.6703460768394538,475,0.42332361516034983,5
0.05458908218356329,0.5205323100090027,18337,54593,0.26790088415145874,0.3002009093761444,0.27796611189842224,"llm_attention",0.17454975843429565,0.022440586239099503,0.2738809413936317,16,16,16,0.7099728098191211,476,0.3561651306102416,16
0.11692129994224812,0.45784974098205566,38094,54605,0.22728782892227173,0.25397446751594543,0.12637363374233246,"llm_attention",0.13565593957901,0.008926277980208397,0.11302021403091558,12,15,15,0.6566179886859883,477,0.31564025830839504,15
0.05516318720637192,0.5630280375480652,32141,54628,0.1960659623146057,0.1844272017478943,0.21497121453285217,"llm_attention",0.26454052329063416,0.011832383461296558,0.3521799262381454,23,23,22,0.6437805714579752,478,0.35216701409414763,23
0.23634303435114504,0.2961706519126892,33536,54654,0.41199517250061035,0.43777355551719666,0.05586592108011246,"llm_attention",0.0341256707906723,0.0031595933251082897,0.1258102303787583,2,2,2,0.6379665184057299,479,0.33241889312977096,2
0.08219714267075477,0.4489932358264923,15329,54931,0.5847513675689697,0.6930770874023438,0.07883817702531815,"llm_attention",0.0979379266500473,0.007474887650460005,0.1415168100078186,2,2,2,0.7967947100558479,480,0.21208167525605062,2
0.11558477129553547,0.5240240097045898,3651,54967,0.18434149026870728,0.2085483968257904,0.26760563254356384,"llm_attention",0.2573951184749603,0.056813497096300125,0.22886342520904304,16,16,15,0.7393119017272695,481,0.3861955628594905,16
0.20744459964513573,0.11116306483745575,26489,55002,0.4088103771209717,0.5404821038246155,0.08114558458328247,"llm_attention",0.04575946927070618,0.004543338902294636,0.05930265790225779,2,2,2,0.8241520669908282,482,0.3293442561063083,2
0.03600342889799028,0.31750383973121643,20998,55022,0.14376398921012878,0.19889450073242188,0.26567164063453674,"llm_attention",0.18340836465358734,0.009763280861079693,0.2885090406086355,9,8,8,0.5488536207204463,483,0.4323745118582722,8
0.08381651848988532,0.0,15522,55072,0.8371202945709229,0.891599178314209,0.0,"llm_attention",nan,inf,0.0,1,1,1,0.9161834815101146,484,0.08381651848988532,1
0.06097925311203319,0.34009650349617004,30125,55150,0.29295310378074646,0.3145890235900879,0.23434343934059143,"llm_attention",0.2054099440574646,0.012213323265314102,0.40554298642533937,13,15,15,0.5683373596769198,485,0.40707053941908716,15
0.0,0.30136045813560486,8816,55167,0.12580473721027374,0.19176922738552094,0.13235294818878174,"llm_attention",0.29572373628616333,0.016052953898906708,0.05161070780399274,8,10,10,0.8086762388813444,486,0.2980943738656987,10
0.0,0.07998602092266083,937,55299,0.2226182371377945,0.4744182527065277,0.06666667014360428,"llm_attention",0.2325337678194046,0.101765476167202,0.06510138740661686,2,2,2,0.8202054794520548,487,0.33617929562433296,2
0.046802832803038076,0.24462886154651642,38972,55528,0.23669926822185516,0.2863069474697113,0.17418351769447327,"llm_attention",0.1464899182319641,0.00697485962882638,0.21395499084742112,5,7,7,0.6989671570151177,488,0.41386123370625066,7
0.018421052631578946,0.2134491205215454,8740,55950,0.262560099363327,0.4222874343395233,0.0979020968079567,"llm_attention",0.07827343791723251,0.018206540495157242,0.16971675020398647,3,3,3,0.8502504876743839,489,0.29153318077803203,3
0.33598259059513674,0.21214671432971954,10569,56127,0.1414901614189148,0.18384389579296112,0.184523805975914,"llm_attention",0.1747325360774994,0.012645463459193707,0.1993445426047307,8,8,8,0.6439855726734214,490,0.5884189611126881,8
0.04934875550989295,0.15128402411937714,30173,56288,0.2758575677871704,0.336546927690506,0.1618257313966751,"llm_attention",0.13657771050930023,0.0050482917577028275,0.28280574536326875,3,3,3,0.718137411820493,491,0.4170947535876446,3
0.02808760900425877,0.2672799527645111,19724,56344,0.31595107913017273,0.3618820309638977,0.1461038887500763,"llm_attention",0.1820213943719864,0.012371586635708809,0.3622848200312989,7,7,7,0.7931078388821537,492,0.35717907118231595,7
0.07030930644501976,0.19944478571414948,22017,56350,0.18146593868732452,0.2115868180990219,0.32777777314186096,"llm_attention",0.2613285481929779,0.006883879657834768,0.571596072109043,10,10,10,0.47536175461747676,493,0.543262024799019,10
0.1026032230380471,0.0,20974,56545,0.8377620577812195,0.8798670172691345,0.0,"llm_attention",nan,inf,0.0,1,1,1,0.8973967769619529,494,0.1026032230380471,1
0.10215482841181166,0.2571408152580261,48867,57027,0.3707152307033539,0.43131881952285767,0.1612483710050583,"llm_attention",0.09669379889965057,0.0033185237552970648,0.16822792022792024,3,3,3,0.7100462895371717,495,0.34016821167659156,3
0.013120489831620381,0.5133949518203735,18292,57149,0.31546881794929504,0.3789540231227875,0.1041666641831398,"llm_attention",0.17187923192977905,0.0104546332731843,0.15178373587414137,6,6,6,0.8045467080612095,496,0.2684233544719003,6
0.05335317728769224,0.4343491792678833,44346,57150,0.20010684430599213,0.18920008838176727,0.3455284535884857,"llm_attention",0.24508854746818542,0.005793815013021231,0.4141972367794188,22,23,23,0.5301399030045061,497,0.4700987687728318,23
0.2477292284157185,0.016587506979703903,31377,57232,0.07764851301908493,0.12293152511119843,0.3116147220134735,"llm_attention",0.367668092250824,0.002959273988381028,0.03520589730554143,6,15,15,0.498379844155201,498,0.73773783344488,15
0.16313954431200844,0.2256917953491211,36999,57238,0.29312941431999207,0.36011600494384766,0.12396693974733353,"llm_attention",0.10153205692768097,0.00527802063152194,0.11558957465361884,4,4,4,0.6820787875469667,499,0.3946593151166248,4
0.04969756416544058,0.0,24468,57244,0.5227518081665039,0.510358989238739,0.0,"llm_attention",nan,inf,0.0,1,1,1,0.9503024358345594,500,0.04969756416544058,1
0.01170807857421621,0.5672205686569214,7687,57597,0.14287903904914856,0.1506364345550537,0.3206106722354889,"llm_attention",0.28915736079216003,0.03916838765144348,0.25615374489930237,31,32,31,0.7162832589260935,501,0.32990763626902564,32
0.0025890637945318973,0.7012299299240112,9656,57672,0.2095929980278015,0.23693951964378357,0.31012657284736633,"llm_attention",0.23122452199459076,0.021293869242072105,0.3219811026892327,16,16,15,0.6655429147642744,502,0.31555509527754766,16
0.0,0.6018125414848328,233,57725,0.08152477443218231,0.3746669292449951,0.0,"llm_attention",0.2574482560157776,0.2960318326950073,0.11158798283261803,2,2,2,0.8898305084745763,503,0.11158798283261803,2
0.0,0.5906296372413635,662,57760,0.07942773401737213,0.11586346477270126,0.3636363744735718,"llm_attention",0.33262738585472107,0.05780652537941933,0.3217522658610272,15,15,11,0.9028427047034037,504,0.10876132930513595,15
0.018595614765473216,0.54591304063797,3603,58029,0.4196174144744873,0.5950675010681152,0.05000000074505806,"llm_attention",0.05382884666323662,0.03152421861886978,0.12245475113122171,2,2,2,0.8522348723089743,505,0.13877324451845685,2
0.07344524990461655,0.11093573272228241,31452,58111,0.1421111673116684,0.20297929644584656,0.19322709739208221,"llm_attention",0.27182912826538086,0.0033023979049175978,0.07267860819435866,6,6,6,0.7101296044763669,506,0.3946012972148035,6
0.08418514946962391,0.31746235489845276,41480,58350,0.5057240128517151,0.5409471988677979,0.14777618646621704,"llm_attention",0.10068861395120621,0.0054763606749475,0.26310940296935875,3,5,5,0.5961460702784797,507,0.4025313404050145,5
0.01644640234948605,0.5367376208305359,3405,58384,0.3946434259414673,0.5092085599899292,0.0793650820851326,"llm_attention",0.16500872373580933,0.04325132071971893,0.23559271424305764,4,4,4,0.694321888853139,508,0.24816446402349487,4
0.06830588766072637,0.5678011178970337,22165,58393,0.49999547004699707,0.5980555415153503,0.023255813866853714,"llm_attention",0.0634814202785492,0.007814242504537106,0.049150162219747225,3,3,3,0.8513524846326449,509,0.11477554703361155,3
0.13853976359754352,0.3771837055683136,45431,58539,0.2231784164905548,0.2367326319217682,0.16908851265907288,"llm_attention",0.16303282976150513,0.004934999626129866,0.2615172343306845,9,9,9,0.6864440865730012,510,0.40723294666637316,9
0.0,1.0,2247,58655,0.4493101239204407,0.7028977274894714,0.0,"llm_attention",nan,inf,0.0,1,1,1,1.0,511,0.0,1
0.05949796679609869,0.276922345161438,32707,122962,0.17225931584835052,0.16319046914577484,0.3909091055393219,"llm_attention",0.19837351143360138,0.007776024751365185,0.4143558401872501,25,29,29,0.5832539001250805,1020,0.52037790075519,29
0.0016042780748663102,0.2528155446052551,5610,165518,0.3853147625923157,0.5662450194358826,0.05999999865889549,"llm_attention",0.13108055293560028,0.017340658232569695,0.24799143010176755,2,2,2,0.7588446843675136,1407,0.24919786096256685,2
