bg_miss_frac,fARI,foreground_pixels,image_id,mBO,mIoU,map_ambiguous_patch_frac,map_kind,map_pair_overlap_mean,map_top1_top2_margin_mean,merge_frac,n_gt,n_objects_caption,n_pred_on_fg,object_dominant_frac_mean,sample_index,split_frac,valid_object_count
0.28908183860771547,0.33565157651901245,26259,139,0.1663326621055603,0.1954832524061203,0.22764228284358978,"llm_attention",0.19803959131240845,0.036761920899152756,0.1948789372187701,16,16,14,0.689852154417008,0,0.455348642370235,16
0.802510014134725,-3.09110419038916e-07,204461,285,0.6259231567382812,0.3129615783691406,0.0,"llm_attention",nan,inf,0.0,1,1,1,0.802510014134725,1,0.19748998586527505,1
0.5897479564032697,0.1790679544210434,76336,632,0.09338318556547165,0.11623558402061462,0.2026578038930893,"llm_attention",0.35713353753089905,0.007595185190439224,0.061436280614362807,17,17,16,0.6010136908793392,2,0.3993397610563823,17
0.6806957602112129,0.12286572903394699,32195,724,0.12121234089136124,0.27485191822052,0.38167938590049744,"llm_attention",0.2790514826774597,0.007019333075731993,0.09931906614785992,4,4,4,0.7440081459679271,3,0.29849355489982915,4
0.68375783356446,0.06520258635282516,245897,776,0.33180665969848633,0.26469454169273376,0.21218274533748627,"llm_attention",0.1647416651248932,0.002812586724758148,0.22478556640047323,4,4,4,0.7364586012395281,4,0.2984542308364884,4
0.5658432958936925,-0.019569264724850655,44249,785,0.20507682859897614,0.4312160909175873,0.10055866092443466,"llm_attention",0.11497221887111664,0.008213638328015804,0.04013325698818385,2,2,2,0.6801348493894623,5,0.43415670410630747,2
0.7351705967127309,0.11613260954618454,113103,802,0.2739982604980469,0.3829672336578369,0.1528089940547943,"llm_attention",0.19804580509662628,0.0035824186634272337,0.08560077454678997,2,2,2,0.7107308342236103,6,0.2648294032872691,2
0.6072380952380952,0.08961886912584305,49875,872,0.22979187965393066,0.3887752294540405,0.1683168262243271,"llm_attention",0.21954336762428284,0.011230765841901302,0.13956812496809434,3,4,4,0.6391212448359518,7,0.3848621553884712,4
0.4460837491863745,0.231186643242836,27654,885,0.2227495312690735,0.313170850276947,0.23636363446712494,"llm_attention",0.25494620203971863,0.019429169595241547,0.2456587021804413,6,6,6,0.7381982689726286,8,0.42511029145874013,6
0.5689969604863222,0.06723466515541077,115150,1000,0.11722448468208313,0.12343007326126099,0.33047211170196533,"llm_attention",0.291476309299469,0.005120931193232536,0.5680032238565383,16,16,16,0.6256827617177797,9,0.406391663048198,16
0.14798162447463592,0.29755204916000366,20462,1268,0.23772379755973816,0.31923457980155945,0.12903225421905518,"llm_attention",0.22166572511196136,0.03814869001507759,0.37036824595617757,7,7,7,0.6422519575885713,10,0.4297722607760727,7
0.8592763516328558,0.12911392748355865,218421,1296,0.35756218433380127,0.26758041977882385,0.11587485671043396,"llm_attention",0.2438468337059021,0.0025290055200457573,0.08562969710772034,3,4,4,0.7821649251174411,11,0.14072364836714418,4
0.502166818254775,0.1489020437002182,74764,1353,0.22397445142269135,0.28859061002731323,0.2781065106391907,"llm_attention",0.24741683900356293,0.007556101307272911,0.2528210639441161,7,7,7,0.5395419069964759,12,0.48661120325290247,7
0.6924638897537599,0.019335085526108742,73871,1425,0.2327117919921875,0.4104365110397339,0.11764705926179886,"llm_attention",0.09697284549474716,0.006105803418904543,0.07540276432784576,2,2,2,0.7229545152316714,13,0.30753611024624006,2
0.34234234234234234,0.4432445168495178,2775,1490,0.21563507616519928,0.46878743171691895,0.0,"llm_attention",0.13970541954040527,0.11010847240686417,0.0,2,2,2,0.6433544643816482,14,0.34234234234234234,2
0.5392472101380745,0.20481176674365997,79305,1503,0.34999823570251465,0.4366571307182312,0.1205211728811264,"llm_attention",0.18504366278648376,0.009402712807059288,0.1215927750410509,4,4,4,0.6231092223701336,15,0.4116890486097976,4
0.2648449081195984,0.3162743151187897,35753,1532,0.21057607233524323,0.28171101212501526,0.30000001192092896,"llm_attention",0.3786737024784088,0.012499280273914337,0.3004489423223254,8,8,8,0.5510309914682046,16,0.4903085055799513,8
0.7173799142980108,0.22282840311527252,106882,1584,0.12315195053815842,0.14285214245319366,0.12471131980419159,"llm_attention",0.4581754207611084,0.004604917950928211,0.11692654020591253,8,14,14,0.6574949025968175,17,0.2491064912707472,14
0.7264814968420803,0.22357356548309326,168782,1675,0.42068010568618774,0.3512439727783203,0.042424242943525314,"llm_attention",0.11374801397323608,0.002682280959561467,0.02623199393479909,2,2,2,0.6677341615595722,18,0.2735185031579197,2
0.1315468940316687,4.05822902393993e-07,821,1761,0.2597450017929077,0.6259862184524536,0.0,"llm_attention",nan,inf,0.0,1,1,1,0.8684531059683313,19,0.1315468940316687,1
0.7891038359788359,0.11053481698036194,193536,1818,0.32332348823547363,0.2225695699453354,0.09660574048757553,"llm_attention",0.14576300978660583,0.002228493569418788,0.35552234417875345,2,2,2,0.7613029590184826,20,0.210896164021164,2
0.5758983060938943,0.1856902539730072,67182,1993,0.33933568000793457,0.45942938327789307,0.11851851642131805,"llm_attention",0.2003302276134491,0.008170454762876034,0.14305770040713184,3,3,3,0.6639664658128691,21,0.39693667946771455,3
0.7987621437149958,0.0023140187840908766,168194,2006,0.13370487093925476,0.11818088591098785,0.16918429732322693,"llm_attention",0.13396915793418884,0.0038439896889030933,0.0017135935237982687,2,4,4,0.8995188418898987,22,0.2008930163977312,4
0.7921800581648566,-0.0013038846664130688,142354,2149,0.2756716012954712,0.3411651849746704,0.11586901545524597,"llm_attention",0.24025189876556396,0.0019116410985589027,0.00013520822065981613,2,2,2,0.8811906415588061,23,0.20781994183514338,2
0.24725214130794398,0.2689446806907654,27203,2153,0.2506406903266907,0.35929593443870544,0.29203540086746216,"llm_attention",0.2548116147518158,0.021407034248113632,0.34013771548566685,5,5,5,0.5897499071988044,24,0.492923574605742,5
0.7600329726677355,0.07136157155036926,154067,2157,0.20377397537231445,0.29333460330963135,0.4285714328289032,"llm_attention",0.2772064805030823,0.002636841032654047,0.06689026534310676,5,14,14,0.7201176303608035,25,0.23698131332472236,14
0.5094853584979083,0.3475264012813568,10279,2261,0.4236178994178772,0.6061732172966003,0.05000000074505806,"llm_attention",0.12559549510478973,0.04165960103273392,0.04641015470051567,2,2,2,0.7356438693776957,26,0.3355384765054966,2
0.6833795975017349,0.037252265959978104,86460,2299,0.07864490151405334,0.09622050821781158,0.4135977327823639,"llm_attention",0.32220524549484253,0.002177506685256958,0.42462100456621005,16,20,20,0.7165786221520529,27,0.30451075641915337,20
0.8305981102651133,0.08027586340904236,218020,2431,0.3618674576282501,0.4701583981513977,0.28401193022727966,"llm_attention",0.20286965370178223,0.003296844894066453,0.07031651910215796,3,9,9,0.7258007560151509,28,0.16531052197046142,9
0.1629991346272716,0.3295767903327942,16178,2473,0.38539350032806396,0.5006004571914673,0.1764705926179886,"llm_attention",0.18993346393108368,0.03685588017106056,0.21010265120744406,4,4,4,0.7901062744196692,29,0.3388552355050068,4
0.39285164073332307,0.07017946243286133,6491,2532,0.24662072956562042,0.4882739782333374,0.0,"llm_attention",0.12143504619598389,0.037992846220731735,0.04339000253742705,2,2,2,0.555314387300947,30,0.450161762440302,2
0.8094954101619599,0.017673011869192123,171030,2587,0.28180891275405884,0.23663367331027985,0.18573550879955292,"llm_attention",0.29437729716300964,0.002096387790516019,0.14983733349702288,2,2,2,0.8095428438230323,31,0.1905045898380401,2
0.8303998359894599,0.0,165843,2592,0.8128865957260132,0.882819414138794,0.392578125,"llm_attention",0.37180837988853455,0.0010019941255450249,0.0,1,3,3,0.8303998359894599,32,0.1696001640105401,3
0.5818767168827533,0.12847892940044403,114306,2685,0.1481097936630249,0.14742061495780945,0.32258063554763794,"llm_attention",0.24926918745040894,0.005895639304071665,0.38703602962714984,19,19,18,0.6786473653196758,33,0.39168547582804053,19
0.1561051004636785,0.6541131734848022,1941,2923,0.14502932131290436,0.28017762303352356,0.3333333432674408,"llm_attention",0.29486405849456787,0.04061002656817436,0.0,5,5,5,0.9007146276444139,34,0.1689850592478104,5
0.8092292867667243,0.25252974033355713,178497,3156,0.4081638753414154,0.30872613191604614,0.08005618304014206,"llm_attention",0.12471820414066315,0.0035725864581763744,0.10856924703394807,3,3,3,0.7651062182605317,35,0.17784612626542742,3
0.11881481481481482,0.3255225718021393,3375,3255,0.13535740971565247,0.20171616971492767,0.2666666805744171,"llm_attention",0.4080871641635895,0.11689992249011993,0.39273705447209145,10,10,7,0.6791845330950856,36,0.42074074074074075,10
0.9168334257540324,0.0,165908,3501,0.6363663077354431,0.4315398931503296,0.16486486792564392,"llm_attention",0.20625990629196167,0.002758775604888797,0.0,1,3,3,0.9168334257540324,37,0.08316657424596764,3
0.7531339815324405,0.10614008456468582,81765,3553,0.2624152898788452,0.40893664956092834,0.08022922277450562,"llm_attention",0.11427212506532669,0.005044152028858662,0.07292543968293287,2,2,2,0.7012808765791554,38,0.24686601846755946,2
0.8640909503972145,0.0,209081,3661,0.6891822814941406,0.3445911407470703,0.0,"llm_attention",nan,inf,0.0,1,1,1,0.8640909503972145,39,0.13590904960278552,1
0.8461903949146835,0.009382720105350018,216781,3845,0.5009930729866028,0.617398202419281,0.39959636330604553,"llm_attention",0.27197301387786865,0.0026774925645440817,0.007257895210388987,2,12,11,0.6770442047191111,40,0.15380960508531652,12
0.6797732580270156,0.16880318522453308,97203,3934,0.11085331439971924,0.12946288287639618,0.2750000059604645,"llm_attention",0.21467553079128265,0.007271866779774427,0.37218491984450797,14,14,13,0.677781274715451,41,0.2995998065903316,14
0.7014342073581074,0.21024103462696075,161971,4134,0.15800318121910095,0.14089229702949524,0.2160583883523941,"llm_attention",0.23845484852790833,0.00529212923720479,0.38892450216092145,18,20,20,0.6307204351542581,42,0.27430218989819166,20
0.8070278450363196,0.0,165200,4395,0.5515787601470947,0.3793697953224182,0.04787961766123772,"llm_attention",0.16288134455680847,0.0022654044441878796,0.0,1,2,2,0.8070278450363196,43,0.1929721549636804,2
0.546041944033907,0.21147774159908295,81871,4495,0.3846137821674347,0.48228374123573303,0.13354037702083588,"llm_attention",0.19140684604644775,0.006782021373510361,0.08429747618791368,3,3,3,0.6006395466135189,44,0.4131865984292362,3
0.4652468420089095,0.36848926544189453,16387,4765,0.4600476026535034,0.6258962154388428,0.13235294818878174,"llm_attention",0.12055180221796036,0.025776827707886696,0.01643272851763095,2,2,2,0.6758686263619145,45,0.3710868371269909,2
0.7797752808988764,0.14097009599208832,241635,4795,0.4176212251186371,0.3833404779434204,0.05696846544742584,"llm_attention",0.1812949776649475,0.0023700634483247995,0.0396136355094524,3,3,3,0.6871991254251588,46,0.21729467999255075,3
0.6385048643113159,0.09774740040302277,134757,5001,0.12908636033535004,0.13048596680164337,0.4029304087162018,"llm_attention",0.2696029543876648,0.0062141576781868935,0.5136100504988299,16,16,16,0.5802352994463543,47,0.3431881089665101,16
0.810177190167084,0.0,180089,5037,0.5647357702255249,0.2954871356487274,0.09103641659021378,"llm_attention",0.1408652365207672,0.0023309574462473392,0.0,1,2,2,0.810177190167084,48,0.18982280983291594,2
0.7059409888357256,0.0,20064,5060,0.1243218183517456,0.5156290531158447,0.07500000298023224,"llm_attention",0.09141100943088531,0.0214212778955698,0.0,1,2,2,0.7059409888357256,49,0.2940590111642743,2
0.6112540567986112,0.059734027832746506,145743,5193,0.1929391324520111,0.20899903774261475,0.3219761550426483,"llm_attention",0.18571214377880096,0.007283865474164486,0.38150625694971496,9,9,9,0.6492320043691835,50,0.37183947084937186,9
0.6776940256839754,-0.01005528587847948,57312,5477,0.13305531442165375,0.3458765745162964,0.09090909361839294,"llm_attention",0.17077651619911194,0.00709496671333909,0.053865309657860544,2,2,2,0.6906607963352283,51,0.3223059743160246,2
0.796721701171284,0.0,92548,5503,0.2824273407459259,0.44677335023880005,0.0,"llm_attention",nan,inf,0.0,1,1,1,0.796721701171284,52,0.2032782988287159,1
0.6315076345823127,0.0009393456857651472,38378,5529,0.12501473724842072,0.37878701090812683,0.06832297891378403,"llm_attention",0.12292104959487915,0.01085355319082737,0.0009192476311695658,2,2,2,0.8158608106346931,53,0.36815362968367293,2
0.3554620893486416,0.19644835591316223,17594,5586,0.11343588680028915,0.16750575602054596,0.4057970941066742,"llm_attention",0.3855282962322235,0.02536747418344021,0.22477954144620813,12,12,12,0.7233998322081016,54,0.4924406047516199,12
0.8342119821666829,-0.038007721304893494,184374,5600,0.23982059955596924,0.12918885052204132,0.2043895721435547,"llm_attention",0.19077473878860474,0.00284346891567111,0.15330258121503582,3,3,3,0.8240115856917339,55,0.16578801783331706,3
0.6089764056064622,0.1174175962805748,125284,5992,0.2978631258010864,0.38177385926246643,0.12625250220298767,"llm_attention",0.1724303662776947,0.004411491099745035,0.0900610341096981,3,3,3,0.6274066048476555,56,0.3910235943935379,3
0.7457065264663529,0.00620327377691865,103471,6012,0.17642194032669067,0.3056271970272064,0.14640198647975922,"llm_attention",0.44031429290771484,0.0025596218183636665,0.3595697780480389,2,2,2,0.7454794994443221,57,0.2542934735336471,2
0.657609928388581,0.0,123444,6040,0.3153229355812073,0.4004366099834442,0.3084677457809448,"llm_attention",0.4615527391433716,0.0025767923798412085,0.0,1,9,9,0.657609928388581,58,0.34239007161141893,9
0.48703403565640196,-1.6428650440047932e-07,2468,6213,0.05957086384296417,0.49148017168045044,0.0,"llm_attention",nan,inf,0.0,1,1,1,0.5129659643435981,59,0.48703403565640196,1
0.2543089430894309,0.35758355259895325,3075,6460,0.3239968717098236,0.5422194600105286,0.10000000149011612,"llm_attention",0.10521459579467773,0.09000331908464432,0.06672481465329264,2,2,2,0.6887582751519011,60,0.2656910569105691,2
0.4421991695910943,0.1519678682088852,77793,6471,0.1290799230337143,0.16386492550373077,0.2943038046360016,"llm_attention",0.2417203038930893,0.005183166358619928,0.4002488880695043,14,14,14,0.5159882708876761,61,0.5215122183229853,14
0.7837883813898103,-0.01989639922976494,35271,6614,0.09995781630277634,0.3007870018482208,0.2222222238779068,"llm_attention",0.3781631588935852,0.003978314343839884,0.006163126147390507,2,2,2,0.8603520596006093,62,0.21621161861018967,2
0.13007593265103995,0.7044020891189575,3029,6723,0.1773403286933899,0.289924293756485,0.4117647111415863,"llm_attention",0.399537593126297,0.04879039153456688,0.018595825426944972,6,6,6,0.8125248980309041,63,0.22185539782106306,6
0.8000484892565991,0.0989321917295456,164985,6763,0.21745462715625763,0.18655425310134888,0.20659971237182617,"llm_attention",0.1863192617893219,0.00404959823936224,0.14141077328806573,4,5,5,0.6683318040405816,64,0.19913931569536625,5
0.8442543388509972,0.04359767958521843,154534,6771,0.13996708393096924,0.11580399423837662,0.3311688303947449,"llm_attention",0.3570329546928406,0.001986184623092413,0.4671347847764667,6,7,7,0.8268601094688468,65,0.15574566114900282,7
0.3957793409848204,0.0,5402,6818,0.3266940116882324,0.6503545045852661,0.0,"llm_attention",nan,inf,0.0,1,1,1,0.6042206590151795,66,0.3957793409848204,1
0.7733993090471023,0.02730940282344818,200882,6894,0.3246850371360779,0.22652597725391388,0.08312342315912247,"llm_attention",0.12416399270296097,0.002201810944825411,0.0921133567662566,2,2,2,0.7776851991860956,67,0.22660069095289773,2
0.6266106301590497,0.031447142362594604,79472,6954,0.14904892444610596,0.21133805811405182,0.2857142984867096,"llm_attention",0.23540499806404114,0.006394041236490011,0.5131091190941565,7,7,7,0.6473335347257816,68,0.37125025166096237,7
0.3860914952410193,0.253866046667099,32570,7088,0.3024592697620392,0.4290032982826233,0.12030075490474701,"llm_attention",0.2492390125989914,0.013889987953007221,0.14278569642410602,4,4,4,0.6439341954127896,69,0.4536997236720909,4
0.7437223191856418,0.1254095882177353,198242,7108,0.3203369975090027,0.27005651593208313,0.1444866955280304,"llm_attention",0.19036835432052612,0.0031476966105401516,0.1128629071941738,4,4,4,0.6347751008940499,70,0.25448694020439666,4
0.4598239798834152,0.17199872434139252,8749,7278,0.36654970049858093,0.5702009797096252,0.0833333358168602,"llm_attention",0.11845824122428894,0.04857267439365387,0.07934828607702074,2,2,2,0.532969735656615,71,0.4766259001028689,2
0.4418516410548283,0.31496870517730713,31626,7281,0.37030714750289917,0.4623032510280609,0.21705426275730133,"llm_attention",0.18212994933128357,0.022566303610801697,0.032970768184908225,5,5,5,0.6144853107397996,72,0.4511161702396762,5
0.7498717635082347,0.1814797967672348,126719,7386,0.17971272766590118,0.19198894500732422,0.1856866478919983,"llm_attention",0.2411542385816574,0.0044794767163693905,0.19854240282685512,5,5,5,0.6951482103178672,73,0.23084146813027248,5
0.5133738429212334,0.18595445156097412,17609,7511,0.13130611181259155,0.2159566879272461,0.140625,"llm_attention",0.3134053945541382,0.02539381943643093,0.03384292216127903,8,8,7,0.8081491895873079,74,0.4362541881992163,8
0.25784477945281964,0.3305325210094452,35820,7574,0.25029537081718445,0.26981616020202637,0.31506848335266113,"llm_attention",0.20840765535831451,0.025618549436330795,0.26606229310863677,12,12,12,0.6460086230496933,75,0.45616973757677276,12
0.7363580364918542,0.0,47079,7784,0.263384610414505,0.5621917843818665,0.0,"llm_attention",nan,inf,0.0,1,1,1,0.7363580364918542,76,0.2636419635081459,1
0.6812526414530311,0.016607308760285378,97011,7795,0.14341899752616882,0.2719307839870453,0.20053476095199585,"llm_attention",0.14702819287776947,0.0063537838868796825,0.1884095466011254,3,3,3,0.7901656028040384,77,0.31743822865448246,3
0.6031755847930613,0.18605534732341766,64681,7816,0.18065564334392548,0.22024832665920258,0.3384615480899811,"llm_attention",0.35233160853385925,0.004906302317976952,0.260256360307009,8,8,8,0.5456300302431603,78,0.36884092701102333,8
0.7312687068596909,0.02756139263510704,81855,7818,0.062129728496074677,0.10143253952264786,0.21585902571678162,"llm_attention",0.19969767332077026,0.009905100800096989,0.03064054189207619,7,10,10,0.8181150530483519,79,0.26421110500274875,10
0.34821882951653943,0.005038220435380936,15720,7888,0.2625533938407898,0.49011263251304626,0.0923076942563057,"llm_attention",0.20413938164710999,0.0243696141988039,0.4330470427483896,2,2,2,0.40685594795613056,80,0.6003180661577608,2
0.4488535283652896,0.16069060564041138,20236,7977,0.12829528748989105,0.2367032766342163,0.17045454680919647,"llm_attention",0.2804130017757416,0.020375706255435944,0.13314803191966287,6,6,6,0.6992849178527184,81,0.5022731765170982,6
0.8392473218792649,-0.004849928431212902,106978,7991,0.11799195408821106,0.1775234490633011,0.169856458902359,"llm_attention",0.3888216018676758,0.002041137544438243,0.0,3,3,3,0.9462615581242012,82,0.1607526781207351,3
0.7868547973319651,0.1524987667798996,97450,8021,0.1423376053571701,0.18228299915790558,0.1860465109348297,"llm_attention",0.23199275135993958,0.005810789298266172,0.06576476818641375,6,7,7,0.7230834217171992,83,0.21076449461262187,7
0.3293242446090319,0.17674008011817932,30514,8211,0.15847352147102356,0.22598424553871155,0.23664122819900513,"llm_attention",0.22201485931873322,0.016798948869109154,0.279794771561202,6,6,6,0.5139644142757347,84,0.5880579406174216,6
0.783999955222711,0.17840422689914703,178662,8277,0.24586652219295502,0.2676064372062683,0.18719211220741272,"llm_attention",0.35278478264808655,0.002441226504743099,0.3848047472208546,3,13,12,0.7011840619101845,85,0.21600004477728896,13
0.8423798325802387,0.0,124597,8532,0.4075896441936493,0.3476983904838562,0.06719367951154709,"llm_attention",0.15180987119674683,0.003309326246380806,0.0,1,2,2,0.8423798325802387,86,0.15762016741976131,2
0.54641619239163,0.29155582189559937,116845,8629,0.23159562051296234,0.269841730594635,0.25,"llm_attention",0.279094934463501,0.005363790784031153,0.3002320798505632,7,7,7,0.6002772235281313,87,0.38939620865248836,7
0.7451085778683195,0.08249839395284653,115355,8690,0.1433335393667221,0.19916510581970215,0.19658119976520538,"llm_attention",0.3553205132484436,0.003505759872496128,0.23378566812910248,5,5,5,0.7401199492529043,88,0.2459364570239695,5
0.24360847333820307,0.6271674633026123,2738,8762,0.2393050193786621,0.3562684953212738,0.375,"llm_attention",0.2961598336696625,0.07875680178403854,0.0,5,5,5,0.8800846023962585,89,0.24360847333820307,5
0.6936646133727933,0.0744386836886406,145295,8844,0.17441311478614807,0.1716758757829666,0.2824956774711609,"llm_attention",0.3448905646800995,0.0024136074353009462,0.39243748455368577,5,5,5,0.7345515356453922,90,0.29621803916170547,5
0.12712712712712712,0.907065749168396,2997,8899,0.3688991069793701,0.5746795535087585,0.09090909361839294,"llm_attention",0.16076502203941345,0.14653931558132172,0.0,2,2,2,0.7513118372959867,91,0.12712712712712712,2
0.806198182221237,0.23760513961315155,112775,9378,0.1615397036075592,0.17965653538703918,0.15433403849601746,"llm_attention",0.2963627278804779,0.004003496374934912,0.12349011713030747,6,6,6,0.7214246730438761,92,0.18166260252715585,6
0.562252159632562,0.11334166675806046,149794,9400,0.18279173970222473,0.18565331399440765,0.31974920630455017,"llm_attention",0.2222406566143036,0.0054391431622207165,0.39066979808454827,18,21,20,0.6774387771523014,93,0.3625045061884989,21
0.807278005013854,0.0075589255429804325,189475,9448,0.31729257106781006,0.20449624955654144,0.081471748650074,"llm_attention",0.4504231810569763,0.001440779771655798,0.17909957279000985,2,2,2,0.8104398831368071,94,0.19272199498614592,2
0.6126349576889407,0.31409916281700134,47978,9483,0.19452226161956787,0.28084418177604675,0.1071428582072258,"llm_attention",0.18763746321201324,0.015050292015075684,0.11127253161151467,6,6,6,0.7955893766306793,95,0.3283171453582892,6
0.5564909360562509,0.08473510295152664,93723,9590,0.11173900961875916,0.11918382346630096,0.4110576808452606,"llm_attention",0.27335914969444275,0.008657589554786682,0.293622344648399,18,26,23,0.6932596386966152,96,0.40980335670006296,26
0.6787890079180251,0.09150480479001999,53675,9769,0.1597364991903305,0.3136119544506073,0.23364485800266266,"llm_attention",0.2640858292579651,0.006877572741359472,0.041064903427875415,3,5,5,0.7663013637641485,97,0.30539357242664184,5
0.34399928296136956,0.417352557182312,11157,9772,0.2321748584508896,0.3535630404949188,0.15217390656471252,"llm_attention",0.27387163043022156,0.027958698570728302,0.11695586828801749,4,4,4,0.6483828339435026,98,0.3704400824594425,4
0.5070012904716963,0.1365186721086502,103838,9891,0.16226142644882202,0.19522197544574738,0.25806450843811035,"llm_attention",0.19096969068050385,0.011112230829894543,0.2945186747929364,11,13,13,0.562413330052773,99,0.47153257959513856,13
0.5469790599385246,0.11400020867586136,124928,9914,0.2676340937614441,0.28977420926094055,0.18897637724876404,"llm_attention",0.12783968448638916,0.009509867988526821,0.172806785051683,7,7,7,0.5658060994434505,100,0.4339539574795082,7
0.7428301292152537,0.024962713941931725,79325,10092,0.13670426607131958,0.3105826675891876,0.23870967328548431,"llm_attention",0.5697790384292603,0.002733965404331684,0.024166666666666666,2,2,2,0.7654115116946774,101,0.25266939804601324,2
0.7664624720902273,0.1681118607521057,174670,10363,0.23997995257377625,0.2004917860031128,0.10787171870470047,"llm_attention",0.14919599890708923,0.004301552660763264,0.05827122965287311,4,4,4,0.7922062461946014,102,0.22829907826186524,4
0.8232940707210501,0.0,165467,10583,0.7713667750358582,0.7831099033355713,0.2492113560438156,"llm_attention",0.2710452675819397,0.0016695259837433696,0.0,1,4,4,0.8232940707210501,103,0.17670592927894987,4
0.5834514326670902,0.17320646345615387,122778,10707,0.14679645001888275,0.15159276127815247,0.19253438711166382,"llm_attention",0.19992727041244507,0.008962457999587059,0.44764679428269755,14,15,15,0.6641207501500448,104,0.3890192053951034,15
0.6884597733611042,0.011094339191913605,56654,10764,0.11714306473731995,0.3515908420085907,0.08677686005830765,"llm_attention",0.11394845694303513,0.007312692701816559,0.014220963172804532,2,2,2,0.5794720650961577,105,0.3109577434956049,2
0.326899634295002,0.37766194343566895,9844,10977,0.25883153080940247,0.483205646276474,0.1621621549129486,"llm_attention",0.14327383041381836,0.042186517268419266,0.02037428312707516,2,2,2,0.6683518451914483,106,0.3406135717188135,2
0.5875822839973394,0.0,87198,10995,0.4060428738594055,0.5867323279380798,0.0,"llm_attention",nan,inf,0.0,1,1,1,0.5875822839973394,107,0.4124177160026606,1
0.8393726721639505,0.019865380600094795,169417,11051,0.29361703991889954,0.19143903255462646,0.17836257815361023,"llm_attention",0.21668410301208496,0.00320912036113441,0.1766435159666336,2,3,3,0.8365059322575388,108,0.16062732783604952,3
0.3089499410079218,0.0,5933,11122,0.5706332921981812,0.7793389558792114,0.0,"llm_attention",nan,inf,0.0,1,1,1,0.6910500589920782,109,0.3089499410079218,1
0.607346385403741,0.09297391027212143,87036,11149,0.15486274659633636,0.24453793466091156,0.22058823704719543,"llm_attention",0.23597073554992676,0.007005664054304361,0.32415508412582295,5,5,5,0.7272624661097012,110,0.38428925961671034,5
0.21912951648185863,0.30605387687683105,13257,11197,0.1753322333097458,0.2488526552915573,0.1428571492433548,"llm_attention",0.18911001086235046,0.0756056159734726,0.2063369397217929,8,8,7,0.7597161769830754,111,0.4548540393754243,8
0.5716050865782293,0.40938687324523926,58271,11511,0.35703831911087036,0.40821659564971924,0.14406779408454895,"llm_attention",0.1793178915977478,0.01331472210586071,0.08043904979369466,7,7,7,0.6681141705548989,112,0.30601843112354343,7
0.0,1.0,1868,11615,0.12005913257598877,0.5337285995483398,0.0,"llm_attention",nan,inf,0.0,1,1,1,1.0,113,0.0,1
0.6950682967571371,0.08050046116113663,152057,11699,0.17961840331554413,0.21437335014343262,0.15031646192073822,"llm_attention",0.17133073508739471,0.005582040641456842,0.32436862423706514,6,6,6,0.6810929757625344,114,0.2944619451916058,6
0.658902698261584,0.041120436042547226,76679,11760,0.16859038174152374,0.3163735866546631,0.23548386991024017,"llm_attention",0.2595275640487671,0.005620189476758242,0.4306633530873638,3,3,3,0.6516657345614768,115,0.341097301738416,3
0.4133719726764645,0.19577522575855255,14493,11813,0.2821768820285797,0.4974121153354645,0.27419355511665344,"llm_attention",0.45354142785072327,0.015551606193184853,0.12949894142554694,2,2,2,0.5146929578865458,116,0.48375077623680396,2
0.7221439360059404,0.0389726422727108,118511,12062,0.1751331239938736,0.2838420569896698,0.23655913770198822,"llm_attention",0.25905129313468933,0.002941262675449252,0.20498648607610312,3,3,3,0.7095486371578826,117,0.2778560639940596,3
0.262454147438173,0.2980089485645294,8451,12120,0.11405620723962784,0.13708850741386414,0.34285715222358704,"llm_attention",0.3145596385002136,0.035958096385002136,0.2674474570832665,19,20,16,0.7963707071569094,118,0.38918471186841797,20
0.2536826599326599,0.4665016233921051,9504,12280,0.25643283128738403,0.3673437535762787,0.1944444477558136,"llm_attention",0.24350528419017792,0.04430728405714035,0.03651487381925842,5,5,5,0.808263392426024,119,0.3534301346801347,5
0.6541871399712418,0.09461900591850281,113359,12576,0.1463995724916458,0.20871202647686005,0.2266666740179062,"llm_attention",0.16304783523082733,0.006649725139141083,0.057906686053927195,9,15,15,0.8866650904244516,120,0.323600243474272,15
0.48608505558225706,0.17439600825309753,64499,12639,0.14940081536769867,0.16537639498710632,0.29118773341178894,"llm_attention",0.34810537099838257,0.010451430454850197,0.38099978881950103,15,15,15,0.5747383207449998,121,0.45427060884664877,15
0.4806118181275019,0.0,16737,12667,0.4015984535217285,0.675246000289917,0.0,"llm_attention",nan,inf,0.0,1,1,1,0.519388181872498,122,0.4806118181275019,1
0.633260344306856,0.03725044056773186,132440,12670,0.09376201033592224,0.09806746989488602,0.3938294053077698,"llm_attention",0.2537696063518524,0.005272186826914549,0.45671285334870604,21,23,23,0.687308464814657,123,0.35908335850196316,23
0.7581859239744072,0.025314901024103165,170048,12748,0.19759683310985565,0.21077388525009155,0.2020649015903473,"llm_attention",0.18795448541641235,0.00305927824229002,0.24365272373540856,3,3,3,0.7622305105268848,124,0.24181407602559277,3
0.9121049306179068,0.0,210501,13004,0.9051646590232849,0.9340996742248535,0.056640625,"llm_attention",0.11737910658121109,0.0017238690052181482,0.0,1,2,2,0.9121049306179068,125,0.0878950693820932,2
0.7550812155777349,0.11737024784088135,143076,13177,0.2634391784667969,0.2852781116962433,0.1349911242723465,"llm_attention",0.14230546355247498,0.004079402890056372,0.1904857028708407,3,3,3,0.7090136999862843,126,0.23492409628449215,3
0.6831645887373442,0.1322678178548813,47804,13201,0.3679273724555969,0.5283236503601074,0.03349282220005989,"llm_attention",0.10581187158823013,0.008548560552299023,0.07170209956424138,2,2,2,0.7884371860416625,127,0.28886704041502803,2
0.6179055633473586,0.025707824155688286,64170,13291,0.12890401482582092,0.2095155268907547,0.35862070322036743,"llm_attention",0.23245537281036377,0.008672733791172504,0.4985929279334394,6,8,8,0.6894633099382906,128,0.3687548698768895,8
0.5103112891061816,0.0155212776735425,38453,13348,0.07961134612560272,0.1915081888437271,0.2839506268501282,"llm_attention",0.4055185914039612,0.007565564010292292,0.014073287307488051,5,7,7,0.6740365683430468,129,0.4848516370634281,7
0.38870254611983535,0.1847202181816101,13118,13546,0.17679056525230408,0.23692525923252106,0.3396226465702057,"llm_attention",0.27864259481430054,0.038777921348810196,0.31076194039157,8,8,8,0.722855936029556,130,0.3968592773288611,8
0.7587838713859717,0.0671001523733139,123408,13597,0.2577938139438629,0.3113131821155548,0.07802874594926834,"llm_attention",0.13222502171993256,0.0033342470414936543,0.09073501746842247,2,2,2,0.6931713050340985,131,0.24121612861402827,2
0.6014750609582726,0.16954182088375092,116063,13659,0.23545730113983154,0.24116337299346924,0.2929936349391937,"llm_attention",0.24442820250988007,0.008051898330450058,0.21066286159034894,16,16,16,0.6730266029540666,132,0.32201476784160327,16
0.6356387830659441,0.12878820300102234,93185,13729,0.17845839262008667,0.21257643401622772,0.25737264752388,"llm_attention",0.2097424864768982,0.008946290239691734,0.303154360439431,10,10,9,0.6787022791828289,133,0.33891720770510275,10
0.186578546009151,0.4880261719226837,1967,13774,0.1753617525100708,0.44158241152763367,0.0,"llm_attention",0.08699466288089752,0.19008392095565796,0.0,2,2,2,0.8919952913478517,134,0.186578546009151,2
0.4312982966057879,0.17395548522472382,71563,13923,0.16239240765571594,0.17286260426044464,0.21381579339504242,"llm_attention",0.2211298942565918,0.010291904211044312,0.428718855963438,16,17,15,0.6429453618388121,135,0.4434554169053841,17
0.6790545590433483,0.18488648533821106,53520,14007,0.3135889172554016,0.47629258036613464,0.12616822123527527,"llm_attention",0.3043654263019562,0.004788895137608051,0.04220760319031263,2,2,2,0.6091510814871102,136,0.319076980568012,2
0.2722671046897523,0.4041898250579834,29831,14038,0.14956173300743103,0.1659609079360962,0.23664122819900513,"llm_attention",0.3254983425140381,0.01990118809044361,0.19535676447556313,20,20,19,0.7183056672677619,137,0.404076296470115,20
0.7151559193793148,0.10102421045303345,140361,14226,0.17431235313415527,0.2177312821149826,0.2153024971485138,"llm_attention",0.2808879613876343,0.004431397188454866,0.16530351917160652,6,7,7,0.7175489717553605,138,0.27276807660247504,7
0.5673998610789535,0.0,21595,14380,0.42556485533714294,0.6878419518470764,0.0,"llm_attention",nan,inf,0.0,1,1,1,0.5673998610789535,139,0.43260013892104654,1
0.6337977420129715,0.41987091302871704,58282,14439,0.13485614955425262,0.17272566258907318,0.21338912844657898,"llm_attention",0.372329980134964,0.007906361483037472,0.29639694513423603,14,14,12,0.6668046527836842,140,0.3049140386397172,14
0.754649192642946,0.25753268599510193,48987,14473,0.2336205244064331,0.2950423061847687,0.28787878155708313,"llm_attention",0.4086397886276245,0.005928847007453442,0.11781346201847076,6,6,6,0.8085374174056156,141,0.2067283156755874,6
0.7471198511089919,0.21978111565113068,260056,14831,0.5460418462753296,0.41814664006233215,0.0849609375,"llm_attention",0.1261112093925476,0.0017068141605705023,0.019190122105135106,2,2,2,0.7030911355610387,142,0.25288014889100807,2
0.863094268444292,0.0,116635,14888,0.3971492052078247,0.341645747423172,0.0,"llm_attention",nan,inf,0.0,1,1,1,0.863094268444292,143,0.13690573155570798,1
0.6038997746176944,-0.0008067841990850866,136213,15079,0.1698922961950302,0.2569701373577118,0.22676579654216766,"llm_attention",0.309209406375885,0.002860071137547493,0.3096155984727731,3,3,3,0.6469530157918938,144,0.39610022538230566,3
0.7721393879191146,0.08141037076711655,200333,15254,0.12492869049310684,0.11870474368333817,0.30816078186035156,"llm_attention",0.26459676027297974,0.0019697160460054874,0.38593147563967756,8,8,8,0.7902450807459496,145,0.22786061208088532,8
0.508745247148289,0.0,7890,15272,0.4912547469139099,0.737856388092041,0.0,"llm_attention",nan,inf,0.0,1,1,1,0.508745247148289,146,0.49125475285171105,1
0.8590616208367365,0.0,187323,15278,0.6272881627082825,0.34134557843208313,0.0,"llm_attention",nan,inf,0.0,1,1,1,0.8590616208367365,147,0.14093837916326346,1
0.8406881208065449,0.07293971627950668,171249,15335,0.13982625305652618,0.12392031401395798,0.2786647379398346,"llm_attention",0.359854519367218,0.004496953450143337,0.2882853163257826,13,13,13,0.76586676363721,148,0.1506519746100707,13
0.43640129319054355,0.36581626534461975,19796,15338,0.4015672504901886,0.511266827583313,0.2874999940395355,"llm_attention",0.2524428963661194,0.03376118838787079,0.09213946401362373,4,4,4,0.7714374482311407,149,0.3846736714487775,4
0.34740152267461105,0.31548011302948,24168,15440,0.41087257862091064,0.5476357936859131,0.24742268025875092,"llm_attention",0.34377962350845337,0.013593439944088459,0.1368881562262237,3,3,3,0.5475819446045764,150,0.45208540218470705,3
0.7842233865902658,0.10151737183332443,232458,15497,0.45797333121299744,0.34499990940093994,0.07356076687574387,"llm_attention",0.11520123481750488,0.0027299297507852316,0.050200362846149246,3,3,3,0.8018498732664349,151,0.19163031601407565,3
0.38426039226654546,0.23144212365150452,28603,15517,0.1614256650209427,0.1801055520772934,0.4909090995788574,"llm_attention",0.4959088861942291,0.00955337006598711,0.39842153077447195,13,13,12,0.5585390872996124,152,0.4531342866132923,13
0.6285728842920467,0.3347727954387665,19627,15597,0.2509421706199646,0.42063283920288086,0.16049382090568542,"llm_attention",0.308714359998703,0.017489509657025337,0.26735253772290807,3,3,3,0.6695565395836051,153,0.2791562643297498,3
0.30260391395762576,0.4913890063762665,12366,15660,0.3261827826499939,0.43204042315483093,0.0,"llm_attention",0.17528732120990753,0.05938006564974785,0.002319109461966605,5,5,5,0.8498297163248687,154,0.3042212518195051,5
0.6884522370012092,0.0,66160,15746,0.3109508752822876,0.5609227418899536,0.0,"llm_attention",nan,inf,0.0,1,1,1,0.6884522370012092,155,0.31154776299879083,1
0.46120657591311465,0.29694855213165283,13443,15751,0.30883800983428955,0.4241381287574768,0.17543859779834747,"llm_attention",0.38315290212631226,0.0236922949552536,0.17106171475907772,4,4,4,0.5711763833572101,156,0.445361898385777,4
0.5169856054191363,0.1939406841993332,29525,15956,0.29574599862098694,0.45074307918548584,0.1367521435022354,"llm_attention",0.11804009974002838,0.021154405549168587,0.07804501788093401,3,3,3,0.691731542080373,157,0.4529043183742591,3
0.24361722861040733,0.2620573937892914,5131,16010,0.20725974440574646,0.33562779426574707,0.3928571343421936,"llm_attention",0.38493701815605164,0.018972082063555717,0.04792579232156661,5,5,5,0.7056830261939757,158,0.4564412395244592,5
0.509990418216661,0.06648994982242584,70968,16228,0.12612919509410858,0.18283967673778534,0.2697368562221527,"llm_attention",0.26742953062057495,0.010972700081765652,0.16695902228612508,10,14,14,0.7287385417712028,159,0.470296471649194,14
0.5080789463062869,0.07547201961278915,74329,16249,0.17634886503219604,0.23448356986045837,0.25925925374031067,"llm_attention",0.23869989812374115,0.009710587561130524,0.37558801006454434,9,10,10,0.559304578000908,160,0.4848309542708768,10
0.5861466663027756,0.1562524288892746,36641,16439,0.310600221157074,0.503089427947998,0.04827586188912392,"llm_attention",0.1888251006603241,0.010602939873933792,0.023278818253758903,2,2,2,0.6312397321301224,161,0.3863704593215251,2
0.24916302335657176,0.3676778972148895,25389,16451,0.2935161292552948,0.33712270855903625,0.25438597798347473,"llm_attention",0.2182396501302719,0.039476294070482254,0.17699207889629123,12,12,12,0.6014837276267583,162,0.43321911063846547,12
0.4399953574744661,0.0,8616,16502,0.5235459804534912,0.7532408237457275,0.0,"llm_attention",nan,inf,0.0,1,1,1,0.5600046425255338,163,0.4399953574744661,1
0.8672548842052837,0.24116036295890808,176692,16598,0.5538761615753174,0.44285154342651367,0.0799475759267807,"llm_attention",0.12553182244300842,0.003313441528007388,0.003666595608612236,2,3,3,0.7660280370133744,164,0.12139768636950173,3
0.5247432306255836,0.19023288786411285,26775,16958,0.18297672271728516,0.2733680307865143,0.3207547068595886,"llm_attention",0.26594218611717224,0.014836805872619152,0.26137524557956776,6,6,6,0.6091477696300355,165,0.39365079365079364,6
0.5056611313382471,0.2550197243690491,45044,17029,0.3638906478881836,0.46861347556114197,0.0833333358168602,"llm_attention",0.13201949000358582,0.017300497740507126,0.0898639241927516,4,4,4,0.6999214815159197,166,0.4391483882426072,4
0.7576447221417636,0.0,72501,17031,0.24165864288806915,0.5081042647361755,0.0,"llm_attention",nan,inf,0.0,1,1,1,0.7576447221417636,167,0.24235527785823643,1
0.8000245360304792,0.00248233531601727,146723,17115,0.23756425082683563,0.23864543437957764,0.136286199092865,"llm_attention",0.08016200363636017,0.003130152588710189,0.3874441907228792,2,2,2,0.7999331680731291,168,0.1999754639695208,2
0.5529408273488041,0.16785554587841034,33698,17178,0.2620707154273987,0.3610558807849884,0.2222222238779068,"llm_attention",0.26533591747283936,0.01286392007023096,0.15552605376700962,5,5,5,0.5857604983287105,169,0.4275031159119236,5
0.262699564586357,0.5286540389060974,15158,17182,0.20973533391952515,0.27362459897994995,0.3636363744735718,"llm_attention",0.28684353828430176,0.03567607328295708,0.31343951324266284,8,8,8,0.5483071702126641,170,0.39517086686898006,8
0.8506500022298533,0.27477115392684937,179384,17207,0.4922451674938202,0.3287998139858246,0.11522048711776733,"llm_attention",0.1704762578010559,0.0023561036214232445,0.14557127393527677,2,2,2,0.7078249904835675,171,0.14427708156803282,2
0.505087668870365,0.1935526728630066,17395,17379,0.2342281937599182,0.4497802257537842,0.1111111119389534,"llm_attention",0.2428179234266281,0.01904168352484703,0.0,2,4,4,0.5000220644255268,172,0.47116987640126473,4
0.40945147679324895,0.3133879601955414,5925,17436,0.24182981252670288,0.42056119441986084,0.11538461595773697,"llm_attention",0.19001460075378418,0.07590657472610474,0.09574164046870534,3,3,3,0.7042141013189852,173,0.41147679324894515,3
0.4211030434110922,0.22857698798179626,32365,17627,0.20139876008033752,0.22602666914463043,0.4015151560306549,"llm_attention",0.3156459331512451,0.017318418249487877,0.36352476515798465,15,15,12,0.6994923644333817,174,0.42796230495906074,15
0.7249158611362972,0.0,130142,17714,0.4647480845451355,0.447518527507782,0.2908587157726288,"llm_attention",0.23338930308818817,0.00432793702930212,0.0,1,17,17,0.7249158611362972,175,0.2750841388637027,17
0.6571044272100277,0.015257029794156551,174715,17899,0.11869369447231293,0.10894253104925156,0.35561496019363403,"llm_attention",0.2023182213306427,0.0042892866767942905,0.22375602997880117,8,10,10,0.6337724157058613,176,0.34173940417250953,10
0.5393232541396689,0.35434669256210327,34725,17905,0.4628198742866516,0.6118856072425842,0.05511811003088951,"llm_attention",0.11804664134979248,0.01355910487473011,0.0,2,2,2,0.6971347186367415,177,0.32889848812095035,2
0.5920800139559226,0.06163133308291435,51591,17959,0.11027544736862183,0.141745924949646,0.33175355195999146,"llm_attention",0.26274800300598145,0.00644670519977808,0.47084818246614396,16,16,14,0.7085137085690917,178,0.3846019654590917,16
0.7841523794977535,0.12217830121517181,157134,18150,0.2003246396780014,0.17103321850299835,0.1603773534297943,"llm_attention",0.1777181625366211,0.00655418960377574,0.2944835922988472,7,7,7,0.7783432452331321,179,0.18754693446357887,7
0.6762078093977498,0.21097257733345032,108792,18193,0.25234168767929077,0.36451926827430725,0.15962441265583038,"llm_attention",0.3825119435787201,0.0025550471618771553,0.12374382558337592,2,3,3,0.5608634817446188,180,0.3237921906022502,3
0.2571551724137931,0.18264766037464142,34800,18491,0.14948593080043793,0.20477630198001862,0.35862070322036743,"llm_attention",0.20784351229667664,0.020841781049966812,0.4254380875014506,11,11,11,0.5008053200485517,181,0.6400862068965517,11
0.5948026948989413,0.0,16624,18519,0.39094603061676025,0.6749293804168701,0.0,"llm_attention",nan,inf,0.0,1,1,1,0.5948026948989413,182,0.4051973051010587,1
0.8645280843954505,0.05311301723122597,137069,18575,0.16364754736423492,0.2705717086791992,0.28057554364204407,"llm_attention",0.2040911465883255,0.0022200080566108227,0.038720448058592274,3,7,7,0.7867574168066459,183,0.13418789077034193,7
0.597272882222601,-1.545945593761644e-07,58670,18737,0.3674193024635315,0.5984323620796204,0.0,"llm_attention",nan,inf,0.0,1,1,1,0.597272882222601,184,0.402727117777399,1
0.8788656254291671,0.0,160194,18770,0.5572624206542969,0.3172432780265808,0.07976366579532623,"llm_attention",0.15693271160125732,0.0024666686076670885,0.0,1,2,2,0.8788656254291671,185,0.12113437457083287,2
0.781331113178902,0.0,61257,18833,0.19340604543685913,0.4625009298324585,0.0,"llm_attention",nan,inf,0.0,1,1,1,0.781331113178902,186,0.218668886821098,1
0.7314141299593371,0.19292393326759338,185181,18837,0.29861709475517273,0.222370907664299,0.26251691579818726,"llm_attention",0.3486155867576599,0.0022153202444314957,0.20166073546856464,4,6,6,0.5072377417409286,187,0.2632073484860758,6
0.1457465794170137,0.6790004968643188,1681,19042,0.2244139313697815,0.40389952063560486,0.1666666716337204,"llm_attention",0.39407405257225037,0.15101075172424316,0.07033426183844012,3,3,2,0.8707679941414027,188,0.1457465794170137,3
0.30609869646182497,0.17080157995224,47256,19109,0.15030381083488464,0.1681329905986786,0.4114583432674408,"llm_attention",0.29293879866600037,0.007446961011737585,0.4846146808575524,15,15,15,0.5621327775352501,189,0.5566488911460978,15
0.7526327100795186,-0.0516287200152874,107019,19221,0.1842583864927292,0.27836036682128906,0.05607476457953453,"llm_attention",0.42409205436706543,0.0024074420798569918,0.0,2,2,2,0.8135677967295314,190,0.2473672899204814,2
0.8431728133766121,0.004464866127818823,217813,19402,0.41458994150161743,0.30837076902389526,0.15500538051128387,"llm_attention",0.13219664990901947,0.0019432096742093563,0.33338212476946044,2,3,3,0.8429257874741436,191,0.15682718662338796,3
0.6288534924004636,-0.00024544354528188705,76781,19432,0.1137559711933136,0.12371569871902466,0.47546011209487915,"llm_attention",0.41783303022384644,0.007528762798756361,0.4411341544724006,15,15,15,0.6564564179721863,192,0.3654940675427515,15
0.853099019729495,0.0,64472,19742,0.2140199989080429,0.44897615909576416,0.0,"llm_attention",nan,inf,0.0,1,1,1,0.853099019729495,193,0.14690098027050502,1
0.7778603693750358,0.06113757565617561,174890,19786,0.16434714198112488,0.12055645883083344,0.23422159254550934,"llm_attention",0.2138042002916336,0.0030756250489503145,0.301981981981982,4,5,5,0.8198198845294266,194,0.2208073646291955,5
0.8311483512603856,4.953589609613118e-07,169948,19924,0.5662356019020081,0.33397141098976135,0.01985815539956093,"llm_attention",0.13360869884490967,0.0023847734555602074,0.0,1,2,2,0.8311483512603856,195,0.16885164873961447,2
0.42409325404639076,0.3082614541053772,25393,20059,0.510024905204773,0.65609210729599,0.095238097012043,"llm_attention",0.12603378295898438,0.016502495855093002,0.03343818380743983,2,2,2,0.5737993042864573,196,0.44335052967353206,2
0.8404706482573897,0.0,125444,20107,0.40239837765693665,0.3616842031478882,0.0,"llm_attention",nan,inf,0.0,1,1,1,0.8404706482573897,197,0.15952935174261024,1
0.6681028618077918,0.0,44098,20247,0.32833075523376465,0.6036804914474487,0.0,"llm_attention",nan,inf,0.0,1,1,1,0.6681028618077918,198,0.3318971381922083,1
0.743375968791535,0.17732809484004974,115866,20333,0.2471541166305542,0.28664708137512207,0.06639838963747025,"llm_attention",0.1590779721736908,0.004054210614413023,0.06655680365911078,3,3,3,0.69156065963281,199,0.22951512954619993,3
0.5390759144596493,0.18291977047920227,38438,20553,0.23537053167819977,0.2710304260253906,0.1913580298423767,"llm_attention",0.18526721000671387,0.02681739814579487,0.24947790257944347,11,11,10,0.6723038592891432,200,0.36463915916540923,11
0.6662483344178984,0.18760272860527039,64542,20571,0.0567031092941761,0.1007072851061821,0.2921348214149475,"llm_attention",0.2555707097053528,0.005625269375741482,0.2027761013880507,11,12,11,0.8007998109520112,201,0.32301447119704996,12
0.7204700797253559,0.1561313271522522,193414,20992,0.5262303352355957,0.3665526211261749,0.025099074468016624,"llm_attention",0.10700403153896332,0.0023339653853327036,0.01609174142236197,2,2,2,0.6581493417922242,202,0.26807263176398816,2
0.683400072620527,0.07691433280706406,195537,21167,0.3284425139427185,0.2511054277420044,0.16393442451953888,"llm_attention",0.19336073100566864,0.0030748150311410427,0.3186715557206778,2,4,4,0.6724905561292636,203,0.31659992737947296,4
0.501890909090909,0.14390479028224945,27500,21465,0.2847903072834015,0.4874366223812103,0.11214952915906906,"llm_attention",0.17200016975402832,0.013431070372462273,0.11242517155789167,2,2,2,0.5027179416413181,204,0.4981090909090909,2
0.6743837269436304,0.19786980748176575,174030,21503,0.2583976984024048,0.22445048391819,0.19270072877407074,"llm_attention",0.21264345943927765,0.003940751776099205,0.37284486561843755,8,8,8,0.6073989047439841,205,0.31826121933000057,8
0.754215741408125,0.0,126253,21604,0.3787473142147064,0.35167473554611206,0.07116104662418365,"llm_attention",0.16628211736679077,0.0030860258266329765,0.0,1,2,2,0.754215741408125,206,0.24578425859187505,2
0.2526097635861222,0.40459761023521423,13028,21839,0.14623482525348663,0.17597009241580963,0.3333333432674408,"llm_attention",0.3168781101703644,0.04890456423163414,0.1873266919995892,14,15,12,0.7012781129771676,207,0.44711390850475896,15
0.6346377254662183,0.47182247042655945,32710,21879,0.28020042181015015,0.35323628783226013,0.19285714626312256,"llm_attention",0.22890418767929077,0.022204194217920303,0.2300225922516944,7,7,7,0.5754313770828209,208,0.27129318251299295,7
0.6141061874544518,0.07976937294006348,56259,21903,0.317283034324646,0.49567899107933044,0.1688888818025589,"llm_attention",0.1364733874797821,0.00765697518363595,0.118562874251497,2,2,2,0.6179940709398666,209,0.3858938125455483,2
0.6301526287855638,0.13893134891986847,124354,22192,0.31437644362449646,0.379733145236969,0.12795275449752808,"llm_attention",0.23968201875686646,0.0037272535264492035,0.11847712645677509,3,3,3,0.5996838949245263,210,0.3698473712144362,3
0.794950955169513,0.3481890559196472,122439,22371,0.34301620721817017,0.3217580020427704,0.1332046389579773,"llm_attention",0.2850252091884613,0.0030705390963703394,0.08276905918903847,2,3,3,0.6293509846680998,211,0.20504904483048703,3
0.626374926079243,0.0,8455,22396,0.309190571308136,0.6409690380096436,0.0,"llm_attention",nan,inf,0.0,1,1,1,0.626374926079243,212,0.37362507392075694,1
0.6535934062874168,0.24192389845848083,71826,22479,0.21910631656646729,0.32616889476776123,0.10954063385725021,"llm_attention",0.23353970050811768,0.0065599652007222176,0.11325911337968732,4,4,4,0.6830857254701032,213,0.322682594046724,4
0.6381413596518114,0.12555734813213348,97878,22589,0.3462100625038147,0.47043076157569885,0.05511811003088951,"llm_attention",0.11472497880458832,0.004626459442079067,0.04633237336947315,2,2,2,0.6003891919837567,214,0.36185864034818854,2
0.9140467028370659,0.0,209195,22623,0.7338240742683411,0.3779933750629425,0.0,"llm_attention",nan,inf,0.0,1,1,1,0.9140467028370659,215,0.08595329716293411,1
0.7126028802396672,0.042411837726831436,122837,22705,0.19053915143013,0.2261493057012558,0.06653620302677155,"llm_attention",0.17494425177574158,0.0056511652655899525,0.28776591224541825,4,5,5,0.8174365931772352,216,0.27567426752525703,5
0.34399574291964763,0.1908740997314453,16913,22755,0.1845012605190277,0.33021149039268494,0.1805555522441864,"llm_attention",0.4440688490867615,0.014417045749723911,0.03163587201442091,4,4,4,0.6833790462521487,217,0.44782120262519953,4
0.5944138970520129,0.15306894481182098,118759,22892,0.3301246166229248,0.3780323565006256,0.14785991609096527,"llm_attention",0.14505377411842346,0.006926609668880701,0.0978263126206739,5,5,5,0.6011356894168346,218,0.3979740482826565,5
0.7810272824264594,0.13656556606292725,164025,22935,0.33771905303001404,0.3125452995300293,0.12383900582790375,"llm_attention",0.16232912242412567,0.003595023648813367,0.07291811676921792,3,3,3,0.6952975351667141,219,0.215546410608139,3
0.5272472402312949,0.17389029264450073,17121,22969,0.34229859709739685,0.5477227568626404,0.06756756454706192,"llm_attention",0.22919201850891113,0.020801030099391937,0.17049666419570053,2,2,2,0.5437808512443292,220,0.4413877694059926,2
0.53437006536209,0.13450586795806885,50029,23023,0.3663957118988037,0.5353249907493591,0.055837564170360565,"llm_attention",0.13780128955841064,0.008497389033436775,0.07941618373041426,2,2,2,0.5487271438414102,221,0.46562993463791,2
0.5898401110287268,0.2601882815361023,52599,23034,0.3200305104255676,0.42767009139060974,0.11162790656089783,"llm_attention",0.19199873507022858,0.012578037567436695,0.12686567164179105,4,5,5,0.5293128328505465,222,0.3821555542881043,5
0.5724620207378828,0.10549771785736084,82940,23126,0.22577135264873505,0.36230307817459106,0.10059171915054321,"llm_attention",0.12746326625347137,0.007405438460409641,0.048251551043429215,3,3,3,0.6345574910217789,223,0.4275379792621172,3
0.024985473561882625,0.37919095158576965,1721,23230,0.17695987224578857,0.3773593008518219,0.20000000298023224,"llm_attention",0.28601548075675964,0.21782609820365906,0.2735399284862932,3,3,3,0.7454322731756563,224,0.2998256827425915,3
0.8300483921077159,0.16396655142307281,189907,23272,0.49943745136260986,0.3371734619140625,0.04894179850816727,"llm_attention",0.17348089814186096,0.0021542601753026247,0.04669248644461658,2,2,2,0.6917575787618189,225,0.1699516078922841,2
0.37737286961341276,0.21415969729423523,14434,23359,0.42216068506240845,0.6031709313392639,0.016949152573943138,"llm_attention",0.10894987732172012,0.027070404961705208,0.10103482808501169,2,2,2,0.7118797336799627,226,0.44027989469308576,2
0.40664688427299706,0.0,8425,23666,0.40701839327812195,0.6893479228019714,0.0,"llm_attention",nan,inf,0.0,1,1,1,0.593353115727003,227,0.40664688427299706,1
0.36723307126553384,0.0,3943,23751,0.5150701999664307,0.7530117034912109,0.0,"llm_attention",nan,inf,0.0,1,1,1,0.6327669287344662,228,0.36723307126553384,1
0.42024564664053976,0.24440455436706543,49502,23781,0.18616460263729095,0.25457844138145447,0.4306930601596832,"llm_attention",0.3375096023082733,0.004884644411504269,0.39757482839123315,7,7,7,0.5469263721518878,229,0.49636378328148356,7
0.8185007863008912,0.16649524867534637,143075,23899,0.1680881679058075,0.14540234208106995,0.2817869484424591,"llm_attention",0.2126927226781845,0.003771143266931176,0.2072935921133703,7,7,7,0.7444229569559596,230,0.1762012930281321,7
0.2970177465084532,0.2702726423740387,19046,23937,0.25782540440559387,0.35627028346061707,0.3636363744735718,"llm_attention",0.2704036831855774,0.03127509728074074,0.2319067891552767,6,6,6,0.5483814153893443,231,0.48881654940669955,6
0.5257057346488447,0.029908953234553337,39427,24021,0.09061652421951294,0.11792613565921783,0.3841463327407837,"llm_attention",0.34398555755615234,0.0015455622924491763,0.40048128342245987,15,18,17,0.7121410969878892,232,0.45829000431176603,18
0.38187451587916343,0.13962890207767487,6455,24027,0.18044525384902954,0.3755336105823517,0.2222222238779068,"llm_attention",0.3601451516151428,0.037479545921087265,0.04360902255639098,3,3,3,0.7530137775757337,233,0.46212238574748254,3
0.8772678421315854,0.0,187954,24144,0.631316602230072,0.3206244707107544,0.0,"llm_attention",nan,inf,0.0,1,1,1,0.8772678421315854,234,0.12273215786841461,1
0.5156293359762141,0.17313358187675476,100900,24243,0.1240445226430893,0.1846698671579361,0.15021459758281708,"llm_attention",0.3169482350349426,0.004790245555341244,0.08086264399566223,6,8,7,0.7924122091004272,235,0.48232903865213084,8
0.7230698060386969,0.3316793441772461,209681,24567,0.2399929314851761,0.1933881789445877,0.18335343897342682,"llm_attention",0.2806730568408966,0.002242657821625471,0.3498544784473109,8,8,8,0.5131245123226054,236,0.27344394580338705,8
0.43621504934210525,0.2601716220378876,38912,24610,0.13511958718299866,0.18562127649784088,0.3240223526954651,"llm_attention",0.3067988157272339,0.01659952849149704,0.14796243960251618,11,12,12,0.614787082133676,237,0.5067074424342105,12
0.544390623342644,0.13747476041316986,56566,24919,0.39375144243240356,0.5515608787536621,0.13274335861206055,"llm_attention",0.12678439915180206,0.007724709343165159,0.09293031196647525,2,2,2,0.5446172002729431,238,0.455609376657356,2
0.5366013071895425,0.23859648406505585,52020,25057,0.4259447455406189,0.5153464078903198,0.05263157933950424,"llm_attention",0.109752357006073,0.016445305198431015,0.02016095577864432,4,4,4,0.6648108797896821,239,0.4207612456747405,4
0.7605367344893255,0.16130781173706055,159632,25096,0.2878367304801941,0.2492721527814865,0.2278287410736084,"llm_attention",0.20087333023548126,0.003730679862201214,0.12360696907863758,5,5,5,0.6892394822561323,240,0.21553949082890647,5
0.7946124685243089,0.10127711296081543,216834,25139,0.3882976770401001,0.2593359649181366,0.05188679322600365,"llm_attention",0.15060509741306305,0.001997801009565592,0.15329516110923994,2,2,2,0.7510192167437049,241,0.20538753147569108,2
0.3047177107501933,0.008500311523675919,16809,25181,0.07215707749128342,0.2093612104654312,0.31343284249305725,"llm_attention",0.4692668914794922,0.013293707743287086,0.011893556943612561,5,5,5,0.8179536656335966,242,0.6271045273365459,5
0.6099853914239065,0.14623402059078217,58185,25228,0.35999035835266113,0.5197835564613342,0.04979253187775612,"llm_attention",0.1116395890712738,0.00730504933744669,0.058079584012691136,2,2,2,0.5938316536232042,243,0.3900146085760935,2
0.7335968906701915,0.14986802637577057,164923,25386,0.13464853167533875,0.12786120176315308,0.16438356041908264,"llm_attention",0.18871448934078217,0.0063473377376794815,0.2646576839038602,8,8,8,0.697115215900231,244,0.2550766115096136,8
0.41301949246046343,0.11568576097488403,59818,25393,0.17735901474952698,0.27858462929725647,0.12598425149917603,"llm_attention",0.20882084965705872,0.009921131655573845,0.2702779676463887,5,7,7,0.6416549217953953,245,0.4635561202313685,7
0.6811985396924033,0.21882356703281403,102992,25394,0.14392635226249695,0.13042744994163513,0.19806763529777527,"llm_attention",0.2552427649497986,0.007883837446570396,0.25884753609063776,18,19,15,0.8358200353643586,246,0.2634767748951375,19
0.6733368705626721,0.2402852326631546,39579,25424,0.36958470940589905,0.5420902967453003,0.02484472095966339,"llm_attention",0.1017245203256607,0.011095212772488594,0.022584886688839043,2,2,2,0.6482092465449312,247,0.3001591753202456,2
0.7322852566066473,0.1635926514863968,114241,25560,0.22072835266590118,0.2651163339614868,0.15925925970077515,"llm_attention",0.18879275023937225,0.004220182076096535,0.0425712791001831,3,3,3,0.7983163183013063,248,0.26771474339335266,3
0.6022623524132275,0.15149156749248505,129246,25603,0.1716194748878479,0.16196875274181366,0.32568806409835815,"llm_attention",0.26023638248443604,0.0067977760918438435,0.3441232540948527,21,22,22,0.6535253242108499,249,0.3632375470033889,22
0.3855778348250422,0.2006910890340805,43239,25986,0.2905430197715759,0.3230009078979492,0.3711790442466736,"llm_attention",0.3007432222366333,0.0167196337133646,0.1245906575827154,11,17,17,0.6540213575637066,250,0.505700871898055,17
0.3132675371380698,0.1252986341714859,48939,26204,0.1793137639760971,0.23253563046455383,0.3480392098426819,"llm_attention",0.23143154382705688,0.009652812965214252,0.4360271363960962,8,9,9,0.49808946398410303,251,0.6224074868714113,9
0.7509026381651828,0.3567298948764801,97492,26465,0.2745130956172943,0.2670462727546692,0.14803150296211243,"llm_attention",0.19828498363494873,0.004784369841217995,0.11159151739757052,6,6,5,0.7148224851602674,252,0.22888031838509826,6
0.46419816215728443,0.435744971036911,66491,26564,0.2266106754541397,0.24940428137779236,0.23574145138263702,"llm_attention",0.28784966468811035,0.014632906764745712,0.2146466064110481,15,15,15,0.5621115171837961,253,0.35875532026890855,15
0.44927649589362534,0.22330379486083984,38355,26690,0.23313158750534058,0.27325496077537537,0.4197530746459961,"llm_attention",0.3162458837032318,0.013480003923177719,0.2929981536713535,12,12,12,0.6143013283207455,254,0.4428105853213401,12
0.6388502549837738,0.16790784895420074,110007,26926,0.29707232117652893,0.3850996792316437,0.19354838132858276,"llm_attention",0.13888153433799744,0.005498265381902456,0.169322157617861,3,3,3,0.7136445331897608,255,0.32237948494186736,3
0.5534056572863956,0.06725156307220459,109876,26941,0.2002517282962799,0.22601422667503357,0.48156681656837463,"llm_attention",0.2592141330242157,0.004444396588951349,0.4531893213776238,10,10,10,0.5539848991104293,256,0.4324602278932615,10
0.7237642020105883,0.013774077408015728,168110,27186,0.1805160641670227,0.224581778049469,0.1326378583908081,"llm_attention",0.4578325152397156,0.0017095926450565457,0.20276497695852536,3,4,4,0.7450335351882827,257,0.27623579798941167,4
0.6259777025449451,0.2871682941913605,68528,27620,0.24175399541854858,0.2969696521759033,0.20955882966518402,"llm_attention",0.2486249953508377,0.00762901920825243,0.15699738597791738,6,7,7,0.666244197930193,258,0.32112421200093394,7
0.8129848179917545,0.017795655876398087,204716,27696,0.24664853513240814,0.21114607155323029,0.19183167815208435,"llm_attention",0.18356868624687195,0.0021218848414719105,0.09141961603761264,4,4,4,0.7691056944961548,259,0.18238437640438462,4
0.7899752091726061,0.05881495401263237,141988,27768,0.33413830399513245,0.275758296251297,0.27633851766586304,"llm_attention",0.3068891763687134,0.0039713429287076,0.042989839374937125,2,9,9,0.6021171146587594,260,0.20705270867960673,9
0.6691542288557214,0.0,37386,27932,0.32139796018600464,0.6084198951721191,0.0,"llm_attention",nan,inf,0.0,1,1,1,0.6691542288557214,261,0.3308457711442786,1
0.5860374654519398,0.14576634764671326,19538,27972,0.36700546741485596,0.5615571141242981,0.06578947603702545,"llm_attention",0.10521602630615234,0.023505523800849915,0.02645895153313551,2,2,2,0.602444624385481,262,0.4139625345480602,2
0.6243460584137993,0.18910649418830872,33451,27982,0.4362725019454956,0.5946584343910217,0.13740457594394684,"llm_attention",0.1304047405719757,0.013218501582741737,0.03668629635524431,2,2,2,0.7132956822953533,263,0.33173896146602494,2
0.0,1.0,628,28285,0.34850165247917175,0.6720062494277954,0.0,"llm_attention",nan,inf,0.0,1,1,1,1.0,264,0.0,1
0.6588929711497922,0.05838632956147194,166030,28449,0.20764096081256866,0.22662413120269775,0.24580152332782745,"llm_attention",0.2669622600078583,0.0028630837332457304,0.4299890525126249,5,5,5,0.6210756325617536,265,0.34110702885020777,5
0.8387899280937717,0.0,238366,28452,0.7693690061569214,0.42566776275634766,0.07060062885284424,"llm_attention",0.07822820544242859,0.0019410561071708798,0.0,1,2,2,0.8387899280937717,266,0.16121007190622824,2
0.6414747939319952,-0.018009882420301437,105669,28809,0.1409640908241272,0.21234938502311707,0.4084506928920746,"llm_attention",0.37401193380355835,0.0025785770267248154,0.2886894549293916,4,4,4,0.6496222379018761,267,0.3585252060680048,4
0.5713193045295127,0.19423355162143707,53604,28993,0.10090132057666779,0.12274230271577835,0.2545454502105713,"llm_attention",0.4438021183013916,0.00881818775087595,0.18086078593498411,15,15,11,0.8699736520263716,268,0.40911126035370493,15
0.720798393764025,0.09735309332609177,59269,29187,0.2273898422718048,0.4208660423755646,0.20762711763381958,"llm_attention",0.1261427253484726,0.007332500535994768,0.1293811941020063,2,2,2,0.6860854713067444,269,0.27920160623597495,2
0.6252837816824756,0.05716675892472267,32155,29393,0.18135806918144226,0.3139140009880066,0.1538461595773697,"llm_attention",0.4269770085811615,0.009687702171504498,0.016100921238277034,4,4,4,0.9086797992234112,270,0.3598507230601773,4
0.7587510892619326,0.03242042288184166,121642,29397,0.2270769476890564,0.2967425286769867,0.2716049253940582,"llm_attention",0.8797249794006348,0.0004772582615260035,0.3146595788182376,2,2,2,0.7466606110578653,271,0.24124891073806745,2
0.40871236386931453,0.048483580350875854,40586,29596,0.11976515501737595,0.1824266016483307,0.3786982297897339,"llm_attention",0.22081801295280457,0.008718554861843586,0.22414367863988666,7,8,8,0.6254648795088745,272,0.5747302025328931,8
0.6944860644337127,-0.014038114808499813,167521,29640,0.11088473349809647,0.09340131282806396,0.40643274784088135,"llm_attention",0.2779946029186249,0.0027861264534294605,0.1734466588511137,13,13,13,0.6601420475674882,273,0.3017532130300082,13
0.6270305047615503,0.047670744359493256,188069,29675,0.19611090421676636,0.21174708008766174,0.2796271741390228,"llm_attention",0.21620631217956543,0.0029021822847425938,0.38676151916058393,4,4,4,0.6267914014740665,274,0.37296949523844974,4
0.5938496720226274,0.14587682485580444,49851,29984,0.30294767022132874,0.347642183303833,0.3299492299556732,"llm_attention",0.2298150509595871,0.01530460175126791,0.16318466933372847,7,7,7,0.7090691297190601,275,0.3661912499247758,7
0.6226585122616458,0.15220907330513,83227,30213,0.15742774307727814,0.2079010307788849,0.284431129693985,"llm_attention",0.2290167361497879,0.008687099441885948,0.18528896672504377,9,9,9,0.7143311173045199,276,0.34187222896415825,9
0.49562858004220683,0.11327038705348969,13268,30494,0.36002540588378906,0.5620643496513367,0.1320754736661911,"llm_attention",0.08467809855937958,0.01735713891685009,0.0038852361028093247,2,2,2,0.7273790551442614,277,0.47279167922821824,2
0.3721724020231483,0.10125573724508286,32227,30504,0.20389576256275177,0.37115463614463806,0.15625,"llm_attention",0.324462354183197,0.00916793942451477,0.07853506647555973,3,3,3,0.5970899892897273,278,0.429453563781922,3
0.8012572239683666,0.0,98630,30675,0.3019689917564392,0.43512216210365295,0.0,"llm_attention",nan,inf,0.0,1,1,1,0.8012572239683666,279,0.19874277603163337,1
0.779988269636561,0.05716552585363388,148333,30785,0.07026203721761703,0.07950640469789505,0.27106741070747375,"llm_attention",0.2854008078575134,0.002625763649120927,0.21869158878504674,3,10,9,0.764659484636539,280,0.22001173036343902,10
0.5520695493803446,0.18581198155879974,70281,30828,0.36260634660720825,0.44824132323265076,0.12996390461921692,"llm_attention",0.20105555653572083,0.007724299561232328,0.17639210952638099,4,4,4,0.6582468886986277,281,0.3714232865212504,4
0.44882431328719424,0.0,23263,31050,0.4656449854373932,0.703314483165741,0.0,"llm_attention",nan,inf,0.0,1,1,1,0.5511756867128057,282,0.44882431328719424,1
0.554725775270782,0.06715443730354309,37761,31093,0.1330241709947586,0.2843339741230011,0.2151898741722107,"llm_attention",0.12292255461215973,0.01996053382754326,0.07933864636612346,4,4,4,0.7683116738343073,283,0.4139191229045841,4
0.12066059993259184,0.5541039705276489,2967,31118,0.11506830155849457,0.18712788820266724,0.4615384638309479,"llm_attention",0.2750636339187622,0.05448458343744278,0.2801839785358375,9,9,7,0.8151584264767712,284,0.22514324233232222,9
0.4220926080228544,0.3052455186843872,8401,31217,0.5012614727020264,0.6597122550010681,0.0,"llm_attention",0.11075160652399063,0.04651908949017525,0.0008238928939237899,2,2,2,0.707284533283978,285,0.42256874181645043,2
0.35854013418478703,0.37379276752471924,49484,31248,0.13629814982414246,0.1594642996788025,0.29611650109291077,"llm_attention",0.30221742391586304,0.010309044271707535,0.09810345913931069,15,16,13,0.6344490046489746,286,0.40101851103386954,16
0.47888284877962894,0.24624677002429962,45437,31269,0.48831456899642944,0.627166748046875,0.08152174204587936,"llm_attention",0.0929546132683754,0.009855805896222591,0.05680378410338711,2,2,2,0.5722798313727814,287,0.43964170169685496,2
0.4370847283028586,0.13845393061637878,116490,31296,0.15663312375545502,0.14674893021583557,0.3875803053379059,"llm_attention",0.248587965965271,0.008498226292431355,0.4061975783084759,40,44,42,0.6085245313895868,288,0.47353420894497383,44
0.2904652056901192,0.29017576575279236,26010,31322,0.21748097240924835,0.2290443778038025,0.5641025900840759,"llm_attention",0.30597713589668274,0.015433440916240215,0.28360877810891355,23,23,21,0.6645776374188685,289,0.3779700115340254,23
0.306425855513308,0.31189635396003723,26300,31620,0.13114038109779358,0.183730348944664,0.20560747385025024,"llm_attention",0.20887663960456848,0.026175012812018394,0.20459404637903625,9,10,10,0.6245850563459892,290,0.4912167300380228,10
0.6174652573608502,0.0829661414027214,69727,31735,0.17350560426712036,0.3208427131175995,0.16363635659217834,"llm_attention",0.19331954419612885,0.0052545759826898575,0.12968170059610842,3,3,3,0.7513941949521042,291,0.37742911641114635,3
0.5220252627109648,0.0,18842,31749,0.4002133011817932,0.6734472513198853,0.0,"llm_attention",nan,inf,0.0,1,1,1,0.5220252627109648,292,0.4779747372890351,1
0.8075931461843063,0.10555186122655869,243193,31817,0.3210546374320984,0.31247615814208984,0.12212212383747101,"llm_attention",0.15745937824249268,0.002866605296730995,0.0755898444178492,5,5,5,0.6965872910762697,293,0.190132939681652,5
0.6910103481535167,0.05008184537291527,183511,32038,0.16930583119392395,0.17814120650291443,0.2769440710544586,"llm_attention",0.21981632709503174,0.001841363962739706,0.09122974093081494,4,4,4,0.7229283228415012,294,0.3074693070170181,4
0.6932832923514948,0.3128487467765808,38635,32081,0.4500786066055298,0.5952373147010803,0.03164556995034218,"llm_attention",0.10297183692455292,0.011334049515426159,0.007510548523206751,2,2,2,0.8496186314062333,295,0.23445062766921185,2
0.2680146446996172,0.0,12018,32285,0.6629738211631775,0.8226610422134399,0.0,"llm_attention",nan,inf,0.0,1,1,1,0.7319853553003828,296,0.2680146446996172,1
0.8305401791996998,0.15471407771110535,170536,32334,0.22489750385284424,0.18380394577980042,0.23001402616500854,"llm_attention",0.1672881692647934,0.005323959980159998,0.2586248659123153,7,7,7,0.7138202640650692,297,0.161795749870995,7
0.5887760038703435,0.22483345866203308,12402,32570,0.36437201499938965,0.5649827122688293,0.125,"llm_attention",0.10370288044214249,0.03720845282077789,0.04862745098039216,2,2,2,0.62865345766119,298,0.3573617158522819,2
0.6732907652273008,0.05421961471438408,170237,32610,0.1321389228105545,0.15484873950481415,0.37518247961997986,"llm_attention",0.2904306650161743,0.002756432630121708,0.4077996332122694,7,7,7,0.6691788397118617,299,0.32670923477269925,7
0.29218488954891403,0.35094520449638367,16161,32735,0.5135815739631653,0.6620250344276428,0.125,"llm_attention",0.12884142994880676,0.02403203956782818,0.07867820613690008,2,2,2,0.6578960273426984,300,0.3478745127157973,2
0.2076095947063689,-2.599207107323309e-07,2418,32811,0.36212435364723206,0.6745774745941162,0.0,"llm_attention",nan,inf,0.0,1,1,1,0.7923904052936311,301,0.2076095947063689,1
0.584693747971724,0.09098847955465317,70873,32817,0.273388534784317,0.40159720182418823,0.13074204325675964,"llm_attention",0.22851306200027466,0.0054639470763504505,0.10083576815927159,3,3,3,0.6556488188943078,302,0.3801024367530653,3
0.7975693741138343,0.10139235109090805,98740,32861,0.2295829951763153,0.3492615222930908,0.05128205195069313,"llm_attention",0.11672981083393097,0.004163515754044056,0.026916149689813887,2,2,2,0.7741318294733934,303,0.2024306258861657,2
0.4652747794979338,0.12273221462965012,32426,32887,0.20945440232753754,0.3840469419956207,0.203125,"llm_attention",0.16187621653079987,0.023055853322148323,0.26004959916950227,3,4,4,0.6542914008969211,304,0.4441189169185222,4
0.6599148815935861,0.024690981954336166,169881,32901,0.13965295255184174,0.1446065902709961,0.36968839168548584,"llm_attention",0.22725127637386322,0.004742319695651531,0.43137051268736804,11,12,12,0.7542031382447244,305,0.3342869420358957,12
0.0802020202020202,0.6728748679161072,4950,32941,0.22652851045131683,0.25646713376045227,0.4545454680919647,"llm_attention",0.27848580479621887,0.048871636390686035,0.13924884691412256,13,13,12,0.8308466788745933,306,0.22161616161616163,13
0.5258783109830434,0.2998816967010498,9023,33005,0.3472570776939392,0.553787112236023,0.0810810774564743,"llm_attention",0.11163991689682007,0.0461464561522007,0.06077606358111267,2,2,2,0.6999176602674784,307,0.35420591820902136,2
0.6380764726918303,0.1024891659617424,142613,33104,0.12797950208187103,0.1421280950307846,0.2800687253475189,"llm_attention",0.2568391263484955,0.0031166772823780775,0.3380993897122929,9,9,9,0.6557476038105872,308,0.35754103763331535,9
0.4944218776817896,0.07014497369527817,52437,33109,0.13421493768692017,0.19681671261787415,0.3009708821773529,"llm_attention",0.36731380224227905,0.006658297032117844,0.0770623514767455,9,9,9,0.806204716974446,309,0.4746648358983161,9
0.32616549711665394,0.2843317687511444,28786,33114,0.1981043517589569,0.2550351321697235,0.06779661029577255,"llm_attention",0.38715487718582153,0.015481743030250072,0.285559622622055,8,8,8,0.7208836561449806,310,0.42242756895713196,8
0.44161370544349265,0.212691530585289,54285,33221,0.1390816867351532,0.17481233179569244,0.28518518805503845,"llm_attention",0.2490738332271576,0.018041696399450302,0.4548033782000528,14,16,16,0.615515876026813,311,0.4787510361978447,16
0.6414400972590628,0.13334673643112183,36192,33368,0.299860417842865,0.4996015131473541,0.0555555559694767,"llm_attention",0.29113155603408813,0.010854504071176052,0.07074054095707791,2,3,3,0.5541865535550033,312,0.3449657382847038,3
0.5454046639231824,0.1692497283220291,58320,33638,0.10999947786331177,0.17270994186401367,0.08119658380746841,"llm_attention",0.2567024827003479,0.00644582649692893,0.17867380808690406,8,8,7,0.7302991932947439,313,0.4045781893004115,8
0.44254745591373695,0.25290030241012573,26709,33707,0.494306743144989,0.6457444429397583,0.07017543911933899,"llm_attention",0.08035792410373688,0.01612948812544346,0.02538787023977433,2,2,2,0.5521303109563547,314,0.43861619678759967,2
0.7065501842280001,0.09568691998720169,76807,33759,0.14126470685005188,0.24042698740959167,0.2631579041481018,"llm_attention",0.24223685264587402,0.005322525277733803,0.1757841962820001,4,4,4,0.853496165495181,315,0.2898694129441327,4
0.4461265355393027,0.22917591035366058,70415,33854,0.14694984257221222,0.1579762101173401,0.2955326437950134,"llm_attention",0.2941955626010895,0.010376040823757648,0.3544268095689854,21,21,20,0.6796660391991537,316,0.4536959454661649,21
0.7067644359188556,0.010496302507817745,96963,34071,0.15929824113845825,0.34030988812446594,0.12182740867137909,"llm_attention",0.1830943077802658,0.004140009637922049,0.38824605212253366,2,2,2,0.7071474286866017,317,0.2932355640811444,2
0.7205806481872332,0.23013827204704285,127926,34139,0.23982203006744385,0.2766476273536682,0.2602739632129669,"llm_attention",0.13729044795036316,0.005976240150630474,0.13573926423275984,4,4,4,0.6303834267259831,318,0.2557806857089255,4
0.7097338255294346,0.0,25735,34205,0.23379549384117126,0.5688343644142151,0.0,"llm_attention",nan,inf,0.0,1,1,1,0.7097338255294346,319,0.29026617447056535,1
0.5104441620230065,0.027148116379976273,92061,34257,0.13861972093582153,0.19741220772266388,0.28042328357696533,"llm_attention",0.34902921319007874,0.004374851007014513,0.20486365350906388,6,6,6,0.6973048217034633,320,0.4769229098098,6
0.12393241167434715,0.3600725829601288,16275,34417,0.21077120304107666,0.1995321661233902,0.37142857909202576,"llm_attention",0.2959257662296295,0.027283871546387672,0.4383503997755646,17,17,11,0.7011986541339965,321,0.3604915514592934,17
0.5386340117281821,0.07477741688489914,5798,34452,0.17054206132888794,0.3726766109466553,0.0,"llm_attention",0.15502241253852844,0.06750284135341644,0.03252336448598131,3,3,3,0.848188439449527,322,0.43583994480855465,3
0.2769047248586692,0.4348090589046478,19281,34760,0.23830175399780273,0.3669324219226837,0.20000000298023224,"llm_attention",0.20381546020507812,0.024879900738596916,0.06914359489312867,4,4,4,0.6739986170442755,323,0.384834811472434,4
0.2140921409214092,0.3822786509990692,12546,34873,0.13937495648860931,0.1838362067937851,0.27450981736183167,"llm_attention",0.24877813458442688,0.040208760648965836,0.33174442190669373,9,9,9,0.6936467594701023,324,0.3824326478558903,9
0.7874899932928017,0.0,231095,35062,0.7004325985908508,0.3647249639034271,0.0,"llm_attention",nan,inf,0.0,1,1,1,0.7874899932928017,325,0.21251000670719833,1
0.4110062346787114,0.1683371663093567,51807,35197,0.35021987557411194,0.4830314517021179,0.10194174945354462,"llm_attention",0.25931233167648315,0.007848784327507019,0.11181752638133316,3,3,3,0.5691208712752404,326,0.487791225124018,3
0.6394750698691725,0.14294694364070892,172823,35279,0.2561170756816864,0.252820760011673,0.284074604511261,"llm_attention",0.16790440678596497,0.006000164896249771,0.2353989118397612,9,9,9,0.6493915960271539,327,0.31911261811217256,9
0.6092393613792266,0.10195961594581604,82365,35326,0.15898577868938446,0.22601579129695892,0.1876923143863678,"llm_attention",0.3215707838535309,0.004405280575156212,0.04511418362591269,6,6,6,0.6436778907734149,328,0.3747465549687367,6
0.7182333111656386,0.1543896496295929,130821,35682,0.18345539271831512,0.18332993984222412,0.30290457606315613,"llm_attention",0.18469908833503723,0.006300665903836489,0.2722118227937386,12,18,18,0.6438332218690964,329,0.23839444737465698,18
0.7489542415960863,0.07917412370443344,125507,35770,0.1770990788936615,0.238662451505661,0.2181818187236786,"llm_attention",0.28466352820396423,0.0031475271098315716,0.14117049638187126,4,4,4,0.7668786676528605,330,0.25104575840391374,4
0.3994449583718779,0.020585188642144203,27025,35963,0.31195753812789917,0.48722031712532043,0.08490566164255142,"llm_attention",0.2567821443080902,0.012972104363143444,0.38971041281577323,2,2,2,0.5286589482432326,331,0.49916743755781684,2
0.5155692368069268,0.13140267133712769,81539,36494,0.10431257635354996,0.09258618205785751,0.39759036898612976,"llm_attention",0.29189640283584595,0.008546926081180573,0.41258227848101264,45,45,38,0.6934208529977611,332,0.412955763499675,45
0.45387947733596307,0.13992458581924438,28393,36539,0.25426003336906433,0.4238322377204895,0.27586206793785095,"llm_attention",0.13859984278678894,0.014182927086949348,0.23461885721656134,3,3,3,0.6105665284499489,333,0.44384179199098367,3
0.42191681258052793,0.2553368806838989,60538,36660,0.30623096227645874,0.3842885494232178,0.1041666641831398,"llm_attention",0.26986005902290344,0.004958627745509148,0.24765687507143674,4,4,4,0.5288317993932744,334,0.46413822722917836,4
0.5445891452369934,0.22184321284294128,15127,36678,0.19834262132644653,0.3401023745536804,0.1587301641702652,"llm_attention",0.2826908826828003,0.027068929746747017,0.030338220351284657,4,4,4,0.8034910170072954,335,0.3905599259602036,4
0.32756132756132755,0.19661571085453033,54054,36844,0.20929895341396332,0.23832766711711884,0.31221720576286316,"llm_attention",0.2159983068704605,0.017608387395739555,0.29586222075492463,14,14,14,0.6540260638502168,336,0.5062900062900063,14
0.3305798961879779,0.07411373406648636,17917,36861,0.30325254797935486,0.5201175808906555,0.2647058963775635,"llm_attention",0.3593631982803345,0.01789321005344391,0.32249458062364517,2,2,2,0.45457076653746836,337,0.5446782385443992,2
0.5515134992374997,0.2467482089996338,117377,36936,0.2396034151315689,0.23891164362430573,0.19037656486034393,"llm_attention",0.20645545423030853,0.007913307286798954,0.24199308536909692,15,15,15,0.6710118780802211,338,0.3538086677969278,15
0.6631670230858605,0.14611560106277466,118774,37670,0.22812063992023468,0.2761571705341339,0.10294117778539658,"llm_attention",0.14106106758117676,0.003691700752824545,0.33516634588946936,3,3,3,0.5641111309443518,339,0.3339956556148652,3
0.09562793938338268,0.5566318035125732,5741,37689,0.1137956902384758,0.1619536131620407,0.19230769574642181,"llm_attention",0.38864147663116455,0.08779338002204895,0.2675269645608629,13,13,11,0.8280937642268861,340,0.2205190733321721,13
0.4141117677388649,0.2962167263031006,50426,37740,0.282902330160141,0.34589052200317383,0.1336633712053299,"llm_attention",0.22328247129917145,0.014637491665780544,0.15742621175196317,7,8,8,0.6022486104437916,341,0.45325823979693014,8
0.20852989313565035,0.18973171710968018,10387,37751,0.19796106219291687,0.35019052028656006,0.23404255509376526,"llm_attention",0.3159714341163635,0.022800812497735023,0.2187081863520253,4,4,4,0.6130574782272152,342,0.47174352556079713,4
0.45105626437983687,0.24338681995868683,47810,37777,0.10914789885282516,0.1598341464996338,0.36283186078071594,"llm_attention",0.2107117474079132,0.013958625495433807,0.13290150504858067,7,13,13,0.6573297570450212,343,0.4775988286969253,13
0.3931231037970028,0.2710491418838501,21754,37988,0.22294338047504425,0.33821189403533936,0.1428571492433548,"llm_attention",0.21553540229797363,0.024263596162199974,0.2665505226480836,5,5,5,0.7777491055937515,344,0.43247218902270845,5
0.40790273556231005,0.3093026578426361,23030,38048,0.30708402395248413,0.4312934875488281,0.239130437374115,"llm_attention",0.14610935747623444,0.024436846375465393,0.04348782634203579,4,4,4,0.7827926133818878,345,0.44307425097698655,4
0.7606857142857143,0.0,83125,38070,0.2427770048379898,0.48327207565307617,0.0,"llm_attention",nan,inf,0.0,1,1,1,0.7606857142857143,346,0.2393142857142857,1
0.3820148749154834,0.1335926204919815,7395,38118,0.29513806104660034,0.5212311148643494,0.10000000149011612,"llm_attention",0.13482040166854858,0.03541753441095352,0.0862144420131291,2,2,2,0.7418103448275861,347,0.43529411764705883,2
0.43258732482744194,0.03284411504864693,23905,38210,0.2251041680574417,0.46345213055610657,0.04301075264811516,"llm_attention",0.18407350778579712,0.017296679317951202,0.045930404010616335,2,2,2,0.704004754908949,348,0.5423133235724744,2
0.6506795126496598,0.12220454216003418,113758,38576,0.26734912395477295,0.33933693170547485,0.16997791826725006,"llm_attention",0.15890441834926605,0.0062802573665976524,0.17801600483164728,4,4,4,0.7360041441519549,349,0.32733522038010515,4
0.7595963442498096,0.3496878147125244,131300,38678,0.19843363761901855,0.19692634046077728,0.13982300460338593,"llm_attention",0.2032240331172943,0.005795606877654791,0.0811658482496436,7,7,7,0.6990649424618096,350,0.20434881949733436,7
0.7370757375495648,0.041057806462049484,160396,38825,0.24527104198932648,0.2685544788837433,0.14937107264995575,"llm_attention",0.14301878213882446,0.00269399955868721,0.2949587403964716,2,2,2,0.726851707180706,351,0.26292426245043515,2
0.5675397754863035,0.08401373028755188,105027,38829,0.14403238892555237,0.17713993787765503,0.24532710015773773,"llm_attention",0.2116561084985733,0.007576105650514364,0.40605460149713785,10,10,10,0.6213058810858502,352,0.4231578546469003,10
0.25602623183268347,0.29043102264404297,11284,39405,0.06359775364398956,0.08005458861589432,0.7142857313156128,"llm_attention",0.26509132981300354,0.008243285119533539,0.5051816557474688,22,24,18,0.7145010304295645,353,0.4077454803261255,24
0.6493790644435891,0.16174475848674774,49361,39477,0.11048965901136398,0.18366621434688568,0.2626262605190277,"llm_attention",0.24701417982578278,0.011212782002985477,0.16033974692321026,7,7,7,0.7946454053179358,354,0.32108344644557446,7
0.5412116882675103,0.3204525113105774,29397,39480,0.5128201842308044,0.6509779691696167,0.06557376682758331,"llm_attention",0.11051768064498901,0.014478747732937336,0.0,2,2,2,0.7111053262567835,355,0.3497295642412491,2
0.2706640762981279,0.2897881269454956,33972,39484,0.18881841003894806,0.20608654618263245,0.38732394576072693,"llm_attention",0.2726711928844452,0.015539548359811306,0.3633611817411309,16,16,15,0.6730065574762716,356,0.49055104203461675,16
0.7366537227756205,0.12075565755367279,29615,39551,0.3337584137916565,0.5260277390480042,0.02521008439362049,"llm_attention",0.09118638932704926,0.015220480039715767,0.012437491986152072,2,2,2,0.8762546997344003,357,0.2422758737126456,2
0.831803114232128,0.0,91708,39670,0.29102209210395813,0.4294358491897583,0.0,"llm_attention",nan,inf,0.0,1,1,1,0.831803114232128,358,0.16819688576787195,1
0.789113924050633,0.015843886882066727,7900,39769,0.32233095169067383,0.5441117286682129,0.244140625,"llm_attention",0.26351919770240784,0.0022153567988425493,0.046218487394957986,2,6,6,0.7835931382228806,359,0.2108860759493671,6
0.4216647283601927,0.3090599775314331,6019,39785,0.18034236133098602,0.2838388979434967,0.19230769574642181,"llm_attention",0.25312715768814087,0.04491821676492691,0.14277506463659867,6,6,6,0.6740547784006249,360,0.386941352384117,6
0.3452755740251018,0.2371918112039566,47646,39914,0.1161615401506424,0.17621654272079468,0.21808511018753052,"llm_attention",0.4090797007083893,0.011938589625060558,0.12921942619009458,11,11,11,0.7379663784629261,361,0.5423750157410906,11
0.4008659570629623,0.31250476837158203,16629,39951,0.3296319544315338,0.4843403697013855,0.13432836532592773,"llm_attention",0.2957035303115845,0.01764046959578991,0.08692160995684031,3,3,3,0.7227460325166488,362,0.4711648325214986,3
0.5901354637026746,0.06324062496423721,34548,39956,0.1465167999267578,0.37283673882484436,0.18656715750694275,"llm_attention",0.34888070821762085,0.0052910540252923965,0.06730225988700565,2,2,2,0.7501983558610571,363,0.3855215931457682,2
0.6691758637236085,0.2044047713279724,66688,40036,0.18781733512878418,0.332709938287735,0.15693430602550507,"llm_attention",0.12371522188186646,0.006599522195756435,0.14228084489166892,3,3,3,0.6089621404089396,364,0.32701535508637236,3
0.6668522785012773,0.23012278974056244,143669,40083,0.2111130803823471,0.22069980204105377,0.20761245489120483,"llm_attention",0.17705823481082916,0.007708425633609295,0.17548001587865367,11,11,11,0.7421007332562506,365,0.29378641182161774,11
0.4937688541615153,0.2714264988899231,40442,40471,0.13963958621025085,0.14522947371006012,0.25766870379447937,"llm_attention",0.2562595009803772,0.020567454397678375,0.22722610267181165,20,20,17,0.8352625141054046,366,0.3758963453835122,20
0.7819048359105861,0.05693760886788368,154428,40757,0.23251867294311523,0.22836244106292725,0.16025641560554504,"llm_attention",0.26097938418388367,0.00286033283919096,0.22431710213776723,3,3,3,0.7124228575902097,367,0.21422280933509466,3
0.8166029575774086,0.0,117461,41633,0.3666278123855591,0.3908853530883789,0.0,"llm_attention",nan,inf,0.0,1,1,1,0.8166029575774086,368,0.18339704242259133,1
0.5900973903033792,0.04909846931695938,66023,41635,0.23129309713840485,0.3713010251522064,0.19465649127960205,"llm_attention",0.26285630464553833,0.0066380854696035385,0.39781251154713076,3,3,3,0.5901084732528105,369,0.4099026096966209,3
0.23154743861776295,0.47135162353515625,26392,41872,0.33339738845825195,0.4035665690898895,0.1875,"llm_attention",0.194133922457695,0.023566020652651787,0.1224791676939007,5,5,5,0.6343509517754103,370,0.39962867535616853,5
0.5418335271067476,0.16129955649375916,23223,41888,0.30900606513023376,0.46738898754119873,0.1489361673593521,"llm_attention",0.3602343499660492,0.011789198033511639,0.2542293233082707,3,3,3,0.6549359914908597,371,0.35869612022563835,3
0.5369237633309826,0.034262765198946,69481,41990,0.12554703652858734,0.2562146484851837,0.24210526049137115,"llm_attention",0.19082674384117126,0.008838541805744171,0.5197513597513598,4,4,4,0.5863526814530884,372,0.4630762366690174,4
0.844385212272074,0.006062980275601149,181583,42070,0.298011839389801,0.20097768306732178,0.14664804935455322,"llm_attention",0.4332502484321594,0.001567082479596138,0.004211345861202534,2,2,2,0.9224694705285896,373,0.15495944003568615,2
0.8117864805077869,0.1055905893445015,179918,42102,0.43378639221191406,0.3000796139240265,0.05710306391119957,"llm_attention",0.22447852790355682,0.0027792046312242746,0.06718247054307061,2,3,3,0.6314443788693187,374,0.1854511499683189,3
0.6731419977440782,-0.007326880469918251,79790,42178,0.15985046327114105,0.2995961606502533,0.17363344132900238,"llm_attention",0.23298808932304382,0.005832132883369923,0.2897622699386503,3,3,3,0.6932983278166541,375,0.3268580022559218,3
0.46774068020857656,0.016540877521038055,25698,42276,0.15940740704536438,0.3977065086364746,0.13861386477947235,"llm_attention",0.2623773217201233,0.010595560073852539,0.10732563240239801,2,2,2,0.5282547680560592,376,0.5159545489921394,2
0.6954644594821319,0.3726547360420227,89405,42296,0.42851272225379944,0.4976181387901306,0.07821229100227356,"llm_attention",0.13181687891483307,0.006905455142259598,0.06537628089763838,3,3,3,0.6679284676212123,377,0.2531066495162463,3
0.6770641364838974,0.194458469748497,109610,42528,0.33006420731544495,0.39740967750549316,0.1418604701757431,"llm_attention",0.17841844260692596,0.005360891111195087,0.19120264429188916,3,3,3,0.6668675122137576,378,0.2889699844904662,3
0.386938667373162,0.0,7549,42563,0.507790207862854,0.7451849579811096,0.0,"llm_attention",nan,inf,0.0,1,1,1,0.613061332626838,379,0.386938667373162,1
0.21468053974963422,0.3728264272212982,24604,42628,0.25160863995552063,0.3348291516304016,0.26530611515045166,"llm_attention",0.19658927619457245,0.03710637614130974,0.30995756132905494,7,8,8,0.5578902124131438,380,0.5321492440253617,8
0.7113249186591185,0.3168078064918518,114641,42889,0.4124075174331665,0.44287601113319397,0.06040268391370773,"llm_attention",0.11038986593484879,0.0038462511729449034,0.04103462863358917,2,2,2,0.7583003058266355,381,0.2289931176455195,2
0.36028928336620647,0.14551174640655518,9126,43314,0.10731266438961029,0.23975785076618195,0.2631579041481018,"llm_attention",0.22799091041088104,0.036405373364686966,0.21788283658787255,5,5,5,0.5626090088059773,382,0.5829498137190445,5
0.24853140533212834,0.309871643781662,2213,43435,0.0813431516289711,0.21878419816493988,0.3333333432674408,"llm_attention",0.213158518075943,0.10475701093673706,0.3247143716175586,5,5,4,0.6520050539470518,383,0.42069588793492996,5
0.7728080014956067,0.0,128376,43581,0.5467320680618286,0.5742601156234741,0.20365853607654572,"llm_attention",0.22790610790252686,0.0024278180208057165,0.0,1,4,4,0.7728080014956067,384,0.22719199850439334,4
0.3183485078401619,0.3232366740703583,15816,43737,0.19047677516937256,0.2807994782924652,0.30645161867141724,"llm_attention",0.36186134815216064,0.024188024923205376,0.13913366107040162,6,6,6,0.5918254626229282,385,0.44657309054122407,6
0.4188745899571032,0.05204000324010849,27741,43816,0.1382320672273636,0.26303455233573914,0.15322580933570862,"llm_attention",0.1882675290107727,0.01905132457613945,0.0674896098256932,5,5,5,0.7024389831632195,386,0.5554233805558559,5
0.7864183158711681,0.13742084801197052,206160,44068,0.4030344784259796,0.280258446931839,0.09558823704719543,"llm_attention",0.525899350643158,0.0011586780892685056,0.08684593023255814,2,2,2,0.7492790098334245,387,0.21358168412883197,2
0.5976145155348151,0.13609947264194489,65144,44195,0.32314181327819824,0.4436429440975189,0.10989011079072952,"llm_attention",0.14161717891693115,0.008805464953184128,0.23324304734292145,3,3,3,0.6712229527102123,388,0.3517898808792828,3
0.4067683508102955,0.3079235553741455,10490,44260,0.3970978856086731,0.45845016837120056,0.42553192377090454,"llm_attention",0.38865217566490173,0.019449839368462563,0.17451390004820827,5,5,5,0.7060940553583277,389,0.35433746425166823,5
0.6486412555670482,0.24172735214233398,116983,44279,0.14990262687206268,0.176690936088562,0.2174840122461319,"llm_attention",0.20895113050937653,0.00630295742303133,0.1644892100333309,10,10,10,0.6730189651089342,390,0.3318088953095749,10
0.3020889920489901,0.2761707603931427,40498,44590,0.26741430163383484,0.2742634117603302,0.302325576543808,"llm_attention",0.26983746886253357,0.019193574786186218,0.314569770733088,10,10,10,0.6195950657427501,391,0.438638945133093,10
0.680251068862003,0.0,10993,44652,0.29090458154678345,0.6288880109786987,0.0,"llm_attention",nan,inf,0.0,1,1,1,0.680251068862003,392,0.3197489311379969,1
0.420877588241605,0.2587534785270691,18642,44699,0.36572265625,0.44369077682495117,0.17073170840740204,"llm_attention",0.25406646728515625,0.023758627474308014,0.22684327528714338,4,4,4,0.47258054599016075,393,0.5072953545756893,4
0.737989616915117,0.21954002976417542,113839,44877,0.16402040421962738,0.22196757793426514,0.12222222238779068,"llm_attention",0.13280445337295532,0.005811966955661774,0.11888557347369832,4,4,4,0.6995563990671267,394,0.25569444566449107,4
0.6536001371308968,0.06310784071683884,110843,45070,0.27768176794052124,0.40591418743133545,0.09865470975637436,"llm_attention",0.16617697477340698,0.0036908735055476427,0.13764454630690698,2,2,2,0.6536483859761063,395,0.3463998628691031,2
0.12531017369727046,0.6845207810401917,3224,45090,0.3018172085285187,0.4374171197414398,0.06666667014360428,"llm_attention",0.11818554252386093,0.2194092720746994,0.07198581560283689,4,4,4,0.8320037791652974,396,0.20781637717121587,4
0.11657290417781056,0.3386778235435486,10843,45229,0.17340491712093353,0.19823965430259705,0.3888888955116272,"llm_attention",0.2969403862953186,0.0639529898762703,0.3194487942373943,16,16,13,0.7539104062181687,397,0.3938946785944849,16
0.38609532138172276,0.12668073177337646,41166,45472,0.184467151761055,0.254253089427948,0.46385541558265686,"llm_attention",0.3611443340778351,0.007575588766485453,0.417022792022792,6,6,6,0.4409555797135025,398,0.5676529174561531,6
0.7791709462994904,0.46681883931159973,154803,45550,0.3013897240161896,0.25801753997802734,0.09415584057569504,"llm_attention",0.20778466761112213,0.004456778988242149,0.16723709229194092,8,8,8,0.6615855426100535,399,0.1959005962416749,8
0.3685272360457297,0.24362100660800934,8922,45596,0.14370520412921906,0.18444062769412994,0.41025641560554504,"llm_attention",0.47521504759788513,0.033749330788850784,0.3947461838835641,12,12,10,0.7266045872653333,400,0.3301950235373235,12
0.6264947610329918,0.042183831334114075,25673,45728,0.18167585134506226,0.4284575283527374,0.26923078298568726,"llm_attention",0.42568182945251465,0.010824406519532204,0.23745958911252477,2,2,2,0.6454356979205733,401,0.37350523896700816,2
0.6292591505407907,0.27010899782180786,88574,46031,0.3183538317680359,0.38312506675720215,0.18571428954601288,"llm_attention",0.19135694205760956,0.007641635835170746,0.060722333881478775,5,5,5,0.73780945933967,402,0.3142118454625511,5
0.715529132494306,-0.0658705085515976,93521,46048,0.09560573846101761,0.1756182760000229,0.3611859977245331,"llm_attention",0.3703823983669281,0.0007964516989886761,0.03897910088708465,4,4,4,0.8497474311138603,403,0.27537130697918116,4
0.28957279263514285,0.22827573120594025,26287,46252,0.23941414058208466,0.356370210647583,0.26851850748062134,"llm_attention",0.21985244750976562,0.023774513974785805,0.2726104417670683,5,5,5,0.6302213177872666,404,0.5101380910716323,5
0.8626444737049417,0.1529170125722885,177714,46378,0.372188925743103,0.24929063022136688,0.06599713116884232,"llm_attention",0.11626080423593521,0.0025272469501942396,0.031134780827529702,2,2,2,0.8169677431184842,405,0.13735552629505834,2
0.7599734635625724,0.08418621867895126,179376,46463,0.25446343421936035,0.2014516294002533,0.1621253341436386,"llm_attention",0.17964956164360046,0.0029750007670372725,0.16966670537684359,3,3,3,0.776692586623085,406,0.24002653643742752,3
0.627917914459034,0.054315079003572464,104184,46497,0.19330786168575287,0.29707396030426025,0.2084309160709381,"llm_attention",0.18728184700012207,0.005778628867119551,0.3489745904811041,3,4,4,0.6203569247623087,407,0.372082085540966,4
0.5211729968639389,0.0,54527,46804,0.47566908597946167,0.6768690347671509,0.0,"llm_attention",nan,inf,0.0,1,1,1,0.5211729968639389,408,0.478827003136061,1
0.7825958950201884,0.14590522646903992,95104,46872,0.18141837418079376,0.2659778594970703,0.14933332800865173,"llm_attention",0.30554696917533875,0.0038178341928869486,0.11539949700135423,3,3,3,0.6358057460624976,409,0.2084560060565276,3
0.4981323150991948,0.23605464398860931,12047,47010,0.3367513120174408,0.4623967111110687,0.15555556118488312,"llm_attention",0.24066416919231415,0.05686330795288086,0.058385709560039696,4,4,4,0.6663051073731279,410,0.43155972441271684,4
0.6244738867689688,0.14647117257118225,183183,47112,0.13832011818885803,0.13342760503292084,0.22298221290111542,"llm_attention",0.23030728101730347,0.0050362092442810535,0.2448902456752435,20,21,20,0.7960402123659166,411,0.3536081404933864,21
0.7780934181501051,0.15270520746707916,155944,47121,0.3277965486049652,0.29145050048828125,0.1071428582072258,"llm_attention",0.10059994459152222,0.004255106206983328,0.21046091605259357,3,3,3,0.7721576341604361,412,0.19900092340840303,3
0.3875868055555556,0.22655948996543884,20736,47571,0.2517049014568329,0.4131290912628174,0.24719101190567017,"llm_attention",0.33576440811157227,0.013681534677743912,0.17946294983856997,3,3,3,0.46636481264685886,413,0.5200617283950617,3
0.6475103913236591,0.11470074206590652,150847,47585,0.22852535545825958,0.24167053401470184,0.13486842811107635,"llm_attention",0.24720503389835358,0.004802668001502752,0.3708718874595652,6,7,7,0.6118770526763352,414,0.3442163251506493,7
0.7482445584231987,0.145705446600914,85591,47740,0.15012134611606598,0.2135765254497528,0.18435753881931305,"llm_attention",0.2435937523841858,0.0050648776814341545,0.24234267681455354,6,6,6,0.7395006072363435,415,0.24742087368999077,6
0.41608314880204283,0.151149183511734,50127,47769,0.24674944579601288,0.3284541070461273,0.3072916567325592,"llm_attention",0.26477721333503723,0.012208610773086548,0.23098735907072088,6,6,6,0.5775754772706038,416,0.4549643904482614,6
0.7723365354505692,0.014319838024675846,98997,47801,0.06194756180047989,0.11372015625238419,0.17788460850715637,"llm_attention",0.35168012976646423,0.005638199858367443,0.007542816576448665,5,7,7,0.8559502860491461,417,0.2257846197359516,7
0.6250416139556562,0.17686358094215393,60076,47819,0.2545233964920044,0.3511268198490143,0.1458333283662796,"llm_attention",0.17770659923553467,0.010139024816453457,0.19359850839030454,4,4,4,0.5573441507845361,418,0.36473799853518873,4
0.6691850033053168,0.0,10589,47828,0.17185717821121216,0.570207953453064,0.12195122241973877,"llm_attention",0.9198209047317505,0.003356726374477148,0.0,1,2,2,0.6691850033053168,419,0.33081499669468317,2
0.8801811682168661,9.413363295607269e-05,238894,48153,0.42738646268844604,0.17891925573349,0.19522325694561005,"llm_attention",0.8219550251960754,0.00036333073512651026,0.4447666294019005,2,2,2,0.8802040587532078,420,0.11981883178313395,2
0.6966622525550915,0.12254470586776733,147255,48396,0.20026007294654846,0.21359437704086304,0.13694266974925995,"llm_attention",0.19261154532432556,0.0061535220593214035,0.13358556461001164,6,7,7,0.6425063567290307,421,0.28895453465077586,7
0.5770901926917472,0.11832295358181,74108,48504,0.1481069028377533,0.2473786622285843,0.3367697596549988,"llm_attention",0.3037547767162323,0.005880338605493307,0.06477138572476947,5,5,5,0.7258191090205061,422,0.42290980730825284,5
0.24966948032136682,0.1831977218389511,9833,48555,0.17485880851745605,0.2687540650367737,0.20454545319080353,"llm_attention",0.25428736209869385,0.04107418656349182,0.3860124695039306,6,6,6,0.5095341457167823,423,0.596562595342215,6
0.8397531064573259,0.0,209483,48564,0.6777288317680359,0.35818612575531006,0.031100478023290634,"llm_attention",0.10007703304290771,0.0021434312220662832,0.0,1,2,2,0.8397531064573259,424,0.1602468935426741,2
0.5606091607962351,0.0838213786482811,34211,48924,0.20503129065036774,0.37826859951019287,0.26490065455436707,"llm_attention",0.24901986122131348,0.011849095113575459,0.15852847259180416,3,3,3,0.740213782511078,425,0.40960509777556925,3
0.7322891295387267,0.173526331782341,133435,49060,0.15215981006622314,0.17191937565803528,0.28977271914482117,"llm_attention",0.3205568194389343,0.0034877918660640717,0.16177705615587032,6,7,7,0.4119899800154214,426,0.26211263911267657,7
0.35350987810004203,0.0,2379,49259,0.13966581225395203,0.5516560673713684,0.0,"llm_attention",nan,inf,0.0,1,1,1,0.6464901218999579,427,0.35350987810004203,1
0.7131874945827194,0.04643210396170616,149983,49269,0.2639607787132263,0.3290206491947174,0.08907563239336014,"llm_attention",0.2017878293991089,0.0026791372802108526,0.13878234186484414,2,2,2,0.7117414832133815,428,0.28681250541728065,2
0.5497243951546358,0.22071214020252228,30297,49759,0.14499355852603912,0.18436074256896973,0.4173228442668915,"llm_attention",0.38761866092681885,0.0165261197835207,0.35852514294091775,12,12,10,0.5740703450947414,429,0.3813578902201538,12
0.20201034449107055,0.40686023235321045,10247,49761,0.1129414513707161,0.15715660154819489,0.4883720874786377,"llm_attention",0.4850659668445587,0.035550814121961594,0.088418735477559,17,17,14,0.8274764952955886,430,0.4048989948277545,17
0.7603785856864108,0.03911755606532097,178348,49810,0.31906774640083313,0.23908229172229767,0.19193324446678162,"llm_attention",0.31967538595199585,0.0017314375145360827,0.3538000748783227,3,3,3,0.7009689731646195,431,0.23962141431358916,3
0.5009294738040138,0.14241494238376617,26359,50006,0.17491695284843445,0.26711320877075195,0.38317757844924927,"llm_attention",0.3369394838809967,0.013354798778891563,0.35454199923983276,7,8,7,0.6625085704662802,432,0.43692856329906293,8
0.5350166884341895,0.2817874848842621,68910,50145,0.26261186599731445,0.2877577841281891,0.11486486345529556,"llm_attention",0.20100004971027374,0.011047858744859695,0.11653454840521815,9,9,9,0.6458448084083321,433,0.37863880423741114,9
0.572385624696272,0.044024769216775894,86426,50149,0.1014094427227974,0.13110874593257904,0.5885714292526245,"llm_attention",0.33159950375556946,0.002952748443931341,0.4791514462754011,12,13,13,0.6616183138200101,434,0.41139240506329117,13
0.7180203763973397,0.0,28268,50165,0.2635999917984009,0.587995171546936,0.0,"llm_attention",nan,inf,0.0,1,1,1,0.7180203763973397,435,0.28197962360266027,1
0.4724169353708117,0.09769382327795029,28532,50326,0.35850679874420166,0.5512727499008179,0.07017543911933899,"llm_attention",0.17531274259090424,0.014016424305737019,0.19484488141898626,2,2,2,0.48021451755409195,436,0.5275830646291882,2
0.9183122564138702,-0.00957557000219822,184483,50331,0.2669212818145752,0.19412779808044434,0.175949364900589,"llm_attention",0.2810676097869873,0.002691771136596799,0.0920371599203716,3,4,4,0.7736974528344249,437,0.08164979971054244,4
0.71256537843982,0.16917872428894043,125806,50380,0.16992563009262085,0.22258242964744568,0.14734773337841034,"llm_attention",0.13256937265396118,0.005562011618167162,0.2612206520837366,4,4,4,0.6858149354678827,438,0.28475589399551693,4
0.7355403156673894,0.08197367191314697,39662,50638,0.276122510433197,0.47531238198280334,0.04093567281961441,"llm_attention",0.11768968403339386,0.01031030248850584,0.08132329106683192,2,2,2,0.6183815515230319,439,0.2643588321315113,2
0.4986444455532824,0.2432197481393814,60123,50679,0.27297940850257874,0.3165741562843323,0.20600858330726624,"llm_attention",0.3199194669723511,0.010050787590444088,0.1639186544139601,8,8,8,0.6792915738423344,440,0.4389501521880146,8
0.6824782103931659,0.16995689272880554,115422,50811,0.16821783781051636,0.20177443325519562,0.13224637508392334,"llm_attention",0.1760009378194809,0.00940999947488308,0.12082185052798167,6,9,9,0.6828434844936785,441,0.30546169707681375,9
0.651513084290665,0.1380748301744461,109941,50828,0.20599429309368134,0.2788030207157135,0.23433874547481537,"llm_attention",0.2920171022415161,0.003588617779314518,0.1618249680265184,4,4,4,0.7732807719252718,442,0.31788868574962936,4
0.7708051166290444,0.0033940437715500593,166125,50844,0.26892566680908203,0.20855849981307983,0.1852409690618515,"llm_attention",0.3658697009086609,0.0018535712733864784,0.4177281680892974,2,2,2,0.7710946256168465,443,0.22919488337095562,2
0.7862311830037537,0.13505373895168304,155046,50896,0.06376442313194275,0.12333200126886368,0.28267475962638855,"llm_attention",0.30653831362724304,0.0032164871226996183,0.10650494810523775,2,14,10,0.7516684279600059,444,0.21376881699624628,14
0.2887426900584795,0.30579090118408203,1368,50943,0.20581699907779694,0.46684718132019043,0.2222222238779068,"llm_attention",0.09736605733633041,0.19681833684444427,0.10277492291880781,2,2,2,0.6252662308293244,445,0.3618421052631579,2
0.7653369410912833,0.04500314220786095,209918,51008,0.3457491099834442,0.2229515165090561,0.08262454718351364,"llm_attention",0.19535794854164124,0.0018461344297975302,0.055075111652456356,2,2,2,0.7648581325999431,446,0.23466305890871675,2
0.5873373346789186,0.07540608942508698,94135,51309,0.2538497745990753,0.33565691113471985,0.2243243306875229,"llm_attention",0.19911907613277435,0.006289106328040361,0.3208309735880142,4,4,4,0.6049639265068898,447,0.4004036755723164,4
0.6641607725212825,0.2577653229236603,47222,51314,0.41236984729766846,0.5637804865837097,0.05945945903658867,"llm_attention",0.11008661985397339,0.009563390165567398,0.021123652184879247,2,2,2,0.6903281693987108,448,0.2886790055482614,2
0.8671867153235796,0.0,59738,51326,0.20195388793945312,0.4477215111255646,0.0,"llm_attention",nan,inf,0.0,1,1,1,0.8671867153235796,449,0.13281328467642037,1
0.44909544603867746,0.018275141716003418,16030,51598,0.24858219921588898,0.4807256758213043,0.095238097012043,"llm_attention",0.10023002326488495,0.014272050932049751,0.014834107122636168,2,2,2,0.6040359968015381,450,0.5084840923268871,2
0.7354786413049513,0.15140321850776672,90057,51610,0.22056259214878082,0.32979920506477356,0.1652892529964447,"llm_attention",0.38113903999328613,0.003552543930709362,0.19456804634371588,3,3,3,0.689250331992285,451,0.26452135869504867,3
0.5909638554216867,0.15778987109661102,43160,51712,0.3404685854911804,0.5208397507667542,0.06214689090847969,"llm_attention",0.11518001556396484,0.009858056902885437,0.08785544352554661,2,2,2,0.6149284038548639,452,0.3800046339202966,2
0.664643640442666,0.16404063999652863,119458,51738,0.3484511375427246,0.42872822284698486,0.0868644043803215,"llm_attention",0.17848482728004456,0.0033658556640148163,0.06981852674671127,2,2,2,0.7085236427060088,453,0.30380552160592006,2
0.1124625748502994,0.34553778171539307,5344,51938,0.0682607963681221,0.12583741545677185,0.3199999928474426,"llm_attention",0.4003014862537384,0.08387445658445358,0.13156230234029095,13,13,11,0.8059674405503229,454,0.34805389221556887,13
0.6643983402489626,0.0,12050,51961,0.2671070098876953,0.6120579242706299,0.0,"llm_attention",nan,inf,0.0,1,1,1,0.6643983402489626,455,0.33560165975103734,1
0.10566037735849057,0.3411426842212677,1590,51976,0.22417187690734863,0.47828221321105957,0.0,"llm_attention",0.11208753287792206,0.17070922255516052,0.17580872011251758,2,2,2,0.7316175595828212,456,0.2628930817610063,2
0.6056770948549872,0.2072044163942337,85889,52007,0.10938727855682373,0.18486329913139343,0.29651162028312683,"llm_attention",0.2790693938732147,0.006597435567528009,0.1837722924294319,5,8,8,0.6616446577764661,457,0.38079381527320144,8
0.6164386449396041,-1.0483740453537393e-07,47437,52017,0.23003825545310974,0.545193076133728,0.08163265138864517,"llm_attention",0.1579938679933548,0.007970624603331089,0.0,1,2,2,0.6164386449396041,458,0.3835613550603959,2
0.44074585635359115,0.0971202552318573,14480,52412,0.04970218613743782,0.10845696181058884,0.31578946113586426,"llm_attention",0.38643312454223633,0.015499094501137733,0.08866386762163497,12,12,10,0.8692186525518726,459,0.4917817679558011,12
0.756495310994013,0.11533943563699722,142141,52413,0.2365126609802246,0.20575755834579468,0.16410256922245026,"llm_attention",0.1874026209115982,0.003957988228648901,0.14749219923725876,5,5,5,0.6671381630590617,460,0.22793564137018876,5
0.5881592155045943,0.05193615332245827,51804,52462,0.272420197725296,0.4716745913028717,0.07511737197637558,"llm_attention",0.15980857610702515,0.007864327169954777,0.26252636512772437,2,2,2,0.5830502789163323,461,0.4118407844954058,2
0.5417558886509636,0.131332129240036,16812,52507,0.3087726831436157,0.5259973406791687,0.1230769231915474,"llm_attention",0.1222442090511322,0.026767034083604813,0.14615784008307373,2,2,2,0.657838472080924,462,0.3868665239114918,2
0.6092100633356791,0.0,45472,52565,0.3811178207397461,0.6315182447433472,0.0,"llm_attention",nan,inf,0.0,1,1,1,0.6092100633356791,463,0.3907899366643209,1
0.7435900069852488,0.05853899568319321,97348,52591,0.23108528554439545,0.3796762228012085,0.08923884481191635,"llm_attention",0.08927186578512192,0.004753487184643745,0.08389086975682064,2,2,2,0.7337321139045409,464,0.2564099930147512,2
0.705446924689008,0.10056906938552856,104022,52891,0.28530704975128174,0.41562485694885254,0.07263922691345215,"llm_attention",0.1056370884180069,0.004236936569213867,0.031494778067885115,2,2,2,0.6922880324906671,465,0.2945530753109919,2
0.53759557807462,0.1680545061826706,108550,52996,0.11958689987659454,0.14199991524219513,0.3319239020347595,"llm_attention",0.22640809416770935,0.006988884415477514,0.32167191297764675,12,17,17,0.6863167346975186,466,0.42128051589129434,17
0.1660931174089069,0.5114590525627136,9880,53505,0.20517614483833313,0.23574402928352356,0.5869565010070801,"llm_attention",0.4025907516479492,0.014223581179976463,0.23849981793907027,9,9,9,0.561388322598522,467,0.38421052631578945,9
0.8785795866064962,-4.6105279238872754e-07,143592,53529,0.5929823517799377,0.46860551834106445,0.10195530951023102,"llm_attention",0.14941972494125366,0.003212373936548829,0.0,1,3,3,0.8785795866064962,468,0.12142041339350382,3
0.5989320459366543,0.136796772480011,41013,53624,0.12958404421806335,0.22182981669902802,0.20987653732299805,"llm_attention",0.4224584102630615,0.009614689275622368,0.11569092346039273,6,6,6,0.6097316758398118,469,0.37336941945236873,6
0.39601963028339765,0.16401375830173492,51553,53626,0.15917690098285675,0.20709887146949768,0.34112149477005005,"llm_attention",0.25564664602279663,0.005739412736147642,0.45087837620836946,9,9,9,0.6213631762323185,470,0.4450759412643299,9
0.742523858003254,0.04732848331332207,210202,53909,0.35477983951568604,0.2391665130853653,0.07371007651090622,"llm_attention",0.37743309140205383,0.0014542454155161977,0.33806954657994903,2,2,2,0.7256895889450647,471,0.257476141996746,2
0.6680511089959908,0.0,69342,53994,0.3229101002216339,0.5605354309082031,0.0,"llm_attention",nan,inf,0.0,1,1,1,0.6680511089959908,472,0.3319488910040091,1
0.6224100761445578,0.20739707350730896,94163,54123,0.2275627851486206,0.3076864778995514,0.125,"llm_attention",0.2550395131111145,0.00651960913091898,0.10940795949936717,5,5,5,0.5517923051134194,473,0.35958922294319423,5
0.5431735421758866,0.11477513611316681,20047,54164,0.33145803213119507,0.5375086665153503,0.07228915393352509,"llm_attention",0.12335832417011261,0.021046245470643044,0.12000436776588774,2,2,2,0.6128236158760842,474,0.4280939791489998,2
0.6301011476366466,0.25697460770606995,102820,54592,0.2693890631198883,0.3312051594257355,0.15647922456264496,"llm_attention",0.12350151687860489,0.0097252381965518,0.16674992769437066,5,5,5,0.6386484534309531,475,0.3414510795565065,5
0.3947278656315237,0.18623363971710205,73291,54593,0.1944279819726944,0.22690534591674805,0.28135591745376587,"llm_attention",0.22017505764961243,0.017813589423894882,0.31543472870314015,16,16,16,0.6113734215572404,476,0.5189859600769535,16
0.6922945542928464,0.2708497941493988,152230,54605,0.15173812210559845,0.1739831417798996,0.30219781398773193,"llm_attention",0.2219695895910263,0.0034146890975534916,0.24599718201613935,12,15,15,0.6281669405430462,477,0.2924719174932668,15
0.5708694740602117,0.13631711900234222,128779,54628,0.17714150249958038,0.1691323071718216,0.3378118872642517,"llm_attention",0.3013466000556946,0.006875722203403711,0.3203228199699618,23,23,22,0.6215379111332738,478,0.37447875818262294,23
0.8233200053510115,0.21572329103946686,134554,54654,0.3189745545387268,0.2792681157588959,0.04655493423342705,"llm_attention",0.11278880387544632,0.002988917753100395,0.01720439153661717,2,2,2,0.7477701264492118,479,0.1766799946489885,2
0.6113327882256746,0.19017036259174347,61150,54931,0.37386178970336914,0.5285773873329163,0.037344399839639664,"llm_attention",0.10604263842105865,0.0073762936517596245,0.06656288130601254,2,2,2,0.6118468875137089,480,0.36662305805396567,2
0.24635074368730542,0.45396488904953003,14455,54967,0.1548076868057251,0.18505558371543884,0.2957746386528015,"llm_attention",0.308320552110672,0.03600778058171272,0.21984578667156232,16,16,13,0.6538271611522033,481,0.4141127637495676,16
0.7242697602591386,-0.007421597372740507,106198,55002,0.16517029702663422,0.2791692912578583,0.13126491010189056,"llm_attention",0.7023055553436279,0.0013017675373703241,0.043610409125059764,2,2,2,0.733787420126475,482,0.2757302397408614,2
0.6034953901720369,0.20899149775505066,84168,55022,0.18336206674575806,0.21382823586463928,0.20000000298023224,"llm_attention",0.31720080971717834,0.007312003988772631,0.29667695442423514,9,8,8,0.6429054014753022,483,0.37395447200836424,8
0.6326964933494559,-1.4317130592189642e-07,62025,55072,0.3668658137321472,0.6013041734695435,0.0,"llm_attention",nan,inf,0.0,1,1,1,0.6326964933494559,484,0.3673035066505441,1
0.5662599741747508,0.08580730110406876,120812,55150,0.19088293612003326,0.21125705540180206,0.32121211290359497,"llm_attention",0.25326699018478394,0.004906953778117895,0.44340756855785196,14,15,15,0.5808296919764834,485,0.4121775982518293,15
0.5683393953171175,0.3407289385795593,35192,55167,0.12137511372566223,0.1871376484632492,0.38235294818878174,"llm_attention",0.3155114948749542,0.010442731902003288,0.14166282667368837,8,10,10,0.7304274138570211,486,0.36110479654466926,10
0.15654019633855135,0.14506222307682037,3769,55299,0.3352949619293213,0.5534394383430481,0.2666666805744171,"llm_attention",0.1527915894985199,0.110846608877182,0.07549543881723812,2,2,2,0.8393312553131198,487,0.30087556381002917,2
0.6926063816176659,0.21376442909240723,156324,55528,0.20971624553203583,0.2066657543182373,0.1368584781885147,"llm_attention",0.21036511659622192,0.004243859555572271,0.08627973279503881,5,7,7,0.6013738230665194,488,0.3008175328164581,7
0.5647574819401445,0.3003990352153778,34884,55950,0.285593181848526,0.44101205468177795,0.04895104840397835,"llm_attention",0.22198688983917236,0.013940411619842052,0.059474412171507604,3,3,3,0.7103069645044732,489,0.3781963077628712,3
0.7334341977731023,0.24201513826847076,42301,56127,0.10514991730451584,0.1658908724784851,0.2202380895614624,"llm_attention",0.2220572829246521,0.012532110325992107,0.18224547711954595,8,8,8,0.7886867403957571,490,0.22744143164464198,8
0.7037545257658671,0.14948420226573944,120974,56288,0.2621596157550812,0.30523160099983215,0.12863071262836456,"llm_attention",0.14946413040161133,0.004685545340180397,0.1647971426976952,3,3,3,0.662419109833119,491,0.2875907219733166,3
0.5253966036250016,0.2343025505542755,78731,56344,0.2964690327644348,0.343911349773407,0.18831168115139008,"llm_attention",0.2116541713476181,0.010353585705161095,0.3434405609377509,7,7,7,0.7014831009091888,492,0.3532280804257535,7
0.6161650590226888,0.048417143523693085,88017,56350,0.13706481456756592,0.16547857224941254,0.25833332538604736,"llm_attention",0.37792935967445374,0.005442937836050987,0.4496507222353777,10,10,10,0.624121085602976,493,0.380403785632321,10
0.7084901615131736,0.0,83956,56545,0.2914959490299225,0.5206038951873779,0.0,"llm_attention",nan,inf,0.0,1,1,1,0.7084901615131736,494,0.29150983848682643,1
0.7238616747173716,0.16061170399188995,195221,57027,0.40471363067626953,0.31651729345321655,0.1547464281320572,"llm_attention",0.2731912434101105,0.0020122029818594456,0.06038064851228018,3,3,3,0.633065609441811,495,0.2704319719702286,3
0.6487107584980507,0.10731972008943558,73105,57149,0.11409404128789902,0.1920110434293747,0.3020833432674408,"llm_attention",0.26655882596969604,0.004934690892696381,0.36100619134768897,6,6,6,0.7223365784701548,496,0.31265987278571916,6
0.5644745816212072,0.05568753555417061,177411,57150,0.13089630007743835,0.11418507248163223,0.4119241237640381,"llm_attention",0.3033970892429352,0.0045667472295463085,0.4190016436512353,22,23,23,0.5961320279749835,497,0.4186944439747253,23
0.7428869975831346,0.11058889329433441,125369,57232,0.1615678071975708,0.19445078074932098,0.1983002871274948,"llm_attention",0.33214908838272095,0.0031721298582851887,0.024229074889867842,6,15,15,0.8616385024043929,498,0.23614290614107156,15
0.7005005692880867,0.2404770404100418,148431,57238,0.24720481038093567,0.2534436583518982,0.22479338943958282,"llm_attention",0.21637246012687683,0.003994778264313936,0.1966258013721741,4,4,4,0.6420138762943953,499,0.28724457828890193,4
0.7712238147739802,0.0,97956,57244,0.29079416394233704,0.4492383599281311,0.0,"llm_attention",nan,inf,0.0,1,1,1,0.7712238147739802,500,0.22877618522601983,1
0.34851601528063475,0.28777599334716797,30627,57597,0.1399850696325302,0.15035302937030792,0.37404578924179077,"llm_attention",0.2988172769546509,0.03129994869232178,0.2685310479627124,32,32,27,0.7293934813344087,501,0.42573546217389885,32
0.3940982585450676,0.2177225649356842,38531,57672,0.16530780494213104,0.19713909924030304,0.3607594966888428,"llm_attention",0.31641897559165955,0.01000648457556963,0.3748393729118479,16,16,16,0.5925439307869318,502,0.5227219641327762,16
0.09690721649484536,0.8286375403404236,970,57725,0.23126456141471863,0.4835699498653412,0.20000000298023224,"llm_attention",0.5179853439331055,0.1900061070919037,0.005707762557077625,2,2,2,0.8960084033613445,503,0.10206185567010309,2
0.056561922365988906,0.5801689028739929,2705,57760,0.10463647544384003,0.13653266429901123,0.3636363744735718,"llm_attention",0.3815265893936157,0.023888874799013138,0.34247648902821315,15,15,11,0.8618007253420974,504,0.18706099815157118,15
0.4632561354994815,0.31426727771759033,14465,58029,0.4334540367126465,0.6092789173126221,0.0833333358168602,"llm_attention",0.11698296666145325,0.02909303456544876,0.008629572385368366,2,2,2,0.5958304046446552,505,0.41472519875561703,2
0.6955916731604141,0.1554345339536667,125762,58111,0.16747748851776123,0.19085268676280975,0.14541833102703094,"llm_attention",0.3851187527179718,0.0020595795940607786,0.1171277068150354,6,6,6,0.5199963513002694,506,0.2960751260317107,6
0.78627966749532,0.11387048661708832,166133,58350,0.264077752828598,0.22924745082855225,0.15638449788093567,"llm_attention",0.24367482960224152,0.0032225996255874634,0.2324959161831803,3,5,5,0.7497273278542598,507,0.21372033250467998,5
0.4342755922946343,0.29767903685569763,13549,58384,0.4486854672431946,0.5530012845993042,0.1428571492433548,"llm_attention",0.17716072499752045,0.04268600419163704,0.045401174168297455,4,4,4,0.5720599851415972,508,0.4160454646099343,4
0.5969739580403848,-0.022418363019824028,88895,58393,0.13169874250888824,0.27349746227264404,0.2122092992067337,"llm_attention",0.33480533957481384,0.0032991080079227686,0.04658497781003154,3,3,3,0.7212557603918879,509,0.4030260419596153,3
0.7204699687128189,0.17652522027492523,181544,58539,0.16619960963726044,0.1613987386226654,0.2774108350276947,"llm_attention",0.24066366255283356,0.0038724071346223354,0.3700711372100814,9,9,9,0.628784991630845,510,0.26724099942713614,9
0.3107055419541509,0.0,8986,58655,0.5798539519309998,0.7811596393585205,0.0,"llm_attention",nan,inf,0.0,1,1,1,0.6892944580458491,511,0.3107055419541509,1
0.7835396279249892,-0.003915626555681229,134274,58705,0.11518985033035278,0.13366420567035675,0.1576182097196579,"llm_attention",0.15622203052043915,0.0051708463579416275,0.325236538792362,4,4,4,0.8931343088686502,512,0.21606565679133713,4
0.5818681763040842,0.19284769892692566,123650,59044,0.10245639830827713,0.10156925767660141,0.32405567169189453,"llm_attention",0.33533746004104614,0.0038876233156770468,0.49974855904994003,18,18,18,0.6651922414093961,513,0.3631459765467044,18
0.5436228396412164,0.08452125638723373,45710,59386,0.20808260142803192,0.26452213525772095,0.2763819098472595,"llm_attention",0.23740601539611816,0.009147470816969872,0.23321029672594795,10,10,10,0.7607536780232695,514,0.4351345438634872,10
0.6686971720755505,0.40325266122817993,76664,59598,0.20111992955207825,0.24783185124397278,0.17611940205097198,"llm_attention",0.20650333166122437,0.008127614855766296,0.14394267490846097,7,8,8,0.6504876059498237,515,0.29067097986016904,8
0.4129633828364131,0.1882539838552475,35284,59635,0.17754042148590088,0.17964325845241547,0.4055944085121155,"llm_attention",0.28255441784858704,0.02773023210465908,0.3231304011973157,25,25,25,0.6803898152836061,516,0.3988776782677701,25
0.6836004541493941,0.058085694909095764,37873,59920,0.180616095662117,0.40575122833251953,0.08496732264757156,"llm_attention",0.13006965816020966,0.010995961725711823,0.42735542017858635,2,2,2,0.6625029230622304,517,0.316399545850606,2
0.8813701574253465,0.04949658736586571,254978,60052,0.4576312303543091,0.33083513379096985,0.07956778258085251,"llm_attention",0.11677141487598419,0.0017338769976049662,0.09620470774927269,2,2,2,0.869508838200625,518,0.1186298425746535,2
0.8106727562272769,0.0,66562,60090,0.20624940097332,0.4847732484340668,0.0,"llm_attention",nan,inf,0.0,1,1,1,0.8106727562272769,519,0.18932724377272317,1
0.7751902654038496,0.10793113708496094,160171,60102,0.2634531557559967,0.2531142830848694,0.08240887522697449,"llm_attention",0.19792459905147552,0.0019745714962482452,0.14335703177071762,3,3,3,0.6810594840514165,520,0.22444762160441029,3
0.6433507358034704,0.11741425842046738,59187,60347,0.29869627952575684,0.47705039381980896,0.08016877621412277,"llm_attention",0.16377225518226624,0.007047682534903288,0.13709792031834764,2,2,2,0.6240091910798976,521,0.35664926419652965,2
0.457361358280025,0.010389666073024273,20791,60363,0.036418505012989044,0.10791242867708206,0.28915661573410034,"llm_attention",0.704862654209137,0.005202732048928738,0.01134550611593689,11,11,8,0.8784273136066427,522,0.5365783271607907,11
0.44360802078475786,0.2992362082004547,30022,60449,0.28566551208496094,0.3857773542404175,0.1587301641702652,"llm_attention",0.28448915481567383,0.01710439659655094,0.08399185823754789,5,5,5,0.5431442096909159,523,0.44860435680500965,5
0.16374296435272045,0.28986847400665283,21320,60507,0.11272047460079193,0.14161662757396698,0.30000001192092896,"llm_attention",0.29856157302856445,0.03473196178674698,0.3838689775085535,17,18,17,0.6004465029909715,524,0.5131332082551595,18
0.48745585302029387,0.17525531351566315,54647,60770,0.4431353807449341,0.5886034369468689,0.06334841996431351,"llm_attention",0.08757910132408142,0.008111760020256042,0.06962047913170767,2,2,2,0.5019888383984874,525,0.5049865500393435,2
0.5141608751405006,0.16017843782901764,63167,60823,0.14940395951271057,0.13064073026180267,0.3629032373428345,"llm_attention",0.23208005726337433,0.010986607521772385,0.32487210401120925,27,27,22,0.7568664090889875,526,0.4228632038881061,27
0.7357310327971249,0.0792778879404068,110467,60835,0.24780219793319702,0.34514158964157104,0.13073395192623138,"llm_attention",0.141114741563797,0.005611516535282135,0.020826910560750866,3,3,3,0.7346711173500783,527,0.26426896720287507,3
0.5820107709244547,0.04527968913316727,168045,60855,0.2067815512418747,0.23343107104301453,0.42307692766189575,"llm_attention",0.2888001501560211,0.0025447970256209373,0.4288378582309477,7,7,7,0.6057874800177915,528,0.40364188163884673,7
0.35724331926863573,0.09320208430290222,26307,60886,0.14512299001216888,0.1737966537475586,0.43518519401550293,"llm_attention",0.382130891084671,0.009823549538850784,0.5727127565201964,11,12,11,0.4679539948476226,529,0.5612574599916372,12
0.7016355416346551,0.10499913990497589,135368,60899,0.1909094601869583,0.19101138412952423,0.12637363374233246,"llm_attention",0.34852150082588196,0.004078509286046028,0.3472727722894848,7,7,7,0.678162966698779,530,0.28720968027894334,7
0.7125774371646549,0.21388040482997894,115739,60932,0.12594205141067505,0.14074626564979553,0.18277311325073242,"llm_attention",0.36099374294281006,0.006268688011914492,0.46455840798412795,12,15,14,0.6408907582964688,531,0.27768513638445125,15
0.7093740036135615,0.10336293280124664,94090,61108,0.12634120881557465,0.1685413271188736,0.36153846979141235,"llm_attention",0.27235960960388184,0.002376632299274206,0.27050649113183395,8,8,8,0.7254075114413303,532,0.2859496227016686,8
0.5758177237679489,0.07703373581171036,144089,61171,0.19322429597377777,0.22987203299999237,0.3582608699798584,"llm_attention",0.266747385263443,0.0029228844214230776,0.45,7,7,7,0.5199257362359001,533,0.4204207121987105,7
0.8169061449098135,0.059382785111665726,65420,61268,0.1130562424659729,0.22994975745677948,0.0617760606110096,"llm_attention",0.5094931721687317,0.003678584937006235,0.025546835865753882,4,4,3,0.8388583018995505,534,0.17794252522164475,4
0.6228944309162844,0.1315188705921173,209029,61333,0.13588951528072357,0.1217728704214096,0.25662651658058167,"llm_attention",0.3283372223377228,0.0024610289838165045,0.19772663841879584,12,12,12,0.6309288514034535,535,0.37184314138229624,12
0.4790328372501297,0.12828075885772705,50126,61418,0.19839991629123688,0.2303370237350464,0.26851850748062134,"llm_attention",0.22943253815174103,0.011551523581147194,0.3338439151413035,11,11,10,0.57124252426616,536,0.4440609663647608,11
0.6315024913203271,0.13533130288124084,68839,61471,0.28946682810783386,0.41634348034858704,0.10820895433425903,"llm_attention",0.2391568124294281,0.006114700809121132,0.07561004454606378,3,3,3,0.758637636741779,537,0.34574877612981014,3
0.3794311833417979,0.2212967425584793,19690,61584,0.3139103651046753,0.4392247796058655,0.12643678486347198,"llm_attention",0.14724195003509521,0.03407173976302147,0.19305998854243392,4,4,4,0.5878680989992254,538,0.513864906043677,4
0.7226834154150301,0.029036397114396095,114317,61658,0.09760602563619614,0.11716652661561966,0.41447368264198303,"llm_attention",0.4300469756126404,0.0020977838430553675,0.5505015456438079,12,12,12,0.7247144182115764,539,0.2773165845849699,12
0.5526376266583098,0.08672507107257843,47865,61747,0.3127843141555786,0.5000516176223755,0.078125,"llm_attention",0.11516674607992172,0.009076965041458607,0.16756176154672395,2,2,2,0.5395572990473843,540,0.44736237334169016,2
0.7665561913438789,0.04176488518714905,215131,61960,0.20601123571395874,0.11953245103359222,0.20376914739608765,"llm_attention",0.2363283634185791,0.0023958180099725723,0.4678919177236614,4,4,4,0.7305914935854729,541,0.23344380865612116,4
0.2733458961474037,0.31372198462486267,19104,62025,0.19941771030426025,0.2982889711856842,0.21621622145175934,"llm_attention",0.25401705503463745,0.01970459707081318,0.08493012534216972,6,6,6,0.6879731727818276,542,0.4082914572864322,6
0.5726593582734637,0.18075799942016602,34937,62353,0.287018746137619,0.366016685962677,0.23021583259105682,"llm_attention",0.25244346261024475,0.019871478900313377,0.04855994641661085,6,6,6,0.6812774735288677,543,0.4045853965709706,6
0.09445905151426624,0.3709366023540497,10269,62355,0.23244741559028625,0.3792455494403839,0.1190476194024086,"llm_attention",0.1895906776189804,0.04407263547182083,0.0023658457898698784,4,4,4,0.821802630157067,544,0.3090855974291557,4
0.8495644791044307,-0.05285615473985672,95403,62554,0.1256585717201233,0.2291998714208603,0.2709750533103943,"llm_attention",0.27921414375305176,0.002233712235465646,0.0,2,5,4,0.9219440033067201,545,0.15043552089556933,5
0.7496654515250796,0.09565477818250656,21671,62692,0.13681171834468842,0.32922232151031494,0.06896551698446274,"llm_attention",0.3626135587692261,0.010494372807443142,0.03170506912442397,3,3,3,0.764465365759682,546,0.241520926583914,3
0.5949540929488832,0.05219501629471779,155096,62808,0.14275629818439484,0.1554267853498459,0.2544570565223694,"llm_attention",0.18609008193016052,0.0071741146966814995,0.3300807054965696,14,14,14,0.6755936758204077,547,0.3847681436013824,14
0.644280210708389,0.187079519033432,63595,63047,0.15292760729789734,0.2195359170436859,0.15849056839942932,"llm_attention",0.40544456243515015,0.007806566543877125,0.17133763592962603,7,7,7,0.5582148599955895,548,0.3267709725607359,7
0.5408450704225352,0.2548768222332001,5680,63154,0.3416130542755127,0.5552213191986084,0.1538461595773697,"llm_attention",0.12651200592517853,0.06703276932239532,0.08550613496932516,2,2,2,0.6492633511308648,549,0.35070422535211265,2
0.7150015543351147,0.048350561410188675,135106,63552,0.2486092746257782,0.3162822723388672,0.09756097197532654,"llm_attention",0.1729232668876648,0.0029592635110020638,0.15777171795870665,2,2,2,0.7118352624544648,550,0.28499844566488536,2
0.6274932377454754,0.12856873869895935,45473,63602,0.07372544705867767,0.13624565303325653,0.31550800800323486,"llm_attention",0.4049355685710907,0.00568888196721673,0.14552216777849933,8,8,8,0.6835524166564602,551,0.3513733424229763,8
0.5582558692970442,0.12799470126628876,102951,63740,0.20921368896961212,0.21638135612010956,0.21852731704711914,"llm_attention",0.21086768805980682,0.006469570100307465,0.24152337393904746,10,11,11,0.7110928789913042,552,0.3918271799205447,11
0.9140108153662476,0.0,213585,63965,0.8970595598220825,0.9000320434570312,0.09375,"llm_attention",0.11526447534561157,0.002516714623197913,0.0,1,3,3,0.9140108153662476,553,0.08598918463375237,3
0.7026169706582077,-0.02596384659409523,108446,64084,0.3445260524749756,0.5450652241706848,0.265625,"llm_attention",0.21017372608184814,0.004477349109947681,0.0,2,16,16,0.8487037784178872,554,0.2973830293417922,16
0.5381692718155023,0.11330670118331909,71589,64359,0.30767855048179626,0.3808678090572357,0.2857142984867096,"llm_attention",0.1863783597946167,0.011884413659572601,0.22975016635412257,6,6,6,0.524978448762151,555,0.4590649401444356,6
0.6163649236370993,0.08140833675861359,49435,64462,0.2672972083091736,0.4661670923233032,0.029702970758080482,"llm_attention",0.11331664025783539,0.008747397921979427,0.130872660163459,2,2,2,0.5793315803403482,556,0.3784565591180338,2
0.8858568930341009,0.0,27448,64495,0.09480974078178406,0.48937326669692993,0.0,"llm_attention",nan,inf,0.0,1,1,1,0.8858568930341009,557,0.11414310696589916,1
0.6232272378189265,0.049498122185468674,58595,64499,0.2639690935611725,0.4501292407512665,0.08786610513925552,"llm_attention",0.07840247452259064,0.006212114822119474,0.10585677401820899,2,2,2,0.6481623304577073,558,0.3767727621810735,2
0.6357581405547638,0.028173282742500305,109452,64523,0.06768590211868286,0.08101308345794678,0.4954128563404083,"llm_attention",0.2831023037433624,0.003399980952963233,0.5738079113050895,22,23,19,0.7053194816279755,559,0.3640956766436429,23
0.7348059512948277,0.13577790558338165,56996,64718,0.3613641560077667,0.47625917196273804,0.035242289304733276,"llm_attention",0.2946799397468567,0.006823478266596794,0.0024478994376447238,3,3,3,0.8188412163738867,560,0.24505228437083304,3
0.6515045912532734,0.1272830069065094,147781,64868,0.19779835641384125,0.22305843234062195,0.09181969612836838,"llm_attention",0.13377103209495544,0.005883393809199333,0.08003728082949846,6,6,6,0.6030023774981526,561,0.3413226328147732,6
0.3451757310220021,0.24302053451538086,10499,64898,0.30045026540756226,0.4358018934726715,0.09302325546741486,"llm_attention",0.19615554809570312,0.061061348766088486,0.2554181818181818,4,4,4,0.514580236800392,562,0.5164301362034479,4
0.7091596585916907,0.014424975961446762,127472,65074,0.1880626678466797,0.25708672404289246,0.17716535925865173,"llm_attention",0.246426522731781,0.0028309677727520466,0.01332470194745644,2,2,2,0.8559593000362267,563,0.28696498054474706,2
0.629905989086845,0.44478970766067505,121688,65288,0.1574825793504715,0.13640211522579193,0.2540322542190552,"llm_attention",0.31064748764038086,0.00678577646613121,0.32194244604316546,28,29,27,0.5635033306478439,564,0.30471369403720994,29
0.4323954537449708,0.16083616018295288,73819,65350,0.18234580755233765,0.22666147351264954,0.2666666805744171,"llm_attention",0.22779251635074615,0.009837796911597252,0.35570405727923626,12,12,11,0.6344225181570947,565,0.5285766537070402,12
0.5230087490057947,0.2372378408908844,52806,65455,0.2080456018447876,0.2595866620540619,0.21698112785816193,"llm_attention",0.3113298714160919,0.012788496911525726,0.14268699380657457,10,10,10,0.6760566105730413,566,0.3971329015642162,10
0.8970723912609262,0.0,210274,65485,0.7362675070762634,0.4252476990222931,0.061032865196466446,"llm_attention",0.1275373101234436,0.0020467699505388737,0.0,1,2,2,0.8970723912609262,567,0.10292760873907378,2
0.7121730306674684,0.41158193349838257,53216,65736,0.3646305799484253,0.5203933119773865,0.10000000149011612,"llm_attention",0.24473169445991516,0.008292349055409431,0.049422210615655805,2,3,3,0.7525207479050896,568,0.21328171978352375,3
0.15262698115562212,0.4644348919391632,8013,65798,0.06703740358352661,0.11017307639122009,0.4117647111415863,"llm_attention",0.37130028009414673,0.04574007913470268,0.16818851251840944,16,16,16,0.7695130148710776,569,0.39722950205915386,16
0.3089434865432521,0.23127543926239014,40946,66038,0.23107530176639557,0.2619614005088806,0.2934131622314453,"llm_attention",0.2524573504924774,0.019194185733795166,0.3773678258411083,15,15,15,0.5218919280724229,570,0.4707175304059005,15
0.8630428537087308,0.0,170557,66135,0.5624169111251831,0.28303539752960205,0.0,"llm_attention",nan,inf,0.0,1,1,1,0.8630428537087308,571,0.1369571462912692,1
0.5012141658110465,0.21431510150432587,61359,66231,0.16048236191272736,0.17236006259918213,0.2976190447807312,"llm_attention",0.21085324883460999,0.014577831141650677,0.1808854762293743,18,18,16,0.7297345713864544,572,0.40794341498394693,18
0.8119573148485955,0.0,109640,66523,0.34093669056892395,0.4067190885543823,0.0,"llm_attention",nan,inf,0.0,1,1,1,0.8119573148485955,573,0.1880426851514046,1
0.6694264745091986,0.13099181652069092,142522,66561,0.34991735219955444,0.4182679355144501,0.05892857164144516,"llm_attention",0.08167175948619843,0.003277858719229698,0.004075221802436643,2,2,2,0.6462876801109032,574,0.33057352549080143,2
0.5786132032257033,0.3295985460281372,93871,66635,0.3618520498275757,0.4377501904964447,0.05135134980082512,"llm_attention",0.2116912305355072,0.00595330074429512,0.047274749721913235,4,4,4,0.6962558152708864,575,0.3232521225937723,4
0.4229015477490206,0.23397931456565857,31142,66706,0.20110951364040375,0.2550273835659027,0.27906978130340576,"llm_attention",0.2924622893333435,0.015778910368680954,0.2350322724237703,8,8,8,0.5856233210840238,576,0.4975274548840794,8
0.6901400835586139,0.14752593636512756,203450,66771,0.24493694305419922,0.22262071073055267,0.2078239619731903,"llm_attention",0.18895000219345093,0.005699800327420235,0.22921590710807252,11,11,11,0.6377682935208274,577,0.2849250430081101,11
0.7695471583426198,0.1529030054807663,98710,66817,0.08963167667388916,0.1099567636847496,0.28837209939956665,"llm_attention",0.2377917468547821,0.00394828338176012,0.129901529804818,6,11,11,0.6874478196939342,578,0.22372606625468544,11
0.7446643497347722,0.08021647483110428,136675,66841,0.17101462185382843,0.1797935962677002,0.16777408123016357,"llm_attention",0.2446247637271881,0.0037206565029919147,0.24838099604561867,5,5,5,0.6367554340560454,579,0.24942381562099872,5
0.8931104880638049,0.0,183685,66886,0.6312494277954102,0.32714948058128357,0.0,"llm_attention",nan,inf,0.0,1,1,1,0.8931104880638049,580,0.10688951193619511,1
0.6282701044793255,0.12586311995983124,243876,66926,0.21203169226646423,0.19027018547058105,0.31006160378456116,"llm_attention",0.36515140533447266,0.0022622907999902964,0.2760765972467349,11,11,11,0.5615388320391334,581,0.3692983319391822,11
0.6247206656859552,0.08752205967903137,89051,67180,0.32708585262298584,0.4669441878795624,0.039436619728803635,"llm_attention",0.1315426528453827,0.004795909859240055,0.04243095245219785,2,2,2,0.6447103811027621,582,0.37527933431404475,2
0.4304282317062102,0.1531616598367691,55087,67213,0.18529459834098816,0.22175972163677216,0.38528138399124146,"llm_attention",0.26355400681495667,0.012736033648252487,0.4126721060683325,8,10,10,0.4738785667396721,583,0.5076515330295714,10
0.39345572909231075,0.24693486094474792,35023,67310,0.22842955589294434,0.305819034576416,0.25531914830207825,"llm_attention",0.21868525445461273,0.01683615706861019,0.26775879113119616,6,6,5,0.5264054301856124,584,0.4995574336864346,6
0.771175875614518,0.014593392610549927,170052,67315,0.18558114767074585,0.28460922837257385,0.11982570588588715,"llm_attention",0.25259929895401,0.002345344750210643,0.06255139802631579,3,4,4,0.8108546552316579,585,0.22882412438548208,4
0.12003142183817753,0.4214222729206085,6365,67406,0.2796473801136017,0.41827791929244995,0.40740740299224854,"llm_attention",0.2561526298522949,0.06858310103416443,0.20371362256739867,4,4,4,0.7163849059328439,586,0.35506677140612725,4
0.7436904904187084,0.1310187578201294,200808,67534,0.6257128715515137,0.6419854164123535,0.03125,"llm_attention",0.14018020033836365,0.0024705990217626095,0.010550039829800462,2,3,3,0.7837431184476199,587,0.23773953228955022,3
0.2559283459364217,0.35626256465911865,27242,67616,0.13644878566265106,0.13484355807304382,0.2735042870044708,"llm_attention",0.2987019717693329,0.03184914588928223,0.3407005426739023,32,35,27,0.6947973027587031,588,0.473937302694369,35
0.7886800135731252,-2.8298165943851927e-07,73675,67896,0.22220012545585632,0.4856226146221161,0.0,"llm_attention",nan,inf,0.0,1,1,1,0.7886800135731252,589,0.2113199864268748,1
0.5866472770662043,0.14732645452022552,53637,68078,0.17586472630500793,0.3028392493724823,0.19907407462596893,"llm_attention",0.2288823127746582,0.01051962561905384,0.16503540661224123,4,4,4,0.6606789184404108,590,0.39782239871730335,4
0.6384418763725385,0.1729559451341629,166662,68093,0.31548503041267395,0.2826872169971466,0.276946097612381,"llm_attention",0.19296975433826447,0.0036148028448224068,0.22023631716950445,5,5,5,0.6015143494806717,591,0.33977751377038556,5
0.8159759680015933,0.0,180759,68286,0.5629709362983704,0.2821396291255951,0.0,"llm_attention",nan,inf,0.0,1,1,1,0.8159759680015933,592,0.18402403199840672,1
0.27763574385196005,0.22676779329776764,16428,68387,0.22539272904396057,0.34554317593574524,0.3529411852359772,"llm_attention",0.2353929728269577,0.02629651129245758,0.31423274627117215,5,6,6,0.6245739383029426,593,0.5569150231312393,6
0.7556967130469853,0.031068794429302216,228114,68409,0.1238284781575203,0.09698925912380219,0.43449780344963074,"llm_attention",0.26161274313926697,0.00263799331150949,0.4742234743131942,6,9,9,0.7173968714692788,594,0.24430328695301473,9
0.5955900638280236,0.19360944628715515,36191,68628,0.37910768389701843,0.5518439412117004,0.03401360660791397,"llm_attention",0.1163516417145729,0.011798367835581303,0.042907898332877836,2,2,2,0.6307149126420274,595,0.36735652510292616,2
0.7181170292573144,0.10277049243450165,122636,68765,0.3005862832069397,0.36062905192375183,0.1326315850019455,"llm_attention",0.14053887128829956,0.003568388754501939,0.13517891752726433,2,2,2,0.6314692386793275,596,0.2781483414331844,2
0.3799406276505513,0.40088802576065063,23580,68833,0.24072200059890747,0.2932491898536682,0.2210526317358017,"llm_attention",0.21892698109149933,0.023593058809638023,0.15990698310649065,8,8,8,0.6911702835475425,597,0.4443172179813401,8
0.6699067681116255,0.06781136989593506,110799,68933,0.2112659215927124,0.32562369108200073,0.22297297418117523,"llm_attention",0.23933616280555725,0.004063435830175877,0.35087767266364084,3,3,3,0.6331993880353651,598,0.3300932318883744,3
0.4706089209698316,0.0559253953397274,54030,69106,0.21452726423740387,0.33507445454597473,0.2690582871437073,"llm_attention",0.2533184289932251,0.007769328076392412,0.413488095654302,4,4,4,0.5044253745263537,599,0.5265778271330742,4
0.7702293730577936,0.21389086544513702,123249,69138,0.36809277534484863,0.3860985338687897,0.11340206116437912,"llm_attention",0.1259562075138092,0.0035934499464929104,0.0664218369292701,2,2,2,0.6788524266081915,600,0.22977062694220643,2
0.6877966047285549,0.18006061017513275,186907,69213,0.23992203176021576,0.20037886500358582,0.1541609764099121,"llm_attention",0.17758913338184357,0.004474721383303404,0.4015560468185012,6,6,6,0.6385672813783093,601,0.2857249862230949,6
0.5709053250382644,0.08613582700490952,131323,69224,0.19855757057666779,0.20573079586029053,0.13001911342144012,"llm_attention",0.21316805481910706,0.006924699991941452,0.31093167701863356,10,11,11,0.7690318691874805,602,0.3893301249590704,11
0.5425731892704775,0.15938475728034973,61177,69356,0.1402713507413864,0.16377823054790497,0.29718875885009766,"llm_attention",0.3300296664237976,0.006821120157837868,0.3879359634076615,17,19,17,0.7160553084698211,603,0.3982378998643281,19
0.7333036367685896,-0.00795956701040268,31429,69795,0.13126598298549652,0.3565131723880768,0.11737088859081268,"llm_attention",0.32087230682373047,0.006252993363887072,0.012168933428775949,2,2,2,0.7788850068055828,604,0.2666963632314105,2
0.8106029768330885,-0.003982122987508774,113006,70048,0.2447327971458435,0.3962401747703552,0.2823529541492462,"llm_attention",0.23784315586090088,0.002386853564530611,0.007709199644909592,3,6,6,0.8274693434200233,605,0.18939702316691148,6
0.6725733122556768,0.10579659044742584,163206,70158,0.24522776901721954,0.30032622814178467,0.15909090638160706,"llm_attention",0.13893425464630127,0.0031953139696270227,0.18155619596541786,3,3,3,0.64411228279699,606,0.32742668774432315,3
0.7225042000373336,0.09519486874341965,112499,70229,0.1856863796710968,0.26066508889198303,0.20261438190937042,"llm_attention",0.23776113986968994,0.004329282324761152,0.15795374463450573,4,4,4,0.7456032232519465,607,0.2670334847420866,4
0.5984642176743533,0.23489390313625336,85559,70254,0.14867381751537323,0.17680509388446808,0.2373887300491333,"llm_attention",0.2640179991722107,0.006515410728752613,0.2711395721146849,14,14,14,0.5551593068391407,608,0.38347806776610294,14
0.8452508240768953,0.07714572548866272,180505,70739,0.21424144506454468,0.1472298800945282,0.17671233415603638,"llm_attention",0.20173335075378418,0.0032888243440538645,0.41685461640353705,4,4,4,0.7326424603529685,609,0.15334201268662917,4
0.7537613022098032,0.11151967197656631,81953,70774,0.08690761029720306,0.12536299228668213,0.28143712878227234,"llm_attention",0.321885883808136,0.003619391703978181,0.1852824578790882,11,11,11,0.9006186171301674,610,0.23827071614217907,11
0.8922267075232133,0.0,129559,71226,0.7256497144699097,0.7485471963882446,0.2569832503795624,"llm_attention",0.18850570917129517,0.0030007041059434414,0.0,1,5,5,0.8922267075232133,611,0.10777329247678664,5
0.8581773401607208,0.0,190019,71451,0.6220674514770508,0.3110438287258148,0.0,"llm_attention",nan,inf,0.0,1,1,1,0.8581773401607208,612,0.14182265983927922,1
0.571255193016851,0.09735900163650513,42846,71711,0.11510592699050903,0.1915157586336136,0.22033898532390594,"llm_attention",0.26641136407852173,0.010117428377270699,0.3044637996733805,8,8,8,0.7216911896712075,613,0.40022405825514634,8
0.6763718320224461,0.11114931851625443,65223,71756,0.30081772804260254,0.471272349357605,0.12643678486347198,"llm_attention",0.12146309018135071,0.0065595172345638275,0.06239340534394543,2,2,2,0.6653402283282301,614,0.32362816797755395,2
0.638079524830886,0.199811652302742,30305,71877,0.1839221566915512,0.3586842119693756,0.08403361588716507,"llm_attention",0.14583179354667664,0.013956790789961815,0.09235959153902261,3,3,3,0.7176347015481293,615,0.3284606500577463,3
0.832112875171751,0.13741488754749298,251818,71938,0.5063018202781677,0.4035837650299072,0.13333334028720856,"llm_attention",0.15430143475532532,0.002400780562311411,0.18549092887385576,3,3,3,0.8005264473818393,616,0.14616111636181686,3
0.7194615301607856,0.20434792339801788,74136,72281,0.32369720935821533,0.4721949100494385,0.02380952425301075,"llm_attention",0.11552785336971283,0.005973409861326218,0.026829502836811233,2,2,2,0.6364868666222325,617,0.2765997625984677,2
0.6423313390863225,0.11555088311433792,36271,72795,0.08527577668428421,0.12704822421073914,0.4285714328289032,"llm_attention",0.3291201591491699,0.013508718460798264,0.40530332228474525,13,13,13,0.7416095518238252,618,0.29811695293760854,13
0.720909944973829,0.08894864469766617,134118,72813,0.28488656878471375,0.3494737148284912,0.09867172688245773,"llm_attention",0.11844557523727417,0.004676226992160082,0.0014159386604685954,3,3,3,0.6991477540893922,619,0.27909005502617096,3
0.22652812880277076,0.21215440332889557,10683,72852,0.22478866577148438,0.3316844701766968,0.40816327929496765,"llm_attention",0.26163482666015625,0.036253780126571655,0.13300254144983661,4,4,4,0.6515421687858117,620,0.5511560423102125,4
0.7539221793549671,0.06219622120261192,191029,73118,0.3373314142227173,0.24785177409648895,0.1288180649280548,"llm_attention",0.13518670201301575,0.002296256134286523,0.17850153165418653,2,2,2,0.7379074842832327,621,0.24607782064503295,2
0.7616576136991347,0.0,86896,73153,0.2546360492706299,0.4351438283920288,0.09510086476802826,"llm_attention",0.10401693731546402,0.00509985676035285,0.0,1,2,2,0.7616576136991347,622,0.2383423863008654,2
0.7213533277882216,0.0,207991,73326,0.6075521111488342,0.41789716482162476,0.38818076252937317,"llm_attention",0.34343957901000977,0.002181781455874443,0.0,1,13,13,0.7213533277882216,623,0.2786466722117784,13
0.8125034400972735,0.0006159060285426676,199849,73533,0.339651495218277,0.18860916793346405,0.06359102576971054,"llm_attention",0.22361809015274048,0.0025234019849449396,0.3774118651757359,2,4,4,0.8128599514464931,624,0.18749655990272657,4
0.7218296192687088,0.049617066979408264,136553,73702,0.15912993252277374,0.16870982944965363,0.19523100554943085,"llm_attention",0.15930570662021637,0.006046431604772806,0.10053968671844149,6,6,6,0.8614445803497226,625,0.2547875183994493,6
0.6605911631512382,0.06920715421438217,196088,73946,0.2358633279800415,0.2151508331298828,0.16374999284744263,"llm_attention",0.2088974565267563,0.00299289938993752,0.2945427772936262,5,5,5,0.658016951460301,626,0.32857186569295416,5
0.4203580067731011,0.2088719755411148,51675,74058,0.18161839246749878,0.18557441234588623,0.291304349899292,"llm_attention",0.2335118055343628,0.019707290455698967,0.2935599105264915,22,22,22,0.6556894118755087,627,0.46651185292694725,22
0.46973803071364045,0.34947502613067627,30996,74092,0.15480278432369232,0.19389747083187103,0.3203125,"llm_attention",0.4248840808868408,0.01946413144469261,0.33834266244828426,15,15,15,0.6919387536952338,628,0.400471028519809,15
0.6856423673540243,0.14258067309856415,80647,74200,0.08713848143815994,0.14040431380271912,0.29523810744285583,"llm_attention",0.2793501019477844,0.0051229167729616165,0.22562322499211107,8,8,8,0.7375404317535694,629,0.30359467804134066,8
0.5633830160873287,0.24472831189632416,113319,74209,0.2018047571182251,0.20205888152122498,0.24944812059402466,"llm_attention",0.21915894746780396,0.009089957922697067,0.31677345029003373,16,21,21,0.6961495501628369,630,0.3776418782375418,21
0.6837092955070108,0.11468993127346039,134721,74256,0.16745774447917938,0.17177030444145203,0.22822822630405426,"llm_attention",0.1696884036064148,0.005757461301982403,0.3819905658163385,9,11,11,0.6939530794603438,631,0.2816561634785965,11
0.4169570267131243,0.1667325347661972,10332,74457,0.3677234649658203,0.570039689540863,0.09302325546741486,"llm_attention",0.1258465051651001,0.03982822224497795,0.14392430278884463,2,2,2,0.549143133237656,632,0.45925280681378244,2
0.15811567164179105,0.8097284436225891,2144,74646,0.13921494781970978,0.19377771019935608,0.6666666865348816,"llm_attention",0.42689943313598633,0.15126310288906097,0.07922437673130193,12,12,8,0.9234889145996713,633,0.1044776119402985,12
0.6574267122728655,0.3837601840496063,134777,74733,0.18373027443885803,0.19920900464057922,0.3580246865749359,"llm_attention",0.21808552742004395,0.0038918033242225647,0.25879881310779496,13,19,19,0.6085917324381696,634,0.2760931019387581,19
0.5338927494427691,0.2100840061903,7627,74860,0.2851240634918213,0.5142019391059875,0.06666667014360428,"llm_attention",0.10078230500221252,0.057628605514764786,0.10154711673699016,2,2,2,0.6100826473719049,635,0.3857348892093877,2
0.6605710619185113,0.038379181176424026,37404,75393,0.15343017876148224,0.27540820837020874,0.32258063554763794,"llm_attention",0.3439216613769531,0.008615023456513882,0.20707309388783868,4,4,4,0.678782849790766,636,0.3394289380814886,4
0.8274774118838107,0.0,144213,75456,0.45865729451179504,0.3294835090637207,0.0,"llm_attention",nan,inf,0.0,1,1,1,0.8274774118838107,637,0.17252258811618926,1
0.5167825201931614,0.17209656536579132,92358,75612,0.12609156966209412,0.14041990041732788,0.3115183115005493,"llm_attention",0.3036547601222992,0.005391164682805538,0.5180488023482489,19,19,18,0.6196655064265766,638,0.45822776586760217,19
0.10107421875,0.0,2048,76211,0.5308535099029541,0.7623015642166138,0.0,"llm_attention",nan,inf,0.0,1,1,1,0.89892578125,639,0.10107421875,1
0.5277777777777778,0.4432395398616791,1080,76261,0.19757682085037231,0.46211326122283936,0.125,"llm_attention",0.11781157553195953,0.2197301983833313,0.0,2,2,2,0.7469787234042553,640,0.2675925925925926,2
0.6912092527380221,0.02697218954563141,92859,76416,0.07302332669496536,0.1553829461336136,0.203125,"llm_attention",0.21608659625053406,0.0051340386271476746,0.022459370858617562,4,6,6,0.7392932876285394,641,0.3044831411064086,6
0.5406594218969468,0.21016356348991394,27054,76417,0.29539501667022705,0.3588031232357025,0.2760290503501892,"llm_attention",0.39142048358917236,0.0033226029481738806,0.007483704836243663,4,4,4,0.6485893523979228,642,0.4322466178753604,4
0.3085496297404443,0.2127009928226471,26738,76468,0.11256026476621628,0.12181047350168228,0.4000000059604645,"llm_attention",0.32806292176246643,0.019123008474707603,0.3899286023366508,24,24,20,0.7014200504463973,643,0.4565786521056175,24
0.5163868075302518,0.1418171226978302,96358,76547,0.19051559269428253,0.21816162765026093,0.2195121943950653,"llm_attention",0.22231459617614746,0.013067594729363918,0.28354077253218885,11,13,13,0.6319132547490663,644,0.4130430270449781,13
0.6298385078821243,0.23496417701244354,103906,76625,0.1899375021457672,0.2234824001789093,0.28883495926856995,"llm_attention",0.31599751114845276,0.004040832165628672,0.15732411211065467,7,7,7,0.7067197596226489,645,0.32287837083517795,7
0.917818039624609,0.0,199472,76731,0.7156219482421875,0.39772748947143555,0.0,"llm_attention",nan,inf,0.0,1,1,1,0.917818039624609,646,0.08218196037539104,1
0.46411574338473255,0.23669010400772095,84048,77396,0.22509676218032837,0.2718500792980194,0.19062499701976776,"llm_attention",0.19312654435634613,0.006433072499930859,0.17984014209591473,8,8,8,0.5208211534211902,647,0.47017180658671237,8
0.1468189233278956,0.7885013818740845,613,77460,0.04012836515903473,0.10331324487924576,1.0,"llm_attention",0.5030565857887268,0.0025934490840882063,0.1338432122370937,13,13,8,0.9456184840800226,648,0.037520391517128875,13
0.8047906894117985,0.02338407002389431,208279,77595,0.2442442625761032,0.17193444073200226,0.1419975906610489,"llm_attention",0.15626057982444763,0.0027918305713683367,0.1524915145850755,3,3,3,0.8068702802155515,649,0.1952093105882014,3
0.28598993866721795,-0.00040085293585434556,14511,78032,0.26098060607910156,0.47231122851371765,0.10000000149011612,"llm_attention",0.2989794611930847,0.0231893640011549,0.4135701187144098,2,2,2,0.4472798866316834,650,0.5585417958789883,2
0.8711511318537024,0.0,203339,78170,0.8284491896629333,0.8245638608932495,0.12537917494773865,"llm_attention",0.17013782262802124,0.005084190052002668,0.0,1,10,10,0.8711511318537024,651,0.12884886814629756,10
0.5196119340705195,0.544299840927124,9586,78266,0.0670861005783081,0.09494881331920624,0.25,"llm_attention",0.27588504552841187,0.021966345608234406,0.22844733984799132,15,15,11,0.6996737846553067,652,0.3321510536198623,15
0.7650598316409346,0.05742514878511429,132455,78404,0.17751610279083252,0.1701369434595108,0.302180677652359,"llm_attention",0.2129623144865036,0.0029488098807632923,0.33969600565570873,6,6,6,0.7381322186105205,653,0.22853044430183836,6
0.7262828085674662,0.07063610851764679,194690,78420,0.3009543716907501,0.23794201016426086,0.1019354835152626,"llm_attention",0.15053197741508484,0.0029649215284734964,0.1447551135297429,3,3,3,0.6838248738692917,654,0.26917150341568646,3
0.7303164644149729,0.06623897701501846,159702,78426,0.2597557306289673,0.26386576890945435,0.1402157098054886,"llm_attention",0.3547089993953705,0.0016143594402819872,0.09902714249227983,3,3,3,0.7344619626256242,655,0.2696835355850271,3
0.160330219422116,0.3654407262802124,13809,78565,0.11731256544589996,0.13375364243984222,0.4237288236618042,"llm_attention",0.37955254316329956,0.03832545503973961,0.3411815437688659,21,22,16,0.7485738264336016,656,0.3997393004562242,22
0.48433074256191794,0.16899864375591278,88262,78748,0.1500651091337204,0.16873864829540253,0.2983425557613373,"llm_attention",0.2939780354499817,0.008554221130907536,0.4972975348244496,15,15,15,0.5687456140805992,657,0.46107044934399855,15
0.6829232995658466,0.1978088766336441,138200,78823,0.3210289478302002,0.3388366103172302,0.20370370149612427,"llm_attention",0.19853489100933075,0.00504447054117918,0.22720219078046555,4,4,4,0.5959620595626102,658,0.3119971056439942,4
0.8878838269445798,0.0030921539291739464,209274,78843,0.27749162912368774,0.17016035318374634,0.1007108986377716,"llm_attention",0.19140362739562988,0.00258357310667634,0.12764778587563397,3,3,3,0.7597443206033908,659,0.11211617305542017,3
0.40418574231523874,0.4568478465080261,13761,78915,0.19084492325782776,0.26141592860221863,0.21052631735801697,"llm_attention",0.3270270526409149,0.03651808574795723,0.22685693377241126,8,8,8,0.6571799364146268,660,0.3475764842671317,8
0.5084069383845908,0.08680853992700577,18794,78959,0.12230031192302704,0.21711821854114532,0.4000000059604645,"llm_attention",0.4339897036552429,0.009258914738893509,0.41833531767507304,7,7,6,0.6511745069590619,661,0.4519527508779398,7
0.6255030885583288,0.0,135662,79014,0.4000028371810913,0.35705679655075073,0.03913043439388275,"llm_attention",0.13904422521591187,0.0022146415431052446,0.0,1,2,2,0.6255030885583288,662,0.3744969114416712,2
0.706725088617566,0.07788941264152527,101560,79031,0.27132362127304077,0.4081284999847412,0.06280193477869034,"llm_attention",0.10902658104896545,0.00429185526445508,0.03169380560684908,2,2,2,0.713471288235612,663,0.29327491138243406,2
0.5050438699385351,0.028447583317756653,21313,79034,0.07671354711055756,0.21778808534145355,0.1875,"llm_attention",0.44179821014404297,0.011057068593800068,0.04322684614655418,5,5,4,0.8909849685308917,664,0.4740299347815887,5
0.6010509633831012,0.06321433931589127,23978,79144,0.2550489902496338,0.4796597957611084,0.15789473056793213,"llm_attention",0.40903347730636597,0.011948253028094769,0.2147187957348944,2,2,2,0.6036072210011381,665,0.39894903661689884,2
0.768907227206426,0.0,100094,79188,0.29359278082847595,0.4545381963253021,0.0,"llm_attention",nan,inf,0.0,1,1,1,0.768907227206426,666,0.23109277279357404,1
0.5315753157531575,0.23434409499168396,33333,79229,0.35746118426322937,0.49576693773269653,0.12781955301761627,"llm_attention",0.11921339482069016,0.019168520346283913,0.1710644293582682,3,3,3,0.6160877361067149,667,0.3845438454384544,3
0.8311665601775566,0.0,148685,79408,0.47144049406051636,0.3237215578556061,0.0,"llm_attention",nan,inf,0.0,1,1,1,0.8311665601775566,668,0.16883343982244342,1
0.5712540192926046,0.1325199455022812,31100,79565,0.3744194507598877,0.55825275182724,0.0476190485060215,"llm_attention",0.08300752937793732,0.01454194262623787,0.048822558872056394,2,2,2,0.5920191873943661,669,0.4287459807073955,2
0.052083333333333336,0.6927958130836487,2976,79588,0.23501865565776825,0.3018714487552643,0.1538461595773697,"llm_attention",0.3817518353462219,0.0712452307343483,0.250265863169089,6,6,5,0.8381742574855342,670,0.14986559139784947,6
0.6040747278611356,0.06018618121743202,149556,79651,0.19153934717178345,0.23851217329502106,0.3244592249393463,"llm_attention",0.28610071539878845,0.004092311020940542,0.44064647965818315,5,5,5,0.589033140343924,671,0.39294979806895075,5
0.34026758739749674,0.24124328792095184,11585,79837,0.20577646791934967,0.2670154869556427,0.31111112236976624,"llm_attention",0.3356286883354187,0.033448390662670135,0.17885646997252388,8,8,8,0.7374590057549636,672,0.4904618040569702,8
0.39928725002208937,0.37030109763145447,33953,79969,0.09456866979598999,0.117043636739254,0.26530611515045166,"llm_attention",0.3737246096134186,0.010744310915470123,0.3075603059423416,18,18,14,0.6910608287276876,673,0.41583954289753483,18
0.5806213017751479,0.24643543362617493,33800,80022,0.3518926799297333,0.5391345024108887,0.1310344785451889,"llm_attention",0.24295227229595184,0.012521179392933846,0.08931216931216931,2,3,3,0.5334513674977243,674,0.38754437869822483,3
0.7386911726932847,0.0,70078,80057,0.2298019677400589,0.48904794454574585,0.0,"llm_attention",nan,inf,0.0,1,1,1,0.7386911726932847,675,0.2613088273067154,1
0.5352345099657067,0.2575448453426361,38783,80153,0.3768153488636017,0.504023015499115,0.06451612710952759,"llm_attention",0.13843315839767456,0.015714921057224274,0.018807212205270457,3,3,3,0.5622234436982031,676,0.4227367661088621,3
0.6073831524176908,0.08456511795520782,66882,80273,0.3312300443649292,0.49436721205711365,0.025830257683992386,"llm_attention",0.09229351580142975,0.006662500556558371,0.07509806161696941,2,2,2,0.6121657146701182,677,0.39261684758230914,2
0.5292756603894851,0.03372197970747948,77795,80274,0.27016276121139526,0.45137307047843933,0.08280254900455475,"llm_attention",0.16914306581020355,0.005281055346131325,0.32176406335335883,2,2,2,0.5282126965241183,678,0.4707243396105148,2
0.5574326130422231,0.13110508024692535,93527,80340,0.19623500108718872,0.2374209314584732,0.32258063554763794,"llm_attention",0.25828292965888977,0.005450316704809666,0.45187475840742175,8,10,10,0.6210393527521433,679,0.39352272605771593,10
0.6871151334204143,0.0,21436,80413,0.25879764556884766,0.5917985439300537,0.0,"llm_attention",nan,inf,0.0,1,1,1,0.6871151334204143,680,0.31288486657958575,1
0.6135418184172615,0.1245824322104454,123558,80659,0.2289542406797409,0.24700945615768433,0.33805668354034424,"llm_attention",0.19159139692783356,0.0051211463287472725,0.39830366492146596,7,7,7,0.5961582552800149,681,0.36582819404652067,7
0.7708574942892286,0.051054444164037704,113820,80666,0.21593394875526428,0.30473455786705017,0.18961624801158905,"llm_attention",0.634160578250885,0.001573515241034329,0.3459223189294889,2,2,2,0.7538781261129937,682,0.22914250571077138,2
0.5652681196621085,0.02181035652756691,42854,80671,0.22087499499320984,0.4412440359592438,0.0833333358168602,"llm_attention",0.13596247136592865,0.010128743946552277,0.06650563607085347,2,2,2,0.5898234599457708,683,0.43473188033789145,2
0.7648434600544791,0.18379415571689606,142807,80932,0.15007533133029938,0.13840387761592865,0.28943338990211487,"llm_attention",0.1964588612318039,0.002209909725934267,0.27345006253350007,9,10,10,0.6705513970017332,684,0.22476489247725953,10
0.7919985379247031,0.036207593977451324,235282,80949,0.26506853103637695,0.17457498610019684,0.22151224315166473,"llm_attention",0.42692965269088745,0.001033282489515841,0.08727190992868673,3,3,3,0.8109219512816761,685,0.20800146207529688,3
0.6541776012483155,0.10701838880777359,112792,81061,0.2528126537799835,0.3431969881057739,0.1785714328289032,"llm_attention",0.41360506415367126,0.0031015616841614246,0.2714197815720658,3,3,3,0.6129847849560265,686,0.3401305057096248,3
0.8260031306074141,0.06328558176755905,157158,81394,0.2052769660949707,0.17200936377048492,0.09354838728904724,"llm_attention",0.37839803099632263,0.002167906379327178,0.042969464253062715,4,4,4,0.7268682749646418,687,0.16973364384886547,4
0.5368800973100162,0.16190527379512787,50149,81594,0.2887638509273529,0.432138592004776,0.0731707289814949,"llm_attention",0.11618019640445709,0.012329654768109322,0.06652314316469322,3,3,3,0.6079670174553267,688,0.46038804362998265,3
0.7840013276906481,0.03549249842762947,144612,81738,0.27554720640182495,0.27867263555526733,0.23294508457183838,"llm_attention",0.16159629821777344,0.0042653498239815235,0.07616212063004225,4,4,4,0.8370369259602961,689,0.20585428595137334,4
0.5700914827450863,0.24844159185886383,66242,81766,0.3938739001750946,0.5011264085769653,0.09505703300237656,"llm_attention",0.15157847106456757,0.008600863628089428,0.05776388791347707,3,3,3,0.5942644941960942,690,0.3878355122127955,3
0.415,0.2193695455789566,46600,81988,0.31524956226348877,0.3561010956764221,0.2410256415605545,"llm_attention",0.22606679797172546,0.014940139837563038,0.3168262352811709,9,9,9,0.5640596199242025,691,0.474206008583691,9
0.7532805182299646,0.04224923253059387,114235,82085,0.09828265011310577,0.1446889042854309,0.2844827473163605,"llm_attention",0.39396917819976807,0.003315717214718461,0.03413284132841329,3,9,9,0.7685276577792911,692,0.24222873900293254,9
0.8599586859465582,0.0,225105,82180,0.7977129220962524,0.6582857370376587,0.0771637111902237,"llm_attention",0.15171822905540466,0.0025121886283159256,0.0,1,3,3,0.8599586859465582,693,0.14004131405344172,3
0.7910119621228296,0.05530920624732971,173297,82688,0.19517017900943756,0.1755570024251938,0.22910663485527039,"llm_attention",0.24889126420021057,0.0019399950979277492,0.14774829499958583,5,5,5,0.7512101239838722,694,0.2066971730612763,5
0.5568874298507163,0.11249702423810959,99609,82696,0.149477019906044,0.1777411252260208,0.3483412265777588,"llm_attention",0.34894171357154846,0.003989658318459988,0.5236757442566496,11,11,11,0.526448959229396,695,0.4112078225863125,11
0.44700965270176135,0.31780949234962463,10049,82715,0.4277811050415039,0.6097283959388733,0.0714285746216774,"llm_attention",0.12873655557632446,0.04118577763438225,0.0455281626777038,2,2,2,0.6415917320682298,696,0.35744850233854114,2
0.8123663006274957,0.0,112192,82765,0.38477060198783875,0.34151744842529297,0.12777778506278992,"llm_attention",0.41972652077674866,0.002148272702470422,0.0,1,2,2,0.8123663006274957,697,0.18763369937250426,2
0.7451001773823025,0.09762199968099594,137556,82807,0.23567800223827362,0.2886432111263275,0.17777778208255768,"llm_attention",0.2912059426307678,0.00309408619068563,0.08772780423808574,4,4,4,0.6972676593130294,698,0.2548998226176975,4
0.5011413462959617,0.27739906311035156,60893,82812,0.17486326396465302,0.1929091066122055,0.3223443329334259,"llm_attention",0.26876160502433777,0.015973685309290886,0.34397735128551205,21,21,20,0.5916300041258924,699,0.416878787381144,21
0.17077909461822421,0.33210304379463196,10294,82821,0.15731215476989746,0.1934049278497696,0.3199999928474426,"llm_attention",0.4761824905872345,0.01856999471783638,0.3337628865979381,17,17,16,0.7001120539879224,700,0.41927336312415,17
0.8598188960851826,0.0,131858,82846,0.43330898880958557,0.33615952730178833,0.0,"llm_attention",nan,inf,0.0,1,1,1,0.8598188960851826,701,0.14018110391481745,1
0.5973640856672158,0.1332177221775055,18210,82986,0.2657500207424164,0.4017323851585388,0.1111111119389534,"llm_attention",0.22826150059700012,0.01799880526959896,0.16243862520458266,4,4,4,0.7477117125638262,702,0.3415705656232839,4
0.45304257528556596,0.1949268877506256,24075,83113,0.4495725631713867,0.6169959306716919,0.009900989942252636,"llm_attention",0.09805282205343246,0.01784776896238327,0.09485115431348724,2,2,2,0.5439527231395656,703,0.4893042575285566,2
0.31429753776122493,0.20725782215595245,9666,83172,0.21202807128429413,0.33130890130996704,0.20512820780277252,"llm_attention",0.19635224342346191,0.07798867672681808,0.3076342788171394,5,5,5,0.6773600444781007,704,0.45747982619491,5
0.4988933354199736,0.030311791226267815,44729,83531,0.09498000144958496,0.12460638582706451,0.5081967115402222,"llm_attention",0.37171629071235657,0.003288619453087449,0.6694030516641385,13,13,12,0.5073395967406755,705,0.5002347470321268,13
0.5431905507328875,0.19230911135673523,7027,83540,0.21075868606567383,0.45933735370635986,0.11538461595773697,"llm_attention",0.1162601038813591,0.05454140529036522,0.03302180685358255,2,2,2,0.6955670473919171,706,0.40031307812722355,2
0.3586014215867538,0.17035265266895294,24339,84031,0.1170763298869133,0.17132402956485748,0.3636363744735718,"llm_attention",0.32124844193458557,0.014799373224377632,0.3967074498750881,11,11,11,0.7664148077278053,707,0.5114014544558116,11
0.6205119501319221,0.22437870502471924,64811,84170,0.34443390369415283,0.4540617763996124,0.2775665521621704,"llm_attention",0.27829185128211975,0.008427802473306656,0.11953649115673917,3,6,6,0.6483415425414548,708,0.33142522102729477,6
0.6508063367464827,0.16949968039989471,126374,84241,0.12210071831941605,0.12603141367435455,0.20498085021972656,"llm_attention",0.1975400149822235,0.007752184756100178,0.24099798318566024,11,14,14,0.6961175947825388,709,0.3209283555161663,14
0.3139835198622556,0.19182315468788147,16262,84270,0.13920068740844727,0.1557021588087082,0.38461539149284363,"llm_attention",0.25946664810180664,0.0412675105035305,0.3758515596988168,23,23,19,0.7060776040116323,710,0.471774689460091,23
0.6218900378826662,0.110030397772789,78136,84362,0.1797146499156952,0.20445400476455688,0.39005735516548157,"llm_attention",0.19691628217697144,0.005732573568820953,0.1785810993772001,8,8,8,0.6004836840847101,711,0.36168987406573155,8
0.7857056319014157,0.15022125840187073,115556,84431,0.3224879503250122,0.36960649490356445,0.054466232657432556,"llm_attention",0.1865280419588089,0.0035085745621472597,0.011387957840326294,2,2,2,0.7173590347191805,712,0.21429436809858424,2
0.5729597411039042,0.24032793939113617,72307,84477,0.20107556879520416,0.34967347979545593,0.18118466436862946,"llm_attention",0.35993123054504395,0.0036370297893881798,0.025811257205777576,3,3,3,0.6782196340245376,713,0.4270402588960958,3
0.46464419475655433,0.3063514828681946,40050,84492,0.28289657831192017,0.3468013405799866,0.07878787815570831,"llm_attention",0.2289324253797531,0.01992511749267578,0.10582528799962689,7,7,7,0.7122822312709689,714,0.3988514357053683,7
0.6078246779697839,0.07106407731771469,110471,84650,0.12404368817806244,0.17579317092895508,0.2530364394187927,"llm_attention",0.23987630009651184,0.005720570217818022,0.2237558858831133,7,7,7,0.6072445628396445,715,0.3921753220302161,7
0.8523151289009498,0.066346175968647,70752,84664,0.07023053616285324,0.16474778950214386,0.3252595067024231,"llm_attention",0.38152647018432617,0.00045507116010412574,0.13896066609244903,4,4,4,0.8302013411023538,716,0.14649762550881953,4
0.737695684922676,0.05647968873381615,147367,84674,0.14485500752925873,0.14314298331737518,0.21906355023384094,"llm_attention",0.18799148499965668,0.004975167568773031,0.44532402017850214,7,9,9,0.6807187470630935,717,0.2415534006935067,9
0.7167435481860117,0.1559034138917923,56147,84752,0.11027435958385468,0.14563733339309692,0.3612334728240967,"llm_attention",0.37561607360839844,0.008014717139303684,0.12015845070422536,10,10,9,0.7455475971706472,718,0.2559175022708248,10
0.7364303277855677,0.02416525036096573,196836,85089,0.11655627191066742,0.0975881963968277,0.35207822918891907,"llm_attention",0.22982284426689148,0.0031212475150823593,0.5422706245181187,7,7,7,0.7335392311050343,719,0.26356967221443234,7
0.6436541510880186,0.13129226863384247,170907,85157,0.148615300655365,0.15135334432125092,0.30629369616508484,"llm_attention",0.20787735283374786,0.006862629670649767,0.2693343404157499,14,19,19,0.7018852921720168,720,0.3235502349230868,19
0.8700024628519826,0.0,170534,85195,0.6869290471076965,0.5685054659843445,0.2680288553237915,"llm_attention",0.356416791677475,0.0014069227036088705,0.0,1,3,3,0.8700024628519826,721,0.1299975371480174,3
0.8884530043489838,0.0,112670,85329,0.3895474076271057,0.3219863176345825,0.024336284026503563,"llm_attention",0.14301222562789917,0.0037455421406775713,0.0,1,2,2,0.8884530043489838,722,0.11154699565101624,2
0.3490711386329294,0.2758690416812897,67502,85376,0.2730773687362671,0.3125200569629669,0.3442029058933258,"llm_attention",0.2595996856689453,0.013722709380090237,0.24711531896492864,11,11,11,0.5834616975292137,723,0.4993777962134455,11
0.6136826783114993,0.0,24045,85478,0.3365945518016815,0.63209468126297,0.0,"llm_attention",nan,inf,0.0,1,1,1,0.6136826783114993,724,0.38631732168850075,1
0.5283912877340466,0.0,13085,85576,0.3704304099082947,0.6647286415100098,0.0,"llm_attention",nan,inf,0.0,1,1,1,0.5283912877340466,725,0.47160871226595336,1
0.6163141993957704,0.0,14895,85665,0.32748839259147644,0.6408606767654419,0.0,"llm_attention",nan,inf,0.0,1,1,1,0.6163141993957704,726,0.38368580060422963,1
0.38896915101555196,0.1465766727924347,11767,85682,0.093885138630867,0.12229141592979431,0.4375,"llm_attention",0.37387722730636597,0.008582458831369877,0.5368567454798331,14,14,11,0.6818326712453951,727,0.4897594968981049,14
0.7235481304693715,0.02017631009221077,60336,85772,0.19708043336868286,0.40156781673431396,0.04938271641731262,"llm_attention",0.10282593965530396,0.007305864244699478,0.01276978417266187,2,2,2,0.8630557357417294,728,0.27292163882259346,2
0.7632134464491974,0.05426989495754242,150642,85823,0.22441880404949188,0.22553449869155884,0.19572368264198303,"llm_attention",0.2734382748603821,0.0025446072686463594,0.4468460891505467,3,3,3,0.7159377562454518,729,0.23678655355080255,3
0.6594490934449093,0.0,28680,85911,0.33308324217796326,0.6277980208396912,0.0,"llm_attention",nan,inf,0.0,1,1,1,0.6594490934449093,730,0.3405509065550907,1
0.49088864945894034,-0.03091433458030224,42694,86220,0.147271528840065,0.29038527607917786,0.23262840509414673,"llm_attention",0.27433568239212036,0.005749885458499193,0.032802723592197276,3,5,5,0.6850554158477643,731,0.5091113505410596,5
0.04225352112676056,-0.03609104081988335,213,86483,0.008782311342656612,0.3199463188648224,0.0,"llm_attention",0.16336141526699066,0.0021441213320940733,0.024509803921568627,2,2,2,0.9399038461538461,732,0.11737089201877934,2
0.5450962574755394,0.06258073449134827,94642,86582,0.19623549282550812,0.25284191966056824,0.2210242599248886,"llm_attention",0.21022289991378784,0.007800044491887093,0.214061737857989,7,7,7,0.5715596210175463,733,0.4398681346548044,7
0.23275609040211329,0.08369339257478714,3407,86755,0.0909353569149971,0.22738303244113922,0.2222222238779068,"llm_attention",0.2546786367893219,0.0636102557182312,0.2566947207345065,5,5,5,0.667150383228676,734,0.5377164660992075,5
0.679328944962516,0.07838428020477295,153132,86956,0.26322636008262634,0.2806430160999298,0.23140496015548706,"llm_attention",0.18692010641098022,0.00582878990098834,0.38197739537725284,6,6,6,0.6926830566621366,735,0.29282579735130476,6
0.27902972224301864,0.3068397045135498,13357,87038,0.13318316638469696,0.16588301956653595,0.31578946113586426,"llm_attention",0.3364609181880951,0.04110591858625412,0.34215991692627207,16,16,13,0.7238744418917225,736,0.41349105338025005,16
0.5359213303815065,0.10064574331045151,97115,87144,0.18936392664909363,0.2301272451877594,0.20654912292957306,"llm_attention",0.2338845431804657,0.008177371695637703,0.35878319909472145,9,9,9,0.5493928684632695,737,0.44655305565566594,9
0.5184226155125312,0.051133718341588974,42095,87244,0.16872888803482056,0.3476899564266205,0.22560974955558777,"llm_attention",0.38618406653404236,0.005551802460104227,0.05514996053670087,3,3,3,0.6867349253062588,738,0.4695331987171873,3
0.5127198429550098,0.16844701766967773,74883,87470,0.17994362115859985,0.19308213889598846,0.37828946113586426,"llm_attention",0.32249584794044495,0.007010279688984156,0.24311436323275507,15,16,15,0.6068464047773143,739,0.4575003672395604,16
0.6701407098275289,0.1071675717830658,135385,87476,0.14370211958885193,0.15715736150741577,0.2577696442604065,"llm_attention",0.3821345269680023,0.004695228300988674,0.42785167271261587,11,11,10,0.7470175216417952,740,0.31663773682461127,11
0.10333863275039745,0.0,5032,87742,0.5819682478904724,0.7846941351890564,0.0,"llm_attention",nan,inf,0.0,1,1,1,0.8966613672496025,741,0.10333863275039745,1
0.7075927861996864,0.0,30608,87875,0.2923976480960846,0.6034272909164429,0.0,"llm_attention",nan,inf,0.0,1,1,1,0.7075927861996864,742,0.29240721380031365,1
0.8125395703069038,0.0,216387,88040,0.8066940307617188,0.8838309049606323,0.3984375,"llm_attention",0.22465331852436066,0.002227531746029854,0.0,1,11,11,0.8125395703069038,743,0.18746042969309618,11
0.4856132358230428,0.0,16682,88218,0.5039643049240112,0.7353274822235107,0.0,"llm_attention",nan,inf,0.0,1,1,1,0.5143867641769572,744,0.4856132358230428,1
0.7287205188201861,0.05257005989551544,123511,88250,0.22973546385765076,0.3282519280910492,0.1547861546278,"llm_attention",0.12280651181936264,0.003569259773939848,0.2717125290992658,2,2,2,0.7153843963874624,745,0.27127948117981393,2
0.6266590822904816,0.0,15822,88265,0.332845002412796,0.6433188915252686,0.0,"llm_attention",nan,inf,0.0,1,1,1,0.6266590822904816,746,0.3733409177095184,1
0.7102990576794269,0.2205861508846283,195581,88269,0.22946706414222717,0.2072337567806244,0.2133994996547699,"llm_attention",0.20326416194438934,0.003012630622833967,0.36916696081891986,4,4,4,0.6300212004147183,747,0.2893532602860196,4
0.4731126260062369,0.1824374496936798,55156,88345,0.5481649041175842,0.6589281558990479,0.013761468231678009,"llm_attention",0.0988805815577507,0.008082803338766098,0.0,2,2,2,0.5729706292959247,748,0.4731126260062369,2
0.5385429840298814,0.4186442494392395,34001,88432,0.255105197429657,0.3569176197052002,0.1484375,"llm_attention",0.28394705057144165,0.015082022175192833,0.07265774378585087,5,5,5,0.654797218570854,749,0.32172583159318846,5
0.5099983653898545,0.14343224465847015,55059,88462,0.24066221714019775,0.3184342086315155,0.22972972691059113,"llm_attention",0.21978941559791565,0.010199086740612984,0.11835131027836465,5,6,6,0.6799619741794081,750,0.45322290633683865,6
0.8051415983014185,0.2705400288105011,100319,88485,0.3720075488090515,0.4105185568332672,0.027431420981884003,"llm_attention",0.11562046408653259,0.004373254720121622,0.12533251483527727,2,2,2,0.6949483537591039,751,0.18185986702419282,2
0.32611065091337144,0.21633502840995789,45874,88848,0.2109687477350235,0.25995758175849915,0.311557799577713,"llm_attention",0.21882836520671844,0.014685297384858131,0.3727760885035906,11,11,11,0.6425157551542228,752,0.4797052796791211,11
0.44171038824763903,0.17467324435710907,19060,88951,0.2679366171360016,0.43963849544525146,0.17283950746059418,"llm_attention",0.3958906829357147,0.01293591782450676,0.2568367634620806,3,3,3,0.5294937254551141,753,0.4863588667366212,3
0.649702823179792,0.0005887540173716843,43072,88970,0.16543975472450256,0.3983736038208008,0.02150537632405758,"llm_attention",0.0960613563656807,0.009598243050277233,0.0010604453870625664,2,2,2,0.6936414664796006,754,0.350297176820208,2
0.4182174052759195,0.07186193764209747,34231,89045,0.07968353480100632,0.15903016924858093,0.26119402050971985,"llm_attention",0.211930513381958,0.013995558954775333,0.24684910871202612,7,7,7,0.762494842466487,755,0.4995471940638602,7
0.7147228879771431,0.0,73851,89078,0.20352661609649658,0.4840025305747986,0.05498281866312027,"llm_attention",0.09304206073284149,0.006063973065465689,0.0,1,2,2,0.7147228879771431,756,0.2852771120228568,2
0.8580773126266037,0.0,118480,89271,0.3917107582092285,0.35692936182022095,0.0,"llm_attention",nan,inf,0.0,1,1,1,0.8580773126266037,757,0.14192268737339636,1
0.6292017801344569,0.1439327448606491,31683,89296,0.19893404841423035,0.3394632041454315,0.0731707289814949,"llm_attention",0.2333664894104004,0.01318181212991476,0.017024174327545116,4,4,4,0.7608287434143526,758,0.35388062999084685,4
0.5513156157873894,0.11863677203655243,90908,89556,0.16681163012981415,0.205979123711586,0.33681461215019226,"llm_attention",0.29842549562454224,0.005399533547461033,0.1847802103508299,12,12,12,0.6476441534853784,759,0.4081928983147798,12
0.498081987426362,0.03953399881720543,131386,89648,0.13441763818264008,0.13091222941875458,0.41061946749687195,"llm_attention",0.2814864218235016,0.005399542860686779,0.5124421866707104,28,34,31,0.6487816140167599,760,0.4635729834228913,34
0.7276132456207711,0.0,117201,89670,0.3254735469818115,0.4505358338356018,0.0,"llm_attention",nan,inf,0.0,1,1,1,0.7276132456207711,761,0.2723867543792288,1
0.4272260620023443,0.21245963871479034,24741,89697,0.26017552614212036,0.3570307791233063,0.16190476715564728,"llm_attention",0.3002493381500244,0.009784430265426636,0.37287417966269143,4,4,4,0.5661094191355357,762,0.4151408593023726,4
0.6379607742924679,0.0,46959,89761,0.351529061794281,0.6117978096008301,0.0,"llm_attention",nan,inf,0.0,1,1,1,0.6379607742924679,763,0.3620392257075321,1
0.6234967063516045,0.04390372335910797,82735,89880,0.2221512794494629,0.38115835189819336,0.122023805975914,"llm_attention",0.30615511536598206,0.004010752774775028,0.325553772070626,2,2,2,0.6268988259103061,764,0.37650329364839547,2
0.5963252483927528,0.18023279309272766,27376,90003,0.2826859951019287,0.4430573582649231,0.08256880939006805,"llm_attention",0.1298229694366455,0.023633772507309914,0.053569812686634695,3,3,3,0.5850073218947204,765,0.4010812390414962,3
0.6299878508654286,0.0,63379,90062,0.3683730959892273,0.5999569892883301,0.0,"llm_attention",nan,inf,0.0,1,1,1,0.6299878508654286,766,0.37001214913457137,1
0.1161988582302569,0.6679790019989014,8408,90108,0.22588174045085907,0.4025384783744812,0.17142857611179352,"llm_attention",0.3102801442146301,0.03569170460104942,0.04925312878482035,3,3,3,0.6649546364529214,767,0.22169362511893434,3
0.7838512020357598,0.0,59732,90155,0.21477168798446655,0.5126873254776001,0.0,"llm_attention",nan,inf,0.0,1,1,1,0.7838512020357598,768,0.21614879796424027,1
0.7556326823885653,0.14186376333236694,155876,90208,0.3769710063934326,0.3286357522010803,0.08794788271188736,"llm_attention",0.13903728127479553,0.002801189897581935,0.12808799978997665,2,2,2,0.6841694918337571,769,0.24436731761143474,2
0.7206508286292148,0.2647114396095276,33127,90284,0.3349570035934448,0.5219931602478027,0.0,"llm_attention",0.10981567203998566,0.013183132745325565,0.010914199265182624,2,2,2,0.8722937582496286,770,0.2253146979804993,2
0.6731749130910996,0.0,20999,90631,0.30919986963272095,0.6245683431625366,0.0,"llm_attention",nan,inf,0.0,1,1,1,0.6731749130910996,771,0.32682508690890044,1
0.6477038991235915,0.1052890196442604,89456,90891,0.11400344222784042,0.1368575394153595,0.3165266215801239,"llm_attention",0.30167582631111145,0.003607679856941104,0.4243058860859908,14,14,12,0.7036696606586184,772,0.34083795385440885,14
0.11158930218260067,0.19051049649715424,3253,90956,0.22578881680965424,0.47544917464256287,0.1428571492433548,"llm_attention",0.13655585050582886,0.11766823381185532,0.07889273356401384,2,2,2,0.8626446280991735,773,0.255456501690747,2
0.5348327432749892,0.14151692390441895,120892,91406,0.18103280663490295,0.17650355398654938,0.38922154903411865,"llm_attention",0.24089467525482178,0.010029994882643223,0.35109807059660353,30,30,29,0.7153824066943899,774,0.3497584620984019,30
0.574439204764858,0.0371895432472229,85459,91495,0.11889452487230301,0.24265818297863007,0.20402298867702484,"llm_attention",0.20191195607185364,0.007360074669122696,0.5065717113946326,4,4,4,0.6753912061112028,775,0.42336090991001535,4
0.5905447953439558,0.15585675835609436,125772,91500,0.1549459844827652,0.16874997317790985,0.2421875,"llm_attention",0.1946510523557663,0.0077156852930784225,0.28152549613577227,12,14,14,0.6556697478761621,776,0.3827481474414019,14
0.43099971814496024,0.1927904486656189,46123,91615,0.20667687058448792,0.2736878991127014,0.26486486196517944,"llm_attention",0.20171603560447693,0.014947665855288506,0.15851242188690748,8,8,8,0.7522586152866542,777,0.4791102053205559,8
0.4475205070842655,0.0,10728,91619,0.5226631164550781,0.75076824426651,0.0,"llm_attention",nan,inf,0.0,1,1,1,0.5524794929157345,778,0.4475205070842655,1
0.87122009024984,0.10433009266853333,232909,91654,0.3276539444923401,0.3955492079257965,0.229061558842659,"llm_attention",0.19309882819652557,0.002316322410479188,0.1379275855171034,3,3,3,0.8681211849096403,779,0.12877990975015993,3
0.7187873578935031,-0.006932556163519621,127985,91779,0.12630286812782288,0.1568010449409485,0.31748253107070923,"llm_attention",0.2323107123374939,0.0023373919539153576,0.1422022172209719,7,7,7,0.801437689726911,780,0.2812126421064969,7
0.49099912612875035,0.2059134840965271,34330,91921,0.4556228220462799,0.6123819351196289,0.08955223858356476,"llm_attention",0.08775198459625244,0.013601524755358696,0.05905917362939224,2,2,2,0.5335851600838046,781,0.4745120885522866,2
0.6863819157977654,0.11121883243322372,192964,92053,0.19209592044353485,0.16933561861515045,0.3659793734550476,"llm_attention",0.18329806625843048,0.0049309879541397095,0.4499727349339855,10,10,10,0.6274324758785174,782,0.2972316079683257,10
0.5535362448936122,0.0933094397187233,131453,92091,0.21848349273204803,0.24043014645576477,0.1779497116804123,"llm_attention",0.19105632603168488,0.009670141153037548,0.2279302765424526,9,9,9,0.6595619558551645,783,0.43804249427552056,9
0.4108276992419586,0.31941255927085876,19524,92124,0.36072155833244324,0.5063745379447937,0.23749999701976776,"llm_attention",0.28604942560195923,0.018807802349328995,0.12961836042771452,3,3,3,0.5812222257578398,784,0.45769309567711536,3
0.7469824899416332,0.0,70588,92177,0.2250109612941742,0.4842633605003357,0.13245032727718353,"llm_attention",0.2989755868911743,0.004677910823374987,0.0,1,3,3,0.7469824899416332,785,0.25301751005836687,3
0.7255394219025648,0.2839825749397278,117904,92416,0.2523456811904907,0.2523598372936249,0.1589537262916565,"llm_attention",0.18652884662151337,0.006896147970110178,0.0738566131025958,7,8,8,0.6513261714125714,786,0.24208678246709187,8
0.7452632559005633,0.06785278767347336,107405,92660,0.08056717365980148,0.09808071702718735,0.2614259719848633,"llm_attention",0.36151057481765747,0.0024084944743663073,0.03888888888888889,3,14,14,0.7665452643677613,787,0.2547367440994367,14
0.8035686672627892,2.932354448148544e-07,148739,92839,0.45609161257743835,0.3414061367511749,0.0,"llm_attention",nan,inf,0.0,1,1,1,0.8035686672627892,788,0.1964313327372108,1
0.6033965307124711,0.1305076777935028,164933,92939,0.2523934841156006,0.24570411443710327,0.13036809861660004,"llm_attention",0.23658210039138794,0.005662236828356981,0.33901518046871415,11,12,12,0.8158410318410056,789,0.35036651246263634,12
0.07549972987574284,0.4517481029033661,7404,93154,0.14901521801948547,0.17305243015289307,0.3448275923728943,"llm_attention",0.3388528823852539,0.04786042496562004,0.2787436084733382,18,18,12,0.8850706262412511,790,0.24729875742841706,18
0.4850274554281525,0.20945653319358826,72299,93261,0.2633768618106842,0.36220496892929077,0.14189189672470093,"llm_attention",0.2140219509601593,0.005994177423417568,0.09271594327460249,4,4,4,0.6328143737236737,791,0.45645167982959656,4
0.6301436369880046,0.20916157960891724,168898,93353,0.2759168744087219,0.26098042726516724,0.16388466954231262,"llm_attention",0.22112949192523956,0.0033675723243504763,0.10888775052827047,5,5,5,0.5761121850147624,792,0.35518478608390863,5
0.7214344097460981,0.25006231665611267,154154,93437,0.17915447056293488,0.17163406312465668,0.13712374866008759,"llm_attention",0.24537020921707153,0.004882700275629759,0.10136928880815985,9,9,9,0.7278791775589741,793,0.2600321756165912,9
0.43711124401913876,0.3179207444190979,33440,93717,0.1459266096353531,0.17360204458236694,0.24817518889904022,"llm_attention",0.37548765540122986,0.01784270815551281,0.22143122775328056,17,17,14,0.702206544658557,794,0.4728767942583732,17
0.6426070501852629,0.15510906279087067,88253,93965,0.35015255212783813,0.4811479151248932,0.056657224893569946,"llm_attention",0.085625559091568,0.005116612184792757,0.05313718651913383,2,2,2,0.596971915255805,795,0.3573929498147372,2
0.0,1.0,1260,94157,0.616136908531189,0.8065639734268188,0.0,"llm_attention",nan,inf,0.0,1,1,1,1.0,796,0.0,1
0.5877725075253124,0.31157106161117554,43852,94185,0.15736959874629974,0.20009881258010864,0.26966291666030884,"llm_attention",0.3733217120170593,0.00886426493525505,0.21657354649554683,10,10,9,0.6826067742797676,797,0.3458679193651373,10
0.7311772315653299,0.0798158049583435,42515,94326,0.236497700214386,0.44168615341186523,0.09714286029338837,"llm_attention",0.1769539713859558,0.009094812907278538,0.04488581678187068,2,2,2,0.7272495056073032,798,0.2688227684346701,2
0.8598793937089151,0.011782674118876457,184070,94336,0.32964032888412476,0.18169941008090973,0.06233421713113785,"llm_attention",0.1097966879606247,0.0023113093338906765,0.057227047146401984,2,2,2,0.8612308683124001,799,0.14012060629108491,2
0.45159640338125234,0.012267496436834335,37146,94614,0.06954358518123627,0.20878179371356964,0.22435897588729858,"llm_attention",0.17342424392700195,0.021198412403464317,0.041676893623288004,4,5,5,0.6300694375690946,800,0.54791902223658,5
0.1902740610870167,0.6149470210075378,10837,94751,0.15490740537643433,0.18105043470859528,0.4150943458080292,"llm_attention",0.34716299176216125,0.04292621836066246,0.1494017094017094,17,17,14,0.8163439185986365,801,0.2451785549506321,17
0.4583972066087549,0.16154775023460388,46968,94852,0.4688921868801117,0.6139052510261536,0.07853402942419052,"llm_attention",0.08991478383541107,0.009502822533249855,0.05759100558219986,2,2,2,0.535662970327098,802,0.4895886561062851,2
0.5742959876112429,0.12218625098466873,150459,94871,0.22430099546909332,0.21644437313079834,0.20903010666370392,"llm_attention",0.2388254553079605,0.005346101243048906,0.4245210847605814,9,9,9,0.5822349981496275,803,0.4096930060680983,9
0.3873442440022317,0.23647813498973846,21508,94944,0.18446935713291168,0.2857281565666199,0.22772277891635895,"llm_attention",0.19458332657814026,0.032513149082660675,0.07938073916672991,6,6,6,0.7611961812233488,804,0.4652222428863679,6
0.0,1.0,409,95069,0.2164021134376526,0.6053718328475952,0.0,"llm_attention",nan,3.4028234663852886e+38,0.0,1,1,1,1.0,805,0.0,1
0.2628493473932601,0.13998013734817505,27122,95155,0.16704772412776947,0.2357962429523468,0.3070175349712372,"llm_attention",0.29093047976493835,0.013571512885391712,0.5189316260691242,7,7,7,0.5287463177736818,806,0.6126391859007447,7
0.7776836397526052,-0.022890234366059303,118030,95707,0.32231396436691284,0.4719219505786896,0.3776301145553589,"llm_attention",0.2775156795978546,0.0014064628630876541,0.0008003048780487804,2,5,5,0.8814088025953877,807,0.22231636024739473,5
0.7866729718076747,0.02822936698794365,143798,95786,0.20649218559265137,0.2705318331718445,0.26765376329421997,"llm_attention",0.28627821803092957,0.002221497939899564,0.19533185552223237,4,4,4,0.7885890332202365,808,0.21332702819232535,4
0.8076196121044487,0.0,151845,95843,0.4678077697753906,0.3329524099826813,0.0,"llm_attention",nan,inf,0.0,1,1,1,0.8076196121044487,809,0.1923803878955514,1
0.5819249873133525,0.15505433082580566,65029,95862,0.12066767364740372,0.14155833423137665,0.26053640246391296,"llm_attention",0.3480386734008789,0.0039020662661641836,0.4310516055467687,13,16,12,0.7425526928356889,810,0.3219025357917237,16
0.7234203148587449,0.0,46370,95899,0.242631196975708,0.5410308837890625,0.0,"llm_attention",nan,inf,0.0,1,1,1,0.7234203148587449,811,0.27657968514125514,1
0.5759400289125024,0.18842121958732605,67099,96001,0.3087017834186554,0.42792221903800964,0.08455882221460342,"llm_attention",0.18507087230682373,0.008052152581512928,0.12022914177268573,3,3,3,0.5731382516927483,812,0.4075768640367219,3
0.5746235606731621,0.17342573404312134,49676,96427,0.24916087090969086,0.3917137384414673,0.07653061300516129,"llm_attention",0.10401879996061325,0.007771957200020552,0.17131229000047324,3,3,3,0.6350364514682787,813,0.37736532732104033,3
0.8695013203271835,0.058013178408145905,170791,96493,0.28152358531951904,0.17994248867034912,0.16520467400550842,"llm_attention",0.3670535981655121,0.0013702129945158958,0.16879038047379755,3,3,3,0.864651958405816,814,0.11307972902553413,3
0.7429342406288496,0.0,85235,96549,0.2552599012851715,0.49457788467407227,0.0,"llm_attention",nan,inf,0.0,1,1,1,0.7429342406288496,815,0.25706575937115034,1
0.3533035576774988,0.05112307891249657,6493,96825,0.13315977156162262,0.34139615297317505,0.1785714328289032,"llm_attention",0.12847083806991577,0.05645564943552017,0.010954989283162658,3,3,3,0.7681703530905558,816,0.6169721238256584,3
0.7990673836330029,0.0,71412,96960,0.21768222749233246,0.48530763387680054,0.0,"llm_attention",nan,inf,0.0,1,1,1,0.7990673836330029,817,0.20093261636699714,1
0.40801509495877597,0.16089195013046265,24379,97022,0.28939196467399597,0.3646056056022644,0.3529411852359772,"llm_attention",0.2519266903400421,0.021583054214715958,0.2608093126385809,6,6,6,0.6867382567648322,818,0.45785307026539235,6
0.4653947918117254,0.2798199951648712,35905,97230,0.5384268760681152,0.6675427556037903,0.07746478915214539,"llm_attention",0.08573868125677109,0.012869458645582199,0.004740817921333681,2,2,2,0.585498028360418,819,0.4605486701016572,2
0.6264063771724039,0.009707930497825146,83548,97278,0.17301960289478302,0.3670623004436493,0.015243902802467346,"llm_attention",0.09943093359470367,0.0033057343680411577,0.007400762502803319,2,2,2,0.8034671791232793,820,0.37088859098961074,2
0.6406412261121788,0.07073555886745453,83777,97337,0.07405433058738708,0.13387346267700195,0.22493886947631836,"llm_attention",0.27096113562583923,0.004799116402864456,0.2644323390686242,5,8,8,0.6150717462461112,821,0.35926328228511406,8
0.634210347274194,0.030868059024214745,102887,97585,0.13100887835025787,0.1536715030670166,0.48514851927757263,"llm_attention",0.4448293149471283,0.0033136652782559395,0.5296931048226385,13,13,13,0.6016589026265051,822,0.3619116117682506,13
0.5958541663903661,0.15773263573646545,75401,97679,0.15803758800029755,0.26157182455062866,0.1785714328289032,"llm_attention",0.1988762617111206,0.010148394852876663,0.10159813605486824,3,5,5,0.6067046829774608,823,0.39292582326494346,5
0.7173556275401046,0.11836154758930206,116383,97924,0.22543926537036896,0.2576766908168793,0.19254659116268158,"llm_attention",0.21009647846221924,0.005204538814723492,0.2728074175406597,5,5,5,0.6526647358573495,824,0.2756931854308619,5
0.327412022225964,0.37978777289390564,35634,97988,0.21927404403686523,0.2357172966003418,0.27272728085517883,"llm_attention",0.25354912877082825,0.01757742650806904,0.22243084240831143,17,17,17,0.6560519588435908,825,0.44920581467138126,17
0.4022094315524076,0.3190740644931793,60287,97994,0.29124167561531067,0.3029858469963074,0.180811807513237,"llm_attention",0.2345464676618576,0.01823406293988228,0.17589278281861317,12,13,13,0.7155730230329621,826,0.4333106639905784,13
0.2734292056751279,0.2905399799346924,10361,98018,0.2053932547569275,0.34271618723869324,0.25581395626068115,"llm_attention",0.30024585127830505,0.025086937472224236,0.06455897980871414,4,4,4,0.783615031763642,827,0.4916513850014477,4
0.6752505585700607,0.10629219561815262,78325,98261,0.27859824895858765,0.44419971108436584,0.14193548262119293,"llm_attention",0.11683610826730728,0.005692675244063139,0.13433715993080672,2,2,2,0.6627263690921812,828,0.32474944142993933,2
0.283233797832338,0.2805328369140625,18084,98287,0.11525718122720718,0.141246497631073,0.3866666555404663,"llm_attention",0.35185790061950684,0.020884545519948006,0.46103996296867766,16,16,12,0.6760701306685533,829,0.4576421145764211,16
0.598233520034468,0.2832748591899872,51062,98392,0.22299520671367645,0.27266043424606323,0.2995169162750244,"llm_attention",0.2894185781478882,0.01258024387061596,0.24162807701681696,9,11,11,0.7017596674259932,830,0.3069993341428068,11
0.5436369615258139,0.009105071425437927,30410,98520,0.1793537139892578,0.4254789352416992,0.09917355328798294,"llm_attention",0.15650750696659088,0.013818494975566864,0.01095258682807321,2,2,2,0.6435176699060485,831,0.4531075304176258,2
0.7338976612946986,0.0,147432,98633,0.4145800471305847,0.38672327995300293,0.0,"llm_attention",nan,inf,0.0,1,1,1,0.7338976612946986,832,0.2661023387053014,1
0.7900710782963248,-0.07093840837478638,54447,98716,0.09383554756641388,0.32988348603248596,0.15023474395275116,"llm_attention",0.8272042274475098,0.0014362515648826957,0.06745406824146982,2,2,2,0.8374938091607105,833,0.20992892170367514,2
0.7858056884778751,0.15391330420970917,185990,98839,0.4023614823818207,0.2885017693042755,0.11891891807317734,"llm_attention",0.13024988770484924,0.003217066405341029,0.08702746121793263,2,3,3,0.7463910876156254,834,0.21419431152212484,3
0.3991241032805825,0.21136288344860077,74438,98853,0.1426740139722824,0.16033267974853516,0.3709677457809448,"llm_attention",0.32717984914779663,0.009014934301376343,0.43163119298873187,21,21,21,0.5291036789397924,835,0.5223138719471238,21
0.6900655502681602,0.0638793408870697,115789,99024,0.2770801782608032,0.3951209783554077,0.09978307783603668,"llm_attention",0.15669706463813782,0.003593205939978361,0.052442388608688384,2,2,2,0.697345950576071,836,0.3099344497318398,2
0.47312520115867396,0.2485474944114685,46605,99039,0.16637937724590302,0.19731608033180237,0.2857142984867096,"llm_attention",0.20815956592559814,0.014641037210822105,0.20965180207697007,12,13,13,0.6485041742216532,837,0.4143117691234846,13
0.806884942154736,0.0,88512,99053,0.8068849444389343,0.9034425020217896,0.21875,"llm_attention",0.23429125547409058,0.0031065416987985373,0.0,1,8,2,0.806884942154736,838,0.19311505784526392,8
0.7139350765263959,0.15437492728233337,121004,99054,0.24546106159687042,0.26497188210487366,0.18801653385162354,"llm_attention",0.21089015901088715,0.005163780879229307,0.11067456305070056,5,5,5,0.6816782125442792,839,0.2689911077319758,5
0.25156566143173714,0.20479950308799744,20758,99114,0.1618347316980362,0.187667116522789,0.48076921701431274,"llm_attention",0.2429732382297516,0.02282036282122135,0.4324150360453141,16,16,15,0.6265574138145297,840,0.5161383562963676,16
0.8375287254728655,0.09609276801347733,169710,99182,0.31146475672721863,0.2482876479625702,0.13950073719024658,"llm_attention",0.16261237859725952,0.003420525463297963,0.12664563159612666,3,3,3,0.7440793237757447,841,0.16247127452713453,3
0.5495593961336157,0.056754522025585175,14639,99242,0.16447564959526062,0.4233437478542328,0.017241379246115685,"llm_attention",0.13403601944446564,0.01825297623872757,0.09463148316651501,2,2,2,0.6606795255619602,842,0.4217501195436847,2
0.7212854924649988,-0.0035083533730357885,155209,99428,0.18048447370529175,0.2566869556903839,0.26528385281562805,"llm_attention",0.2465057373046875,0.0026964277494698763,0.3954321644050949,4,5,5,0.7901073694522478,843,0.2787145075350012,5
0.7020100781457199,0.19268672168254852,162133,99810,0.3506305515766144,0.3199380040168762,0.10919540375471115,"llm_attention",0.23180288076400757,0.004127315245568752,0.10783623794345325,4,8,8,0.6856957503560099,844,0.2958435358625326,8
0.7693103056470856,0.04541933536529541,176020,100238,0.14468804001808167,0.14019401371479034,0.2986842095851898,"llm_attention",0.17745020985603333,0.006008021999150515,0.2339555730680195,5,10,10,0.7119012373753423,845,0.22355982274741507,10
0.5176297747306562,0.19097717106342316,36756,100274,0.13596469163894653,0.2100687026977539,0.4093959629535675,"llm_attention",0.37247222661972046,0.012402496300637722,0.1934010152284264,8,8,7,0.7455496534690618,846,0.41234084231145934,8
0.6622419093969022,0.22527895867824554,68629,100283,0.14554668962955475,0.2229834347963333,0.16356877982616425,"llm_attention",0.2914206385612488,0.005842333659529686,0.1454702329594478,6,6,6,0.7518106772314864,847,0.29816841277011175,6
0.5300326441784549,0.03175976499915123,110280,100428,0.15785473585128784,0.25649839639663696,0.0794702023267746,"llm_attention",0.21713274717330933,0.0051622940227389336,0.35613953847341207,4,4,4,0.5765488704669711,848,0.4568462096481683,4
0.6745292064587888,0.0,26073,100489,0.32384368777275085,0.6269968748092651,0.0,"llm_attention",nan,inf,0.0,1,1,1,0.6745292064587888,849,0.3254707935412112,1
0.5766744246185673,0.16631101071834564,42537,100510,0.24642308056354523,0.40160441398620605,0.20000000298023224,"llm_attention",0.12775520980358124,0.013905154541134834,0.12700616426945077,3,3,3,0.7050680350261214,850,0.3884383007734443,3
0.5407843628617968,-0.006538885645568371,15962,100582,0.16052086651325226,0.36362406611442566,0.2855701446533203,"llm_attention",0.3836732506752014,0.0009902630699798465,0.06684856753069578,3,3,2,0.6233728342131596,851,0.45921563713820324,3
0.6977785232788535,0.1888001710176468,95387,100624,0.16197840869426727,0.23411352932453156,0.13475176692008972,"llm_attention",0.18076112866401672,0.00895458273589611,0.1095809629526849,5,6,6,0.7254698962097154,852,0.298300607000954,6
0.6577734987308735,0.057677704840898514,125677,100723,0.11877505481243134,0.12138164043426514,0.31683167815208435,"llm_attention",0.28409042954444885,0.004653510637581348,0.39565217391304347,13,13,13,0.5700372226264859,853,0.3364100034214693,13
0.5607276324466915,0.3460521399974823,18196,101068,0.4443308711051941,0.6132315993309021,0.054054055362939835,"llm_attention",0.10448087006807327,0.024045459926128387,0.0372826222945077,2,2,2,0.7827499654663763,854,0.30627610463838206,2
0.8025765851341724,0.15041157603263855,168440,101420,0.4101864695549011,0.29245731234550476,0.10956790298223495,"llm_attention",0.128492534160614,0.0026704235933721066,0.10928008660612257,2,2,2,0.7020751092037127,855,0.1974234148658276,2
0.7793678304323489,0.06524793058633804,148283,101762,0.30672621726989746,0.26622793078422546,0.13344594836235046,"llm_attention",0.18620720505714417,0.002719045151025057,0.11333903900232302,2,2,2,0.7172088808975077,856,0.22063216956765105,2
0.5310422759904281,0.2765420079231262,30088,101780,0.39272138476371765,0.4998411536216736,0.1785714328289032,"llm_attention",0.1847136914730072,0.02372891828417778,0.10290574060949681,4,4,4,0.5251319293159534,857,0.4341597979260835,4
0.044722719141323794,0.0,559,101787,0.23670212924480438,0.6150599122047424,0.0,"llm_attention",nan,inf,0.0,1,1,1,0.9552772808586762,858,0.044722719141323794,1
0.01393841166936791,0.6892601251602173,3085,101884,0.2746814489364624,0.4490678906440735,0.1428571492433548,"llm_attention",0.2203127145767212,0.15005667507648468,0.13708086785009863,3,3,3,0.8868194126621932,859,0.15235008103727715,3
0.5942102713178294,-0.029358074069023132,41280,102331,0.2019139528274536,0.4305359423160553,0.19526627659797668,"llm_attention",0.7540501356124878,0.0028153867460787296,0.1016655722046445,2,2,2,0.6690117897766186,860,0.40578972868217056,2
0.7994632209954519,-0.08813076466321945,124446,102356,0.2051883190870285,0.2290293425321579,0.05513307824730873,"llm_attention",0.47966212034225464,0.0019628708250820637,0.08038147138964577,2,2,2,0.8451739772855044,861,0.20053677900454817,2
0.5010736196319019,0.0923648402094841,52160,102411,0.14889214932918549,0.17284582555294037,0.3333333432674408,"llm_attention",0.33796828985214233,0.00524137681350112,0.3149016292652936,11,11,10,0.6869076953018218,862,0.4401265337423313,11
0.633811330892971,0.0,29777,102644,0.315162718296051,0.6104272603988647,0.0,"llm_attention",nan,inf,0.0,1,1,1,0.633811330892971,863,0.3661886691070289,1
0.5856356938587562,0.13081955909729004,82524,102707,0.3082956373691559,0.41770970821380615,0.16519173979759216,"llm_attention",0.30599695444107056,0.005049869418144226,0.12498903348442755,3,3,3,0.5717781601945577,864,0.41436430614124375,3
0.5997469422184732,0.2958088219165802,80614,102805,0.21270374953746796,0.24847546219825745,0.1183098554611206,"llm_attention",0.2577262818813324,0.009855616837739944,0.11922766999318168,10,10,10,0.7730083696771208,865,0.34032550177388543,10
0.8015131960174894,0.2169492393732071,151864,102820,0.4499279260635376,0.3532407581806183,0.055091820657253265,"llm_attention",0.11634032428264618,0.002930882154032588,0.07046412102312312,2,2,2,0.6785340416427001,866,0.19144102618132014,2
0.34260741105502895,0.2398822009563446,8123,103548,0.1270970106124878,0.1396518498659134,0.48571428656578064,"llm_attention",0.42018187046051025,0.029682867228984833,0.40898876404494383,18,18,11,0.7239306538290587,867,0.29361073495014156,18
0.24612039142038153,0.3928431272506714,10117,103585,0.225119948387146,0.36229437589645386,0.22499999403953552,"llm_attention",0.2490801066160202,0.05936070531606674,0.1612691752982824,4,4,4,0.7393236228612633,868,0.38390827320351884,4
0.5142292127768247,0.13779842853546143,76357,103723,0.11466685682535172,0.18550178408622742,0.29194632172584534,"llm_attention",0.3431490659713745,0.005712326616048813,0.1054405262590316,8,8,8,0.7224635321359114,869,0.4783713346517019,8
0.7928770371696066,0.12481193244457245,89401,104119,0.2047111839056015,0.3041718602180481,0.056980058550834656,"llm_attention",0.22203466296195984,0.004147552885115147,0.09872009504779392,3,3,3,0.6471138461559257,870,0.2071229628303934,3
0.7954236712514858,0.0,47112,104198,0.19870935380458832,0.5223960876464844,0.0,"llm_attention",nan,inf,0.0,1,1,1,0.7954236712514858,871,0.20457632874851417,1
0.6669807986806455,0.30233174562454224,42445,104424,0.25506648421287537,0.4103392958641052,0.05056179687380791,"llm_attention",0.23725247383117676,0.010509603656828403,0.08687654757693668,3,4,4,0.7409360690260783,872,0.29357992696430674,4
0.6792179222041872,0.1530754268169403,121369,104455,0.3983847498893738,0.4698203504085541,0.031380753964185715,"llm_attention",0.0857725441455841,0.00382225145585835,0.02658413171345645,2,2,2,0.6245549050957078,873,0.31185887664889717,2
0.4130119746777515,0.27843907475471497,13111,104572,0.23055307567119598,0.33837446570396423,0.27450981736183167,"llm_attention",0.2677629590034485,0.037302643060684204,0.1949064449064449,5,5,5,0.7300747941308895,874,0.4374189611776371,5
0.31808585503166786,0.22983041405677795,7105,104603,0.5039993524551392,0.665104329586029,0.07692307978868484,"llm_attention",0.13581633567810059,0.06632422655820847,0.0326109391124871,2,2,2,0.793493622163399,875,0.3403237156931738,2
0.5633809770668247,0.05843407288193703,81018,104612,0.139987051486969,0.1626894325017929,0.3887147307395935,"llm_attention",0.4172976016998291,0.0038194013759493828,0.38853395148979475,12,12,11,0.5849712779079085,876,0.42185687131254784,12
0.7688994032696586,-2.245237880060813e-07,28321,104619,0.2291666716337204,0.571517825126648,0.0,"llm_attention",nan,inf,0.0,1,1,1,0.7688994032696586,877,0.23110059673034145,1
0.2598568115357467,0.4155687987804413,9917,104666,0.15874233841896057,0.2757320702075958,0.3777777850627899,"llm_attention",0.28147920966148376,0.02092793956398964,0.10245231607629428,5,6,6,0.68818415522217,878,0.4151457093879197,6
0.7663816554386707,0.0,179759,104669,0.6478834748268127,0.6121313571929932,0.24017956852912903,"llm_attention",0.29181310534477234,0.004594345111399889,0.0,1,14,14,0.7663816554386707,879,0.23361834456132932,14
0.5213374539715939,0.0,30416,104782,0.4401281774044037,0.6826627850532532,0.0,"llm_attention",nan,inf,0.0,1,1,1,0.5213374539715939,880,0.4786625460284061,1
0.8697228284796313,0.0,106757,104803,0.3548581898212433,0.37682855129241943,0.0,"llm_attention",nan,inf,0.0,1,1,1,0.8697228284796313,881,0.1302771715203687,1
0.7984480880929332,0.0,132224,105014,0.7984480857849121,0.899224042892456,0.1806640625,"llm_attention",0.20520929992198944,0.0029145702719688416,0.0,1,6,6,0.7984480880929332,882,0.20155191190706678,6
0.3197551523692091,0.3740285038948059,22708,105249,0.38130632042884827,0.51174396276474,0.15217390656471252,"llm_attention",0.21850892901420593,0.019752761349081993,0.1577005243736648,3,3,3,0.5743280885802916,883,0.4270301215430685,3
0.47325836084867107,0.1382889598608017,61178,105264,0.25542595982551575,0.3557929992675781,0.2254098355770111,"llm_attention",0.24277141690254211,0.010668464936316013,0.18234290147401086,5,5,5,0.5453705690138838,884,0.5116381705841969,5
0.7779588885576746,-0.0301450714468956,157669,105335,0.08505935221910477,0.07373083382844925,0.22094690799713135,"llm_attention",0.2577415704727173,0.002760260831564665,0.016738552943528807,5,11,11,0.9082679800392273,885,0.22204111144232538,11
0.17713230355943585,0.18120118975639343,5956,105455,0.30980372428894043,0.47853443026542664,0.2800000011920929,"llm_attention",0.21027331054210663,0.08675013482570648,0.1873087125076515,3,3,3,0.7640759786760148,886,0.43200134318334454,3
0.42002986155099087,0.3086194694042206,44204,105912,0.1602625846862793,0.19796264171600342,0.2541436553001404,"llm_attention",0.29101189970970154,0.019643928855657578,0.2448804462300581,13,13,13,0.6143893252951276,887,0.44943896479956563,13
0.6489141876876291,0.17318105697631836,25649,105923,0.06017102301120758,0.1397993415594101,0.3762376308441162,"llm_attention",0.4519723355770111,0.014315449632704258,0.09572459744586341,9,9,8,0.8967601129852218,888,0.3147881009006199,9
0.7945995805668439,0.0,114917,106048,0.35059839487075806,0.40625476837158203,0.0,"llm_attention",nan,inf,0.0,1,1,1,0.7945995805668439,889,0.2054004194331561,1
0.5468155052953538,0.07144280523061752,96122,106235,0.16968844830989838,0.1889328956604004,0.2696428596973419,"llm_attention",0.20975680649280548,0.006569321732968092,0.18594614448704117,9,10,10,0.6661247879528959,890,0.44310355589771333,10
0.8004444856005186,0.0,21598,106266,0.08406967669725418,0.45097431540489197,0.0,"llm_attention",nan,inf,0.0,1,1,1,0.8004444856005186,891,0.19955551439948144,1
0.7352123539714933,0.19561240077018738,62231,106281,0.32195889949798584,0.4840511083602905,0.12451361864805222,"llm_attention",0.11607662588357925,0.006865542847663164,0.0356839422259983,2,2,2,0.6451751800914853,892,0.2647876460285067,2
0.7008781934306569,0.0,87680,106330,0.29912179708480835,0.5193180441856384,0.0,"llm_attention",nan,inf,0.0,1,1,1,0.7008781934306569,893,0.29912180656934306,1
0.5561915915772365,0.12570662796497345,83678,106389,0.1388794332742691,0.17550231516361237,0.30320701003074646,"llm_attention",0.31239035725593567,0.005781008396297693,0.2271050434876269,10,10,10,0.5609592381720918,894,0.42830851597791536,10
0.2779700115340254,0.0,4335,106563,0.6323232054710388,0.8126482963562012,0.0,"llm_attention",nan,inf,0.0,1,1,1,0.7220299884659747,895,0.2779700115340254,1
0.644642714411318,0.17858681082725525,200176,106757,0.24514679610729218,0.20037856698036194,0.12034739553928375,"llm_attention",0.1482163369655609,0.0028213276527822018,0.08412292293418056,3,3,3,0.7345618338550194,896,0.35535728558868196,3
0.6070528967254408,0.0,6352,106881,0.3836458623409271,0.6841009259223938,0.0,"llm_attention",nan,inf,0.0,1,1,1,0.6070528967254408,897,0.3929471032745592,1
0.0895364238410596,0.1805526614189148,3775,106912,0.24817436933517456,0.49199143052101135,0.0,"llm_attention",0.10376480221748352,0.09458906203508377,0.10386965376782077,2,2,2,0.8378053202493554,898,0.28211920529801326,2
0.7468170043768337,0.04385201632976532,145539,107087,0.21497927606105804,0.22975008189678192,0.12521150708198547,"llm_attention",0.17522141337394714,0.0036864010617136955,0.09213525835866261,3,3,3,0.7267993190317131,899,0.2531829956231663,3
0.6211577562492525,0.08516629785299301,16722,107094,0.24389994144439697,0.47825995087623596,0.10144927352666855,"llm_attention",0.10323967784643173,0.025167055428028107,0.1153906866614049,2,2,2,0.6009405569949462,900,0.37884224375074754,2
0.5174509803921569,0.07947208732366562,122400,107226,0.19305144250392914,0.18749773502349854,0.3629032373428345,"llm_attention",0.22711914777755737,0.0087035046890378,0.42755316267100096,18,18,17,0.5445116482428248,901,0.44040849673202614,18
0.48668049365282495,0.07395759969949722,67983,107339,0.16077525913715363,0.22749236226081848,0.2545454502105713,"llm_attention",0.25247275829315186,0.008157595992088318,0.45703069031721927,6,8,8,0.6246605862469631,902,0.49637409352338085,8
0.6303229126463399,0.10307914763689041,15546,107554,0.13104335963726044,0.38903114199638367,0.190476194024086,"llm_attention",0.27132296562194824,0.01586117222905159,0.12302070645554203,2,2,2,0.7229701559067603,903,0.33629229383764314,2
0.2917427470075066,0.3189915120601654,19716,107851,0.17117874324321747,0.22055962681770325,0.2857142984867096,"llm_attention",0.3200165629386902,0.026262078434228897,0.22651102835863648,13,13,13,0.7069231890862634,904,0.521251775207953,13
0.7363712944763128,0.2690834403038025,149574,108026,0.3271147906780243,0.3052023947238922,0.07094594836235046,"llm_attention",0.14615146815776825,0.0036461022682487965,0.03839521201054981,3,3,3,0.6733134114873159,905,0.2636287055236873,3
0.8446312839376423,0.0,51381,108244,0.16895650327205658,0.47466710209846497,0.0,"llm_attention",nan,inf,0.0,1,1,1,0.8446312839376423,906,0.1553687160623577,1
0.7408956987616074,-0.056978292763233185,125243,108253,0.10529574006795883,0.14977169036865234,0.2721010446548462,"llm_attention",0.2057831585407257,0.0036937459371984005,0.09044405411235401,5,13,13,0.8543742152975866,907,0.25329958560558274,13
0.8466897746967071,0.0,28850,108440,0.15113617479801178,0.5273725390434265,0.0,"llm_attention",nan,inf,0.0,1,1,1,0.8466897746967071,908,0.15331022530329289,1
0.7947213842200195,0.13778388500213623,125298,108495,0.35478585958480835,0.35565152764320374,0.03393213450908661,"llm_attention",0.08610223978757858,0.0036462200805544853,0.1191633295750554,2,2,2,0.6586855980862101,909,0.20527861577998052,2
0.07452574525745258,0.42188915610313416,3690,108503,0.21685151755809784,0.32140836119651794,0.1111111119389534,"llm_attention",0.25604429841041565,0.12240603566169739,0.2591508052708638,6,6,5,0.8022521276161484,910,0.3154471544715447,6
0.54056505296302,0.03756411373615265,58437,108864,0.2817067801952362,0.4751844108104706,0.08810572326183319,"llm_attention",0.17942996323108673,0.007223128341138363,0.29402562574493446,2,2,2,0.5396320376247636,911,0.45943494703698,2
0.8358900056739889,0.0,197392,109055,0.7556756734848022,0.7042911052703857,0.11227702349424362,"llm_attention",0.39157551527023315,0.0011389635037630796,0.0,1,2,2,0.8358900056739889,912,0.1641099943260112,2
0.7466051468822094,0.021280666813254356,179021,109118,0.12593959271907806,0.12113625556230545,0.25033828616142273,"llm_attention",0.19172145426273346,0.004528375808149576,0.3933822718955977,5,6,6,0.7133222876347375,913,0.25339485311779064,6
0.656626365690591,0.2628914713859558,85854,109313,0.12131539732217789,0.15333868563175201,0.22514620423316956,"llm_attention",0.22876466810703278,0.006142669823020697,0.11367028493894166,9,10,10,0.7597725329028523,914,0.3103524588254479,10
0.2240296803652968,0.6199821829795837,3504,109441,0.08362109214067459,0.13520276546478271,0.5,"llm_attention",0.3193679749965668,0.049769069999456406,0.240529606472968,12,12,7,0.9403008052283299,915,0.0639269406392694,12
0.7081390934629109,0.057447850704193115,131710,109798,0.164342001080513,0.22343258559703827,0.2687140107154846,"llm_attention",0.2461077868938446,0.0038014529272913933,0.39140501027548713,4,4,4,0.6886357607211075,916,0.2877078429883836,4
0.6902232354079746,0.0,46498,109827,0.30950385332107544,0.5898956060409546,0.0,"llm_attention",nan,inf,0.0,1,1,1,0.6902232354079746,917,0.30977676459202547,1
0.33090944160478347,0.28439053893089294,51845,109900,0.23399201035499573,0.2821439504623413,0.2788461446762085,"llm_attention",0.26156458258628845,0.012916358187794685,0.2309089336677333,11,12,12,0.5119563352090144,918,0.5195872311698332,12
0.6378774448974768,0.13603127002716064,84615,109916,0.23848995566368103,0.3176175355911255,0.20132742822170258,"llm_attention",0.27653440833091736,0.0034711810294538736,0.10946117946542215,2,3,3,0.5653219314845814,919,0.36212255510252317,3
0.5863267498060744,0.1087193563580513,67036,109976,0.1002231165766716,0.17736122012138367,0.2761194109916687,"llm_attention",0.27076032757759094,0.005060124676674604,0.1977209621001767,7,7,7,0.7006847507439345,920,0.4107643654155976,7
0.3037016776075857,0.24876338243484497,32904,110042,0.19919395446777344,0.25770747661590576,0.36496350169181824,"llm_attention",0.26230737566947937,0.01627289317548275,0.2700886037274672,8,8,8,0.48332389079617194,921,0.5039508874300996,8
0.5044711558457763,0.20053435862064362,24043,110211,0.4127923548221588,0.5891793370246887,0.03999999910593033,"llm_attention",0.09167422354221344,0.017998473718762398,0.0,2,2,2,0.5501080593795111,922,0.46504180010813956,2
0.6011803185437997,-1.6869064722868643e-07,14064,110282,0.39799901843070984,0.6824637651443481,0.0,"llm_attention",nan,inf,0.0,1,1,1,0.6011803185437997,923,0.3988196814562002,1
0.37656118553031775,0.0,15453,110359,0.5269952416419983,0.746375560760498,0.0,"llm_attention",nan,inf,0.0,1,1,1,0.6234388144696823,924,0.37656118553031775,1
0.8620384809007526,0.0685659870505333,162886,110449,0.191802978515625,0.15482112765312195,0.1350531131029129,"llm_attention",0.17526257038116455,0.0033957527484744787,0.16905482378070488,3,3,3,0.8971949681949777,925,0.13796151909924734,3
0.6459771996197838,-0.01902741566300392,158857,110638,0.16762834787368774,0.23455911874771118,0.19284602999687195,"llm_attention",0.15926611423492432,0.0034621721133589745,0.17930617542986185,3,3,3,0.628862637184444,926,0.35402280038021616,3
0.774847475475888,0.07150774449110031,87363,110721,0.17248985171318054,0.31693294644355774,0.10465116053819656,"llm_attention",0.11492572724819183,0.004849822726100683,0.04753431621759024,2,2,2,0.8661715364400575,927,0.21502237789453202,2
0.629778913606504,0.22416186332702637,58303,110784,0.20967523753643036,0.35014331340789795,0.17094017565250397,"llm_attention",0.5223323106765747,0.0029351883567869663,0.14505443595089182,3,3,3,0.630302377599829,928,0.3314066171552064,3
0.5353235252106842,0.1609194129705429,35005,110884,0.25836753845214844,0.4158543050289154,0.11428571492433548,"llm_attention",0.1673082560300827,0.013270732015371323,0.09652034919463913,3,3,3,0.5486180898348331,929,0.460705613483788,3
0.7766286173860285,0.0,141746,110972,0.4208538234233856,0.3711863160133362,0.0,"llm_attention",nan,inf,0.0,1,1,1,0.7766286173860285,930,0.22337138261397146,1
0.6085740417747905,0.21612541377544403,94028,110999,0.276910662651062,0.29724133014678955,0.22580644488334656,"llm_attention",0.23253150284290314,0.0077517530880868435,0.19967395734275234,8,8,8,0.5826849866771598,931,0.3421853065044455,8
0.8127469651967016,0.09745506942272186,189551,111036,0.3827340602874756,0.2551560401916504,0.12382233887910843,"llm_attention",0.14315080642700195,0.002258739434182644,0.07573110948329295,2,2,2,0.7971627889478294,932,0.17729265474727118,2
0.6719932998324958,0.2579103410243988,179100,111086,0.17509068548679352,0.16245198249816895,0.2136986255645752,"llm_attention",0.3260017931461334,0.002733797999098897,0.30272699417832705,14,15,15,0.5488824433101247,933,0.31934115019542153,15
0.017927572606669058,0.27946263551712036,5578,111179,0.3842480778694153,0.5843299031257629,0.21739129722118378,"llm_attention",0.21130234003067017,0.0676335021853447,0.2289156626506024,2,2,2,0.8341741281490485,934,0.24273933309429904,2
0.3394553706505295,0.1455494612455368,33050,111207,0.1631634533405304,0.2606101930141449,0.158273383975029,"llm_attention",0.21382898092269897,0.015245331451296806,0.4102423159726994,6,6,6,0.5246564429385753,935,0.5293797276853253,6
0.8182617641202629,0.023378480225801468,60268,111609,0.1529356986284256,0.2566935122013092,0.1155378520488739,"llm_attention",0.3804260492324829,0.004088053945451975,0.17200766913174473,3,3,3,0.821303828311605,936,0.1634698347381695,3
0.42265918566942917,0.28561168909072876,19427,111951,0.232425719499588,0.3473173975944519,0.14473684132099152,"llm_attention",0.31544339656829834,0.02418205700814724,0.21389087018544936,4,4,4,0.5096767748099348,937,0.49420909044113864,4
0.47786425108446035,0.2488643229007721,47028,112110,0.5107014179229736,0.6402724385261536,0.05347593501210213,"llm_attention",0.1200893223285675,0.009386376477777958,0.012380370596619833,2,2,2,0.5480521039845521,938,0.4762694564940036,2
0.5885307241331013,0.298957496881485,49977,112298,0.23798227310180664,0.28951531648635864,0.18686868250370026,"llm_attention",0.2932795584201813,0.009940730407834053,0.12244699474810349,9,9,9,0.5729013501154957,939,0.3495407887628309,9
0.5944403137217279,0.09052933007478714,41693,112378,0.15956006944179535,0.2872851490974426,0.2415459007024765,"llm_attention",0.2748650014400482,0.008144636638462543,0.017091489739192146,4,9,9,0.6885086996176263,940,0.38929796368694985,9
0.7146637059039819,0.08211500197649002,138703,112626,0.2890515923500061,0.35787710547447205,0.08791209012269974,"llm_attention",0.12374626845121384,0.0031441817991435528,0.06539151527402279,2,2,2,0.7044247291402668,941,0.28533629409601813,2
0.6566636582430806,1.7841550459252176e-07,79776,112634,0.3422081768512726,0.5589675307273865,0.0,"llm_attention",nan,inf,0.0,1,1,1,0.6566636582430806,942,0.34333634175691935,1
0.7254014553079294,0.04522232338786125,96337,112798,0.18232503533363342,0.3374301493167877,0.11548556387424469,"llm_attention",0.10593394935131073,0.0042841872200369835,0.011756256142738338,2,2,2,0.6403249453523939,943,0.27459854469207057,2
0.7917083852797354,-0.08351917564868927,154807,112997,0.25026291608810425,0.20150305330753326,0.09902597218751907,"llm_attention",0.7170389890670776,0.0008153467206284404,0.021336641339742595,2,2,2,0.844323055252348,944,0.20829161472026458,2
0.7529858033501089,2.4267740172945196e-07,53252,113051,0.2469075620174408,0.5428863167762756,0.0,"llm_attention",nan,inf,0.0,1,1,1,0.7529858033501089,945,0.24701419664989108,1
0.33343933852758784,0.384361207485199,25156,113235,0.267180472612381,0.39173224568367004,0.1818181872367859,"llm_attention",0.2412039041519165,0.01591057889163494,0.07627624045801527,4,4,4,0.7268341501955635,946,0.40713944983304184,4
0.5273182480826519,0.13731089234352112,31554,113354,0.3606609106063843,0.5020118355751038,0.21875,"llm_attention",0.23163650929927826,0.014616372995078564,0.16801877304726784,3,3,3,0.5327458404652647,947,0.46048044621917983,3
0.8487470354243265,0.0,159382,113403,0.8150569200515747,0.8716591596603394,0.1260080635547638,"llm_attention",0.2003348469734192,0.0023567513562738895,0.0,1,4,4,0.8487470354243265,948,0.15125296457567353,4
0.620238669238187,0.08705192804336548,49776,113589,0.10847991704940796,0.16966912150382996,0.3333333432674408,"llm_attention",0.2637696862220764,0.004344586282968521,0.09882029307517325,6,7,7,0.6141024671438483,949,0.37853584056573447,7
0.669764248111696,0.012164398096501827,131070,113720,0.05800042301416397,0.07198060303926468,0.3346666693687439,"llm_attention",0.19193953275680542,0.005057503469288349,0.3092366694390537,11,18,17,0.7696687241000816,950,0.3279774166475929,18
0.0149812734082397,0.0,534,113867,0.33674776554107666,0.6663938760757446,0.0,"llm_attention",nan,inf,0.0,1,1,1,0.9850187265917603,951,0.0149812734082397,1
0.593460568188909,0.06608009338378906,112181,114049,0.1260577291250229,0.13740554451942444,0.2572614252567291,"llm_attention",0.22034665942192078,0.007611773442476988,0.4653335087488488,14,15,15,0.5967889043218519,952,0.40529144864103545,15
0.7362599667009697,0.06569656729698181,119523,114770,0.20070433616638184,0.27873510122299194,0.18069815635681152,"llm_attention",0.28580236434936523,0.003875832073390484,0.31500808933159913,3,3,3,0.7102856821426711,953,0.2637400332990303,3
0.8118634215381505,0.0,197835,114871,0.7889295220375061,0.8382518291473389,0.0839160829782486,"llm_attention",0.12448747456073761,0.0017035685013979673,0.0,1,2,2,0.8118634215381505,954,0.18813657846184953,2
0.2538481883099709,0.22732029855251312,56715,114884,0.17876824736595154,0.17057299613952637,0.35111111402511597,"llm_attention",0.2420669049024582,0.023654993623495102,0.4270759487688454,27,27,25,0.6110165125970847,955,0.5700255664286344,27
0.6853880648499483,0.00905625894665718,144950,114907,0.09921356290578842,0.10957852005958557,0.40645161271095276,"llm_attention",0.4013230502605438,0.002440693788230419,0.27204350590969895,14,14,14,0.6951197190431241,956,0.3113487409451535,14
0.7755365870935751,0.0,56468,115118,0.22311212122440338,0.5230981707572937,0.0,"llm_attention",nan,inf,0.0,1,1,1,0.7755365870935751,957,0.22446341290642488,1
0.5675108599384252,0.20340275764465332,94844,115245,0.1712038218975067,0.1802119016647339,0.3499999940395355,"llm_attention",0.26156070828437805,0.007585722487419844,0.39457324654428433,16,16,16,0.6845443840628841,958,0.36114039897094175,16
0.5649364894031066,0.0690215677022934,141315,115870,0.18336261808872223,0.20497125387191772,0.29928314685821533,"llm_attention",0.19026359915733337,0.006239838432520628,0.42715635724858086,11,11,11,0.6143031344629708,959,0.4285249265824576,11
0.822075089987126,-0.047434013336896896,190305,115885,0.21398167312145233,0.139784038066864,0.1377483457326889,"llm_attention",0.33356374502182007,0.0017769216792657971,0.16163614884819846,3,3,3,0.8737335797912068,960,0.17792491001287408,3
0.603909893404397,0.12351521849632263,48032,115898,0.3683479130268097,0.537534773349762,0.056410256773233414,"llm_attention",0.10169551521539688,0.009201161563396454,0.00835742444152431,2,2,2,0.6176413583113142,961,0.39609010659560295,2
0.1629521782954418,0.6349904537200928,8929,115946,0.19133338332176208,0.22651046514511108,0.41025641560554504,"llm_attention",0.302122563123703,0.06200477480888367,0.1337971635001338,17,17,14,0.8404135344307306,962,0.22062940978833015,17
0.627655652334209,0.06600424647331238,86796,116068,0.24196553230285645,0.31572356820106506,0.1972602754831314,"llm_attention",0.24436359107494354,0.005372569430619478,0.34265734265734266,4,4,4,0.5964830357074131,963,0.37156090142402876,4
0.5230226999110149,0.19611655175685883,57313,116206,0.349711537361145,0.46288350224494934,0.1535087674856186,"llm_attention",0.2073829621076584,0.008915635757148266,0.09737718110985112,3,3,3,0.5497596465330092,964,0.429902465409244,3
0.6367504732449942,0.2756058871746063,187535,116208,0.2533489465713501,0.2409745752811432,0.18413978815078735,"llm_attention",0.19897741079330444,0.005984568502753973,0.1951792372508147,18,18,18,0.5468424739393426,965,0.31335484042978645,18
0.7032908676975493,0.035638850182294846,190193,116362,0.17449887096881866,0.18208885192871094,0.2808302938938141,"llm_attention",0.19104942679405212,0.004563451744616032,0.14959597391550894,4,8,8,0.6850777570561439,966,0.29670913230245066,8
0.5888080769414804,0.10189305245876312,83596,116439,0.1435568928718567,0.1726667881011963,0.2507462799549103,"llm_attention",0.27498576045036316,0.0048087104223668575,0.26325129458311514,12,12,12,0.5640468840879099,967,0.3769199483228863,12
0.8519699968613283,-4.90294441988226e-05,156117,116479,0.18334881961345673,0.150775745511055,0.10000000149011612,"llm_attention",0.4348914325237274,0.0014244974590837955,0.0012548680225010819,3,3,3,0.8997677310208626,968,0.14803000313867165,3
0.6968842729970326,0.07332216948270798,161760,116589,0.2821040451526642,0.29559364914894104,0.18622848391532898,"llm_attention",0.20033082365989685,0.0030850074253976345,0.18445097079458314,3,3,3,0.6382397452863531,969,0.2990417903066271,3
0.6751962921248167,0.2630116045475006,123413,116825,0.2611694037914276,0.3235832154750824,0.15959596633911133,"llm_attention",0.35841071605682373,0.0022288679610937834,0.13997754771111387,3,3,3,0.5358944989323885,970,0.3231588244350271,3
0.6487113402061856,0.0,27160,117197,0.2636893689632416,0.5883634090423584,0.06422018259763718,"llm_attention",0.1031603291630745,0.015598537400364876,0.0,1,2,2,0.6487113402061856,971,0.3512886597938144,2
0.39513253759107114,0.32826900482177734,12902,117374,0.517116129398346,0.631496250629425,0.13725490868091583,"llm_attention",0.1863938271999359,0.045233163982629776,0.036647872885699644,3,3,3,0.6475746753057822,972,0.4172996434661293,3
0.8121663509557431,0.009343904443085194,139368,117425,0.25084641575813293,0.21575932204723358,0.2569105625152588,"llm_attention",0.24606174230575562,0.0030086790211498737,0.23454809381923752,2,4,4,0.8121220644656115,973,0.18783364904425692,4
0.6065036226696068,0.1818637251853943,69838,117492,0.15853744745254517,0.1662517786026001,0.3059936761856079,"llm_attention",0.2334894984960556,0.010834701359272003,0.48033186565263275,18,18,18,0.6142209696509883,974,0.3631833672212835,18
0.7537119918792968,0.20554986596107483,108365,117525,0.33140528202056885,0.39237022399902344,0.10022778809070587,"llm_attention",0.12300731986761093,0.003937383648008108,0.11667728277567538,2,2,2,0.662075445938108,975,0.24628800812070317,2
0.09775967413441955,0.15035337209701538,982,117645,0.06356204301118851,0.3651692569255829,0.0,"llm_attention",0.07307223975658417,0.2176373153924942,0.12866817155756208,2,2,2,0.820852534562212,976,0.3167006109979633,2
0.3908224213186308,0.3865589499473572,17412,117719,0.08569011092185974,0.10046598315238953,0.2804878056049347,"llm_attention",0.304189532995224,0.012078122235834599,0.24464975959272178,16,16,13,0.7131438750359929,977,0.2613140362968068,16
0.7420545545545546,0.16389383375644684,79920,117744,0.270141065120697,0.4292166233062744,0.019108280539512634,"llm_attention",0.10745612531900406,0.0056380764581263065,0.06538927965073975,2,2,2,0.6946804777453797,978,0.25794544544544545,2
0.7293644773921372,0.06617341935634613,180623,117908,0.23925717175006866,0.22310006618499756,0.1450577676296234,"llm_attention",0.25641822814941406,0.0035147955641150475,0.0952478366712354,6,9,9,0.7589133273439956,979,0.25639591857072463,9
0.49096232676166307,-0.016550296917557716,25615,117914,0.13172806799411774,0.389044851064682,0.08163265138864517,"llm_attention",0.4389874041080475,0.009170453064143658,0.0,2,2,2,0.7391260853907407,980,0.5090376732383369,2
0.6818373875777147,0.0793464183807373,99402,118209,0.2948082387447357,0.43080973625183105,0.07948718219995499,"llm_attention",0.10824605822563171,0.004568038508296013,0.042907734142793905,2,2,2,0.6848664417554735,981,0.3181626124222853,2
0.9059695287471571,0.08630521595478058,40891,118367,0.07566709816455841,0.15089933574199677,0.27014216780662537,"llm_attention",0.2752653956413269,0.006971725262701511,0.09388816644993499,3,10,8,0.8423419037914109,982,0.09403047125284292,10
0.0,1.0,1025,118405,0.04635527729988098,0.33716365694999695,0.0,"llm_attention",0.14306890964508057,0.20615775883197784,0.0,2,2,2,1.0,983,0.0,2
0.6370243921955643,0.005582522135227919,74983,118515,0.18667423725128174,0.38810303807258606,0.25167784094810486,"llm_attention",0.7704744338989258,0.0015245149843394756,0.2326119704596392,2,2,2,0.6623633795753137,984,0.36297560780443566,2
0.5966871881586625,0.026571985334157944,83977,118594,0.207234188914299,0.3933453857898712,0.15915915369987488,"llm_attention",0.11190963536500931,0.002883914392441511,0.02772446780241519,2,2,2,0.6274732369857283,985,0.3980494659251938,2
0.4151989562948467,0.1413457691669464,18396,118921,0.24656826257705688,0.4224891662597656,0.07042253762483597,"llm_attention",0.15784351527690887,0.02313224971294403,0.061628555493586167,3,3,3,0.6617614434460353,986,0.5051641661230702,3
0.245578056908485,0.36179590225219727,7802,119038,0.47437548637390137,0.6024743914604187,0.21875,"llm_attention",0.2835661768913269,0.05332671478390694,0.16802582398912674,3,3,3,0.6787918571271753,987,0.3723404255319149,3
0.3251779723426888,0.43847984075546265,12221,119088,0.4540795385837555,0.5827809572219849,0.0181818176060915,"llm_attention",0.2501479983329773,0.03200116008520126,0.0,3,3,3,0.8069041671093579,988,0.3251779723426888,3
0.6474403500850902,0.09372960031032562,115172,119233,0.14269329607486725,0.17492510378360748,0.22125813364982605,"llm_attention",0.28704506158828735,0.004107952583581209,0.09402782908508804,7,7,7,0.6607968183154059,989,0.3461952557913382,7
0.850667593040116,0.022763675078749657,132416,119365,0.17882393300533295,0.16816823184490204,0.1889081448316574,"llm_attention",0.19394229352474213,0.004503477364778519,0.11353292201881258,5,5,5,0.8169284301577356,990,0.14610772112131465,5
0.3919916125650228,0.31215205788612366,24799,119445,0.1941838264465332,0.2978708744049072,0.095238097012043,"llm_attention",0.16866150498390198,0.02856144867837429,0.13987266215678473,6,6,6,0.7738972122278457,991,0.4500584700996008,6
0.7482601136438517,0.06293294578790665,197283,119452,0.23457646369934082,0.19829772412776947,0.2915601134300232,"llm_attention",0.2879013121128082,0.002316339872777462,0.14586018041237114,6,6,6,0.6684247162133586,992,0.2495602763542728,6
0.33843150016270745,0.3386322557926178,6146,119516,0.1965324580669403,0.28615111112594604,0.1599999964237213,"llm_attention",0.26051557064056396,0.06881620734930038,0.09960649286768322,7,7,7,0.8857915340574652,993,0.41409046534331273,7
0.19109442060085838,0.40224018692970276,18640,119641,0.21274453401565552,0.2233189046382904,0.44871795177459717,"llm_attention",0.341726690530777,0.028426293283700943,0.35661228279612683,17,19,19,0.6282393998267025,994,0.4022532188841202,19
0.48864380583134676,0.17644135653972626,38173,119677,0.41245248913764954,0.5767824053764343,0.06711409240961075,"llm_attention",0.10775857418775558,0.011501499451696873,0.03908811475409836,2,2,2,0.5196059086849547,995,0.49689571162863805,2
0.7005765997894704,0.13354356586933136,127298,119828,0.17551997303962708,0.21912424266338348,0.1805555522441864,"llm_attention",0.17749403417110443,0.005333620589226484,0.17591037884353028,5,5,5,0.6681705627999246,996,0.293484579490644,5
0.5120030483932427,0.2307729870080948,23619,119911,0.2246743142604828,0.3397849500179291,0.06451612710952759,"llm_attention",0.19581590592861176,0.025813087821006775,0.14627798021863614,5,5,5,0.7205928642230871,997,0.4294847368643888,5
0.6263344641912291,0.3099014163017273,64258,119995,0.22655990719795227,0.3226073384284973,0.19844357669353485,"llm_attention",0.15525823831558228,0.013388791121542454,0.18179167881387698,5,5,5,0.7780652173558705,998,0.32078496062747053,5
0.815119460758142,0.3866548538208008,119872,120420,0.1294005811214447,0.12292320281267166,0.16081330180168152,"llm_attention",0.3401552736759186,0.00498748105019331,0.19569533435610503,16,17,14,0.7349301057396171,999,0.158627536038441,17
0.081008100810081,0.8333910703659058,1111,120572,0.1449369192123413,0.42188766598701477,0.6000000238418579,"llm_attention",0.9514657855033875,0.00901368074119091,0.0,2,2,2,0.9235786214342461,1000,0.081008100810081,2
0.27558214056825464,2.286032554366102e-07,4681,120584,0.5100014805793762,0.7487051486968994,0.0,"llm_attention",nan,inf,0.0,1,1,1,0.7244178594317453,1001,0.27558214056825464,1
0.3008380124714314,0.35944437980651855,35441,120777,0.4061630070209503,0.5318092703819275,0.12142857164144516,"llm_attention",0.16419395804405212,0.016142647713422775,0.18156503490859197,3,3,3,0.5750850896899831,1002,0.4277813831438165,3
0.6453182282440827,0.06702534854412079,202669,120853,0.2807367444038391,0.25865548849105835,0.28431373834609985,"llm_attention",0.20987674593925476,0.0051773786544799805,0.17127832728183298,6,9,9,0.6953370283884378,1003,0.33410635074925127,9
0.520320226041912,0.19491051137447357,42470,121031,0.22344517707824707,0.2844231128692627,0.32065218687057495,"llm_attention",0.21618399024009705,0.014140206389129162,0.29408010995483996,8,8,7,0.6319898202604143,1004,0.4036025429715093,8
0.4588165504968115,0.24037472903728485,33715,121242,0.20775742828845978,0.2767992615699768,0.3214285671710968,"llm_attention",0.28246206045150757,0.01993301510810852,0.1882056341115861,8,8,8,0.7209918821826582,1005,0.4298976716594987,8
0.5972653462673326,0.1343899667263031,103706,121417,0.17370665073394775,0.24534906446933746,0.13221153616905212,"llm_attention",0.1866483986377716,0.007413502316921949,0.1005842072499162,5,6,6,0.643881813745564,1006,0.394644475729466,6
0.7956083358045992,0.14338120818138123,74186,121497,0.11565075069665909,0.18966807425022125,0.26530611515045166,"llm_attention",0.3753588795661926,0.006255295593291521,0.28859724328958647,5,5,5,0.7142153159841088,1007,0.18728601083762436,5
0.5767457302003025,0.20825432240962982,54218,121506,0.17227312922477722,0.22039160132408142,0.18789808452129364,"llm_attention",0.27397578954696655,0.00881243497133255,0.07464702806344779,9,9,9,0.6648728376138611,1008,0.3902947360655133,9
0.5901382488479263,0.283282071352005,32550,121586,0.07632452994585037,0.12440872192382812,0.22448979318141937,"llm_attention",0.34296441078186035,0.012185324914753437,0.15695974814481672,10,11,11,0.6829407228581038,1009,0.344147465437788,11
0.2973095184264074,0.25471872091293335,17692,121591,0.4543653726577759,0.6229789853096008,0.04054053872823715,"llm_attention",0.09270263463258743,0.02322150394320488,0.04198841698841699,2,2,2,0.7350117137064489,1010,0.32681437938051094,2
0.5294967644656656,0.27857518196105957,31834,121673,0.43797963857650757,0.5996662974357605,0.024390242993831635,"llm_attention",0.13362886011600494,0.01401435025036335,0.0,2,2,2,0.6350791816976273,1011,0.36448451341333166,2
0.6455275373227951,0.193471759557724,127536,121744,0.13471530377864838,0.14819397032260895,0.21763601899147034,"llm_attention",0.2703271508216858,0.004311265889555216,0.4202795965315873,13,13,13,0.5880183266542592,1012,0.3387670932128968,13
0.5554642563681184,0.1480732411146164,88841,122046,0.3200516402721405,0.4258013963699341,0.10795454680919647,"llm_attention",0.13708527386188507,0.006758053321391344,0.11419745271313904,3,3,3,0.5837001027086436,1013,0.433786202316498,3
0.4121579754101034,0.1857519894838333,30663,122166,0.11784893274307251,0.13358628749847412,0.28703704476356506,"llm_attention",0.2874928116798401,0.014740183018147945,0.27073509015256586,24,24,18,0.7162000384027071,1014,0.46313146137038125,24
0.2405506299580028,0.2471664398908615,8572,122217,0.28160351514816284,0.42056432366371155,0.054054055362939835,"llm_attention",0.16789285838603973,0.07220985740423203,0.19170506912442398,4,4,4,0.7615467800468866,1015,0.4255716285580961,4
0.8634604311143379,0.0,199715,122606,0.6643167734146118,0.34582990407943726,0.1348600536584854,"llm_attention",0.21352143585681915,0.0019683910068124533,0.0,1,2,2,0.8634604311143379,1016,0.13653956888566207,2
0.5748864678642536,0.2824303209781647,44701,122672,0.4027182161808014,0.5624481439590454,0.07777778059244156,"llm_attention",0.12114962935447693,0.009263242594897747,0.0266273746250592,2,2,2,0.6734343601720285,1017,0.3195677949039171,2
0.509063014944031,0.0,17599,122745,0.449227899312973,0.7037208080291748,0.0,"llm_attention",nan,inf,0.0,1,1,1,0.509063014944031,1018,0.4909369850559691,1
0.49536374385462695,0.0,16069,122927,0.48817047476768494,0.7273513078689575,0.0,"llm_attention",nan,inf,0.0,1,1,1,0.5046362561453731,1019,0.49536374385462695,1
0.5925270854867731,0.04477741941809654,130605,122962,0.08799068629741669,0.07930366694927216,0.31090909242630005,"llm_attention",0.29096660017967224,0.004552160389721394,0.529689202901274,25,29,23,0.6475868355763982,1020,0.3890356418207572,29
0.769765826828523,0.057449325919151306,179995,122969,0.3164569139480591,0.2674512565135956,0.10138888657093048,"llm_attention",0.10199694335460663,0.002493527252227068,0.06773485195820564,2,2,2,0.7623874358100347,1021,0.23023417317147699,2
0.6735481233552212,-0.010293080471456051,78278,123131,0.11895527690649033,0.335377961397171,0.12745098769664764,"llm_attention",0.12209086120128632,0.005699926521629095,0.000704390702042733,2,2,2,0.8223949916056046,1022,0.32645187664477887,2
0.5548731958097615,0.15151198208332062,92978,123213,0.1777876913547516,0.19348789751529694,0.2883116900920868,"llm_attention",0.2655036449432373,0.010109631344676018,0.4142605165873342,14,14,14,0.6147821050000755,1023,0.4021811611348921,14
0.6241941937491664,0.12127245217561722,22493,165518,0.32251352071762085,0.5244970917701721,0.14000000059604645,"llm_attention",0.1146908700466156,0.017452171072363853,0.05441854962735124,2,2,2,0.6224076291291719,1407,0.3758058062508336,2
