area_frac,bg_map_on_self_mean,category,image_id,is_thing,map_inside_mean,map_neutral_mass_frac,map_neutral_mean,map_other_region_mass_frac,map_other_region_mean,map_outside_mass_frac,map_outside_mean,map_self_mass_frac,object_index,own_gt_patch_win_frac,sample_index,size_bucket
0.788330078125,1.4194151845003944e-06,"bear",285,True,0.001237967167980969,0.0006510522798635066,3.0037012948014308e-06,0.0,0.0,0.0006510522798635066,3.0037012948014308e-06,0.9993489980697632,0,1.0,0,"large"
0.044189453125,1.0697441439333488e-06,"person",4765,True,0.022038469091057777,0.0025412223767489195,2.6471068395039765e-06,0.00021810922771692276,1.1632493624347262e-05,0.0027593316044658422,2.8192407626193017e-06,0.9972406029701233,0,0.9779005646705627,1,"medium"
0.018310546875,1.0809172863446292e-06,"surfboard",4765,True,0.05066342279314995,0.0024055144749581814,2.5057443053810857e-06,0.04765532910823822,0.001053156447596848,0.05006084591150284,4.979940058547072e-05,0.9499391913414001,1,0.9466666579246521,1,"small"
0.444091796875,1.8066913980874233e-05,"motorcycle",7386,True,0.0021485495381057262,0.00893156323581934,1.6655596482451074e-05,0.014242419973015785,0.000412823777878657,0.022947076708078384,4.0311071643373e-05,0.9770529270172119,0,0.9648158550262451,2,"large"
0.02783203125,4.204355263937032e-06,"truck",7386,True,0.029006732627749443,0.025856059044599533,4.8216432332992554e-05,0.14745327830314636,0.00032072493922896683,0.17330822348594666,0.00017409164865966886,0.826691746711731,1,0.8771929740905762,2,"small"
0.005859375,1.71812837379548e-06,"dog",7386,True,0.15443049371242523,0.01645127311348915,3.067836587433703e-05,0.056967541575431824,0.00011800629727076739,0.07341701537370682,7.211887714220211e-05,0.926582932472229,2,0.8333333134651184,2,"tiny"
0.508544921875,2.7221602067584172e-05,"bowl",8277,True,0.0009899184806272388,0.061511799693107605,0.00024878382100723684,0.42331209778785706,0.0016423360211774707,0.4845000207424164,0.0009627421968616545,0.5155000686645508,0,0.9908785223960876,3,"large"
0.17724609375,1.0313237908121664e-06,"bowl",8277,True,0.004667795263230801,0.03291375935077667,0.00013311936345417053,0.12639115750789642,0.00021100362937431782,0.15279538929462433,0.00018135952996090055,0.8472046852111816,1,0.22176308929920197,3,"large"
0.028076171875,8.490710001751722e-07,"fork",8277,True,0.030876873061060905,0.03544839471578598,0.00014337067841552198,0.07750009745359421,0.00010333347017876804,0.11229000985622406,0.00011282594641670585,0.8877099752426147,2,0.582608699798584,3,"small"
0.010986328125,1.766892552268473e-07,"broccoli",8277,True,0.028958339244127274,0.17247633635997772,0.0006975787109695375,0.5017727613449097,0.0006552696577273309,0.6742187142372131,0.0006657306221313775,0.32578131556510925,3,0.5333333611488342,3,"small"
0.011962890625,4.0760244246484945e-07,"broccoli",8277,True,0.012323912233114243,0.5908476710319519,0.002389677334576845,0.25818541646003723,0.0003376076347194612,0.8490320444107056,0.0008391718729399145,0.15096791088581085,4,0.08163265138864517,3,"small"
0.01171875,1.0253123150505417e-07,"broccoli",8277,True,0.007289495784789324,0.21910151839256287,0.0008861538954079151,0.6934664845466614,0.000906196073628962,0.91252601146698,0.0009017056436277926,0.08747394382953644,5,0.0833333358168602,3,"small"
0.007568359375,3.17861633902794e-07,"broccoli",8277,True,1.481606796005508e-05,0.2259400635957718,0.0009138121968135238,0.7739452123641968,0.0010064307134598494,0.9998852014541626,0.0009838968981057405,0.00011482452828204259,6,0.0,3,"tiny"
0.00732421875,5.192447929402988e-07,"broccoli",8277,True,0.011558067984879017,0.5281691551208496,0.0021361748222261667,0.38726261258125305,0.0005024491110816598,0.9133144617080688,0.0008984894957393408,0.08668550103902817,7,0.0,3,"tiny"
0.04443359375,4.4003277821502707e-07,"person",9400,True,0.010649598203599453,0.5108582377433777,0.0005835045594722033,0.004585091955959797,4.4515454646898434e-05,0.5154433250427246,0.0005267688538879156,0.48455673456192017,0,0.6813187003135681,4,"medium"
0.01708984375,2.27844864753024e-07,"laptop",9400,True,0.0003614744346123189,0.7635825872421265,0.0008721674093976617,0.2300916165113449,0.0017564245499670506,0.9936742186546326,0.0009872569935396314,0.006325802765786648,1,0.2571428716182709,4,"small"
0.02978515625,3.535387236297538e-07,"keyboard",9400,True,0.004949421621859074,0.06495819985866547,7.419554458465427e-05,0.7840844392776489,0.006644783541560173,0.8490426540374756,0.0008545975433662534,0.1509573608636856,2,0.09836065769195557,4,"small"
0.0244140625,8.458958404844452e-07,"keyboard",9400,True,0.03226754441857338,0.07069550454616547,8.074872312135994e-05,0.12261587381362915,0.000992841087281704,0.19331136345863342,0.00019350486400071532,0.8066886067390442,3,0.20000000298023224,4,"small"
0.01123046875,1.108037167796283e-06,"cup",9400,True,0.0019038153113797307,0.7525368928909302,0.0008595511317253113,0.22556915879249573,0.0016464904183521867,0.9781060814857483,0.0009660308132879436,0.021893873810768127,4,0.739130437374115,4,"small"
0.00390625,1.2392898440793942e-07,"keyboard",9400,True,0.0004494421009439975,0.15209923684597015,0.00017372844740748405,0.8461029529571533,0.00585538474842906,0.9982022047042847,0.0009786296868696809,0.0017977681709453464,5,0.0,4,"tiny"
0.00439453125,6.039330742169113e-07,"mouse",9400,True,0.18082457780838013,0.10173976421356201,0.00011620761506492272,0.08454965800046921,0.0005871503963135183,0.18628942966461182,0.000182726260391064,0.813710629940033,6,0.7777777910232544,4,"tiny"
0.005859375,1.3995014342071954e-05,"laptop",9400,True,0.00022704906587023288,0.2575090527534485,0.00029412799631245434,0.74112868309021,0.005200902931392193,0.9986376762390137,0.0009809799958020449,0.0013622944243252277,7,0.6666666865348816,4,"tiny"
0.0029296875,0.0001418877945980057,"person",9400,True,0.00408773822709918,0.8288265466690063,0.0009466895135119557,0.15891017019748688,0.0010921661742031574,0.9877368211746216,0.0009674211032688618,0.012263212352991104,8,1.0,4,"tiny"
0.0009765625,4.563212769426173e-06,"keyboard",9400,True,5.297795269143535e-07,0.820328414440155,0.000936982745770365,0.1796710193157196,0.001218108576722443,0.9999995827674866,0.0009775167563930154,5.297795269143535e-07,9,0.0,4,"tiny"
0.17626953125,1.1992564168394892e-06,"person",10707,True,0.005135084968060255,0.06867627054452896,9.618526382837445e-05,0.004441011697053909,3.429353091632947e-05,0.07311727851629257,8.668320515425876e-05,0.9268826842308044,0,0.9639889001846313,5,"large"
0.02587890625,3.403978325877688e-06,"couch",10707,True,0.032346490770578384,0.08989111334085464,0.0001258979318663478,0.05292685329914093,0.00018669087148737162,0.14281795918941498,0.00014317591558210552,0.8571819067001343,1,0.6415094137191772,5,"small"
0.056640625,1.0821199794008862e-05,"dining table",10707,True,0.010493292473256588,0.08666084706783295,0.00012137373414589092,0.30489522218704224,0.001205119420774281,0.39138898253440857,0.0004051645810250193,0.608610987663269,2,0.732758641242981,5,"medium"
0.0146484375,6.5940816966758575e-06,"backpack",10707,True,0.046327926218509674,0.06901862472295761,9.666476398706436e-05,0.23606252670288086,0.0008002121467143297,0.30508115887641907,0.000302359985653311,0.694918692111969,3,0.2666666805744171,5,"small"
0.0087890625,4.824931693292456e-06,"couch",10707,True,0.06357409060001373,0.08382932841777802,0.00011740802437998354,0.34400391578674316,0.001142870169132948,0.4278331995010376,0.0004215105436742306,0.5721668004989624,4,0.5555555820465088,5,"tiny"
0.00390625,5.93704498896841e-07,"laptop",10707,True,0.19593167304992676,0.062244314700365067,8.717690798221156e-05,0.1540289968252182,0.0005033627385273576,0.21627329289913177,0.00021203263895586133,0.783726692199707,5,1.0,5,"tiny"
0.005859375,2.9463426471920684e-06,"cup",10707,True,0.06021857634186745,0.05641857162117958,7.901760545792058e-05,0.5823842883110046,0.0019094564486294985,0.6386885046958923,0.0006273953476920724,0.36131149530410767,6,0.3333333432674408,5,"tiny"
0.0029296875,4.666251697926782e-06,"bottle",10707,True,0.00015892705414444208,0.0731956958770752,0.00010251498315483332,0.9263275265693665,0.003017353592440486,0.9995232224464417,0.0009789649629965425,0.00047678116243332624,7,0.3333333432674408,5,"tiny"
0.00390625,9.521661922917701e-06,"bottle",10707,True,0.13726821541786194,0.31566694378852844,0.0004421105550136417,0.13526031374931335,0.0004420271725393832,0.4509272575378418,0.0004420855548232794,0.5490728616714478,8,0.25,5,"tiny"
0.001953125,5.020328899263404e-07,"remote",10707,True,0.35046786069869995,0.04979525879025459,6.974126154091209e-05,0.24926908314228058,0.000809315184596926,0.2990643382072449,0.0002926265588030219,0.7009357213973999,9,0.5,5,"tiny"
0.001953125,2.9970333343953826e-06,"cup",10707,True,0.3816288411617279,0.034822456538677216,4.877095125266351e-05,0.20191992819309235,0.0006555842701345682,0.23674239218235016,0.00023164620506577194,0.7632575631141663,10,0.5,5,"tiny"
0.0009765625,1.9784420146606863e-06,"remote",10707,True,0.006108167115598917,0.04740308225154877,6.639087951043621e-05,0.9464887380599976,0.003063070820644498,0.9938918352127075,0.000971546396613121,0.006108166184276342,11,0.0,5,"tiny"
0.11474609375,8.499876571477216e-07,"zebra",11760,True,0.0069137318059802055,0.000114327238406986,1.5884297965840233e-07,0.18752221763134003,0.0010041350033134222,0.18763655424118042,0.0002069901383947581,0.8123635053634644,0,0.957446813583374,6,"large"
0.087646484375,7.302854214685794e-07,"zebra",11760,True,0.00921459961682558,0.00041295160190202296,5.73743193399423e-07,0.17257685959339142,0.0008045542053878307,0.1729898303747177,0.0001851644046837464,0.8270102143287659,1,0.7437325716018677,6,"medium"
0.0947265625,2.0762099666171707e-06,"zebra",11760,True,0.0043401396833360195,0.0003140252083539963,4.362976255833928e-07,0.5786924362182617,0.002792243380099535,0.5790064930915833,0.0006246024859137833,0.4209935665130615,2,0.907216489315033,6,"medium"
0.17822265625,2.0414368009369355e-06,"person",13201,True,0.005464629735797644,0.0027051346842199564,3.214657908756635e-06,0.0,0.0,0.0027051346842199564,3.214657908756635e-06,0.9972949028015137,0,1.0,7,"large"
0.3544921875,0.002636601682752371,"bed",14831,True,0.0023406720720231533,0.1503361165523529,0.00022743739828001708,0.0,0.0,0.1503361165523529,0.00022743739828001708,0.8496639728546143,0,1.0,8,"large"
0.25390625,3.385652576071152e-07,"fire hydrant",15746,True,0.003836335614323616,0.0025527989491820335,3.341360297781648e-06,0.0,0.0,0.0025527989491820335,3.341360297781648e-06,0.99744713306427,0,1.0,9,"large"
0.09765625,2.6960987042912166e-07,"dog",17029,True,0.009948073886334896,0.002247899305075407,2.6484822228667326e-06,0.0029446850530803204,3.913202817784622e-05,0.00519258389249444,5.619679541268852e-06,0.9948074221611023,0,0.9800000190734863,10,"medium"
0.065673828125,1.540772814223601e-06,"car",17029,True,0.012640596367418766,0.0560929961502552,6.608895637327805e-05,0.09382698684930801,0.0008687685476616025,0.14991998672485352,0.0001566971477586776,0.8500800132751465,1,0.9851301312446594,10,"medium"
0.0078125,4.3946721461907146e-07,"frisbee",17029,True,0.11580750346183777,0.02332579903304577,2.748253427853342e-05,0.050214193761348724,0.00030023438739590347,0.07353999465703964,7.238188845803961e-05,0.9264599084854126,2,1.0,10,"tiny"
0.025390625,6.232251053006621e-07,"cup",17714,True,0.03017348237335682,0.20857472717761993,0.00021228980040177703,0.006914698518812656,0.00044610959594137967,0.2154894322156906,0.00021592127450276166,0.7845105528831482,0,0.9615384340286255,11,"small"
0.0087890625,6.469149980148359e-07,"fork",17714,True,0.04969393461942673,0.49372416734695435,0.000502518261782825,0.059030450880527496,0.0018163215136155486,0.5527546405792236,0.0005445858696475625,0.44724541902542114,1,0.3333333432674408,11,"tiny"
0.0029296875,1.802673779138786e-07,"banana",17714,True,0.108221136033535,0.6312898993492126,0.0006425342289730906,0.04404668137431145,0.0011440695961937308,0.6753365993499756,0.0006614462472498417,0.3246634006500244,2,0.3333333432674408,11,"tiny"
0.00341796875,7.401945367746521e-08,"banana",17714,True,7.146607094909996e-05,0.7744375467300415,0.0007882316131144762,0.22531236708164215,0.005929272621870041,0.9997498989105225,0.0009796667145565152,0.00025013124104589224,3,0.0,11,"tiny"
0.4287109375,1.0685872439353261e-05,"person",19402,True,0.002108170185238123,0.07451336830854416,0.000127373292343691,0.0,0.0,0.07451336830854416,0.000127373292343691,0.9254866242408752,0,1.0,12,"large"
0.013671875,1.8147582522942685e-05,"dining table",20553,True,0.0515030100941658,0.27629250288009644,0.00027670757845044136,0.0026654282119125128,0.00023177637194748968,0.27895790338516235,0.000276195933111012,0.7210421562194824,0,0.9285714030265808,13,"small"
0.0078125,2.0691244628778804e-07,"teddy bear",20553,True,0.003825365100055933,0.9660683870315552,0.0009675197652541101,0.003328649327158928,0.00019020856416318566,0.9693970680236816,0.000954131071921438,0.030602917075157166,1,0.96875,13,"tiny"
0.00341796875,1.1133587349831942e-06,"vase",20553,True,0.009031934663653374,0.9634580612182617,0.0009649055427871644,0.004930165596306324,0.0002240984613308683,0.9683881998062134,0.0009489351650699973,0.031611766666173935,2,0.6428571343421936,13,"tiny"
0.212646484375,1.7497912949693273e-06,"person",22479,True,0.004536967724561691,0.0032334092538803816,4.324184828874422e-06,0.008855887688696384,0.0001500997896073386,0.012075407430529594,1.497724952059798e-05,0.9879246950149536,0,0.9540757536888123,14,"large"
0.0556640625,2.92846010552239e-07,"skateboard",22479,True,0.016901638358831406,0.0012031582882627845,1.6090380086097866e-06,0.03549444302916527,0.00016152190801221877,0.036606691777706146,3.785593435168266e-05,0.9633934497833252,1,0.9473684430122375,14,"medium"
0.001953125,3.892025779350661e-05,"bench",22479,True,0.0016198264202103019,0.8553804159164429,0.0011439390946179628,0.14137999713420868,0.0005155150429345667,0.996760368347168,0.0009753037011250854,0.0032396528404206038,2,1.0,14,"tiny"
0.20849609375,5.496547714756161e-07,"horse",23126,True,0.004466855898499489,0.003913916647434235,5.611349934042664e-06,0.04241405427455902,0.0003745170251931995,0.04632632061839104,5.7157707487931475e-05,0.953673779964447,0,0.9531615972518921,15,"large"
0.110595703125,2.6829860644284054e-07,"person",23126,True,0.00806268397718668,0.004511641804128885,6.468304491136223e-06,0.08238990604877472,0.00038590122130699456,0.08690113574266434,9.541711915517226e-05,0.9130988717079163,1,0.9315673112869263,15,"large"
0.02197265625,4.231452294334304e-06,"kite",24027,True,0.042831894010305405,0.03627421706914902,3.627422483987175e-05,8.326133865921292e-06,5.550757123273797e-06,0.03628254309296608,3.6228208045940846e-05,0.9637174010276794,0,0.9111111164093018,16,"small"
0.00146484375,1.5426323443534784e-05,"person",24027,True,0.014011799357831478,0.8969467878341675,0.0008969467598944902,0.08203555643558502,0.0036460247356444597,0.9789823293685913,0.000957439944613725,0.02101769857108593,1,1.0,16,"tiny"
0.1279296875,5.915960628044559e-07,"person",25393,True,0.00734546035528183,0.007872886024415493,1.0054772246803623e-05,0.03010883927345276,0.0002724782098084688,0.037744808942079544,4.226742748869583e-05,0.9622551798820496,0,0.9503816962242126,17,"large"
0.0986328125,7.973299602781481e-07,"person",25393,True,0.008696042001247406,0.01731717400252819,2.2116439140518196e-05,0.10575077682733536,0.000750005419831723,0.12169978767633438,0.00013185240095481277,0.8783003687858582,1,0.9207921028137207,17,"medium"
0.00439453125,1.5090859051269945e-07,"tie",25393,True,0.0193096324801445,0.04339678958058357,5.5423744925064966e-05,0.8707539439201355,0.0036740677896887064,0.9131065607070923,0.0008956416859291494,0.08689334243535995,2,0.7777777910232544,17,"tiny"
0.005859375,1.261990263401458e-07,"tie",25393,True,0.12552262842655182,0.09213536232709885,0.00011766968964366242,0.23559552431106567,0.000998286297544837,0.24686437845230103,0.0002424994163447991,0.753135621547699,3,0.8333333134651184,17,"tiny"
0.10107421875,2.5496547095826827e-06,"couch",29596,True,0.00849147792905569,0.116462342441082,0.00013510712597053498,0.004669723100960255,7.982432725839317e-05,0.12113206088542938,0.000131593769765459,0.8788679838180542,0,0.9420289993286133,18,"large"
0.01708984375,7.887647370807827e-06,"chair",29596,True,0.003577420487999916,0.030511032789945602,3.5395634768065065e-05,0.9068840742111206,0.006276015192270279,0.9373951554298401,0.0009313415503129363,0.06260485202074051,1,0.05714285746216774,18,"small"
0.0244140625,2.0363572730275337e-06,"chair",29596,True,0.01025687251240015,0.05618686228990555,6.518197187688202e-05,0.6873913407325745,0.005017455201596022,0.7435782551765442,0.0007443226058967412,0.2564218044281006,2,0.5,18,"small"
0.0126953125,2.695469220270752e-06,"dining table",29596,True,0.002339328173547983,0.8130485415458679,0.0009432118968106806,0.1565401703119278,0.0010506053222343326,0.9695887565612793,0.0009590394329279661,0.030411262065172195,3,0.6730769276618958,18,"small"
0.001953125,2.8649588784901425e-05,"book",29596,True,0.06134255602955818,0.7809809446334839,0.0009060105076059699,0.09633392095565796,0.0006020871223881841,0.8773148655891418,0.0008584295283071697,0.12268509715795517,4,1.0,18,"tiny"
0.0009765625,3.1933736863720696e-06,"cup",29596,True,0.024304604157805443,0.842745304107666,0.0009776628576219082,0.13295000791549683,0.0008257765439338982,0.9756954312324524,0.00095375906676054,0.024304600432515144,5,1.0,18,"tiny"
0.138427734375,1.4038289464224363e-06,"person",31093,True,0.006973047275096178,0.010314781218767166,1.181532752525527e-05,0.0012558266753330827,0.0001357650471618399,0.011570608243346214,1.3114886314724572e-05,0.9884294271469116,0,0.9470899701118469,19,"large"
0.00390625,1.1775740858865902e-05,"person",31093,True,0.23177941143512726,0.0017361384816467762,1.988704298128141e-06,0.0711464062333107,0.00048398924991488457,0.07288254797458649,7.145349081838503e-05,0.9271174073219299,1,1.0,19,"tiny"
0.0048828125,3.530112167027255e-07,"skateboard",31093,True,0.16159331798553467,0.12228595465421677,0.00014007557183504105,0.06974749267101288,0.00047772261314094067,0.19203343987464905,0.00018845286103896797,0.8079664707183838,2,0.800000011920929,19,"tiny"
0.000244140625,1.7007241694955155e-05,"skateboard",31093,True,0.7618824243545532,0.6700946688652039,0.000767576857469976,0.13943468034267426,0.0009249397553503513,0.8095294237136841,0.0007907490944489837,0.1904706209897995,3,1.0,19,"tiny"
0.13623046875,1.2834601648137323e-06,"person",32081,True,0.007126479875296354,0.004297639708966017,4.927073860017117e-06,0.0015791184268891811,0.0001238524419022724,0.005856065545231104,6.620764452236472e-06,0.9941438436508179,0,0.9928315281867981,20,"large"
0.012451171875,3.1003514777694363e-07,"tennis racket",32081,True,0.0755886659026146,0.0043714772909879684,5.011725079384632e-06,0.03188446909189224,0.00022856250870972872,0.03624451160430908,3.584129808587022e-05,0.9637554883956909,1,0.9607843160629272,20,"small"
0.029052734375,1.6528271089555346e-06,"person",33005,True,0.032087814062833786,0.04535749927163124,4.587357398122549e-05,3.0069144486333244e-05,5.467116807267303e-06,0.04538756608963013,4.565004928736016e-05,0.9546125531196594,0,1.0,21,"small"
0.00537109375,4.585313320148998e-07,"tennis racket",33005,True,0.17296555638313293,0.028737470507621765,2.9064449336146936e-05,0.019952017813920975,0.0006706560961902142,0.04868948459625244,4.7805096983211115e-05,0.9513104557991028,1,1.0,21,"tiny"
0.104248046875,3.818043478531763e-05,"broccoli",34205,True,0.009017701260745525,0.03736044093966484,4.073093077749945e-05,0.0,0.0,0.03736044093966484,4.073093077749945e-05,0.9626394510269165,0,1.0,22,"large"
0.2314453125,3.5632288017950486e-06,"sink",35770,True,0.00022632292530033737,0.8845941424369812,0.001239795470610261,0.06176741048693657,0.000840372871607542,0.9463615417480469,0.0012024923926219344,0.05363853648304939,0,0.8565400838851929,23,"large"
0.0615234375,1.336638888460584e-06,"toilet",35770,True,0.012447994202375412,0.138606995344162,0.00019426348444540054,0.0771695002913475,0.0003117959713563323,0.2157765030860901,0.00022453330166172236,0.7842236161231995,1,0.7777777910232544,23,"medium"
0.01025390625,5.277527179714525e-06,"toilet",35770,True,6.120426860434236e-06,0.07486755400896072,0.00010492999717826024,0.9250683188438416,0.0030835610814392567,0.9999357461929321,0.0009866164764389396,6.42644808976911e-05,2,0.095238097012043,23,"small"
0.36328125,5.0820955948438495e-05,"toilet",37670,True,0.0025869677774608135,0.007966459728777409,1.447131853637984e-05,0.029681649059057236,0.0002924300788436085,0.03764811158180237,5.774250894319266e-05,0.9623518586158752,0,0.9139785170555115,24,"large"
0.07080078125,7.235912562464364e-07,"remote",37670,True,0.002380391815677285,0.0043132067658007145,7.835072210582439e-06,0.8231083750724792,0.0020526396110653877,0.8274215459823608,0.0008695971337147057,0.17257839441299438,1,0.517241358757019,24,"medium"
0.0283203125,1.5824343790882267e-06,"person",37670,True,0.019175030291080475,0.26695892214775085,0.00048493899521417916,0.17696529626846313,0.0003981221525464207,0.443924218416214,0.00044615499791689217,0.5560758709907532,2,0.7241379022598267,24,"small"
0.091552734375,2.40874584278572e-07,"person",38829,True,0.009297315962612629,0.018046101555228233,2.9523276680265553e-05,0.1103619858622551,0.00034542096545919776,0.12837670743465424,0.00013800238957628608,0.8716232180595398,0,0.8773333430290222,25,"medium"
0.08349609375,6.229822702152887e-07,"bicycle",38829,True,0.008605798706412315,0.0736595168709755,0.00012050638179061934,0.1905459463596344,0.0005818197969347239,0.2642042636871338,0.00028151762671768665,0.7357957363128662,1,0.9912280440330505,25,"medium"
0.064208984375,2.5747883114490833e-07,"person",38829,True,0.004614593461155891,0.011781041510403156,1.9273689758847468e-05,0.6848282814025879,0.0019693123176693916,0.6965905427932739,0.000726940343156457,0.30340948700904846,2,0.2889733910560608,25,"medium"
0.0478515625,1.8421184222461306e-07,"motorcycle",38829,True,0.01651949994266033,0.032429978251457214,5.305518061504699e-05,0.15881536900997162,0.00043600649223662913,0.1905444860458374,0.00019543024245649576,0.8094554543495178,3,0.581632673740387,25,"medium"
0.046875,2.3906795831862837e-07,"bicycle",38829,True,3.4614811738720164e-05,0.04943465068936348,8.087468449957669e-05,0.9489072561264038,0.0025944148655980825,0.998338520526886,0.0010228878818452358,0.0016615110216662288,4,0.0,25,"medium"
0.048583984375,5.004140462006035e-07,"person",38829,True,0.003862208453938365,0.013169526122510433,2.1545240088016726e-05,0.7947955131530762,0.0021865079179406166,0.8078550100326538,0.0008292071870528162,0.19214484095573425,5,0.08040200918912888,25,"medium"
0.01171875,8.327116916007071e-07,"person",38829,True,0.07095209509134293,0.013653327710926533,2.233673512819223e-05,0.13492155075073242,0.0003366726450622082,0.14857487380504608,0.00014681313768960536,0.851425051689148,6,0.3333333432674408,25,"small"
0.0087890625,4.028571538583492e-07,"backpack",38829,True,0.08662696182727814,0.031287770718336105,5.1186543714720756e-05,0.18906964361667633,0.00046828400809317827,0.22035741806030273,0.00021710094006266445,0.7796425223350525,7,0.5555555820465088,25,"tiny"
0.001708984375,0.00030894504743628204,"person",38829,True,1.3040968269706354e-06,0.37545374035835266,0.0006142392521724105,0.6245440244674683,0.0015195718733593822,0.9999977350234985,0.000978232128545642,2.2821693619334837e-06,8,0.7142857313156128,25,"tiny"
0.299072265625,4.457676368474495e-06,"umbrella",40083,True,0.002865392714738846,0.059616655111312866,9.384754957864061e-05,0.06285686790943146,0.0007619014359079301,0.12247352302074432,0.0001706353505142033,0.8775265216827393,0,0.9967346787452698,26,"large"
0.05810546875,1.3874365549781942e-06,"car",40083,True,0.014315906912088394,0.07593592256307602,0.00011953707144130021,0.07226771116256714,0.0002194919070461765,0.14820364117622375,0.00015365851868409663,0.8517964482307434,1,0.9495798349380493,26,"medium"
0.00341796875,2.0111010599066503e-06,"chair",40083,True,0.004238958470523357,0.8842856287956238,0.0013920279452577233,0.100878044962883,0.0002618508879095316,0.985163688659668,0.0009653736487962306,0.014836352318525314,2,0.8571428656578064,26,"tiny"
0.01513671875,3.5588734590419335e-06,"bicycle",40083,True,0.06033989042043686,0.04834592342376709,7.610535976709798e-05,0.016385866329073906,4.39005161751993e-05,0.06473179161548615,6.418621342163533e-05,0.9352681636810303,3,0.7096773982048035,26,"small"
0.00244140625,8.068316674325615e-05,"person",40083,True,0.0017443683464080095,0.9098411202430725,0.001432257005944848,0.08579783886671066,0.00022213034390006214,0.9956390261650085,0.0009746834402903914,0.004360920283943415,4,0.20000000298023224,26,"tiny"
0.00146484375,1.65047913469607e-05,"car",40083,True,1.2148633686592802e-05,0.8830796480178833,0.0013901293277740479,0.11690203100442886,0.0003018774150405079,0.9999817609786987,0.0009779772954061627,1.8222950529889204e-05,5,0.0,26,"tiny"
0.69091796875,1.4089586102272733e-06,"bus",42070,True,0.0013952156295999885,0.012872409075498581,4.080003054696135e-05,1.7649494111537933e-05,1.4119595107331406e-05,0.012885048985481262,4.071105649927631e-05,0.9871150255203247,0,0.9512367248535156,27,"large"
0.001220703125,5.568401684286073e-05,"car",42070,True,0.5824255347251892,0.0030624191276729107,9.706559467304032e-06,0.2691440284252167,0.000380415644031018,0.2719680368900299,0.00026591841015033424,0.7280318737030029,1,1.0,27,"tiny"
0.027587890625,9.091555170925858e-07,"skis",43314,True,0.03320755437016487,0.021449735388159752,2.2442833142122254e-05,0.040832702070474625,0.0010144771076738834,0.06188659369945526,6.215074245119467e-05,0.9381133317947388,0,0.7256637215614319,28,"small"
0.039306640625,4.221903679990646e-07,"person",43314,True,0.022286273539066315,0.009020267054438591,9.437893822905608e-06,0.09490520507097244,0.003359476337209344,0.10297755897045135,0.00010467858373885974,0.8970224857330322,1,0.9006211161613464,28,"medium"
0.271484375,1.2116743164369836e-06,"person",44279,True,0.0034565047826617956,0.002853924874216318,5.082680218038149e-06,0.03623776137828827,0.0001964106340892613,0.03909168764948845,5.240172686171718e-05,0.9609083533287048,0,0.9856114983558655,29,"large"
0.09326171875,2.328183200006606e-06,"person",44279,True,0.009672911837697029,0.0022993532475084066,4.095018994121347e-06,0.07393760234117508,0.00020146486349403858,0.07623696327209473,8.21076610009186e-05,0.92376309633255,1,0.6753926873207092,29,"medium"
0.040283203125,2.7496142138261348e-05,"oven",44279,True,0.012252414599061012,0.2017916738986969,0.000359379657311365,0.2927963137626648,0.0006950654205866158,0.4945879578590393,0.0005032693734392524,0.5054121017456055,2,0.4484848380088806,29,"medium"
0.03271484375,2.6087647711392492e-05,"oven",44279,True,0.0006556318257935345,0.2239748239517212,0.00039888659375719726,0.7540614604949951,0.0017577189719304442,0.9780362844467163,0.000987416715361178,0.02196366712450981,3,0.02985074557363987,29,"medium"
0.006103515625,2.1002726953156525e-06,"bowl",44279,True,0.03035949170589447,0.6409994959831238,0.0011415842454880476,0.16925370693206787,0.00037096705636940897,0.8102531433105469,0.0007961220690049231,0.18974679708480835,4,0.8399999737739563,29,"tiny"
0.00390625,1.1399175718906918e-06,"bowl",44279,True,0.01355279702693224,0.7212083339691162,0.0012844315497204661,0.2245805561542511,0.0004898158367723227,0.9457888603210449,0.0009272439638152719,0.05421118810772896,5,0.0,29,"tiny"
0.0029296875,2.2021418772055767e-05,"bowl",44279,True,0.010192407295107841,0.738963782787323,0.001316053094342351,0.23045900464057922,0.0005015429924242198,0.9694226980209351,0.0009494835394434631,0.030577221885323524,6,0.0,29,"tiny"
0.0009765625,9.198804036714137e-06,"bowl",44279,True,4.824416919291252e-06,0.7182325124740601,0.0012791319750249386,0.2817627191543579,0.0006105368374846876,0.9999951720237732,0.0009775124490261078,4.824416464543901e-06,7,0.0,29,"tiny"
0.10400390625,1.9984163373010233e-06,"train",50165,True,0.009060957469046116,0.035008013248443604,3.8155871152412146e-05,0.0,0.0,0.035008013248443604,3.8155871152412146e-05,0.9649919271469116,0,1.0,30,"large"
0.0732421875,4.951834284838696e-07,"horse",51309,True,0.0004462946380954236,0.01189140323549509,1.7500224203104153e-05,0.9546365141868591,0.003542250255122781,0.966528058052063,0.0010184699203819036,0.033472102135419846,0,0.11666666716337204,31,"medium"
0.15234375,9.161235539068002e-07,"horse",51309,True,0.002762384479865432,0.06162288784980774,9.068857616512105e-05,0.507469654083252,0.0026850246358662844,0.5690680742263794,0.0006556083681061864,0.4309319853782654,1,0.6634615659713745,31,"large"
0.111328125,5.391151489675394e-07,"horse",51309,True,0.004162628203630447,0.35765567421913147,0.0005263512721285224,0.16781139373779297,0.0007264562300406396,0.525460422039032,0.0005774290184490383,0.4745396077632904,2,0.09649122506380081,31,"large"
0.146240234375,5.694737410522066e-07,"elephant",53624,True,0.006636548787355423,0.005499205552041531,6.315481641649967e-06,0.0006776451482437551,0.0001936128974193707,0.006176850758492947,7.065314093779307e-06,0.9938231706619263,0,0.9799666404724121,32,"large"
0.00244140625,2.1589526113530155e-06,"person",53624,True,0.30479171872138977,0.1665777564048767,0.00019130378495901823,0.07144304364919662,0.000473917432827875,0.23802080750465393,0.0002330111019546166,0.7619791626930237,1,1.0,32,"tiny"
0.0009765625,1.9481294657452963e-05,"person",53624,True,0.28233039379119873,0.6784326434135437,0.000779135967604816,0.03923697769641876,0.0002577141276560724,0.7176696062088013,0.000701534328982234,0.28233039379119873,3,0.5,32,"tiny"
0.419189453125,6.894011676195078e-06,"person",54654,True,0.0022931687999516726,0.013708602637052536,2.7933987439610064e-05,0.001948818564414978,1.873864312074147e-05,0.015657421201467514,2.632605901453644e-05,0.9843425750732422,0,0.9702970385551453,33,"large"
0.1015625,1.611264087841846e-05,"oven",54654,True,0.008003017865121365,0.1324891746044159,0.00026997283566743135,0.03519698232412338,8.199646254070103e-05,0.16768617928028107,0.00018226758402306587,0.8323138952255249,1,1.0,33,"large"
0.04248046875,8.744312935959897e-07,"person",61418,True,0.004927027504891157,0.03975386172533035,4.775238630827516e-05,0.7459204196929932,0.00504000298678875,0.7856742739677429,0.000801299640443176,0.2143256962299347,0,0.977011501789093,34,"medium"
0.031982421875,7.09981441104901e-06,"chair",61418,True,0.025645412504673004,0.06060102954506874,7.279402780113742e-05,0.10108114778995514,0.0006337375962175429,0.16011282801628113,0.0001615261862752959,0.839887261390686,1,0.9236640930175781,34,"medium"
0.02490234375,9.484370821155608e-06,"boat",61418,True,0.02869684062898159,0.051691778004169464,6.20922219241038e-05,0.21653880178928375,0.0013044505612924695,0.2682305872440338,0.0002686335064936429,0.7317695021629333,2,0.7352941036224365,34,"small"
0.026611328125,1.9167002847098047e-06,"person",61418,True,0.024644950404763222,0.04899866133928299,5.885725113330409e-05,0.2794264853000641,0.0017012266907840967,0.3284251093864441,0.00032949596061371267,0.6715748906135559,3,0.5963302850723267,34,"small"
0.015625,7.901319918346417e-07,"person",61418,True,0.006286021322011948,0.2696244716644287,0.0003238733042962849,0.6297991275787354,0.0035886000841856003,0.8994235992431641,0.0008922855486162007,0.10057631880044937,4,0.0,34,"small"
0.015380859375,2.830917537721689e-06,"chair",61418,True,0.0004713262605946511,0.2792437672615051,0.00033542796154506505,0.7133463621139526,0.00405310420319438,0.9925765991210938,0.000984454876743257,0.00742338877171278,5,0.0634920671582222,34,"small"
0.008056640625,1.1510494005051441e-05,"chair",61418,True,0.0384884811937809,0.3487582206726074,0.0004189288301859051,0.5793405175209045,0.003152873832732439,0.6824700236320496,0.000671887828502804,0.31752994656562805,6,0.42424243688583374,34,"tiny"
0.012939453125,7.948868187668268e-06,"boat",61418,True,0.002638855017721653,0.1458747386932373,0.0001752249081619084,0.8191604614257812,0.004595570731908083,0.9650352001190186,0.000954771414399147,0.03496482968330383,7,0.07547169923782349,34,"small"
0.009765625,4.2035353544633836e-06,"person",61418,True,0.008627105504274368,0.786466658115387,0.0009447046904824674,0.12726227939128876,0.0007011695997789502,0.9137289524078369,0.0009011133806779981,0.08627105504274368,8,0.25,34,"tiny"
0.349365234375,1.9825880372081883e-05,"dining table",62554,True,0.0019325836328789592,0.06988324224948883,0.0004770187078975141,0.24131697416305542,0.0004627362941391766,0.3086181879043579,0.0004632167983800173,0.6913818120956421,0,0.7428371906280518,35,"large"
0.082763671875,1.1312496326354449e-06,"bowl",62554,True,0.006579960230737925,0.011949997395277023,8.156996045727283e-05,0.43869224190711975,0.0005514673539437354,0.4423483610153198,0.0004709592030849308,0.5576515793800354,1,0.7109144330024719,35,"medium"
0.295166015625,1.5365164074410131e-07,"broccoli",62554,True,0.003286628285422921,0.00034214797778986394,2.3354812128673075e-06,0.006553433835506439,1.1357772564224433e-05,0.006616739556193352,9.167634743789677e-06,0.9933832883834839,2,0.481389582157135,35,"large"
0.133056640625,5.63706907996675e-06,"bowl",62554,True,0.0036922183353453875,0.012329839169979095,8.416274067712948e-05,0.48473116755485535,0.0006532765692099929,0.49693530797958374,0.0005597695126198232,0.5030646920204163,3,0.34495413303375244,35,"large"
0.10205078125,4.309590167395072e-06,"parking meter",64495,True,0.007452784571796656,0.22118398547172546,0.0002405481063760817,0.0,0.0,0.22118398547172546,0.0002405481063760817,0.7788159847259521,0,1.0,36,"large"
0.419921875,7.768536534058512e-07,"bed",66523,True,0.0022867012303322554,0.016718566417694092,2.8145734177087434e-05,0.0,0.0,0.016718566417694092,2.8145734177087434e-05,0.9832814931869507,0,1.0,37,"large"
0.244140625,1.2166505030108965e-06,"person",67180,True,0.0039519150741398335,0.00897965207695961,1.3382493307290133e-05,0.003041662508621812,2.953070907096844e-05,0.012021312490105629,1.5531413737335242e-05,0.9879786372184753,0,0.9639999866485596,38,"large"
0.1005859375,9.892514754028525e-06,"bench",67180,True,0.008803420700132847,0.017451804131269455,2.60086508205859e-05,0.07579586654901505,0.0003031834785360843,0.0932476669549942,0.00010124610707862303,0.906752347946167,1,0.9126213788986206,38,"large"
0.02490234375,2.35940569837112e-06,"person",68387,True,0.03650086745619774,0.004669527523219585,4.876791081187548e-06,0.06455842405557632,0.0015745956916362047,0.06922794878482819,6.933194526936859e-05,0.9307721257209778,0,0.9607843160629272,39,"small"
0.017578125,1.996923401748063e-06,"person",68387,True,0.03466607630252838,0.004286830313503742,4.477107722777873e-06,0.37172386050224304,0.0076644099317491055,0.37601062655448914,0.00037376806722022593,0.6239892840385437,1,0.8888888955116272,39,"small"
0.017578125,5.045193915975688e-07,"person",68387,True,0.04831000417470932,0.0023256440181285143,2.428871312076808e-06,0.12809431552886963,0.0026411202270537615,0.13041995465755463,0.00012964211055077612,0.8695799708366394,2,0.3333333432674408,39,"small"
0.0029296875,7.97526411133731e-07,"baseball bat",68387,True,0.28558242321014404,0.005162806715816259,5.391964805312455e-06,0.13808991014957428,0.0021746440324932337,0.14325271546840668,0.00014030626334715635,0.8567473292350769,3,0.6666666865348816,39,"tiny"
0.0009765625,5.325424581315019e-07,"baseball glove",68387,True,0.49041643738746643,0.18077482283115387,0.00018879877461586148,0.3288087844848633,0.005019981414079666,0.5095836520195007,0.0004981267265975475,0.49041643738746643,4,0.0,39,"tiny"
0.0009765625,3.578092560019286e-07,"baseball glove",68387,True,0.002164386445656419,0.13036027550697327,0.00013614649651572108,0.8674753904342651,0.013243898749351501,0.997835636138916,0.0009754014317877591,0.002164386445656419,5,0.0,39,"tiny"
0.338134765625,2.3703348688286496e-06,"zebra",70158,True,0.002777009503915906,0.0021772561594843864,5.837147909915075e-06,0.03644002601504326,0.00011937764793401584,0.038460515439510345,5.674734711647034e-05,0.9615395069122314,0,0.9942238330841064,40,"large"
0.117919921875,9.335534514320898e-07,"zebra",70158,True,0.005201914347708225,0.006308971904218197,1.691413672233466e-05,0.36556416749954224,0.0006890936638228595,0.37186887860298157,0.00041170098120346665,0.628131091594696,1,0.6066252589225769,40,"large"
0.180419921875,2.454406967444811e-06,"zebra",70158,True,0.0031296052038669586,0.017599770799279213,4.71843704872299e-05,0.40421444177627563,0.00086555554298684,0.4218055307865143,0.0005025981809012592,0.5781945586204529,2,0.46549391746520996,40,"large"
0.041259765625,2.934912117780186e-07,"skateboard",72281,True,0.021756481379270554,0.0807887464761734,8.229055674746633e-05,0.0,0.0,0.0807887464761734,8.229055674746633e-05,0.919211208820343,0,1.0,41,"medium"
0.36279296875,3.8639082049485296e-05,"dining table",74733,True,0.0023931364994496107,0.04633786901831627,0.00015305656415876,0.06477899849414825,0.00018377022934146225,0.11094988882541656,0.0001700381690170616,0.8890501260757446,0,0.9004037976264954,42,"large"
0.078857421875,2.6033194444607943e-07,"pizza",74733,True,0.009099102579057217,0.10467551648616791,0.00034574902383610606,0.1610250473022461,0.0002507201861590147,0.26524749398231506,0.00028120592469349504,0.7347525358200073,1,0.9195046424865723,42,"medium"
0.07275390625,2.6142538445128594e-07,"cup",74733,True,0.011166474781930447,0.06031786650419235,0.00019923325453419238,0.10782570391893387,0.00016659050015732646,0.16809767484664917,0.00017703810590319335,0.8319023847579956,2,0.7751677632331848,42,"medium"
0.041259765625,4.219287745854672e-07,"cup",74733,True,0.0011721408227458596,0.543949544429779,0.0017966954037547112,0.4075284004211426,0.0005990862264297903,0.950477123260498,0.0009681457886472344,0.04952295124530792,3,0.6153846383094788,42,"medium"
0.024658203125,2.2654974600300193e-05,"dining table",74733,True,0.02215435728430748,0.04172765091061592,0.00013782874157186598,0.3988748788833618,0.0005730960983783007,0.44060254096984863,0.0004411539703141898,0.5593975186347961,4,0.8712871074676514,42,"small"
0.021728515625,2.7138376026414335e-06,"cup",74733,True,0.012970692478120327,0.14051313698291779,0.0004641226551029831,0.5708926320075989,0.0008164356695488095,0.711402177810669,0.0007101594237610698,0.2885979115962982,5,0.40449437499046326,42,"small"
0.02197265625,1.975339273485588e-06,"cup",74733,True,0.03640568628907204,0.02786617912352085,9.204354137182236e-05,0.15300601720809937,0.0002189710648963228,0.18087220191955566,0.00018060131696984172,0.8191277980804443,6,0.7777777910232544,42,"small"
0.01513671875,1.4154295058688149e-05,"chair",74733,True,0.042152076959609985,0.16345196962356567,0.000539890956133604,0.18322543799877167,0.00025943428045138717,0.3466428518295288,0.0003437212435528636,0.6533571481704712,7,0.6129032373428345,42,"small"
0.017578125,7.873471986385994e-06,"chair",74733,True,0.0026363402139395475,0.25162404775619507,0.0008311282726936042,0.7009380459785461,0.0009960044408217072,0.9525458812713623,0.0009468648349866271,0.0474541150033474,8,0.2777777910232544,42,"small"
0.008544921875,8.479537996208819e-07,"cup",74733,True,0.00680592330172658,0.45071473717689514,0.0014887358993291855,0.48994967341423035,0.0006869256612844765,0.9404481649398804,0.0009263218962587416,0.059551820158958435,9,0.11428571492433548,42,"tiny"
0.018798828125,7.276898941199761e-06,"cup",74733,True,0.004096705932170153,0.1491081714630127,0.0004925125977024436,0.7720341682434082,0.0010993723990395665,0.9211384057998657,0.0009167838143184781,0.07886157929897308,10,0.16883116960525513,42,"small"
0.0205078125,2.0321372176113073e-06,"cup",74733,True,0.0014873987529426813,0.09547019749879837,0.0003153433499392122,0.873294472694397,0.001247118110768497,0.9687646627426147,0.000965867075137794,0.03123537451028824,11,0.095238097012043,42,"small"
0.001953125,2.748720726231113e-05,"cup",74733,True,0.028371740132570267,0.09002876281738281,0.00029736998840235174,0.8532277941703796,0.0011862743413075805,0.9432565569877625,0.0009229516144841909,0.05674348026514053,12,0.0,42,"tiny"
0.001953125,5.4819123761262745e-05,"cup",74733,True,0.24318185448646545,0.03218218311667442,0.00010629954340402037,0.48145413398742676,0.0006693836767226458,0.5136362910270691,0.0005025796126574278,0.48636364936828613,13,0.5,42,"tiny"
0.56591796875,1.9210299342375947e-06,"laptop",78420,True,0.001629663398489356,0.0017666410421952605,6.968999059608905e-06,0.05384346842765808,0.0002819030196405947,0.055610112845897675,0.00012510713713709265,0.944389820098877,0,0.9447799921035767,43,"large"
0.14794921875,2.700903110053332e-07,"cat",78420,True,0.006153067573904991,0.0003903828910551965,1.5399722315123654e-06,0.06741993874311447,0.00010891752026509494,0.06781031936407089,7.771957461955026e-05,0.9321895837783813,1,0.9834983348846436,43,"large"
0.03857421875,4.791953415406169e-06,"chair",78420,True,0.022695422172546387,0.0168849378824234,6.660725921392441e-05,0.08664591610431671,0.00011853067553602159,0.10353085398674011,0.00010516086331335828,0.8964690566062927,2,1.0,43,"medium"
0.04638671875,7.281384455382067e-07,"bear",79144,True,0.012216501869261265,0.0009341096156276762,1.0033401167675038e-06,0.4187820553779602,0.009204001165926456,0.4197161793708801,0.00042981686419807374,0.5802838206291199,0,0.6000000238418579,44,"medium"
0.04443359375,2.3319694264500868e-07,"bear",79144,True,0.013138456270098686,0.0012726150453090668,1.366933474855614e-06,0.40092769265174866,0.008440583012998104,0.402200311422348,0.0004110376175958663,0.5977997779846191,1,0.8516483306884766,44,"medium"
0.267822265625,1.903921292978339e-05,"teddy bear",80057,True,0.003447784809395671,0.05444510281085968,7.261767314048484e-05,0.0,0.0,0.05444510281085968,7.261767314048484e-05,0.9455549716949463,0,1.0,45,"large"
0.21923828125,2.8597216328307695e-07,"dog",81766,True,0.004283552523702383,0.011629809625446796,1.5232232726702932e-05,0.026712672784924507,0.0007420186884701252,0.03834247961640358,4.795807399204932e-05,0.9616575837135315,0,0.9955456852912903,46,"large"
0.0205078125,6.553572120537865e-07,"dog",81766,True,0.04399489983916283,0.023621197789907455,3.093805207754485e-05,0.05248596891760826,0.00021914813260082155,0.07610716670751572,7.587953587062657e-05,0.9238927960395813,1,1.0,46,"small"
0.0146484375,1.013351447909372e-05,"dog",81766,True,0.04377108812332153,0.020116867497563362,2.634822521940805e-05,0.32331690192222595,0.001316973241046071,0.34343376755714417,0.00034037046134471893,0.6565662622451782,2,0.9333333373069763,46,"small"
0.658203125,7.956223271321505e-05,"dining table",85195,True,0.0012796403607353568,0.12139281630516052,0.0005312595749273896,0.016221828758716583,0.00013242309796623886,0.13752245903015137,0.0003929212980438024,0.8624776005744934,0,0.9718101024627686,47,"large"
0.11962890625,4.697450890489563e-07,"cake",85195,True,0.007274105213582516,0.09740018844604492,0.0004262590373400599,0.011654541827738285,1.729160430841148e-05,0.10892221331596375,0.00012082330795237795,0.8910778760910034,1,0.9714285731315613,47,"large"
0.174560546875,3.828100432201609e-07,"elephant",88250,True,0.003476519603282213,0.37857216596603394,0.00044788187369704247,0.0,0.0,0.37857216596603394,0.00044788187369704247,0.6214278936386108,0,1.0,48,"large"
0.10986328125,5.630013220070396e-07,"person",89296,True,0.008755753748118877,0.014456968754529953,1.5956919014570303e-05,0.000520836329087615,9.469751239521429e-05,0.014977804385125637,1.643203904677648e-05,0.985022246837616,0,0.9911110997200012,49,"large"
0.00439453125,1.8023780512521625e-07,"baseball bat",89296,True,0.11612452566623688,0.42973846197128296,0.0004743250901810825,0.04770123213529587,0.0004202752315904945,0.4774397015571594,0.00046830775681883097,0.5225602984428406,1,1.0,49,"tiny"
0.0009765625,1.2359078027657233e-06,"sports ball",89296,True,0.8291612267494202,0.11909246444702148,0.00013144865806680173,0.05174635350704193,0.0004422765923663974,0.1708388477563858,0.00016699791012797505,0.8291611075401306,2,1.0,49,"tiny"
0.0166015625,3.838461907434976e-06,"toilet",92124,True,0.04861621558666229,0.013669739477336407,1.445386169507401e-05,0.15985454618930817,0.0026098701637238264,0.17352429032325745,0.0001723180612316355,0.8264756798744202,0,1.0,50,"small"
0.0517578125,1.3074196658635628e-06,"sink",92124,True,0.017446884885430336,0.017628083005547523,1.8639264453668147e-05,0.05768711119890213,0.002284638350829482,0.0753151997923851,7.756458217045292e-05,0.9246848225593567,1,0.3207547068595886,50,"medium"
0.008056640625,9.312631846114527e-06,"bottle",92124,True,0.11351868510246277,0.019032420590519905,2.0124158254475333e-05,0.04443855583667755,0.0006348365568555892,0.06347097456455231,6.248681165743619e-05,0.9365290403366089,2,0.7575757503509521,50,"tiny"
0.1552734375,4.85055011267832e-07,"elephant",94852,True,0.006251613609492779,0.005993539467453957,6.928948550921632e-06,0.0,0.0,0.005993539467453957,6.928948550921632e-06,0.9940064549446106,0,1.0,51,"large"
0.431396484375,6.67824906486203e-06,"airplane",99054,True,0.0022262779530137777,0.016541749238967896,2.841004607034847e-05,0.0,0.0,0.016541749238967896,2.841004607034847e-05,0.9834582805633545,0,1.0,52,"large"
0.101318359375,4.271599323146802e-07,"bird",100489,True,0.009557371959090233,0.008422735147178173,9.152659913524985e-06,0.0,0.0,0.008422735147178173,9.152659913524985e-06,0.9915773868560791,0,1.0,53,"large"
0.0625,1.8142143289878732e-06,"giraffe",101780,True,0.01480621937662363,0.021643809974193573,2.3272914404515177e-05,0.03075820580124855,0.0010252735810354352,0.052402012050151825,5.4585430916631594e-05,0.9475980401039124,0,0.984375,54,"medium"
0.017578125,6.835841190877545e-07,"giraffe",101780,True,0.03518492355942726,0.26826557517051697,0.000288457638816908,0.0984058678150177,0.001294814283028245,0.36667147278785706,0.0003644845855887979,0.6333285570144653,1,0.3888888955116272,54,"small"
0.01171875,1.332538317910803e-06,"giraffe",101780,True,0.02399277687072754,0.5057848691940308,0.0005438547814264894,0.20630180835723877,0.002515875967219472,0.7120866775512695,0.0007036430179141462,0.2879132926464081,2,0.8333333134651184,54,"small"
0.534912109375,1.154711867457081e-06,"person",102820,True,0.0018170939292758703,0.002850877121090889,6.641530944762053e-06,0.0018359660170972347,3.906310666934587e-05,0.004686842672526836,9.841139217314776e-06,0.9953132271766663,0,0.965312659740448,55,"large"
0.0458984375,1.13862131456699e-06,"cake",102820,True,0.02005588822066784,0.0024722637608647346,5.759496161772404e-06,0.05490119010210037,0.0001002303761197254,0.05737345293164253,5.872410838492215e-05,0.9426267147064209,1,1.0,55,"medium"
0.2421875,2.514511379558826e-06,"person",109118,True,0.002084241481497884,0.03913015499711037,7.725597970420495e-05,0.4439812898635864,0.0016458991449326277,0.48310816287994385,0.0006225620745681226,0.5168918967247009,0,0.9566532373428345,56,"large"
0.218505859375,3.800104479978472e-07,"person",109118,True,0.002701277146115899,0.2697103023529053,0.0005324981757439673,0.12587891519069672,0.0004285240138415247,0.3955892324447632,0.0004943321109749377,0.604410707950592,1,0.309497207403183,56,"large"
0.021240234375,8.633900506538339e-06,"chair",109118,True,0.009430766105651855,0.05579490214586258,0.00011015776544809341,0.7390859127044678,0.0014908440643921494,0.794880747795105,0.0007930963765829802,0.20511913299560547,2,0.8045976758003235,56,"small"
0.021728515625,6.723049637002987e-07,"baseball glove",109118,True,0.041603151708841324,0.02891140803694725,5.7080764236161485e-05,0.045603346079587936,9.20349993975833e-05,0.0743299201130867,7.420006295433268e-05,0.9256701469421387,3,0.7640449404716492,56,"small"
0.001953125,1.601506937731756e-06,"sports ball",109118,True,0.34911173582077026,0.02549588680267334,5.033738852944225e-05,0.27628061175346375,0.0005359468632377684,0.3017764985561371,0.00029528033337555826,0.6982234716415405,4,1.0,56,"tiny"
0.0537109375,4.151761459070258e-06,"traffic light",110282,True,0.018167544156312943,0.000785217562224716,8.10338178780512e-07,0.0,0.0,0.000785217562224716,8.10338178780512e-07,0.999214768409729,0,1.0,57,"medium"
0.71142578125,2.6839170459425077e-06,"oven",111036,True,0.0013642271514981985,0.003901293035596609,1.3761175068793818e-05,0.002259334782138467,0.0001882779033621773,0.006160627584904432,2.0848146959906444e-05,0.99383944272995,0,0.9797528982162476,58,"large"
0.01171875,7.443277809215942e-06,"car",111036,True,0.07825344055891037,0.0028399641159921885,1.0017510248871986e-05,0.05811876058578491,7.977867062436417e-05,0.06095872446894646,6.023589230608195e-05,0.939041256904602,1,1.0,58,"small"
0.302001953125,2.4657103381287016e-07,"giraffe",112634,True,0.0032263402827084064,0.0022543971426784992,3.1541057978756726e-06,0.0,0.0,0.0022543971426784992,3.1541057978756726e-06,0.9977457523345947,0,1.0,59,"large"
0.22021484375,8.208158760680817e-06,"car",114770,True,0.002162874210625887,0.012333923950791359,2.254830724268686e-05,0.5000095367431641,0.0019861352629959583,0.5122720003128052,0.0006415428943000734,0.4877281188964844,0,0.9878048896789551,60,"large"
0.197998046875,5.398196663009003e-07,"motorcycle",114770,True,0.004825306124985218,0.002115667797625065,3.8677658267260995e-06,0.01956438459455967,7.127280696295202e-05,0.021669212728738785,2.63856472884072e-05,0.9783308506011963,1,0.3255240321159363,60,"large"
0.0478515625,1.374194926029304e-05,"airplane",114770,True,0.014596465043723583,0.009892242029309273,1.808453816920519e-05,0.27488094568252563,0.0006422452279366553,0.28477317094802856,0.0002920750412158668,0.7152267694473267,2,1.0,60,"medium"
0.001953125,1.0636647402861854e-06,"clock",120572,True,0.4611988663673401,0.07760238647460938,7.593188638566062e-05,0.0,0.0,0.07760238647460938,7.593188638566062e-05,0.9223977327346802,0,1.0,61,"tiny"
0.0166015625,2.8602721613424364e-06,"person",122217,True,0.03966517746448517,0.32569199800491333,0.0003234280156902969,0.0,0.0,0.32569199800491333,0.0003234280156902969,0.6743080019950867,0,1.0,62,"small"
0.21533203125,2.1984074294323364e-07,"person",125129,True,0.004427719861268997,0.00674133375287056,1.739699291647412e-05,0.01694653183221817,4.073686068295501e-05,0.02368786558508873,2.9480857847374864e-05,0.9763121604919434,0,0.9489796161651611,63,"large"
0.1943359375,4.712590452982113e-06,"dining table",125129,True,0.004403955768793821,0.05465914309024811,0.0001410558761563152,0.0689537450671196,0.0001576085778651759,0.12361288070678711,0.00014983380970079452,0.8763870596885681,1,0.9849246144294739,63,"large"
0.11572265625,7.220447741929092e-07,"person",125129,True,0.007106164935976267,0.03871152922511101,9.990073158405721e-05,0.11920793354511261,0.0002301311760675162,0.1579194813966751,0.00017440032388549298,0.8420804142951965,2,0.9156118035316467,63,"large"
0.08349609375,2.5687911602290114e-06,"person",125129,True,0.005385538097470999,0.030851200222969055,7.961600203998387e-05,0.508685290813446,0.0009232037700712681,0.5395365357398987,0.0005748924450017512,0.4604634940624237,3,0.9064327478408813,63,"medium"
0.0126953125,8.197718670999166e-06,"chair",125129,True,0.042919889092445374,0.3373135030269623,0.0008704865467734635,0.10472797602415085,0.00016796791169326752,0.4420414865016937,0.00043723199632950127,0.5579584836959839,4,0.692307710647583,63,"small"
0.136962890625,1.1729263178494875e-06,"bowl",125850,True,0.005876252427697182,0.04122597351670265,0.00016589932783972472,0.13474637269973755,0.0002116989780915901,0.17585565149784088,0.0001989880547625944,0.8241442441940308,0,0.9714794754981995,64,"large"
0.62158203125,8.364886383560588e-08,"cat",125850,True,0.001565934857353568,0.0006190649000927806,2.4912069420679472e-06,0.0027095272671431303,1.9319268176332116e-05,0.0032825039234012365,8.470978173136245e-06,0.9967175126075745,1,0.8758837580680847,64,"large"
0.089111328125,1.1767063369916286e-05,"train",127624,True,0.010015190578997135,0.08611388504505157,9.23225816222839e-05,0.0,0.0,0.08611388504505157,9.23225816222839e-05,0.9138861298561096,0,1.0,65,"medium"
0.087890625,2.752145178419596e-07,"banana",128658,True,0.010250936262309551,0.07741574198007584,8.288623939733952e-05,0.0,0.0,0.07741574198007584,8.288623939733952e-05,0.9225841760635376,0,1.0,66,"medium"
0.0126953125,1.5572908296235255e-06,"sheep",129756,True,0.001199575373902917,0.9790295362472534,0.0009864280000329018,0.005375924985855818,0.00029059062944725156,0.9844054579734802,0.0009736950742080808,0.015594476833939552,0,0.07692307978868484,67,"small"
0.01025390625,2.4408800527453423e-06,"sheep",129756,True,0.00046392143121920526,0.8956043124198914,0.00090237200492993,0.09952451288700104,0.004739261697977781,0.9951288104057312,0.0009818733669817448,0.00487117562443018,1,0.523809552192688,67,"small"
0.0048828125,5.7661823120724875e-06,"dog",129756,True,0.15285396575927734,0.17284058034420013,0.00017414669855497777,0.0628896951675415,0.002373196417465806,0.23573029041290283,0.0002313349541509524,0.7642697095870972,2,0.6000000238418579,67,"tiny"
0.00146484375,5.805507953482447e-06,"dog",129756,True,0.2594173848628998,0.08508802205324173,8.57310151332058e-05,0.5257859230041504,0.01752620004117489,0.6108739972114563,0.0005974318482913077,0.3891260027885437,3,0.6666666865348816,67,"tiny"
0.00146484375,3.9716674109513406e-06,"sheep",129756,True,6.400846905307844e-05,0.7100921869277954,0.0007154581253416836,0.28981176018714905,0.009660392068326473,0.9999040365219116,0.0009779012762010098,9.601269994163886e-05,4,0.3333333432674408,67,"tiny"
0.24267578125,1.5175982071014005e-06,"person",130599,True,0.003956858068704605,0.016720769926905632,2.1561276298598386e-05,0.0,0.0,0.016720769926905632,2.1561276298598386e-05,0.9832792282104492,0,1.0,68,"large"
0.60888671875,5.553687969950261e-06,"person",131444,True,0.0015826821327209473,0.0033807246945798397,9.56357780523831e-06,0.010167989879846573,0.00021406295127235353,0.013197720050811768,3.295311034889892e-05,0.986802339553833,0,0.9839615225791931,69,"large"
0.04638671875,5.351914751372533e-07,"tie",131444,True,0.02032444067299366,0.000255119550274685,7.21696096661617e-07,0.03452175483107567,5.5367694585584104e-05,0.03458929434418678,3.542170816217549e-05,0.9654107689857483,1,0.9263157844543457,69,"medium"
0.0771484375,7.637349312972219e-07,"person",132703,True,0.012453950010240078,0.013605333864688873,1.4784388440602925e-05,0.002532659098505974,0.00010232965723844245,0.016137991100549698,1.7077240045182407e-05,0.983862042427063,0,0.949367105960846,70,"medium"
0.024169921875,7.739271268292214e-07,"skateboard",132703,True,0.03840237855911255,0.007709999568760395,8.378157872357406e-06,0.04183109104633331,0.0005295074661262333,0.04954109340906143,4.957827695761807e-05,0.9504588842391968,1,1.0,70,"small"
0.49951171875,3.149441909044981e-05,"elephant",133631,True,0.001911998842842877,0.02201264351606369,4.295149847166613e-05,0.0,0.0,0.02201264351606369,4.295149847166613e-05,0.9779874086380005,0,1.0,71,"large"
0.51904296875,4.10909905212975e-07,"bowl",136772,True,0.001684721326455474,0.011351328343153,4.0324433939531446e-05,0.0933379977941513,0.0004341302264947444,0.10457071661949158,0.00021232632570900023,0.8954293727874756,0,0.8720601797103882,72,"large"
0.2099609375,2.2665778942609904e-07,"orange",136772,True,0.004406995140016079,0.0009586439118720591,3.4054849038511747e-06,0.051633045077323914,9.71459157881327e-05,0.05249612033367157,6.489014776889235e-05,0.9475038647651672,1,0.800000011920929,72,"large"
0.13720703125,4.538659936770273e-07,"hot dog",138241,True,0.006536817643791437,0.08157718926668167,9.233412129106e-05,0.0,0.0,0.08157718926668167,9.233412129106e-05,0.9184227585792542,0,1.0,73,"large"
0.1865234375,2.9083921617711894e-06,"couch",139684,True,0.005000969395041466,0.011986319907009602,1.7724687495501712e-05,0.032901614904403687,0.00020758116443175822,0.044815003871917725,5.3799525630893186e-05,0.9551851153373718,0,0.9869109988212585,74,"large"
0.053955078125,2.6149505174544174e-06,"chair",139684,True,0.014445352368056774,0.13174857199192047,0.00019482229254208505,0.07014584541320801,0.00023981484991963953,0.20189441740512848,0.00020840714569203556,0.7981057167053223,1,0.8868778347969055,74,"medium"
0.048095703125,2.8443689643609105e-06,"cat",139684,True,0.017895793542265892,0.032106950879096985,4.747792991111055e-05,0.08662211894989014,0.00028849998489022255,0.1186322420835495,0.00012170529953436926,0.8813678026199341,2,0.6192893385887146,74,"medium"
0.0146484375,5.965878699498717e-06,"dining table",139684,True,9.792752825887874e-05,0.10640707612037659,0.0001573487534187734,0.8921239972114563,0.002681064186617732,0.9985310435295105,0.0009896245319396257,0.001468912698328495,3,0.5333333611488342,74,"small"
0.0341796875,2.41611678575282e-06,"tv",139684,True,0.024994006380438805,0.037635039538145065,5.5652559240115806e-05,0.08757476508617401,0.0002800152578856796,0.12520980834960938,0.00012660244829021394,0.8747901320457458,4,0.800000011920929,74,"medium"
0.0009765625,8.194841939257458e-06,"book",139684,True,0.0002699547621887177,0.09323032200336456,0.0001378636952722445,0.9064997434616089,0.0026142746210098267,0.9997300505638123,0.0009772531921043992,0.0002699547621887177,5,0.0,74,"tiny"
0.001953125,6.770837899239268e-06,"book",139684,True,0.2668835520744324,0.38443097472190857,0.000568474642932415,0.08180207014083862,0.00023659311409574002,0.4662330150604248,0.000456196692539379,0.5337671041488647,6,0.0,74,"tiny"
0.0009765625,3.6819237720919773e-06,"vase",139684,True,0.5821537375450134,0.108485646545887,0.00016042239440139383,0.30936068296432495,0.0008921721018850803,0.41784632205963135,0.0004084519168827683,0.5821537375450134,7,1.0,74,"tiny"
0.288818359375,7.533570851592231e-07,"person",140640,True,0.002581685548648238,0.2327982783317566,0.00041682770824991167,0.0036682975478470325,2.1609999748761766e-05,0.23646657168865204,0.0003247052081860602,0.7635334730148315,0,0.9594252109527588,75,"large"
0.09619140625,1.5567551372441812e-06,"person",140640,True,0.007573915179818869,0.10272125154733658,0.00018392350466456264,0.15124818682670593,0.00041212048381567,0.2539694309234619,0.0002744132943917066,0.7460304498672485,1,0.8426395654678345,75,"medium"
0.0498046875,4.314629768487066e-05,"potted plant",140640,True,0.01329263485968113,0.08430906385183334,0.00015095624257810414,0.2377665787935257,0.0005736226448789239,0.32207560539245605,0.00033101296867243946,0.677924394607544,2,0.9264705777168274,75,"medium"
0.0078125,6.617111921514152e-06,"cake",140640,True,0.09898900240659714,0.09717331826686859,0.00017398982890881598,0.11091460287570953,0.00024243629013653845,0.20808792114257812,0.00020481094543356448,0.7919120192527771,3,0.875,75,"tiny"
0.00341796875,3.645070307811693e-07,"knife",140640,True,0.0005116851534694433,0.9194311499595642,0.0016462511848658323,0.07877795398235321,0.00017051506438292563,0.9982090592384338,0.0009781569242477417,0.001790897804312408,4,1.0,75,"tiny"
0.003662109375,3.6250819448468974e-06,"cake",140640,True,0.059876080602407455,0.613636314868927,0.0010987221030518413,0.16182841360569,0.00035046759876422584,0.775464653968811,0.000760073191486299,0.22453530132770538,5,0.2666666805744171,75,"tiny"
0.001953125,4.690944024332566e-07,"cake",140640,True,0.007739837747067213,0.6200664639472961,0.0011102353455498815,0.36445391178131104,0.0007863083155825734,0.9845203161239624,0.000963327125646174,0.015479675494134426,6,0.0,75,"tiny"
0.0029296875,2.5431047561141895e-06,"cake",140640,True,0.0035432446748018265,0.6486577391624451,0.001161428401246667,0.3407125771045685,0.0007366758654825389,0.9893702268600464,0.0009690207662060857,0.01062973402440548,7,0.0,75,"tiny"
0.21875,3.031698906852398e-05,"bus",142585,True,0.0033897156827151775,0.09355448931455612,0.0001573005283717066,0.14714927971363068,0.0007169270538724959,0.2407037615776062,0.0003008797066286206,0.7592962980270386,0,1.0,76,"large"
0.1728515625,1.0830476639966946e-06,"car",142585,True,0.0048094638623297215,0.12239786237478256,0.00020579715783242136,0.02634406089782715,0.00010422971536172554,0.14872488379478455,0.00017559017578605562,0.8512750864028931,1,0.7570621371269226,76,"large"
0.009521484375,1.6339801049980451e-06,"car",142585,True,0.07514588534832001,0.2371719777584076,0.00039877588278613985,0.0301557295024395,7.188492600107566e-05,0.2673276662826538,0.00026357173919677734,0.7326724529266357,2,0.41025641560554504,76,"tiny"
0.00830078125,1.8526989151723683e-05,"car",142585,True,0.0077572474256157875,0.6197309494018555,0.0010420024627819657,0.3143368065357208,0.000746200152207166,0.9340634346008301,0.0009198064217343926,0.0659366026520729,3,0.0,76,"tiny"
0.00634765625,6.534756266773911e-06,"traffic light",142585,True,0.002635112265124917,0.12344115972518921,0.00020755136210937053,0.8594304919242859,0.002032952383160591,0.9828717708587646,0.0009659674833528697,0.017128227278590202,4,0.3076923191547394,76,"tiny"
0.0009765625,4.022092525701737e-06,"car",142585,True,0.009417276829481125,0.5744159817695618,0.0009658107883296907,0.416166752576828,0.0009717845823615789,0.9905827641487122,0.0009683116222731769,0.009417276829481125,5,1.0,76,"tiny"
0.0029296875,3.977564119850285e-06,"traffic light",142585,True,0.2750870883464813,0.1258319914340973,0.00021157122682780027,0.048906728625297546,0.00011473719496279955,0.17473872005939484,0.00017114468209911138,0.8252612948417664,6,0.3333333432674408,76,"tiny"
0.49609375,8.563663556060419e-08,"dog",145781,True,0.0018986810464411974,0.035454828292131424,6.951927935006097e-05,1.5264877220033668e-05,2.5441465822950704e-06,0.03547009080648422,6.874048995086923e-05,0.9645298719406128,0,0.9940944910049438,77,"large"
0.005859375,2.3798149868525798e-06,"bottle",145781,True,2.4943879907368682e-05,0.9887929558753967,0.0019388097571209073,0.011057380586862564,2.1766496502095833e-05,0.999850332736969,0.0009821712737903,0.0001496632758062333,1,1.0,77,"tiny"
0.25439453125,6.018162821419537e-07,"fire hydrant",147338,True,0.0037429025396704674,0.004868426360189915,8.09380981081631e-06,0.020105451345443726,0.00012410772615112364,0.024973876774311066,3.2709725928725675e-05,0.9750261306762695,0,0.9366602897644043,78,"large"
0.091796875,2.040547087744926e-06,"truck",147338,True,0.006827478762716055,0.004008834715932608,6.664730335614877e-06,0.3542082607746124,0.001078259665518999,0.3582170903682709,0.00038517970824614167,0.6417829394340515,1,0.8829787373542786,78,"medium"
0.0615234375,2.0576514998538187e-06,"car",147338,True,0.01202675886452198,0.004765089601278305,7.922009899630211e-06,0.23754924535751343,0.000660776742734015,0.24231432378292084,0.00025214807828888297,0.7576858401298523,2,0.3571428656578064,78,"medium"
0.0048828125,8.669395356264431e-06,"truck",147338,True,0.023631155490875244,0.004541248548775911,7.549873771495186e-06,0.877302885055542,0.002101324498653412,0.881844162940979,0.0008654016419313848,0.11815576255321503,3,1.0,78,"tiny"
0.304931640625,5.999076506668644e-07,"zebra",148783,True,0.003185451263561845,0.005342913791537285,7.50672825233778e-06,0.0,0.0,0.005342913791537285,7.50672825233778e-06,0.9946571588516235,0,1.0,79,"large"
0.09423828125,5.196932306716917e-07,"giraffe",150726,True,0.009576679207384586,0.0015588108217343688,1.818916075535526e-06,0.07429187744855881,0.0010537855559960008,0.07585068792104721,8.177972631528974e-05,0.9241493940353394,0,0.9533678889274597,80,"medium"
0.06884765625,2.26067896846871e-07,"giraffe",150726,True,0.01349558588117361,0.0006730126333422959,7.853123520362715e-07,0.04788823425769806,0.0004962512175552547,0.04856124892830849,5.092947685625404e-05,0.9514386653900146,1,0.8226950168609619,80,"medium"
0.509765625,5.132238243277243e-07,"motorcycle",153217,True,0.0017473854823037982,0.007822697050869465,1.8504309991840273e-05,0.08004213869571686,0.001009995467029512,0.08786483854055405,0.0001750295632518828,0.9121352434158325,0,0.9789271950721741,81,"large"
0.077392578125,8.597507417107408e-07,"cat",153217,True,0.012265672907233238,0.0008781453943811357,2.077221779472893e-06,0.02706734463572502,5.185315603739582e-05,0.027945488691329956,2.9579774491139688e-05,0.9720544219017029,1,0.9495267868041992,81,"medium"
0.49560546875,2.3244201656780206e-06,"truck",154000,True,0.0019528701668605208,0.006441918201744556,1.2935580343764741e-05,0.0024765238631516695,0.0001338661677436903,0.008918442763388157,1.726707341731526e-05,0.9910814762115479,0,0.984236478805542,82,"large"
0.01806640625,6.0928323364350945e-06,"truck",154000,True,0.0470312125980854,0.0009034826071001589,1.8142222870665137e-06,0.12901917099952698,0.0002542249858379364,0.12992265820503235,0.0001292120141442865,0.8700773119926453,1,0.9459459185600281,82,"small"
0.12890625,6.097071036492707e-06,"person",154718,True,0.00725956866517663,0.041736967861652374,4.679032281273976e-05,0.0,0.0,0.041736967861652374,4.679032281273976e-05,0.9582630395889282,0,1.0,83,"large"
0.076416015625,1.4212070027497248e-06,"train",155443,True,0.012743274681270123,0.002838841173797846,3.0016826713108458e-06,0.0,0.0,0.002838841173797846,3.0016826713108458e-06,0.9971611499786377,0,0.8274760246276855,84,"medium"
0.1796875,2.853246883205429e-07,"cake",157138,True,0.005091194994747639,0.007993290200829506,1.0124497748620342e-05,0.05522686243057251,0.0010936013422906399,0.06322015076875687,7.526209083152935e-05,0.9367797374725342,0,0.989130437374115,85,"large"
0.04931640625,2.6754628379421774e-07,"fork",157138,True,0.019122788682579994,0.002530727069824934,3.20548042509472e-06,0.031768422573804855,0.00017265444330405444,0.03429914638400078,3.523281338857487e-05,0.9657008647918701,1,0.3217821717262268,85,"medium"
0.330810546875,1.0935495993180666e-05,"elephant",158945,True,0.002875917125493288,0.006053103134036064,1.0147699867957272e-05,0.01973002776503563,0.0002223101764684543,0.025783129036426544,3.762587220990099e-05,0.9742169380187988,0,0.9749077558517456,86,"large"
0.062255859375,1.2534591178336996e-06,"chair",158945,True,0.011534650810062885,0.0324213020503521,5.435256025521085e-05,0.23224467039108276,0.0006384733133018017,0.26466596126556396,0.0002756219473667443,0.7353339791297913,1,0.7490196228027344,86,"medium"
0.0244140625,2.143165602319641e-06,"person",158945,True,0.03773238882422447,0.02209724672138691,3.704484333866276e-05,0.03459306061267853,8.594550308771431e-05,0.05669030547142029,5.674705971614458e-05,0.9433096051216125,2,0.8899999856948853,86,"small"
0.095703125,1.1685827416840766e-07,"toothbrush",160666,True,0.009647177532315254,0.05457678437232971,5.893822162761353e-05,0.0,0.0,0.05457678437232971,5.893822162761353e-05,0.9454232454299927,0,1.0,87,"medium"
0.02099609375,5.534254796657478e-07,"skis",161781,True,0.04365961626172066,0.061318375170230865,6.116546865087003e-05,0.0,0.0,0.061318375170230865,6.116546865087003e-05,0.9386816620826721,0,1.0,88,"small"
0.32861328125,7.880816497163323e-07,"person",162092,True,0.002783741569146514,0.042213086038827896,6.897563434904441e-05,0.021457288414239883,0.0002832645259331912,0.06327097117900848,9.203050285577774e-05,0.9367290735244751,0,0.9947994351387024,89,"large"
0.041259765625,4.725561382201704e-07,"person",162092,True,0.014770671725273132,0.3141399025917053,0.0005133005324751139,0.06179927662014961,0.00016713801596779376,0.37593919038772583,0.0003829276829492301,0.6240608096122742,1,0.715976357460022,89,"medium"
0.014404296875,2.4747928364377003e-06,"person",162092,True,1.4384472706296947e-05,0.7334877848625183,0.0011985095916315913,0.2663007378578186,0.0006699390360154212,0.9997878670692444,0.000990624655969441,0.00021217094035819173,2,0.0,89,"small"
0.012451171875,2.409286480542505e-06,"cake",162092,True,0.0051395222544670105,0.8701767325401306,0.0014218572760000825,0.06429442018270493,0.00016103798407129943,0.934471070766449,0.0009240751387551427,0.06552891433238983,3,0.9215686321258545,89,"small"
0.005859375,6.307165222096955e-06,"person",162092,True,0.03550126776099205,0.6903320550918579,0.0011279935715720057,0.09666028618812561,0.00023807951947674155,0.7869923710823059,0.0007730769575573504,0.2130076140165329,4,0.9166666865348816,89,"tiny"
0.3408203125,2.171783307858277e-06,"person",163257,True,0.0028237595688551664,0.014099311083555222,2.124990351148881e-05,0.00040863704634830356,3.553365604602732e-05,0.014507949352264404,2.1493258827831596e-05,0.9854921102523804,0,0.9892550110816956,90,"large"
0.01123046875,4.459333013073774e-06,"person",163257,True,0.0788300484418869,0.05903991311788559,8.898253872757778e-05,0.03441455215215683,9.860903082881123e-05,0.09345447272062302,9.230071736965328e-05,0.9065455794334412,1,0.739130437374115,90,"small"
0.33740234375,1.4918344959369279e-06,"person",164602,True,0.002437638584524393,0.003641837742179632,8.372040610993281e-06,0.15415406227111816,0.0006330762407742441,0.15779589116573334,0.00023256579879671335,0.8422041535377502,0,0.8798842430114746,91,"large"
0.2197265625,9.239758469448134e-07,"person",164602,True,0.004058002028614283,0.009477411396801472,2.1787154764751904e-05,0.07747218757867813,0.00021283570094965398,0.08694959431886673,0.00010882302740355954,0.9130503535270691,1,0.6399999856948853,91,"large"
0.01708984375,2.25153416977264e-05,"sink",164602,True,0.0014788383850827813,0.8179285526275635,0.0018802955746650696,0.1561918407678604,0.0002733015571720898,0.9741203784942627,0.0009678294882178307,0.025879671797156334,2,1.0,91,"small"
0.0009765625,5.093498600672319e-08,"toothbrush",164602,True,0.4625311493873596,0.01886948011815548,4.337811697041616e-05,0.5185993909835815,0.0008819717331789434,0.5374688506126404,0.0005253849667496979,0.4625311493873596,4,1.0,91,"tiny"
0.00390625,1.4039992493053433e-06,"bear",165500,True,0.0012122109765186906,0.995151162147522,0.0009756385115906596,0.0,0.0,0.995151162147522,0.0009756385115906596,0.004848843440413475,0,1.0,92,"tiny"
0.2919921875,1.027507664730365e-06,"elephant",166563,True,0.003304137848317623,0.012062899768352509,1.6638485249131918e-05,0.0,0.0,0.012062899768352509,1.6638485249131918e-05,0.9879370927810669,0,1.0,93,"large"
0.290771484375,3.252054625590972e-07,"vase",167240,True,0.003318585455417633,0.011891284957528114,1.6373543985537253e-05,0.0,0.0,0.011891284957528114,1.6373543985537253e-05,0.9881086945533752,0,1.0,94,"large"
0.28759765625,2.099557377732708e-06,"refrigerator",168593,True,0.003138793632388115,0.01093085017055273,2.0900286472169682e-05,0.06469450145959854,0.0003132905694656074,0.07562535256147385,0.00010366737842559814,0.9243746995925903,0,0.8845500946044922,95,"large"
0.171875,1.0204449836237472e-06,"refrigerator",168593,True,0.004090807866305113,0.012430454604327679,2.3767599486745894e-05,0.2675875127315521,0.0008233461994677782,0.2800179719924927,0.00033020987757481635,0.7199821472167969,1,0.8323863744735718,95,"large"
0.02978515625,4.22379662268213e-06,"chair",168593,True,0.030447717756032944,0.025490323081612587,4.8738667828729376e-05,0.04585425928235054,9.745857096277177e-05,0.07134458422660828,7.181135879363865e-05,0.9286553859710693,2,1.0,95,"small"
0.34619140625,2.3807310753909405e-06,"bed",170278,True,0.002569322008639574,0.02890291064977646,8.513376087648794e-05,0.060490790754556656,0.00018138167797587812,0.08917532861232758,0.0001331969106104225,0.9108246564865112,0,0.937940776348114,96,"large"
0.32568359375,1.2983649355646776e-07,"dog",170278,True,0.0029276879504323006,0.0016120984219014645,4.748449100588914e-06,0.02225283905863762,6.277246575336903e-05,0.02361610159277916,3.4201450034743175e-05,0.9763839244842529,1,0.9175412058830261,96,"large"
0.271484375,1.622728063921386e-06,"couch",171740,True,0.0035375854931771755,0.01600821688771248,2.166199919884093e-05,0.0005430650198832154,7.758072024444118e-05,0.01655128225684166,2.218670488218777e-05,0.9834487438201904,0,0.9928057789802551,97,"large"
0.00390625,7.342716344282962e-06,"cup",171740,True,0.19094716012477875,0.05368608236312866,7.264692976605147e-05,0.18252533674240112,0.0006495563429780304,0.2362114042043686,0.0002315798046765849,0.763788640499115,1,1.0,97,"tiny"
0.0029296875,2.066924935206771e-05,"clock",171740,True,0.30011478066444397,0.02396487258374691,3.2428786653326824e-05,0.07569078356027603,0.0002684070204850286,0.0996556505560875,9.760592365637422e-05,0.9003443121910095,2,1.0,97,"tiny"
0.090087890625,3.067817488044966e-06,"suitcase",172617,True,0.009818813763558865,0.08306415379047394,9.319961100118235e-05,0.011246947571635246,0.00026938796509057283,0.09421442449092865,0.00010111556184710935,0.9057855606079102,0,0.924119234085083,98,"medium"
0.022705078125,5.172111059437157e-07,"book",172617,True,0.0003662811650428921,0.9341863393783569,0.0010481755016371608,0.05730217695236206,0.0005221155588515103,0.9914839863777161,0.0009907410712912679,0.008516035974025726,1,0.301075279712677,98,"small"
0.00732421875,1.8235535890198662e-06,"book",172617,True,0.0031008156947791576,0.9124107956886292,0.0010237429523840547,0.0643329992890358,0.000513636798132211,0.9767438769340515,0.000960889330599457,0.02325611561536789,2,0.13333334028720856,98,"tiny"
0.00634765625,7.400298045467935e-07,"book",172617,True,0.013893824070692062,0.3954870104789734,0.00044374418212100863,0.5142101049423218,0.004056884441524744,0.9096901416778564,0.000894044351298362,0.09030985832214355,3,0.3076923191547394,98,"tiny"
0.0048828125,7.651274245290551e-07,"book",172617,True,1.166284073406132e-05,0.7494457960128784,0.0008408929570578039,0.2505091428756714,0.0019381754100322723,0.9999417066574097,0.0009812972275540233,5.831419548485428e-05,4,0.0,98,"tiny"
0.08740234375,1.5925064644761733e-07,"cat",174231,True,0.010676526464521885,0.04445095360279083,4.7566561988787726e-05,0.0,0.0,0.04445095360279083,4.7566561988787726e-05,0.9555491209030151,0,1.0,99,"medium"
0.127197265625,1.7173188098240644e-06,"surfboard",177357,True,0.007281300146132708,0.009159657172858715,1.100920417229645e-05,0.0425155945122242,0.0006802495918236673,0.051610708236694336,5.7746256061363965e-05,0.9483892321586609,0,0.9942418336868286,100,"large"
0.06103515625,8.042494528126554e-07,"person",177357,True,0.014641473069787025,0.005954333581030369,7.156651008699555e-06,0.0790339782834053,0.0006067868089303374,0.08490796387195587,8.83078173501417e-05,0.9150920510292053,1,0.7839999794960022,100,"medium"
0.083251953125,1.4366848972713342e-06,"elephant",178618,True,0.0117039131000638,0.0021973655093461275,2.346358996874187e-06,4.3982581701129675e-05,1.9547813280951232e-05,0.002241348149254918,2.3875877559476066e-06,0.997758686542511,0,0.9765396118164062,101,"medium"
0.002197265625,7.2085258580045775e-06,"elephant",178618,True,0.010864573530852795,0.9222644567489624,0.000984799349680543,0.05329013615846634,0.0006251043523661792,0.9755546450614929,0.0009547881199978292,0.02444528602063656,1,1.0,101,"tiny"
0.19775390625,6.159442591524567e-07,"person",180487,True,0.004883910529315472,0.006364731118083,1.0126860615855549e-05,0.004742345307022333,2.431972279737238e-05,0.011008121073246002,1.3400026546150912e-05,0.9889917969703674,0,0.9629629850387573,102,"large"
0.093505859375,2.2466060727310833e-06,"dining table",180487,True,0.00919876154512167,0.017323793843388557,2.7563715775613673e-05,0.10191686451435089,0.000338875746820122,0.1192186176776886,0.000128433748614043,0.8807812929153442,1,0.942558765411377,102,"medium"
0.063232421875,3.145544269500533e-06,"umbrella",180487,True,0.012757431715726852,0.02018388733267784,3.211437797290273e-05,0.15377315878868103,0.00046352119534276426,0.17395628988742828,0.00018134614219889045,0.8260437250137329,2,0.8610038757324219,102,"medium"
0.01416015625,2.290695420015254e-06,"chair",180487,True,0.058216411620378494,0.012449076399207115,1.9807603166555054e-05,0.14341303706169128,0.0003764122084248811,0.15586210787296295,0.00015439536946360022,0.8441378474235535,3,0.7586206793785095,102,"small"
0.01953125,7.068428544698691e-07,"cup",180487,True,0.04440917819738388,0.021714700385928154,3.455004480201751e-05,0.09010190516710281,0.00023995182709768414,0.11181659251451492,0.00011137112596770748,0.8881834149360657,4,0.8999999761581421,102,"small"
0.12353515625,1.2516080687419162e-06,"sink",181859,True,0.006663496606051922,0.03227550908923149,4.71175299026072e-05,0.12481781840324402,0.0005846268031746149,0.1570676863193512,0.00017500578542239964,0.8429323434829712,0,0.8577075004577637,103,"large"
0.20849609375,5.187706975107176e-08,"cat",181859,True,0.00463598407804966,0.0055650705471634865,8.124190571834333e-06,0.004754680208861828,3.758640377782285e-05,0.010217562317848206,1.2606492418854032e-05,0.9897825717926025,1,0.9906322956085205,103,"large"
0.213623046875,1.5022895922811585e-06,"airplane",183500,True,0.004483596421778202,0.005834959447383881,7.264188752742484e-06,0.013378429226577282,0.006689214613288641,0.019213389605283737,2.3860155124566518e-05,0.9807866811752319,0,0.977142870426178,104,"large"
0.001953125,3.1518609944214404e-07,"person",183500,True,0.4657260775566101,0.00026122969575226307,3.252159217481676e-07,0.06828662753105164,0.00031216745264828205,0.06854785978794098,6.707227294100448e-05,0.9314521551132202,1,1.0,104,"tiny"
0.016845703125,1.2656066417093825e-07,"orange",184791,True,0.05133626610040665,0.08036569505929947,8.306532254209742e-05,0.03408370167016983,0.0008683746564202011,0.1144493892788887,0.0001136820501415059,0.8855504989624023,0,0.7101449370384216,105,"small"
0.013671875,3.796847352077748e-07,"orange",184791,True,0.03944895789027214,0.0348176509141922,3.598724288167432e-05,0.4128970205783844,0.009715226478874683,0.4477146565914154,0.0004432819550856948,0.5522853136062622,1,0.1428571492433548,105,"small"
0.010986328125,1.6665729845044552e-06,"bowl",184791,True,3.015829497599043e-05,0.8619866371154785,0.0008909424068406224,0.137674018740654,0.003042520023882389,0.9996607303619385,0.000987075618468225,0.00033928078482858837,2,0.0,105,"small"
0.0126953125,3.15013653562346e-06,"orange",184791,True,0.004546026699244976,0.037886444479227066,3.9159120206022635e-05,0.90301513671875,0.020758971571922302,0.9409015774726868,0.000930664362385869,0.05909833684563637,3,0.07692307978868484,105,"small"
0.0009765625,6.860500434413552e-08,"orange",184791,True,7.159345841500908e-05,0.03802911192178726,3.9306578401010484e-05,0.9618992805480957,0.017331520095467567,0.99992835521698,0.0009774471400305629,7.159345113905147e-05,4,0.0,105,"tiny"
0.156494140625,4.863737785854028e-07,"person",185950,True,0.006180746480822563,0.009282046929001808,1.0891225429077167e-05,0.00025331461802124977,2.2027357772458345e-05,0.00953536294400692,1.1039493983844295e-05,0.9904646277427673,0,0.9703587889671326,106,"large"
0.01123046875,9.979113428926212e-07,"skateboard",185950,True,0.0826094001531601,0.008546610362827778,1.0028292308561504e-05,0.041445422917604446,0.00025862985057756305,0.04999203607439995,4.9374863010598347e-05,0.9500078558921814,1,1.0,106,"small"
0.0478515625,1.3262877018860308e-06,"chair",189310,True,0.02008378691971302,0.01589449867606163,1.6302050426020287e-05,0.0,0.0,0.01589449867606163,1.6302050426020287e-05,0.9841055870056152,0,1.0,107,"medium"
0.259033203125,4.170761258137645e-06,"boat",190140,True,0.0035122132394462824,0.01883305236697197,2.753370426944457e-05,0.04962581396102905,0.0006508304504677653,0.06838551163673401,9.01291859918274e-05,0.9316144585609436,0,0.9340245127677917,108,"large"
0.04150390625,7.348011763497198e-07,"person",190140,True,0.020427236333489418,0.018475312739610672,2.7010688427253626e-05,0.11348717659711838,0.0003801915154326707,0.1318425089120865,0.0001343275507679209,0.8681576251983643,1,0.8352941274642944,108,"medium"
0.032958984375,3.430627941725106e-07,"dog",190140,True,0.026060054078698158,0.03373371437191963,4.931829607812688e-05,0.08676047623157501,0.00028283774736337364,0.12047319114208221,0.00012165936641395092,0.8795268535614014,2,0.9925925731658936,108,"medium"
0.2587890625,7.101304618117865e-06,"horse",191288,True,0.0036063832230865955,0.017748888581991196,2.5140068828477524e-05,0.02655954286456108,0.0005011234316043556,0.04430843144655228,5.837737990077585e-05,0.9556915760040283,0,0.9783018827438354,109,"large"
0.0517578125,6.932255587344116e-07,"person",191288,True,0.017168359830975533,0.020512599498033524,2.9054675906081684e-05,0.06956440955400467,0.00026250723749399185,0.09007702022790909,9.276728087570518e-05,0.9099229574203491,1,0.8867924809455872,109,"medium"
0.28857421875,8.091689096545451e-07,"person",192699,True,0.0014018225483596325,0.0025859419256448746,4.6115774239297025e-06,0.583175539970398,0.0034764562733471394,0.5857614278793335,0.0008040650864131749,0.4142385721206665,0,0.9255499243736267,110,"large"
0.131591796875,4.871240889769979e-06,"person",192699,True,0.006880032829940319,0.0009055995615199208,1.6149791690622806e-06,0.07201001048088074,0.00021920855215284973,0.07291561365127563,8.19967535790056e-05,0.9270844459533691,1,0.40816327929496765,110,"large"
0.0322265625,2.429951109661488e-06,"motorcycle",192699,True,0.02065080590546131,0.2124788612127304,0.00037891906686127186,0.10604464262723923,0.0002464721619617194,0.31852349638938904,0.00032141624251380563,0.6814765930175781,2,0.9090909361839294,110,"medium"
0.18798828125,1.3924382074037567e-06,"bed",193494,True,0.005126769654452801,0.013096781447529793,1.5750789316371083e-05,0.0,0.0,0.013096781447529793,1.5750789316371083e-05,0.986903190612793,0,1.0,111,"large"
0.60302734375,0.0015749470330774784,"bus",194832,True,0.0011213399702683091,0.11512944102287292,0.0013233269564807415,0.1929483860731125,0.0005996841937303543,0.30757269263267517,0.0007566363783553243,0.692427396774292,0,0.9639676213264465,112,"large"
0.06103515625,3.784159389397246e-06,"couch",194832,True,0.011515013873577118,0.08128266036510468,0.0009342834237031639,0.19904008507728577,0.0002275393926538527,0.2803117036819458,0.0002915358345489949,0.719688355922699,1,0.2160000056028366,112,"medium"
0.074951171875,2.0432507881196216e-06,"chair",194832,True,0.0059657469391822815,0.13444609940052032,0.0015453576343134046,0.4076828062534332,0.000473912077723071,0.5421289205551147,0.0005723187932744622,0.4578710198402405,2,0.11074918508529663,112,"medium"
0.05517578125,1.7679678421700373e-05,"couch",194832,True,0.009326791390776634,0.10030460357666016,0.0011529267067089677,0.3727351725101471,0.000423081946792081,0.4730363190174103,0.0004889264819212258,0.5269636511802673,3,0.28318583965301514,112,"medium"
0.069580078125,3.563104883141932e-06,"chair",194832,True,0.00013314378156792372,0.1724766045808792,0.0019824898336082697,0.8180617690086365,0.0009440990979783237,0.9905134439468384,0.0010396364377811551,0.009486493654549122,4,0.0,112,"medium"
0.03955078125,1.185847736451251e-06,"chair",194832,True,0.00017544563161209226,0.5957171320915222,0.006847323849797249,0.39719417691230774,0.0004428029351402074,0.9928944706916809,0.001009552157483995,0.0071055470034480095,5,0.02469135820865631,112,"medium"
0.013916015625,1.2219139762237319e-06,"chair",194832,True,8.404636901104823e-05,0.0988631322979927,0.001136358012445271,0.8999400734901428,0.0009750164463184774,0.9988024234771729,0.0009891582885757089,0.0011976606911048293,6,0.0,112,"small"
0.112548828125,9.68951439972443e-07,"chair",196754,True,0.008416896685957909,0.022600963711738586,2.603798384370748e-05,0.007351841777563095,0.00018041333532892168,0.02995280548930168,3.2960455428110436e-05,0.970047116279602,0,0.9544468522071838,113,"large"
0.039794921875,8.478690460833604e-07,"stop sign",196754,True,0.02301309071481228,0.010808637365698814,1.245234852831345e-05,0.0514080785214901,0.00044605715083889663,0.06221672147512436,6.327660958049819e-05,0.9377833008766174,1,1.0,113,"medium"
0.147705078125,4.2622455111995805e-06,"train",198510,True,0.006014937534928322,0.028629299253225327,4.011110286228359e-05,0.06161144748330116,0.00038749337545596063,0.09024075418710709,0.00010339816799387336,0.9097592830657959,0,0.9851239919662476,114,"large"
0.1552734375,2.472793994456879e-06,"person",198510,True,0.00549072353169322,0.07968664914369583,0.00011164505121996626,0.04728839173913002,0.00031265057623386383,0.12697505950927734,0.00014679199375677854,0.8730249404907227,1,0.955974817276001,114,"large"
0.46875,3.608683073252905e-06,"bed",199551,True,0.0019737514667212963,0.013590354472398758,3.0626149964518845e-05,0.039009008556604385,0.000389117281883955,0.05259936302900314,9.669000428402796e-05,0.947400689125061,0,0.996874988079071,115,"large"
0.097900390625,1.8905977583472122e-07,"person",199551,True,0.009647884406149387,0.002018250757828355,4.54817063655355e-06,0.030781427398324013,6.41279766568914e-05,0.032799676060676575,3.5507091524777934e-05,0.9672003984451294,1,0.9301745891571045,115,"medium"
0.295654296875,7.5745197136711795e-06,"elephant",201025,True,0.00027485433383844793,0.0367431677877903,6.779182876925915e-05,0.8800446391105652,0.00490959407761693,0.91678786277771,0.0012711099116131663,0.08321214467287064,0,0.22873657941818237,116,"large"
0.175048828125,1.8623630921865697e-06,"elephant",201025,True,0.0015721251256763935,0.04792343080043793,8.841961243888363e-05,0.6702731847763062,0.0022139493376016617,0.7181966304779053,0.0008501883712597191,0.2818034291267395,1,0.156206414103508,116,"large"
0.41796875,5.353469987312565e-07,"bed",202445,True,0.0021785548888146877,0.011667359620332718,2.49569184234133e-05,0.05599988251924515,0.0004274800303392112,0.06757859885692596,0.00011338690819684416,0.9324214458465576,0,0.9690420627593994,117,"large"
0.1279296875,4.8984613698621615e-08,"cat",202445,True,0.007506780792027712,0.00025186612037941813,5.387511237131548e-07,0.0164779145270586,3.84998056688346e-05,0.016611868515610695,1.8602318959892727e-05,0.9833881855010986,1,0.944656491279602,117,"large"
0.23388671875,3.913934278898523e-07,"pizza",206027,True,0.004120065364986658,0.004997367970645428,7.2794878178683575e-06,0.008247063495218754,8.415371848968789e-05,0.013244431465864182,1.6882642739801668e-05,0.9867554903030396,0,0.8288100361824036,118,"large"
0.08203125,5.990767704133759e-07,"bottle",206027,True,0.009719126857817173,0.03851250186562538,5.60997796128504e-05,0.14508089423179626,0.0005723111680708826,0.18359340727329254,0.0001953121245605871,0.8164067268371582,1,0.8154761791229248,118,"medium"
0.013671875,1.5082323443493806e-05,"bottle",206027,True,3.7626665289280936e-05,0.3365451693534851,0.000490233302116394,0.6629281044006348,0.0020492367912083864,0.9994733333587646,0.0009895775001496077,0.000526773335877806,2,0.6428571343421936,118,"small"
0.21728515625,8.06969012501213e-07,"teddy bear",207306,True,0.004483379889279604,0.002447943203151226,3.0542023523594253e-06,0.0,0.0,0.002447943203151226,3.0542023523594253e-06,0.9975520372390747,0,1.0,119,"large"
0.02978515625,8.45868555643392e-07,"sheep",209613,True,0.028715679422020912,0.010100544430315495,1.0825878234754782e-05,0.11407119035720825,0.001885474193841219,0.12417173385620117,0.00012498412979766726,0.875828206539154,0,0.9344262480735779,120,"small"
0.031005859375,4.881841277892818e-07,"sheep",209613,True,0.016205914318561554,0.035643674433231354,3.8203295844141394e-05,0.44981861114501953,0.007591875270009041,0.4854622781276703,0.0004892540164291859,0.5145377516746521,1,0.4566929042339325,120,"medium"
0.019287109375,8.174796448656707e-07,"sheep",209613,True,0.011644584126770496,0.3784676194190979,0.00040564595838077366,0.3915518522262573,0.005495465360581875,0.7700194120407104,0.0007667607860639691,0.2299804985523224,2,0.5696202516555786,120,"small"
0.005615234375,2.5808269583649235e-06,"sheep",209613,True,0.0019006716320291162,0.7014668583869934,0.0007518401253037155,0.2876043915748596,0.0033736585173755884,0.9890711903572083,0.0009713441831991076,0.010928861796855927,3,0.3478260934352875,120,"tiny"
0.003173828125,2.3726797735434957e-06,"dog",209613,True,0.25272953510284424,0.10347818583250046,0.00011090909538324922,0.0751507580280304,0.0008564189192838967,0.17862893640995026,0.00017499773821327835,0.8213710188865662,4,1.0,120,"tiny"
0.04736328125,3.1682415624345595e-07,"bicycle",210299,True,0.019805967807769775,0.010012512095272541,1.0720035788835958e-05,0.02939809486269951,0.0007083879318088293,0.039410609751939774,4.040042404085398e-05,0.9605892896652222,0,0.8865979313850403,121,"medium"
0.04052734375,7.697141768403526e-07,"person",210299,True,0.02188866026699543,0.006159983575344086,6.595272679987829e-06,0.08546081185340881,0.001762078725732863,0.0916207805275917,9.325271093985066e-05,0.9083792567253113,1,0.9036144614219666,121,"medium"
0.04638671875,5.339858830666344e-07,"giraffe",211069,True,0.020597394555807114,0.021623754873871803,2.21441423491342e-05,0.0,0.0,0.021623754873871803,2.21441423491342e-05,0.9783762693405151,0,1.0,122,"medium"
0.269287109375,2.6004333903983934e-06,"person",213035,True,0.002850240794941783,0.019999705255031586,3.343035132274963e-05,0.19404637813568115,0.0012936426792293787,0.21404606103897095,0.000286062277154997,0.7859537601470947,0,0.9111514091491699,123,"large"
0.12890625,3.507002190872299e-07,"person",213035,True,0.003618218470364809,0.314725399017334,0.0005260767647996545,0.2076697051525116,0.0007069607963785529,0.522395133972168,0.0005856448551639915,0.47760477662086487,1,0.8371211886405945,123,"large"
0.017578125,8.891638003660773e-08,"cell phone",213035,True,0.04634040966629982,0.1289651244878769,0.00021557064610533416,0.03690754249691963,9.051513188751414e-05,0.16587267816066742,0.0001648833858780563,0.8341272473335266,2,0.8888888955116272,123,"small"
0.2734375,6.024825324857375e-06,"apple",213935,True,0.0032598755788058043,0.08622531592845917,0.00012424397573340684,0.0010096246842294931,2.0192494048387744e-05,0.08723494410514832,0.00011725127114914358,0.9127651453018188,0,0.7714285850524902,124,"large"
0.048828125,8.720628102310002e-05,"apple",213935,True,0.0006091858958825469,0.5493785738945007,0.0007916118483990431,0.4201620817184448,0.0015005790628492832,0.9695407152175903,0.0009954217821359634,0.030459292232990265,1,0.8799999952316284,124,"medium"
0.03271484375,8.773001809458947e-07,"zebra",215245,True,0.016085132956504822,0.08879457414150238,9.844188025454059e-05,0.37307679653167725,0.004168455954641104,0.4611480236053467,0.00046557094901800156,0.5388519763946533,0,1.0,125,"medium"
0.0546875,5.822279831591004e-07,"zebra",215245,True,0.002641595434397459,0.649003267288208,0.0007195158395916224,0.2032572627067566,0.0030336903873831034,0.8520708084106445,0.0008802384254522622,0.1479293406009674,1,0.0357142873108387,125,"medium"
0.02099609375,6.150749527478183e-07,"zebra",215245,True,0.030163170769810677,0.24095599353313446,0.0002671352413017303,0.1105358675122261,0.0010998593643307686,0.35149186849594116,0.0003506153298076242,0.6485081911087036,2,0.27906978130340576,125,"small"
0.0068359375,3.820952315436443e-06,"zebra",215245,True,0.08731400221586227,0.10625927150249481,0.000117804083856754,0.2825428247451782,0.002456894377246499,0.38880205154418945,0.0003823029692284763,0.6111979484558105,3,0.4285714328289032,125,"tiny"
0.0029296875,4.468142378755147e-06,"zebra",215245,True,0.12553800642490387,0.018425581976771355,2.0427476556506008e-05,0.6049605011940002,0.00508370203897357,0.6233860850334167,0.0006105643115006387,0.37661394476890564,4,0.6666666865348816,125,"tiny"
0.001953125,8.33416106615914e-06,"zebra",215245,True,0.3954242467880249,0.00781741738319397,8.666759640618693e-06,0.2013341337442398,0.0016777844866737723,0.2091515064239502,0.00020464922999963164,0.7908484935760498,5,1.0,125,"tiny"
0.855224609375,2.2826832264399854e-06,"bed",217219,True,0.0011257154401391745,0.014154682867228985,9.547847002977505e-05,0.0,0.0,0.014154682867228985,9.547847002977505e-05,0.9858453273773193,0,1.0,126,"large"
0.1220703125,1.944980613188818e-05,"truck",220732,True,0.005052160006016493,0.27238380908966064,0.00032976249349303544,0.09609626233577728,0.0013163872063159943,0.3684800863265991,0.0004098777426406741,0.6315199732780457,0,0.9200000166893005,127,"large"
0.0458984375,8.226489285334537e-07,"bus",220732,True,0.01986675150692463,0.025200221687555313,3.0508743293466978e-05,0.041062504053115845,0.0002719371113926172,0.06626272201538086,6.782264244975522e-05,0.9337373375892639,1,0.4680851101875305,127,"medium"
0.009765625,1.07122855297348e-06,"car",220732,True,0.027200156822800636,0.4806267321109772,0.0005818725330755115,0.24737171828746796,0.0013158069923520088,0.7279984354972839,0.0007179472013376653,0.27200156450271606,2,0.699999988079071,127,"tiny"
0.0048828125,2.1356474462663755e-05,"bus",220732,True,0.024706201627850533,0.04739436134696007,5.737816172768362e-05,0.8290746808052063,0.004295723512768745,0.8764690160751343,0.0008601266308687627,0.12353100627660751,3,0.6000000238418579,127,"tiny"
0.0087890625,1.1838006912512355e-06,"car",220732,True,0.0006260551162995398,0.043251801282167435,5.236295692157e-05,0.951113760471344,0.005032347980886698,0.9943655729293823,0.0009796705562621355,0.005634495988488197,4,0.1111111119389534,127,"tiny"
0.001953125,1.7086520529119298e-05,"person",220732,True,0.4339567720890045,0.03418690711259842,4.1388502722838894e-05,0.09789948165416718,0.0004994870978407562,0.132086381316185,0.00012924302427563816,0.8679136633872986,5,1.0,127,"tiny"
0.0029296875,4.550755420495989e-06,"truck",221754,True,0.30818063020706177,0.06786518543958664,6.67964486638084e-05,0.007593004964292049,0.0015186012024059892,0.07545818388462067,7.390616519842297e-05,0.9245417714118958,0,0.6666666865348816,128,"tiny"
0.001953125,2.390469853708055e-05,"person",221754,True,0.06535185873508453,0.04442192241549492,4.372236071503721e-05,0.8248744010925293,0.1374790519475937,0.8692962527275085,0.0008505833684466779,0.13070373237133026,2,0.0,128,"tiny"
0.001953125,2.3653255993849598e-05,"person",221754,True,0.1085471585392952,0.02496935799717903,2.4576143914600834e-05,0.7579362988471985,0.12632273137569427,0.7829056978225708,0.0007660526316612959,0.217094287276268,5,0.0,128,"tiny"
0.0009765625,1.4367211406351998e-05,"person",221754,True,0.000399765616748482,0.02815934084355831,2.7715890610124916e-05,0.9714407920837402,0.13877727091312408,0.9996002316474915,0.0009771264158189297,0.0003997655585408211,6,0.0,128,"tiny"
0.134033203125,2.440484422550071e-06,"oven",222825,True,0.006519874557852745,0.006901206448674202,9.149761353910435e-06,0.09824606031179428,0.0007414798019453883,0.10514725744724274,0.00011857600475195795,0.8948526382446289,0,0.936247706413269,129,"large"
0.12646484375,1.5575353245367296e-05,"refrigerator",222825,True,0.006114842835813761,0.02748829498887062,3.6444540455704555e-05,0.1806396245956421,0.0012879830319434404,0.2081279158592224,0.0002326751418877393,0.7918721437454224,1,0.96138995885849,129,"large"
0.0029296875,5.383937150327256e-06,"bottle",222825,True,0.32229337096214294,0.00805957056581974,1.0685542292776518e-05,0.025060418993234634,9.39472156460397e-05,0.033119987696409225,3.243877290515229e-05,0.9668800830841064,2,1.0,129,"tiny"
0.0400390625,1.1046449799323454e-06,"person",224337,True,0.0032362951897084713,0.6292274594306946,0.0006987533997744322,0.23808450996875763,0.0028858729638159275,0.867311954498291,0.0008823112584650517,0.13268810510635376,0,0.8048780560493469,130,"medium"
0.05078125,2.616020253753959e-07,"pizza",224337,True,0.0182510893791914,0.048185933381319046,5.351019717636518e-05,0.002757465001195669,3.8565944123547524e-05,0.05094339698553085,5.2410901844268665e-05,0.9490566253662109,1,0.875,130,"medium"
0.02978515625,1.09154302663228e-06,"person",224337,True,0.0019866705406457186,0.26353248953819275,0.0002926512679550797,0.6758740544319153,0.0072674620896577835,0.9394065737724304,0.0009455526014789939,0.06059345602989197,2,0.13114753365516663,130,"small"
0.3173828125,1.3796415032629739e-06,"bus",226154,True,0.002955266973003745,0.02822304517030716,4.0843769966159016e-05,0.011327901855111122,0.0013730790233239532,0.039538390934467316,5.656422217725776e-05,0.9604617357254028,0,0.9907692074775696,131,"large"
0.006103515625,7.288783763215179e-07,"person",226154,True,0.03642819821834564,0.7440824508666992,0.0010768197244033217,0.02824445627629757,8.637447899673134e-05,0.7723237872123718,0.0007588540902361274,0.22767625749111176,1,0.3199999928474426,131,"tiny"
0.001953125,4.4586238345800666e-07,"person",226154,True,0.00021565979113802314,0.7758745551109314,0.0011228288058191538,0.2236940711736679,0.0006758130621165037,0.9995686411857605,0.0009780516847968102,0.00043131946586072445,2,0.0,131,"tiny"
0.0009765625,7.3308920036652125e-06,"car",227511,True,0.0017319874605163932,0.9981240034103394,0.0009761604014784098,0.00014400453073903918,0.00028800906147807837,0.9982680082321167,0.0009758240776136518,0.0017319874605163932,0,1.0,132,"tiny"
0.00048828125,4.483093653107062e-05,"fire hydrant",227511,True,0.594474732875824,0.7019162178039551,0.000686470593791455,0.0008464662823826075,0.0008464662241749465,0.7027626633644104,0.0006866268813610077,0.2972373962402344,1,1.0,132,"tiny"
0.38818359375,3.7694701404689113e-07,"cow",229221,True,0.002510353224352002,0.002112127374857664,3.4094066450052196e-06,2.259968277940061e-05,3.228526111342944e-06,0.0021347273141145706,3.4073859751515556e-06,0.9978653788566589,0,0.9647798538208008,133,"large"
0.0068359375,7.385930530290352e-06,"cow",229221,True,0.13080620765686035,0.004042908549308777,6.5260837800451554e-06,0.08031366020441055,0.0002020469692070037,0.08435656875371933,8.294648432638496e-05,0.9156433343887329,1,1.0,133,"tiny"
0.00341796875,6.055059657228412e-06,"boat",230362,True,5.8775785873876885e-05,0.9190069437026978,0.0009201571228913963,0.08078745007514954,0.003714365419000387,0.9997943639755249,0.0009797102538868785,0.00020571524510160089,0,0.0,134,"tiny"
0.005859375,2.337139449082315e-06,"boat",230362,True,0.11899084597826004,0.2769821882247925,0.00027732885791920125,0.009072856977581978,0.0004713172384072095,0.2860550284385681,0.0002809970756061375,0.7139450907707214,1,0.6666666865348816,134,"tiny"
0.0029296875,5.540905476664193e-06,"boat",230362,True,0.0005303391953930259,0.6334621906280518,0.0006342550041154027,0.36494672298431396,0.016402099281549454,0.9984089136123657,0.000977873569354415,0.0015910175861790776,2,0.6666666865348816,134,"tiny"
0.004638671875,1.0852489140233956e-05,"boat",230362,True,5.439370943349786e-05,0.8417801260948181,0.0008428336586803198,0.15796148777008057,0.007705438416451216,0.9997416138648987,0.0009808600880205631,0.00025837012799456716,3,0.0,134,"tiny"
0.001953125,3.895720874425024e-05,"boat",230362,True,0.0037644028197973967,0.8626576662063599,0.000863737310282886,0.1298135221004486,0.005583377089351416,0.9924711585044861,0.0009711068123579025,0.007528805639594793,4,0.0,134,"tiny"
0.001953125,8.83777374838246e-07,"boat",230362,True,0.004100834485143423,0.8680883049964905,0.0008691747207194567,0.12371008843183517,0.005320863798260689,0.9917983412742615,0.0009704484255053103,0.00820166990160942,5,0.0,134,"tiny"
0.001953125,2.132791905751219e-06,"boat",230362,True,0.0005067090387456119,0.8559637069702148,0.0008570349891670048,0.14302292466163635,0.006151523441076279,0.9989866614341736,0.000977482064627111,0.0010134180774912238,6,0.0,134,"tiny"
0.001953125,1.0454865332576446e-05,"boat",230362,True,2.2323729353956878e-05,0.47017237544059753,0.0004707608313765377,0.5297830104827881,0.022786365821957588,0.999955415725708,0.0009784299181774259,4.4647458707913756e-05,7,0.0,134,"tiny"
0.37939453125,8.581137080909684e-06,"refrigerator",231339,True,0.002317622769623995,0.09960363805294037,0.00015673271263949573,0.0,0.0,0.09960363805294037,0.00015673271263949573,0.9003964066505432,0,1.0,135,"large"
0.318115234375,3.0662997119179636e-07,"toaster",232348,True,0.0030392161570489407,0.009975343942642212,1.4286207260738593e-05,0.0,0.0,0.009975343942642212,1.4286207260738593e-05,0.9900246858596802,0,1.0,136,"large"
0.06298828125,1.7140553154604277e-06,"parking meter",234757,True,0.01398362498730421,0.05868295207619667,6.180405762279406e-05,0.03937323018908501,0.003937323112040758,0.09805618226528168,0.00010219508112641051,0.9019438028335571,0,0.9844961166381836,137,"medium"
0.009765625,1.4409391724257148e-06,"bench",234757,True,0.09375128149986267,0.03334427252411842,3.5117722291033715e-05,0.02914302423596382,0.00045182989560998976,0.06248730048537254,6.162456702440977e-05,0.9375126957893372,1,0.699999988079071,137,"tiny"
0.60498046875,2.0405450129601377e-07,"pizza",236412,True,0.0015439792769029737,0.043504901230335236,0.00010755228868220001,0.0,0.0,0.043504901230335236,0.00010755228868220001,0.9564951658248901,0,0.980629563331604,138,"large"
0.341552734375,2.7535772915143752e-06,"laptop",239318,True,0.0024333461187779903,0.110877625644207,0.00024064599710982293,0.03807072341442108,0.00017790059791877866,0.14893728494644165,0.00022089328558649868,0.8510627150535583,0,0.9942816495895386,139,"large"
0.208984375,3.2795952620290336e-07,"keyboard",239318,True,0.0026580356061458588,0.39026525616645813,0.0008470216998830438,0.040922295302152634,0.00011700441973516718,0.4311803877353668,0.000532321457285434,0.5688196420669556,1,0.8691588640213013,139,"large"
0.243408203125,8.572982892474101e-07,"person",240049,True,0.00105743994936347,0.004681064281612635,8.717065611563157e-06,0.73177170753479,0.0030746711418032646,0.7364331483840942,0.0009505429188720882,0.26356691122055054,0,0.9799398183822632,140,"large"
0.1044921875,3.026329977728892e-07,"giraffe",240049,True,0.008082853630185127,0.003088438417762518,5.7512829698680434e-06,0.1320464164018631,0.000347490597050637,0.13513486087322235,0.0001473662705393508,0.8648651838302612,1,0.9626168012619019,140,"large"
0.101806640625,1.236051474506894e-07,"person",240049,True,0.00870873499661684,0.006762949749827385,1.2593946848937776e-05,0.08535150438547134,0.0002229954261565581,0.09211445599794388,0.00010015161387855187,0.907885730266571,2,0.32613909244537354,140,"large"
0.026123046875,1.6455499007861363e-06,"giraffe",240049,True,0.032549526542425156,0.0007797896396368742,1.4521224329655524e-06,0.12852086126804352,0.00027908984338864684,0.12930022180080414,0.00012965679343324155,0.8706997632980347,3,0.9719626307487488,140,"small"
0.0185546875,2.168672381230863e-06,"fork",243626,True,0.04814358055591583,0.06933701783418655,7.222606654977426e-05,0.015934931114315987,0.00035410962300375104,0.08527194708585739,8.484771387884393e-05,0.9147279262542725,0,1.0,141,"small"
0.0439453125,1.8436916207065224e-06,"cup",243626,True,0.020102214068174362,0.04568539932370186,4.758896102430299e-05,0.049715034663677216,0.0026165812741965055,0.09540043771266937,9.74468348431401e-05,0.9045995473861694,1,1.0,141,"medium"
0.156005859375,1.1160529993503587e-06,"cake",245026,True,0.006008013151586056,0.04021996259689331,4.653741780202836e-05,0.0,0.0,0.04021996259689331,4.653741780202836e-05,0.9597800970077515,0,0.9812206625938416,142,"large"
0.07470703125,2.038428419837146e-06,"tv",246308,True,0.00891163945198059,0.021744422614574432,2.4667524485266767e-05,0.29651522636413574,0.0044926549308001995,0.31825965642929077,0.0003358940884936601,0.681740403175354,0,0.9869281053543091,143,"medium"
0.064453125,4.268324858003325e-07,"laptop",246308,True,0.014572197571396828,0.013847443275153637,1.5708954379078932e-05,0.024387594312429428,0.00031879209564067423,0.03823503851890564,3.9911312342155725e-05,0.9617650508880615,1,0.6212121248245239,143,"medium"
0.15869140625,8.273344178633124e-07,"laptop",248314,True,0.005256542470306158,0.029671991243958473,4.034261291963048e-05,0.1165057048201561,0.000917367753572762,0.14581191539764404,0.00016925352974794805,0.8541881442070007,0,0.9200000166893005,144,"large"
0.06103515625,1.0692376406495896e-07,"keyboard",248314,True,0.014298057183623314,0.01659986935555935,2.2569505745195784e-05,0.08994873613119125,0.00039624996134079993,0.10637148469686508,0.00011063078272854909,0.8936284780502319,1,0.7200000286102295,144,"medium"
0.02685546875,4.202261436603294e-07,"mouse",248314,True,0.028640998527407646,0.06341669708490372,8.62225642777048e-05,0.14895589649677277,0.0005707122618332505,0.2123725861310959,0.00021311850287020206,0.7876274585723877,2,0.9818181991577148,144,"small"
0.029296875,1.3368039617489558e-06,"bowl",248314,True,0.02304861694574356,0.2223767638206482,0.00030234779114834964,0.08616478741168976,0.00033332608290947974,0.30854156613349915,0.0003104040224570781,0.6914584636688232,3,0.8333333134651184,144,"small"
0.00341796875,2.555445064444939e-07,"spoon",248314,True,0.24108783900737762,0.10207600891590118,0.00013878449681214988,0.05411659553647041,0.00018988277588505298,0.1561926156282425,0.00015305497800000012,0.8438075184822083,4,0.7142857313156128,144,"tiny"
0.00341796875,0.0010655747028067708,"chair",248314,True,0.0015057644341140985,0.9382128715515137,0.0012756123906001449,0.05651700124144554,0.0001983052643481642,0.9947299361228943,0.0009747475851327181,0.005270175635814667,5,1.0,144,"tiny"
0.043212890625,4.2350452531536575e-06,"person",249180,True,0.0045082177966833115,0.800511360168457,0.0008170567452907562,0.0,0.0,0.800511360168457,0.0008170567452907562,0.19948863983154297,0,0.5028248429298401,145,"medium"
0.221923828125,0.00018059861031360924,"dining table",251537,True,0.0011603848543018103,0.7121262550354004,0.0009413433726876974,0.02417639270424843,0.000600655737798661,0.7363026142120361,0.0009241325315088034,0.26369744539260864,0,0.9955995678901672,146,"large"
0.039306640625,4.914091391583497e-07,"carrot",251537,True,0.024458061903715134,0.014921830035746098,1.972482459677849e-05,0.000641208200249821,2.821598172886297e-06,0.015563038177788258,1.5820114640519023e-05,0.9844369888305664,1,0.8757764101028442,146,"medium"
0.069091796875,6.768389653188933e-07,"person",252701,True,0.014034398831427097,0.006232518702745438,6.848921657365281e-06,0.0008337559411302209,1.9277593310107477e-05,0.007066274061799049,7.412823379127076e-06,0.9929337501525879,0,0.9434629082679749,147,"medium"
0.03125,1.9396215975575615e-06,"surfboard",252701,True,0.02904709056019783,0.0031172423623502254,3.4255410810146714e-06,0.06737595051527023,0.000821657944470644,0.0704931914806366,7.106168777681887e-05,0.9295068979263306,1,0.96875,147,"medium"
0.010986328125,3.5888233469449915e-06,"person",252701,True,0.08236397802829742,0.003868711180984974,4.251331574778305e-06,0.06953658908605576,0.0006767552113160491,0.07340528815984726,7.248116162372753e-05,0.9265946745872498,2,1.0,147,"small"
0.102294921875,1.2948815992785967e-06,"elephant",259625,True,0.009508763439953327,0.003957079257816076,4.304682988731656e-06,0.0,0.0,0.003957079257816076,4.304682988731656e-06,0.9960428476333618,0,1.0,148,"large"
0.142333984375,1.598285166437563e-06,"person",261036,True,0.006760131102055311,0.011369431391358376,1.3247225979284849e-05,0.003341574687510729,0.0001670787314651534,0.014711006544530392,1.675036401138641e-05,0.9852890968322754,0,0.9914236664772034,149,"large"
0.01953125,1.6091719317046227e-06,"frisbee",261036,True,0.0464412197470665,0.03857552632689476,4.494672975852154e-05,0.032600101083517075,0.0002236713917227462,0.07117562741041183,7.089206337695941e-05,0.9288243055343628,1,1.0,149,"small"
0.046630859375,4.405011395647307e-07,"person",263068,True,0.02082606963813305,0.0035386814270168543,3.660389211290749e-06,0.0020164826419204473,0.0002122613077517599,0.005555163603276014,5.690308171324432e-06,0.9944449067115784,0,0.9790576100349426,150,"medium"
0.00927734375,4.113020679596957e-07,"skateboard",263068,True,0.10125812143087387,0.0008196451235562563,8.478357926833269e-07,0.037228189408779144,0.0007796480203978717,0.03804783150553703,3.750402538571507e-05,0.9619520306587219,1,0.7894737124443054,150,"tiny"
0.1640625,4.141340355090506e-07,"toilet",263796,True,0.005907408893108368,0.007555380463600159,8.826378689263947e-06,0.0,0.0,0.007555380463600159,8.826378689263947e-06,0.9924446940422058,0,1.0,151,"large"
0.046875,5.280348318592587e-07,"horse",265816,True,0.017936279997229576,0.09820734709501266,0.00010483837104402483,0.040851347148418427,0.0010407986119389534,0.1390586942434311,0.00014247816579882056,0.8609414100646973,0,0.9791666865348816,152,"medium"
0.01953125,8.150590247169021e-07,"person",265816,True,0.0473095178604126,0.025888927280902863,2.7636962840915658e-05,0.027920689433813095,0.00041517752106301486,0.05380961671471596,5.3595231293002144e-05,0.9461904168128967,1,0.824999988079071,152,"small"
0.0087890625,2.7848698664456606e-05,"potted plant",265816,True,0.015362769365310669,0.5470826625823975,0.0005840220837853849,0.3146524727344513,0.004021117929369211,0.8617351055145264,0.0008490001200698316,0.13826492428779602,2,0.3333333432674408,152,"tiny"
0.0068359375,5.471394160849741e-06,"potted plant",265816,True,0.03366636112332344,0.06341879069805145,6.770087929908186e-05,0.7009167075157166,0.00873416569083929,0.7643354535102844,0.0007515590405091643,0.235664501786232,3,0.1428571492433548,152,"tiny"
0.003173828125,1.794724812498316e-05,"potted plant",265816,True,0.011498524807393551,0.020261995494365692,2.163010140066035e-05,0.9423677921295166,0.011218665167689323,0.9626297950744629,0.0009430613717995584,0.03737020120024681,4,0.3076923191547394,152,"tiny"
0.0859375,1.311295932282519e-06,"cow",267434,True,0.0104601439088583,0.06597169488668442,7.362913311226293e-05,0.013535636477172375,0.0003383909643162042,0.07950733602046967,8.494374196743593e-05,0.9204925298690796,0,1.0,153,"medium"
0.02978515625,2.4806612941574713e-07,"cow",267434,True,0.006127987056970596,0.7796372175216675,0.0008701308397576213,0.03345918655395508,0.0003431711520534009,0.8130964636802673,0.0008184161852113903,0.18690361082553864,1,0.31147539615631104,153,"small"
0.00927734375,2.0906418285449035e-06,"cow",267434,True,0.006321300752460957,0.24013185501098633,0.0002680043107829988,0.6998158693313599,0.005905619356781244,0.9399476051330566,0.0009265131666325033,0.060052357614040375,2,0.8947368264198303,153,"tiny"
0.0595703125,9.750722711032722e-06,"sink",268831,True,0.014885706827044487,0.0363113209605217,3.881487646140158e-05,0.055660564452409744,0.0020240203011780977,0.09197188913822174,9.550558752380311e-05,0.9080281853675842,0,0.9754098653793335,154,"medium"
0.02685546875,1.3845944977219915e-06,"toilet",268831,True,0.035759735852479935,0.011972966603934765,1.2798469469998963e-05,0.004634339828044176,7.597279181936756e-05,0.01660730689764023,1.666563912294805e-05,0.9833926558494568,1,0.4000000059604645,154,"small"
0.0029296875,6.788353402953362e-06,"traffic light",269682,True,0.002690817229449749,0.9918546676635742,0.0009724066476337612,7.296063267858699e-05,7.29606399545446e-05,0.9919276237487793,0.0009715256746858358,0.008072450757026672,0,0.6666666865348816,155,"tiny"
0.0009765625,0.00017109225154854357,"traffic light",269682,True,0.003728072391822934,0.9884633421897888,0.0009690817096270621,0.007808627560734749,0.002602875931188464,0.9962719678878784,0.0009738728986121714,0.003728072391822934,2,1.0,155,"tiny"
0.01806640625,2.635566147546342e-07,"baseball bat",270474,True,0.05181529000401497,0.0414171926677227,4.1190647607436404e-05,0.0,0.0,0.0414171926677227,4.1190647607436404e-05,0.9585827589035034,0,1.0,156,"small"
0.64404296875,2.3283141672436614e-06,"truck",272049,True,0.001488603767938912,0.01610109955072403,4.707924017566256e-05,0.0021648108959198,9.62138146860525e-05,0.01826591044664383,5.011223765905015e-05,0.9817341566085815,0,0.9787718057632446,157,"large"
0.02197265625,1.7694082998787053e-05,"airplane",272049,True,0.03752106800675392,0.02079988457262516,6.081837636884302e-05,0.1349760890007019,0.00020466427667997777,0.15577596426010132,0.0001555426570121199,0.8442240357398987,1,1.0,157,"small"
0.2861328125,8.911052304938494e-07,"motorcycle",273551,True,0.0031628767028450966,0.006500984076410532,1.0153822586289607e-05,0.06677614897489548,0.0007358253933489323,0.07327713072299957,0.0001002423232421279,0.9267227649688721,0,0.8856655359268188,158,"large"
0.0791015625,6.151258844511176e-07,"motorcycle",273551,True,0.00916504580527544,0.020963478833436966,3.2742649636929855e-05,0.23666782677173615,0.000781727023422718,0.2576313316822052,0.00027320400113239884,0.7423686385154724,1,0.9382715821266174,158,"medium"
0.009521484375,7.075365715536464e-07,"motorcycle",273551,True,0.09104801714420319,0.030019279569387436,4.688681656261906e-05,0.08226265758275986,0.0002199536538682878,0.112281933426857,0.00011070440814364702,0.8877180814743042,2,0.4871794879436493,158,"tiny"
0.3251953125,1.0691311445043539e-06,"bus",274272,True,0.0028005545027554035,0.05135425552725792,7.529949652962387e-05,0.016207760199904442,0.0016207760199904442,0.06741538643836975,9.756206418387592e-05,0.9325846433639526,0,0.9759759902954102,159,"large"
0.009765625,3.2466499533256865e-07,"person",274272,True,0.0855531245470047,0.09194213896989822,0.0001348125224467367,0.0529710091650486,0.00015907209308352321,0.1444687843322754,0.00014247414947021753,0.8555312156677246,1,0.800000011920929,159,"tiny"
0.00732421875,2.1812093109474517e-06,"person",276024,True,0.0309771578758955,0.7137677073478699,0.0007148400181904435,0.05390358716249466,0.002994644222781062,0.7676713466644287,0.0007552104652859271,0.2323286533355713,0,0.7333333492279053,160,"tiny"
0.01513671875,1.2245052403159207e-06,"horse",276024,True,0.04025433212518692,0.3301541805267334,0.00033065018942579627,0.045903757214546204,0.004590376280248165,0.376057893037796,0.00037288840394467115,0.6239420771598816,1,1.0,160,"small"
0.00244140625,1.0694806178435101e-06,"cow",276024,True,0.0001771578099578619,0.8990300893783569,0.0009003807790577412,0.10052691400051117,0.0043707359582185745,0.9995570182800293,0.0009785189758986235,0.00044289446668699384,2,1.0,160,"tiny"
0.17041015625,6.999728441314801e-08,"teddy bear",276921,True,0.0015300401719287038,0.002188448328524828,3.276120196460397e-06,0.7311288714408875,0.004000705201178789,0.733008086681366,0.0008628700161352754,0.2669920027256012,0,0.24068768322467804,161,"large"
0.178466796875,7.060619111598498e-08,"teddy bear",276921,True,0.0018289806321263313,0.006195549853146076,9.274775038647931e-06,0.6602804660797119,0.0037838423158973455,0.6657538414001465,0.0007913864101283252,0.3342462182044983,1,0.3160054683685303,161,"large"
0.14599609375,9.070279816114635e-07,"bench",279145,True,0.00637822225689888,0.003952955827116966,6.874705832160544e-06,0.042502909898757935,0.00014191288209985942,0.04645586758852005,5.312277426128276e-05,0.9535441994667053,0,0.9866220951080322,162,"large"
0.06884765625,2.70595119218342e-05,"potted plant",279145,True,0.0002621134917717427,0.11955133080482483,0.0002079153637168929,0.8619697093963623,0.0022773307282477617,0.9815210103988647,0.0010293875820934772,0.01847900077700615,1,0.3120567500591278,162,"medium"
0.05419921875,7.851070222386625e-06,"potted plant",279145,True,0.009767280891537666,0.2268034815788269,0.0003944408381357789,0.2312197983264923,0.0005868522566743195,0.45791593194007874,0.0004728094208985567,0.5420840978622437,2,0.4324324429035187,162,"medium"
0.0517578125,1.565037018735893e-05,"potted plant",279145,True,0.0034833524841815233,0.7051548361778259,0.001226356253027916,0.11022736877202988,0.0002783519448712468,0.8153822422027588,0.000839734566397965,0.18461768329143524,3,0.07547169923782349,162,"medium"
0.05322265625,7.895168891991489e-06,"potted plant",279145,True,0.0059280963614583015,0.5962316393852234,0.0010369245428591967,0.08068724721670151,0.0002045303990598768,0.6769187450408936,0.0006982142222113907,0.32308128476142883,4,0.4587155878543854,162,"medium"
0.03173828125,6.578144962077204e-07,"cat",279145,True,0.025325963273644447,0.10235471278429031,0.00017800822388380766,0.07491656392812729,0.00017965605366043746,0.17690631747245789,0.00017842292436398566,0.8230937123298645,5,0.8615384697914124,162,"medium"
0.033203125,0.00014031997125130147,"potted plant",279145,True,5.2577383030438796e-05,0.49388688802719116,0.0008589337230660021,0.5043255090713501,0.0012152421986684203,0.998212456703186,0.0010082954540848732,0.0017876310739666224,6,0.20588235557079315,162,"medium"
0.054443359375,4.155154329055222e-06,"oven",281032,True,0.00014096971426624805,0.9921409487724304,0.001024674391373992,0.0,0.0,0.9921409487724304,0.001024674391373992,0.0078590614721179,0,1.0,163,"medium"
0.035888671875,9.906433433570783e-07,"car",283037,True,0.026440031826496124,0.020811190828680992,2.140518517990131e-05,0.007517753168940544,0.0005011835601180792,0.028328945860266685,2.8694805223494768e-05,0.9716711640357971,0,1.0,164,"medium"
0.0146484375,8.523409633198753e-06,"traffic light",283037,True,0.06335907429456711,0.01429351419210434,1.4701482541568112e-05,0.035320308059453964,0.0009610968991182745,0.049613818526268005,4.91712853545323e-05,0.9503860473632812,1,0.9333333373069763,164,"small"
0.013671875,2.071021663141437e-05,"dining table",284106,True,0.0011377510381862521,0.977015495300293,0.0010230528423562646,0.007055934984236956,0.00012828972830902785,0.9840714931488037,0.0009743281989358366,0.015928514301776886,0,0.8571428656578064,165,"small"
0.04736328125,5.162742695574707e-07,"bowl",284106,True,0.002518216846510768,0.8643434047698975,0.0009050716180354357,0.013523142784833908,0.000659665500279516,0.8778665065765381,0.0008999144192785025,0.1221335157752037,1,0.5979381203651428,165,"medium"
0.00634765625,1.4270821679929213e-07,"carrot",284106,True,0.12818628549575806,0.07770160585641861,8.136294491123408e-05,0.08908765017986298,0.0014254024717956781,0.166789248585701,0.00016392064571846277,0.8332107067108154,2,0.9230769276618958,165,"tiny"
0.571044921875,2.9196576178947e-06,"person",285047,True,0.0017036176286637783,0.003809679066762328,8.67314520291984e-06,0.0,0.0,0.003809679066762328,8.67314520291984e-06,0.9961904287338257,0,1.0,166,"large"
0.0009765625,1.8830830867955228e-06,"umbrella",288042,True,0.9033020734786987,0.09669793397188187,9.452388621866703e-05,0.0,0.0,0.09669793397188187,9.452388621866703e-05,0.9033020734786987,0,1.0,167,"tiny"
0.01708984375,1.5677549072279362e-06,"person",289343,True,0.054498858749866486,0.04259663447737694,4.2639276216505095e-05,0.003921493422240019,0.0004753326065838337,0.046270038932561874,4.5971228246344253e-05,0.9537299275398254,0,0.9142857193946838,168,"small"
0.006103515625,3.020605845449609e-07,"bicycle",289343,True,0.0038538577500730753,0.8291792273521423,0.0008300092304125428,0.14706242084503174,0.00754166254773736,0.9759135246276855,0.0009588931570760906,0.024086611345410347,1,0.8799999952316284,168,"tiny"
0.001953125,1.3273700005811406e-06,"dog",289343,True,0.46706223487854004,0.027023985981941223,2.7051040888181888e-05,0.03885166347026825,0.0016892029670998454,0.06587564945220947,6.445759208872914e-05,0.9341243505477905,2,1.0,168,"tiny"
0.38818359375,2.0448199222755647e-07,"orange",290081,True,0.0024660653434693813,0.0007278270786628127,2.905497240135446e-06,0.019058814272284508,5.065465666120872e-05,0.01973913237452507,3.1506995583185926e-05,0.980260968208313,0,0.8515723347663879,169,"large"
0.234375,5.505045237441664e-07,"bowl",290081,True,0.0031574303284287453,0.0216986034065485,8.662117033964023e-05,0.22085818648338318,0.00041378583409823477,0.24221676588058472,0.0003089499659836292,0.7577832937240601,1,0.9666666388511658,169,"large"
0.076416015625,1.4207071217242628e-05,"dining table",290081,True,0.009382682852447033,0.07856258004903793,0.00031362310983240604,0.18724249303340912,0.0002693168062251061,0.26580509543418884,0.00028105219826102257,0.7341948747634888,2,0.7859424948692322,169,"medium"
0.056640625,7.467668638128089e-06,"dining table",290081,True,0.00046224656398408115,0.22841422259807587,0.0009118333691731095,0.7447754144668579,0.0010409160749986768,0.9731897115707397,0.0010074429446831346,0.026810297742486,3,0.0,169,"medium"
0.652099609375,1.7082262274925597e-05,"bed",291490,True,0.0014122744323685765,0.019114922732114792,0.00010860751353902742,0.037840407341718674,0.00020964215218555182,0.056953802704811096,0.00015987032384146005,0.9430462718009949,0,0.9895170331001282,170,"large"
0.17626953125,7.247072630889306e-08,"cat",291490,True,0.005363375414162874,0.0010957495542243123,6.225850484042894e-06,0.030830709263682365,4.617104059434496e-05,0.03191080689430237,3.783142892643809e-05,0.9680891036987305,1,0.9542936086654663,170,"large"
0.126708984375,1.8131915169306012e-07,"person",292082,True,0.005915389861911535,0.043026089668273926,5.415494160843082e-05,0.1894521266222,0.001899269875138998,0.23247823119163513,0.00025997014017775655,0.7675216794013977,0,0.9344894289970398,171,"large"
0.094482421875,5.689034310307761e-07,"person",292082,True,0.007880515418946743,0.03918192908167839,4.93164625368081e-05,0.19837814569473267,0.0014943740097805858,0.23756007850170135,0.0002561985165812075,0.7624399065971375,1,0.723514199256897,171,"medium"
0.0029296875,1.705324592649049e-07,"tie",292082,True,0.30466145277023315,0.01572224870324135,1.9788863937719725e-05,0.07029349356889725,0.0003103466297034174,0.0860157385468483,8.424658153671771e-05,0.9139841198921204,2,0.6666666865348816,171,"tiny"
0.0517578125,1.8455432382324943e-06,"car",292997,True,0.01519779209047556,0.006062369793653488,6.804005352023523e-06,0.18845462799072266,0.0023556824307888746,0.19451698660850525,0.00020032642350997776,0.8054831027984619,0,0.9622641801834106,172,"medium"
0.0419921875,1.9233100374549394e-06,"car",292997,True,0.01885305903851986,0.01994778960943222,2.2388092475011945e-05,0.16937077045440674,0.0018818974494934082,0.18931856751441956,0.00019298528786748648,0.8106815218925476,1,0.9069767594337463,172,"medium"
0.02685546875,4.903810349787818e-06,"truck",292997,True,0.030979523435235023,0.06773000955581665,7.601573452120647e-05,0.0803331509232521,0.0007614517235197127,0.14806316792964935,0.00014858321810606867,0.8519367575645447,2,0.9636363387107849,172,"small"
0.00927734375,9.273942964682647e-07,"traffic light",292997,True,0.06489846855401993,0.3122916519641876,0.0003504956839606166,0.0711728185415268,0.0005762981018051505,0.3834644854068756,0.00037798372795805335,0.616535484790802,3,0.8947368264198303,172,"tiny"
0.004638671875,8.962541869550478e-06,"person",297595,True,0.20548240840435028,0.0013530997093766928,1.3314634088601451e-06,0.0226055309176445,0.007535176817327738,0.023958628997206688,2.350613613089081e-05,0.9760414361953735,0,0.5789473652839661,173,"tiny"
0.0029296875,4.823113613383612e-06,"surfboard",297595,True,0.3195771276950836,0.00099460082128644,9.786971304492909e-07,0.040274135768413544,0.008478766307234764,0.04126874357461929,4.0419927245238796e-05,0.9587312340736389,1,0.6666666865348816,173,"tiny"
0.15185546875,4.1168155462401046e-07,"broccoli",299355,True,0.006221364252269268,0.006120502017438412,7.500615083699813e-06,0.026457425206899643,0.0005039509851485491,0.03257792815566063,3.751056647161022e-05,0.9674221277236938,0,0.8649517893791199,174,"large"
0.05126953125,4.1485472479507735e-07,"broccoli",299355,True,0.007040384225547314,0.002283011097460985,2.797807610477321e-06,0.6280968189239502,0.004039207939058542,0.630379855632782,0.0006488727522082627,0.3696201741695404,1,0.380952388048172,174,"medium"
0.00390625,1.5283583252312383e-06,"airplane",300659,True,0.06084632873535156,0.7352911829948425,0.0007256760145537555,0.021323593333363533,0.00315905106253922,0.7566146850585938,0.0007417792221531272,0.24338528513908386,0,0.5,175,"tiny"
0.00439453125,1.028980705086724e-06,"airplane",300659,True,0.005553478375077248,0.12116412818431854,0.00011957970855291933,0.8538451790809631,0.13661524653434753,0.9750092625617981,0.0009563603671267629,0.02499064803123474,1,0.0,175,"tiny"
0.002197265625,1.2824509667552775e-06,"airplane",300659,True,0.08515407145023346,0.6933040618896484,0.0006842379807494581,0.11509929597377777,0.013541094958782196,0.8084033727645874,0.0007911950233392417,0.1915966272354126,2,0.6666666865348816,175,"tiny"
0.16064453125,2.2218291633180343e-06,"person",302107,True,0.005937931593507528,0.01260741613805294,1.6204905477934517e-05,0.011013058945536613,0.0001334916305495426,0.023210356011986732,2.7004485673387535e-05,0.9767897129058838,0,0.9483282566070557,176,"large"
0.05859375,2.1514056243177038e-06,"person",302107,True,0.015360119752585888,0.0086608761921525,1.1132232430099975e-05,0.06975599378347397,0.0003745288704521954,0.07839283347129822,8.13203732832335e-05,0.9216070771217346,1,0.9458333253860474,176,"medium"
0.0087890625,5.053730660620204e-07,"baseball bat",302107,True,0.09440124034881592,0.002742115641012788,3.524570502122515e-06,0.14770811796188354,0.0006206224206835032,0.15038885176181793,0.00014816636394243687,0.8496110439300537,2,0.6111111044883728,176,"tiny"
0.009521484375,1.6998726550809806e-06,"baseball glove",302107,True,0.09401675313711166,0.0028001603204756975,3.5991774893773254e-06,0.080595962703228,0.0003407862677704543,0.0833367183804512,8.216584683395922e-05,0.916663408279419,3,0.7435897588729858,176,"tiny"
0.00390625,1.4096103768679313e-05,"person",302107,True,0.21338579058647156,0.0039052616339176893,5.019616310164565e-06,0.14255163073539734,0.0005890563479624689,0.14645689725875854,0.00014358518819790334,0.8535431623458862,4,1.0,176,"tiny"
0.259521484375,7.814374839654192e-06,"horse",303499,True,0.002687253290787339,0.2571030855178833,0.0004516523622442037,0.028842728585004807,0.00015180384798441082,0.28586241602897644,0.00037700289976783097,0.7141374945640564,0,0.9247413277626038,177,"large"
0.089599609375,3.617381253206986e-06,"person",303499,True,0.006123289465904236,0.10011572390794754,0.00017587303591426462,0.3380725383758545,0.0009313293267041445,0.43818825483322144,0.0004700330027844757,0.5618118047714233,1,0.7138964533805847,177,"medium"
0.08837890625,1.5192961200227728e-06,"person",303499,True,0.006146569270640612,0.09829523414373398,0.00017267500516027212,0.3454979956150055,0.0009459220455028117,0.4437354505062103,0.00047534602344967425,0.5562644600868225,2,0.4917127192020416,177,"medium"
0.007568359375,1.1946018503294908e-06,"horse",303499,True,0.000711964734364301,0.9356833696365356,0.001643712748773396,0.05879884958267212,0.00013154106272850186,0.9944822788238525,0.000978580443188548,0.005517726298421621,3,0.35483869910240173,177,"tiny"
0.26513671875,6.981091473790002e-07,"cup",305343,True,0.003080034861341119,0.08305586874485016,0.0001475237513659522,0.08071479946374893,0.0004259356064721942,0.1637706756591797,0.0002176354464609176,0.8362294435501099,0,0.7090239524841309,178,"large"
0.18505859375,2.3755525546675926e-07,"dog",305343,True,0.0038799108006060123,0.008793259039521217,1.5618577890563756e-05,0.2559637427330017,0.0009427762124687433,0.264756977558136,0.00031726420274935663,0.7352430820465088,1,0.7783641219139099,178,"large"
0.0419921875,5.607677849184256e-06,"oven",307145,True,0.020474430173635483,0.05921309441328049,6.088750160415657e-05,0.06038637459278107,0.007104279473423958,0.11959948390722275,0.00012191588757559657,0.8804004788398743,0,1.0,179,"medium"
0.00830078125,2.9240964067867026e-06,"sink",307145,True,0.10528214275836945,0.0637892633676529,6.5593070758041e-05,0.04131251201033592,0.0009607560932636261,0.10510177910327911,0.00010349756485084072,0.8948982357978821,1,1.0,179,"tiny"
0.5263671875,2.2606081984122284e-06,"dog",309484,True,0.0017506664153188467,0.04531250149011612,9.88277024589479e-05,0.011078381910920143,0.0004180521355010569,0.05639088898897171,0.00011626987543422729,0.9436091780662537,0,0.9921150207519531,181,"large"
0.02001953125,1.3357154671211902e-07,"toothbrush",309484,True,0.04310976713895798,0.03483748808503151,7.59814283810556e-05,0.08141226321458817,0.00014938028471078724,0.11624974757432938,0.00011584427556954324,0.8837503790855408,1,0.5609756112098694,181,"small"
0.005859375,9.207739282146576e-08,"toothbrush",309484,True,0.09504664689302444,0.08985386788845062,0.00019597355276346207,0.3398663401603699,0.0006074465927667916,0.4297202229499817,0.00042212207335978746,0.5702798366546631,2,0.5,181,"tiny"
0.525390625,1.6034991858759895e-06,"person",310862,True,0.0018119120504707098,0.01189330406486988,2.6341758712078445e-05,0.013425169512629509,0.00037292137858457863,0.025191349908709526,5.183405301067978e-05,0.9748086929321289,0,0.9716542959213257,182,"large"
0.03515625,3.529964658355311e-07,"tie",310862,True,0.02667308785021305,0.001072977902367711,2.376473503318266e-06,0.03928529471158981,7.302098674699664e-05,0.03976879641413689,4.025181624456309e-05,0.9602312445640564,1,0.9375,182,"medium"
0.44189453125,4.2612118704710156e-06,"suitcase",312278,True,0.002154775895178318,0.024963846430182457,4.368126974441111e-05,0.0,0.0,0.024963846430182457,4.368126974441111e-05,0.9750361442565918,0,1.0,183,"large"
0.00390625,3.6188744161336217e-06,"person",313454,True,0.20921869575977325,0.12110843509435654,0.0001217170138261281,0.04201680049300194,0.001680671819485724,0.16312523186206818,0.00015992668340913951,0.8368748426437378,0,1.0,184,"tiny"
0.015625,4.071169314556755e-06,"chair",313454,True,0.056705787777900696,0.019209904596209526,1.9306438844068907e-05,0.0734976977109909,0.0056536695919930935,0.09270761162042618,9.19718440854922e-05,0.9072924852371216,1,0.6875,184,"small"
0.00390625,8.553950010536937e-07,"bottle",313454,True,0.22315022349357605,0.015308469533920288,1.5385396181955002e-05,0.0920906513929367,0.0036836257204413414,0.10739912837743759,0.00010529325663810596,0.892600953578949,2,1.0,184,"tiny"
0.0029296875,4.447861101652961e-07,"wine glass",313454,True,0.2773420512676239,0.016377676278352737,1.6459976905025542e-05,0.15159624814987183,0.00583062507212162,0.16797392070293427,0.0001645190204726532,0.8320261240005493,3,0.6666666865348816,184,"tiny"
0.001953125,2.3243744635692565e-06,"bottle",313454,True,0.008266114629805088,0.01551405992358923,1.559202246426139e-05,0.9679537415504456,0.03585014119744301,0.983467698097229,0.000962297257501632,0.016532227396965027,4,0.5,184,"tiny"
0.102294921875,1.0251898174828966e-06,"bench",314541,True,0.00939944852143526,0.015407843515276909,1.6761319784563966e-05,0.0,0.0,0.015407843515276909,1.6761319784563966e-05,0.9845922589302063,0,1.0,185,"large"
0.26220703125,9.480758649260679e-07,"horse",317433,True,0.003393495688214898,0.009970269165933132,1.5285964764188975e-05,0.07887618988752365,0.0007639341056346893,0.08884645998477936,0.00011759955668821931,0.9111534953117371,0,0.9851024150848389,186,"large"
0.095458984375,2.0192869669699576e-06,"horse",317433,True,0.008925625123083591,0.08040516823530197,0.0001232735376106575,0.04711481183767319,0.00017195186228491366,0.12751998007297516,0.00013767339987680316,0.8724798560142517,1,0.6393861770629883,186,"medium"
0.00537109375,2.0375102849357063e-06,"person",317433,True,0.16837100684642792,0.04770856723189354,7.314460526686162e-05,0.026250923052430153,7.16748763807118e-05,0.07395949214696884,7.261609425768256e-05,0.926040530204773,2,1.0,186,"tiny"
0.69775390625,0.0001282883167732507,"bus",319534,True,0.0012819533003494143,0.01141618937253952,0.00015532229735981673,0.07280600070953369,0.0003059075679630041,0.08404432237148285,0.00027154869167134166,0.915955662727356,0,0.9314205646514893,187,"large"
0.1826171875,3.3393982448615134e-05,"person",319534,True,0.004971523769199848,0.031074173748493195,0.00042277792817912996,0.03925095871090889,5.140924986335449e-05,0.07032513618469238,8.402048115385696e-05,0.9296748638153076,1,0.9465240836143494,187,"large"
0.01953125,3.1230276817950653e-06,"person",319534,True,0.00880263838917017,0.5067242980003357,0.006894208025187254,0.3173927366733551,0.00034073294955305755,0.8239472508430481,0.0008206645725294948,0.1760527640581131,2,0.20000000298023224,187,"small"
0.0302734375,8.398775435125572e-07,"person",319534,True,0.00010798756557051092,0.14069058001041412,0.0019141575321555138,0.8559625744819641,0.0009298887453041971,0.9966524243354797,0.0010036781895905733,0.003347614547237754,3,0.0,187,"medium"
0.384033203125,2.8955944799236022e-05,"bench",320554,True,0.0023029507137835026,0.013126600533723831,2.256398875033483e-05,0.08123809099197388,0.001657920191064477,0.094364695250988,0.00014960711996536702,0.9056353569030762,0,1.0,188,"large"
0.0478515625,3.161634936077462e-07,"cat",320554,True,0.019987458363175392,0.0004702112637460232,8.082704425760312e-07,0.020144401118159294,5.122543734614737e-05,0.020614614710211754,2.11431961361086e-05,0.9793853759765625,1,0.9132652878761292,188,"medium"
0.271728515625,1.4252001392378588e-06,"person",321333,True,0.0006607574759982526,0.8139397501945496,0.0013043906074017286,0.0022070943377912045,1.8053940948448144e-05,0.8161442875862122,0.0010943938978016376,0.18385577201843262,0,0.9137466549873352,189,"large"
0.119384765625,3.08850831061136e-05,"teddy bear",321333,True,0.007601771503686905,0.045000649988651276,7.211642514448613e-05,0.025685295462608337,9.231013973476365e-05,0.07068347930908203,7.838478632038459e-05,0.9293165802955627,1,0.9222903847694397,189,"large"
0.041259765625,1.5521361547143897e-06,"car",322864,True,0.0035828175023198128,0.8462938666343689,0.0008691080729477108,0.00233207899145782,0.00029150990303605795,0.8486259579658508,0.0008644014014862478,0.15137402713298798,0,0.20118343830108643,190,"medium"
0.0068359375,5.7871543504006695e-06,"car",322864,True,0.014507868327200413,0.5713335275650024,0.0005867353174835443,0.32711145281791687,0.007563270628452301,0.8984449505805969,0.0008834266918711364,0.10155507922172546,1,1.0,190,"tiny"
0.0009765625,5.50919103261549e-05,"person",322864,True,0.8205402493476868,0.07417123764753342,7.617073424626142e-05,0.10528858751058578,0.0021378397941589355,0.179459810256958,0.0001754250843077898,0.8205400705337524,2,1.0,190,"tiny"
0.028076171875,7.52968333017634e-07,"tennis racket",323496,True,0.0320647768676281,0.06829109787940979,7.26307844161056e-05,0.009846680797636509,0.00017903055413626134,0.07813777774572372,7.851070404285565e-05,0.9218623042106628,0,1.0,191,"small"
0.02197265625,1.6454823708045296e-06,"person",323496,True,0.028541842475533485,0.2535758316516876,0.0002696898300200701,0.10423276573419571,0.0017017596401274204,0.3578086793422699,0.0003572728019207716,0.6421914100646973,1,0.5111111402511597,191,"small"
0.00927734375,1.9732631244551158e-06,"person",323496,True,0.01702241040766239,0.16422775387763977,0.00017466391727793962,0.6740877628326416,0.009017896838486195,0.8382871150970459,0.0008263057097792625,0.1617128998041153,2,0.6842105388641357,191,"tiny"
0.0078125,8.835005246510264e-06,"person",323496,True,0.08244986087083817,0.2588724195957184,0.0002753229928202927,0.08152875304222107,0.0010762872407212853,0.34040117263793945,0.00033504056045785546,0.6595988273620605,3,1.0,191,"tiny"
0.0087890625,2.56613056990318e-05,"bench",323496,True,0.012748419307172298,0.8272454142570496,0.0008798143244348466,0.05801884084939957,0.0007761718006804585,0.8852642774581909,0.0008721815538592637,0.11473577469587326,4,1.0,191,"tiny"
0.0029296875,5.981063964100031e-07,"tennis racket",323496,True,0.2552308738231659,0.09275785833597183,9.865233732853085e-05,0.1415494829416275,0.0017529347678646445,0.23430733382701874,0.000229488083277829,0.7656926512718201,5,0.8333333134651184,191,"tiny"
0.001953125,3.9133925611167797e-07,"tennis racket",323496,True,0.351702481508255,0.1016535609960556,0.00010811333049787208,0.19494159519672394,0.002384606748819351,0.29659512639045715,0.00029021050431765616,0.70340496301651,6,0.5,191,"tiny"
0.00146484375,2.8069771360605955e-06,"tennis racket",323496,True,1.0891551028180402e-05,0.09747236967086792,0.00010366645437898114,0.9025128483772278,0.010906500741839409,0.9999837875366211,0.0009779793908819556,1.6337324268533848e-05,7,0.0,191,"tiny"
0.076171875,1.389052158629056e-06,"toilet",325114,True,0.01219317875802517,0.04893219470977783,5.172536475583911e-05,0.0,0.0,0.04893219470977783,5.172536475583911e-05,0.9510679244995117,0,1.0,192,"medium"
0.111083984375,6.817693702032557e-06,"teddy bear",328030,True,0.005735983606427908,0.3117658793926239,0.0004405028885230422,0.03576594218611717,0.00017662195023149252,0.34753182530403137,0.0003817982506006956,0.6524680852890015,0,0.7428571581840515,193,"large"
0.134521484375,4.979298751095484e-07,"teddy bear",328030,True,0.005742619279772043,0.07061698287725449,9.977674199035391e-05,0.13833728432655334,0.0007749988581053913,0.20895425975322723,0.00023577353567816317,0.7910456657409668,1,0.549909234046936,193,"large"
0.063232421875,1.280981791751401e-06,"teddy bear",328030,True,0.006424096412956715,0.06884005665779114,9.726606367621571e-05,0.5151996612548828,0.0020485075656324625,0.5840398073196411,0.0006088504451327026,0.41596025228500366,2,0.8494208455085754,193,"medium"
0.09814453125,1.281130835195654e-06,"person",329219,True,0.009827792644500732,0.005068879574537277,5.674648491549306e-06,0.00723794661462307,0.0002392709575360641,0.012306826189160347,1.3326287444215268e-05,0.987693190574646,0,0.8905472755432129,194,"medium"
0.020263671875,7.585022672174091e-07,"dog",329219,True,0.04567727819085121,0.0038525969721376896,4.31301077696844e-06,0.04834380000829697,0.00043948908569291234,0.05219639837741852,5.202730972087011e-05,0.9478035569190979,1,1.0,194,"small"
0.0029296875,2.311025127710309e-05,"sink",329219,True,0.18505723774433136,0.31069695949554443,0.0003478275903034955,0.1341312974691391,0.0010499515337869525,0.4448282718658447,0.0004356790741439909,0.5551716685295105,2,0.6666666865348816,194,"tiny"
0.00146484375,7.072644166328246e-06,"cup",329219,True,4.08099549531471e-05,0.8560022115707397,0.0009583010105416179,0.14393645524978638,0.0011136285029351711,0.9999387264251709,0.000977935385890305,6.121491605881602e-05,3,0.0,194,"tiny"
0.0009765625,9.475606020714622e-06,"cup",329219,True,8.519404218532145e-06,0.8837650418281555,0.000989381573162973,0.11622652411460876,0.0008957728277891874,0.9999915361404419,0.0009775088401511312,8.519404218532145e-06,4,0.0,194,"tiny"
0.0009765625,4.04240836360259e-06,"cup",329219,True,0.00011471186007838696,0.9055919051170349,0.001013816799968481,0.09429336339235306,0.0007267311448231339,0.9998852610588074,0.0009774049976840615,0.00011471186007838696,5,0.0,194,"tiny"
0.0009765625,1.3249224139144644e-05,"cup",329219,True,9.965924618882127e-07,0.9119078516960144,0.0010208877502009273,0.08809109777212143,0.0006789295002818108,0.9999989867210388,0.000977516290731728,9.96592348201375e-07,6,0.0,194,"tiny"
0.0009765625,1.6501853679073974e-06,"cup",329219,True,0.014271588996052742,0.9208688735961914,0.0010309197241440415,0.06485942751169205,0.000499880057759583,0.98572838306427,0.0009635664755478501,0.014271587133407593,7,0.0,194,"tiny"
0.0009765625,1.0082180779136252e-06,"cup",329219,True,0.11497889459133148,0.7019273042678833,0.000785812851972878,0.18309375643730164,0.001411127159371972,0.8850210905075073,0.0008651232346892357,0.11497889459133148,8,1.0,194,"tiny"
0.381591796875,6.832544272583618e-07,"elephant",330790,True,0.002446189057081938,0.010176748968660831,2.0242167011019774e-05,0.03397489711642265,0.00026034406619146466,0.04415164142847061,6.972230039536953e-05,0.9558482766151428,0,0.9795265793800354,195,"large"
0.12744140625,1.441754989173205e-06,"elephant",330790,True,0.007196442689746618,0.016646869480609894,3.311162436148152e-05,0.044217318296432495,0.00011316012387396768,0.06086418777704239,6.811884668422863e-05,0.9391357898712158,1,0.43869730830192566,195,"large"
0.314453125,1.0880914942390518e-06,"bed",332845,True,0.002904455875977874,0.020261501893401146,3.3215575967915356e-05,0.04450380057096481,0.00048373694880865514,0.06476530432701111,9.225826943293214e-05,0.935234785079956,0,1.0,196,"large"
0.06787109375,3.60006595201412e-07,"person",332845,True,0.00844455324113369,0.25989651679992676,0.000426059850724414,0.15320706367492676,0.00044472297304309905,0.4131035804748535,0.0004327957867644727,0.5868964791297913,1,0.9280575513839722,196,"medium"
0.01513671875,1.7263876088691177e-06,"chair",332845,True,0.05942995473742485,0.011685309000313282,1.9156244889018126e-05,0.06715045124292374,0.00016850804968271405,0.07883577048778534,7.817132427589968e-05,0.9211641550064087,2,0.8064516186714172,196,"small"
0.0068359375,3.418399785459769e-07,"laptop",332845,True,0.13168177008628845,0.004000545479357243,6.558272161782952e-06,0.07422715425491333,0.00018237631593365222,0.078227698802948,7.692006329307333e-05,0.921772301197052,3,0.4285714328289032,196,"tiny"
0.0322265625,1.4281646372182877e-06,"stop sign",336587,True,0.029200229793787003,0.03639250993728638,3.672302045742981e-05,0.0,0.0,0.03639250993728638,3.672302045742981e-05,0.9636074900627136,0,1.0,197,"medium"
0.263916015625,7.234484087348392e-07,"car",338718,True,0.0034970934502780437,0.025103893131017685,3.4213146136607975e-05,0.02980661578476429,0.0014903310220688581,0.05491051450371742,7.28497834643349e-05,0.9450893998146057,0,0.9888991713523865,198,"large"
0.01953125,9.513299801255926e-07,"car",338718,True,0.04810250177979469,0.01691245660185814,2.304934423591476e-05,0.021037612110376358,7.784500485286117e-05,0.0379500687122345,3.779887265409343e-05,0.9620500206947327,1,1.0,198,"small"
0.056884765625,2.8474526061472716e-06,"person",341681,True,0.01707729697227478,0.005087869707494974,5.320648597262334e-06,0.00015952221292536706,1.679181332292501e-05,0.005247392226010561,5.433489604911301e-06,0.9947524666786194,0,0.9828326106071472,199,"medium"
0.00927734375,6.333539204206318e-07,"tennis racket",341681,True,0.10135966539382935,0.001493173069320619,1.5614881476722076e-06,0.0355900377035141,0.0006109877722337842,0.0370832122862339,3.6553192330757156e-05,0.9629168510437012,1,1.0,199,"tiny"
0.486328125,3.633435881056357e-06,"cat",343076,True,0.0019788220524787903,0.0018224033992737532,4.488678769121179e-06,0.012724306434392929,0.00010603589907987043,0.014546710066497326,2.7655345547827892e-05,0.9854532480239868,0,0.9748995900154114,200,"large"
0.1171875,2.3445872443517146e-07,"laptop",343076,True,0.00782155804336071,0.01703193224966526,4.195057772449218e-05,0.044381264597177505,8.911901386454701e-05,0.061413198709487915,6.793496140744537e-05,0.9385868310928345,1,0.9833333492279053,200,"large"
0.025390625,1.1313805998725002e-06,"clock",344614,True,0.030431102961301804,0.20879139006137848,0.00020920981478411704,0.0,0.0,0.20879139006137848,0.00020920981478411704,0.7912086844444275,0,1.0,201,"small"
0.21142578125,7.5011339504271746e-06,"dining table",345361,True,0.004199266899377108,0.043068498373031616,6.518123700516298e-05,0.04786403104662895,0.0003228602872695774,0.0908588096499443,0.00011251866089878604,0.9091411828994751,0,0.9191685914993286,202,"large"
0.127197265625,9.64869286690373e-07,"person",345361,True,0.004314621444791555,0.42161253094673157,0.0006380818667821586,0.016409624367952347,7.027677202131599e-05,0.43802064657211304,0.0004900930798612535,0.561979353427887,1,0.6276391744613647,202,"large"
0.00439453125,7.100649099811562e-07,"cup",345361,True,0.1647307276725769,0.022024786099791527,3.3333013561787084e-05,0.2368316501379013,0.0006592391873709857,0.25871172547340393,0.00025376336998306215,0.7412882447242737,2,1.0,202,"tiny"
0.00439453125,2.992830161474558e-07,"cake",345361,True,0.05051713064312935,0.008027066476643085,1.2148418136348482e-05,0.7649484276771545,0.0021292930468916893,0.7726729512214661,0.0007578941294923425,0.22732706367969513,3,0.7777777910232544,202,"tiny"
0.00390625,2.135648173862137e-06,"cup",345361,True,0.06463536620140076,0.008936732076108456,1.3525134818337392e-05,0.7325218915939331,0.0020390311256051064,0.7414585947990417,0.0007269202615134418,0.25854143500328064,4,0.75,202,"tiny"
0.0029296875,1.6060344876223098e-07,"cake",345361,True,0.21188654005527496,0.01713302545249462,2.592966666270513e-05,0.3472073972225189,0.0009637957555241883,0.3643404543399811,0.00035684669273905456,0.6356595754623413,5,0.6666666865348816,202,"tiny"
0.001953125,2.5822378120210487e-06,"cup",345361,True,0.3301807641983032,0.01687910035252571,2.554536513343919e-05,0.3227595388889313,0.0008934520301409066,0.3396386206150055,0.0003323274140711874,0.6603615283966064,6,0.5,202,"tiny"
0.423828125,1.1624850230873562e-05,"stop sign",347163,True,0.0022104494273662567,0.04066500812768936,6.892374221934006e-05,0.0,0.0,0.04066500812768936,6.892374221934006e-05,0.9593350887298584,0,1.0,203,"large"
0.026611328125,1.551665150145709e-06,"bed",347693,True,0.026940228417515755,0.2658787965774536,0.0002667457447387278,0.0,0.0,0.2658787965774536,0.0002667457447387278,0.7341211438179016,0,1.0,204,"small"
0.00537109375,3.4929510093206773e-06,"person",348881,True,0.06776783615350723,0.6272768974304199,0.0006158830947242677,0.0,0.0,0.6272768974304199,0.0006158830947242677,0.3727230727672577,0,1.0,205,"tiny"
0.072265625,6.424069397326093e-06,"potted plant",351589,True,0.01073526032269001,0.1971362829208374,0.00020794966258108616,0.008454548195004463,0.004227274097502232,0.20559081435203552,0.00021641138300765306,0.7944092750549316,0,0.9864864945411682,206,"medium"
0.001953125,6.94416303304024e-06,"potted plant",351589,True,0.16610682010650635,0.43914055824279785,0.0004632284399122,0.22864583134651184,0.003089808626100421,0.6677864789962769,0.0006534114363603294,0.3322136402130127,1,1.0,206,"tiny"
0.112060546875,6.911213290550222e-07,"person",352760,True,0.008661442436277866,0.00609949603676796,6.708271484967554e-06,0.0,0.0,0.00609949603676796,6.708271484967554e-06,0.9939004778862,0,1.0,207,"large"
0.00146484375,1.1689576240314636e-06,"traffic light",354753,True,0.0034146325197070837,0.9928942918777466,0.0009729488519951701,0.0019837645813822746,0.0009918822906911373,0.9948780536651611,0.0009729858720675111,0.005121948663145304,0,0.6666666865348816,208,"tiny"
0.001953125,1.2097031685698312e-05,"traffic light",354753,True,0.0017744915094226599,0.9926220774650574,0.0009726820862852037,0.0038289143703877926,0.002552609657868743,0.9964510202407837,0.0009750010212883353,0.0035489830188453197,1,0.5,208,"tiny"
0.0986328125,8.639622137707192e-07,"horse",356261,True,0.009804954752326012,0.008483223617076874,9.246020454156678e-06,0.0012163521023467183,0.00022115492902230471,0.00969957560300827,1.0508749255677685e-05,0.9903004169464111,0,0.8712871074676514,209,"medium"
0.00537109375,1.5262121451087296e-06,"horse",356261,True,0.004676297307014465,0.8237699270248413,0.0008978418773040175,0.1505105346441269,0.001490203314460814,0.9742803573608398,0.0009565835352987051,0.02571963518857956,1,0.3636363744735718,209,"tiny"
0.22021484375,5.441008852358209e-07,"cow",357081,True,0.004305148962885141,0.003587088081985712,5.020418029744178e-06,0.025601880624890327,0.00030478433473035693,0.029188968241214752,3.6554756661644205e-05,0.9708109498023987,0,0.9866962432861328,210,"large"
0.08203125,1.86379864430819e-07,"cow",357081,True,0.011462554335594177,0.0032325712963938713,4.524242740444606e-06,0.033912889659404755,0.00015038975107017905,0.0371454618871212,3.95164497604128e-05,0.9628545641899109,1,0.9404761791229248,210,"medium"
0.176025390625,6.842162747489056e-07,"person",357816,True,0.005456313490867615,0.010221497155725956,1.62053074745927e-05,0.006278191227465868,2.9475080737029202e-05,0.01649968884885311,1.955518928298261e-05,0.9835003614425659,0,0.9667128920555115,211,"large"
0.036376953125,6.383664003806189e-05,"bench",357816,True,1.5776686268509366e-05,0.7065829038619995,0.0011202265741303563,0.29282933473587036,0.0008225542842410505,0.9994122982025146,0.0010128322755917907,0.0005876815412193537,1,0.14765100181102753,211,"medium"
0.056884765625,0.00020518589008133858,"car",357816,True,0.013809877447783947,0.058690957725048065,9.304950071964413e-05,0.13688373565673828,0.00040860826265998185,0.19557468593120575,0.00020251072419341654,0.8044251799583435,2,0.729613721370697,211,"medium"
0.05078125,5.09270421389374e-07,"person",357816,True,0.013247411698102951,0.2172456830739975,0.0003444243920966983,0.0939478799700737,0.00027490235515870154,0.3111346364021301,0.0003200973733328283,0.6888654232025146,3,0.9519230723381042,211,"medium"
0.033935546875,6.873557595099555e-06,"person",357816,True,0.0032751020044088364,0.799416184425354,0.0012674059253185987,0.08677399158477783,0.0002420474193058908,0.8861901760101318,0.0008958203834481537,0.11380977928638458,4,0.2949640154838562,211,"medium"
0.0224609375,3.420519351493567e-05,"umbrella",357816,True,0.025527581572532654,0.24070776998996735,0.00038162150303833187,0.1721579134464264,0.0004649774928111583,0.41286569833755493,0.0004124532570131123,0.5871343612670898,5,0.695652186870575,211,"small"
0.008056640625,1.6065388308561523e-07,"baseball bat",357816,True,0.07830774039030075,0.2754092514514923,0.0004366377252154052,0.07861797511577606,0.0002039376850007102,0.35396111011505127,0.00034847267670556903,0.646038830280304,6,0.12121212482452393,211,"tiny"
0.35107421875,3.4841332308133133e-07,"elephant",359135,True,0.0025060963816940784,0.015228798612952232,4.265770621714182e-05,0.0838296040892601,0.00027261662762612104,0.09905840456485748,0.0001490721188019961,0.9009415507316589,0,0.8699582815170288,212,"large"
0.30029296875,2.565946601862379e-07,"elephant",359135,True,0.0028785241302102804,0.00576817337423563,1.615734799997881e-05,0.10908569395542145,0.000303437263937667,0.1148538738489151,0.00016029849939513952,0.8851461410522461,1,0.7739837169647217,212,"large"
0.651611328125,4.803487172466703e-07,"pizza",360393,True,0.0014900692040100694,0.005620228126645088,1.6445437722723e-05,0.00013112209853716195,8.741472811379936e-06,0.005751349963247776,1.6121513908728957e-05,0.9942486882209778,0,0.9535406231880188,213,"large"
0.0146484375,0.0027139359153807163,"bowl",360393,True,0.0014578101690858603,0.8469873666763306,0.0024783832486718893,0.1311454027891159,0.00019654614152386785,0.9781328439712524,0.0009694083128124475,0.02186715044081211,1,1.0,213,"small"
0.0654296875,4.635111849893292e-07,"cow",361268,True,0.01487848162651062,0.0031417913269251585,3.2829591418703785e-06,0.0,0.0,0.0031417913269251585,3.2829591418703785e-06,0.9968581199645996,0,1.0,214,"medium"
0.10595703125,1.0382412938270136e-06,"train",363072,True,0.009173907339572906,0.004631061106920242,5.058504939370323e-06,0.0,0.0,0.004631061106920242,5.058504939370323e-06,0.9953689575195312,0,1.0,215,"large"
0.216064453125,2.9832328891643556e-06,"bus",365655,True,0.004374292213469744,0.0321878157556057,4.009693657280877e-05,0.0,0.0,0.0321878157556057,4.009693657280877e-05,0.967812180519104,0,1.0,216,"large"
0.0478515625,7.334948008974607e-07,"dog",366611,True,0.020205367356538773,0.0033280597999691963,3.4739668990368955e-06,0.006609050091356039,0.0003887677157763392,0.009937110356986523,1.019190858642105e-05,0.9900628924369812,0,0.9591836929321289,217,"medium"
0.0166015625,9.698710528027732e-07,"sports ball",366611,True,0.05685301870107651,0.0003931256360374391,4.103607977867796e-07,0.03310557082295418,0.000675623887218535,0.03349869325757027,3.326583100715652e-05,0.9665012955665588,1,0.8235294222831726,217,"small"
0.51513671875,2.1418618416646495e-06,"train",368038,True,0.0018854296067729592,0.005435911938548088,1.0948463568638545e-05,0.0,0.0,0.005435911938548088,1.0948463568638545e-05,0.9945641160011292,0,1.0,218,"large"
0.1025390625,3.67635152542789e-07,"elephant",368961,True,0.009189864620566368,0.00271867704577744,3.4413633329677396e-06,0.03264094144105911,0.0002510841586627066,0.03506430238485336,3.8154845242388546e-05,0.9649357795715332,0,0.976190447807312,219,"large"
0.06689453125,3.091452526859939e-05,"person",368961,True,0.011074697598814964,0.013415258377790451,1.6981339285848662e-05,0.22796794772148132,0.0013774498365819454,0.24138319492340088,0.00025262500275857747,0.7586168050765991,1,1.0,219,"medium"
0.05029296875,1.1210912589376676e-06,"elephant",368961,True,0.017723241820931435,0.05721858888864517,7.242860010592267e-05,0.03039293736219406,0.00016562911332584918,0.08725327998399734,8.972060459200293e-05,0.912746787071228,2,0.6893203854560852,219,"medium"
0.009765625,1.6840805983520113e-05,"person",368961,True,0.07704576104879379,0.04539770632982254,5.7465455029159784e-05,0.18414472043514252,0.0008220747113227844,0.22954240441322327,0.00022637320216745138,0.7704575061798096,3,0.20000000298023224,219,"tiny"
0.0634765625,2.9081405727993115e-07,"pizza",369757,True,0.014106962829828262,0.039172593504190445,4.466658356250264e-05,0.0438748374581337,0.0005350590217858553,0.08304743468761444,8.659795275889337e-05,0.9169526100158691,0,0.9384615421295166,220,"medium"
0.0595703125,1.461732608731836e-06,"pizza",369757,True,0.00596957141533494,0.08194517344236374,9.343806596007198e-05,0.553911030292511,0.006440826691687107,0.6358562111854553,0.0006602868670597672,0.36414381861686707,1,0.5737704634666443,220,"medium"
0.0205078125,6.711837272632692e-07,"hot dog",369757,True,0.025525087490677834,0.23033641278743744,0.00026264128973707557,0.23363682627677917,0.0018542605685070157,0.4639732241630554,0.0004625854780897498,0.5360268354415894,2,0.761904776096344,220,"small"
0.0078125,1.3101881449983921e-05,"person",371042,True,0.016396330669522285,0.8672927021980286,0.0008561625727452338,0.0015366702573373914,0.0005122233997099102,0.8688293695449829,0.0008551470236852765,0.13117064535617828,0,1.0,221,"tiny"
0.001953125,3.816976459347643e-07,"tennis racket",371042,True,0.35430997610092163,0.13163898885250092,0.00012994962162338197,0.1597411334514618,0.017749013379216194,0.2913801074028015,0.0002851077006198466,0.708620011806488,1,1.0,221,"tiny"
0.0009765625,2.47585319357313e-07,"tennis racket",371042,True,0.0076886690221726894,0.9853464961051941,0.0009727012948133051,0.006964806001633406,0.000696480565238744,0.9923113584518433,0.000970001274254173,0.007688669487833977,2,0.0,221,"tiny"
0.363525390625,7.637345333932899e-07,"bus",372317,True,0.00267117191106081,0.005656299646943808,8.67863400344504e-06,0.0,0.0,0.005656299646943808,8.67863400344504e-06,0.9943437576293945,0,1.0,222,"large"
0.1220703125,3.901222498825518e-06,"person",374369,True,0.007986594922840595,0.0014836962800472975,1.6917859966270044e-06,0.00019740196876227856,8.58269413583912e-06,0.0016757985576987267,1.8640695316207712e-06,0.9983243346214294,0,0.9440000057220459,223,"large"
0.0224609375,8.149629024956084e-07,"skis",374369,True,0.041272230446338654,0.0008505198638886213,9.698061376184341e-07,0.049889545887708664,0.0003991164267063141,0.05073879659175873,5.068811515229754e-05,0.9492611885070801,1,0.8695651888847351,223,"small"
0.13134765625,2.0197696812829236e-06,"person",375493,True,0.007394891232252121,0.004687066655606031,5.504482487594942e-06,0.0007000736659392715,1.8422992070554756e-05,0.005387140437960625,6.056369329598965e-06,0.9946128726005554,0,0.9665427803993225,224,"large"
0.02734375,1.4224044662114466e-06,"fire hydrant",375493,True,0.02752644754946232,0.014353983104228973,1.685729148448445e-05,0.2149055302143097,0.00148723553866148,0.22925953567028046,0.0002301802596775815,0.7707405090332031,1,0.9642857313156128,224,"small"
0.0078125,6.41634983367112e-07,"cat",375493,True,0.11423958837985992,0.022107038646936417,2.5962464860640466e-05,0.06397627294063568,0.0003889135259669274,0.0860833078622818,8.472766785416752e-05,0.9139167070388794,2,0.875,224,"tiny"
0.001953125,4.224177985179267e-07,"bottle",375493,True,0.4496142566204071,0.03028939664363861,3.557181844371371e-05,0.0704822912812233,0.00041338594746775925,0.10077168792486191,9.8602453363128e-05,0.8992282748222351,3,1.0,224,"tiny"
0.387939453125,3.0502258141495986e-06,"vase",376365,True,0.0014174451353028417,0.03378136828541756,6.30249414825812e-05,0.4031386077404022,0.004442298784852028,0.43692001700401306,0.0006971200928092003,0.5630800724029541,0,0.9974827170372009,225,"large"
0.088623046875,1.0979906619468238e-06,"cup",376365,True,0.010816258378326893,0.015921832993626595,2.9704911867156625e-05,0.00250276830047369,6.300234872469446e-06,0.01842460222542286,1.9742408767342567e-05,0.9815754890441895,1,0.22314049303531647,225,"medium"
0.30078125,2.4303049031004775e-06,"dog",377575,True,0.003193112090229988,0.016521576792001724,2.3074828277458437e-05,0.0,0.0,0.016521576792001724,2.3074828277458437e-05,0.9834785461425781,0,1.0,226,"large"
0.376708984375,3.0193003112799488e-05,"dining table",378284,True,0.0024270168505609035,0.010119087062776089,0.0016190538881346583,0.05366350710391998,8.487703598802909e-05,0.06377828121185303,9.992680134018883e-05,0.9362217783927917,0,0.8399222493171692,227,"large"
0.358642578125,9.371916576128569e-07,"pizza",378284,True,0.0025560499634593725,7.606822327943519e-05,1.2170915397291537e-05,0.06121927499771118,9.40749523579143e-05,0.06129065901041031,9.332418267149478e-05,0.9387093782424927,1,0.9564329385757446,227,"large"
0.2587890625,0.0001049899437930435,"person",378284,True,0.0032659026328474283,9.686307748779655e-05,1.5498095308430493e-05,0.13443897664546967,0.00017859712534118444,0.13453583419322968,0.00017725408542901278,0.8654640913009644,2,0.8301886916160583,227,"large"
0.055419921875,2.740851414273493e-06,"person",381360,True,0.017481284216046333,0.0077714743092656136,8.174047252396122e-06,0.0001656099339015782,1.0036966159532312e-05,0.007937083952128887,8.20582590677077e-06,0.9920628070831299,0,0.9823788404464722,228,"medium"
0.01611328125,3.2242044198937947e-06,"surfboard",381360,True,0.05799828842282295,0.00010340222797822207,1.0875860567693962e-07,0.042924799025058746,0.0007563841645605862,0.043028201907873154,4.270789577276446e-05,0.9569716453552246,1,1.0,228,"small"
0.0400390625,9.977076842915267e-06,"umbrella",382743,True,0.01898352988064289,0.011606831103563309,1.2420365237630904e-05,0.21006843447685242,0.004331307951360941,0.22167527675628662,0.00022550893481820822,0.7783247232437134,0,0.9024389982223511,229,"medium"
0.02392578125,7.270437345141545e-05,"umbrella",382743,True,0.019603373482823372,0.004945588298141956,5.2922291615686845e-06,0.5147718191146851,0.007919566705822945,0.5197173953056335,0.000519977358635515,0.48028266429901123,1,1.0,229,"small"
0.01171875,1.3302560546435416e-06,"kite",382743,True,0.0730726569890976,0.002232271246612072,2.3887332645244896e-06,0.12089584767818451,0.0015599464531987906,0.12312811613082886,0.00012166809756308794,0.8768718838691711,2,0.25,229,"small"
0.0107421875,4.832962190448598e-07,"kite",382743,True,0.04885411262512207,0.001538443611934781,1.6462746543766116e-06,0.4610663652420044,0.005873457062989473,0.4626047909259796,0.0004566681163851172,0.5373952388763428,3,0.4545454680919647,229,"small"
0.0009765625,2.8028338419971988e-05,"kite",382743,True,0.0003342335403431207,0.002950863214209676,3.1576926176057896e-06,0.9967147707939148,0.011262315325438976,0.9996657967567444,0.0009771905606612563,0.00033423351123929024,4,1.0,229,"tiny"
0.06982421875,7.80570815095416e-07,"giraffe",383676,True,0.013784326612949371,0.0025181365199387074,2.7550727281777654e-06,0.011902550235390663,0.0003091571561526507,0.014420686289668083,1.5139828065002803e-05,0.9855793714523315,0,1.0,230,"medium"
0.03759765625,2.7418917625254835e-07,"giraffe",383676,True,0.02486305870115757,0.0020628604106605053,2.256958623547689e-06,0.04070935770869255,0.0005693616112694144,0.042772214859724045,4.340153463999741e-05,0.9572278261184692,1,0.9090909361839294,230,"medium"
0.162353515625,1.9258118300058413e-06,"bed",384651,True,0.005696597043424845,0.05294085294008255,6.17206169408746e-05,0.0,0.0,0.05294085294008255,6.17206169408746e-05,0.947059154510498,0,1.0,231,"large"
0.587890625,9.89301952358801e-06,"cat",385205,True,0.0016593030886724591,0.0007434635772369802,1.8177593119617086e-06,0.00036096855183131993,2.673841117939446e-05,0.0010995554039254785,2.605581585157779e-06,0.9989004731178284,0,0.9858803749084473,232,"large"
0.01318359375,2.407166675766348e-06,"carrot",385205,True,0.06866241991519928,0.00010378481965744868,2.537526029300352e-07,0.07295963168144226,0.00012119540042476729,0.07305736094713211,7.229822949739173e-05,0.9269426465034485,1,1.0,232,"small"
0.4501953125,3.5760554055741522e-06,"person",386879,True,0.0021456482354551554,0.005138557404279709,1.1146545148221776e-05,0.00572596862912178,5.5727188737364486e-05,0.010856222361326218,1.9282810171716847e-05,0.9891438484191895,0,0.9799349308013916,233,"large"
0.100341796875,3.8955994341449696e-07,"tennis racket",386879,True,0.009160451591014862,0.005236027762293816,1.1357978110027034e-05,0.05410715937614441,0.00011736911255866289,0.058763615787029266,6.378682883223519e-05,0.9412364363670349,1,0.8102189898490906,233,"large"
0.131103515625,3.4723079807008617e-06,"dining table",389109,True,0.005179913714528084,0.14626991748809814,0.0003636294277384877,0.16208679974079132,0.0003316354122944176,0.30459660291671753,0.0003423395683057606,0.6954033374786377,0,0.890130341053009,234,"large"
0.244873046875,7.045151733109378e-07,"pizza",389109,True,0.003836426418274641,0.003762863576412201,9.35453954298282e-06,0.03440530598163605,9.25495769479312e-05,0.03801610693335533,4.916405669064261e-05,0.9619839191436768,1,0.858424723148346,234,"large"
0.072998046875,1.3692809261556249e-05,"person",389109,True,0.008781986311078072,0.007878806442022324,1.9586839698604308e-05,0.3356677293777466,0.0006136521697044373,0.3435465693473816,0.00036191369872540236,0.6564534902572632,2,0.8762542009353638,234,"medium"
0.06640625,5.600151666840247e-07,"person",389109,True,0.01215284038335085,0.016352947801351547,4.065369284944609e-05,0.1588788628578186,0.00028678495436906815,0.1736069917678833,0.00018159726459998637,0.8263931274414062,3,0.8492646813392639,234,"medium"
0.02099609375,1.5950724900903879e-06,"chair",389109,True,0.003138709580525756,0.1673363745212555,0.0004160009266342968,0.7701220512390137,0.0012824679724872112,0.9325177669525146,0.0009301922982558608,0.06748225539922714,4,0.26744186878204346,234,"small"
0.013916015625,3.9272404137591366e-06,"chair",389109,True,0.0048874542117118835,0.6509395837783813,0.0016182464314624667,0.2794513404369354,0.00045962395961396396,0.9303537607192993,0.0009213705197907984,0.06964621692895889,5,0.4035087823867798,234,"small"
0.0107421875,1.0122797903022729e-05,"dining table",389109,True,0.05399538576602936,0.16387705504894257,0.0004074011230841279,0.24217377603054047,0.0003965187643188983,0.4060508608818054,0.0004008400428574532,0.5939491391181946,6,0.1818181872367859,234,"small"
0.0146484375,6.186241535033332e-06,"dining table",389109,True,0.027491236105561256,0.14478527009487152,0.0003599385672714561,0.4428462088108063,0.0007298660930246115,0.5876315236091614,0.0005823900573886931,0.4123684763908386,7,0.4000000059604645,234,"small"
0.009765625,2.807091277645668e-06,"person",389109,True,0.06671725958585739,0.062388498336076736,0.00015509880904573947,0.2704389691352844,0.0004420743207447231,0.33282744884490967,0.0003282321849837899,0.6671726107597351,8,0.800000011920929,234,"tiny"
0.007568359375,4.89138656121213e-05,"person",389109,True,0.08296523988246918,0.04727395623922348,0.00011752382124541327,0.3097454905509949,0.0005044714780524373,0.35701948404312134,0.0003513106785248965,0.6429806351661682,9,0.12903225421905518,234,"tiny"
0.0087890625,1.1146016731800046e-06,"person",389109,True,0.01077780220657587,0.06969396770000458,0.00017326032684650272,0.8333058953285217,0.0013599443482235074,0.9029998183250427,0.0008896549697965384,0.09700021892786026,10,0.0,234,"tiny"
0.0068359375,3.25530209011049e-07,"cell phone",389109,True,0.045425895601511,0.03330006077885628,8.278449240606278e-05,0.6487186551094055,0.0010552559979259968,0.6820186972618103,0.0006706182030029595,0.3179812729358673,11,0.7857142686843872,234,"tiny"
0.31494140625,1.695733044471126e-05,"person",389812,True,0.0030033739749342203,0.030650131404399872,4.517336856224574e-05,0.0007618350209668279,3.3123262255685404e-05,0.03141196817159653,4.477828770177439e-05,0.96858811378479,0,0.9906976819038391,235,"large"
0.015625,2.916193579949322e-07,"banana",389812,True,0.00031309016048908234,0.9853251576423645,0.0014522109413519502,0.009665251709520817,2.9333084967220202e-05,0.9949905872344971,0.00098709377925843,0.005009442567825317,1,0.25,235,"small"
0.0068359375,8.402843576504893e-08,"banana",389812,True,0.0004883509245701134,0.9713910222053528,0.0014316743472591043,0.02519049495458603,7.441800698870793e-05,0.996581494808197,0.0009799228282645345,0.003418456530198455,2,0.1428571492433548,235,"tiny"
0.06884765625,1.0054781114376965e-06,"person",391375,True,0.013929168693721294,0.017993662506341934,1.887117286969442e-05,0.0,0.0,0.017993662506341934,1.887117286969442e-05,0.9820063710212708,0,1.0,236,"medium"
0.01123046875,2.0893860437354306e-06,"person",393056,True,0.08616582304239273,0.009090017527341843,8.986670763988513e-06,3.050906798307551e-06,3.050906798307551e-06,0.009093068540096283,8.980808161140885e-06,0.9909069538116455,0,0.95652174949646,237,"small"
0.0009765625,3.822548023890704e-06,"surfboard",393056,True,0.0017077862285077572,0.9278897047042847,0.0009173402795568109,0.07040257006883621,0.006121962796896696,0.9982922673225403,0.0009758477681316435,0.0017077862285077572,1,1.0,237,"tiny"
0.5927734375,8.385725323023507e-07,"bus",394275,True,0.0015747398138046265,0.044133033603429794,0.00010583460971247405,0.0,0.0,0.044133033603429794,0.00010583460971247405,0.9558670520782471,0,1.0,238,"large"
0.3115234375,3.4401414268359076e-06,"boat",395633,True,0.003119108034297824,0.004988762550055981,7.0863111432117876e-06,0.00016314482490997761,8.157241973094642e-05,0.00500453170388937,7.098627065715846e-06,0.9949953556060791,0,0.9529780745506287,239,"large"
0.00146484375,3.2904092677199515e-06,"person",395633,True,0.5046136975288391,0.00609165383502841,8.652918950247113e-06,0.2369883805513382,0.0007429104880429804,0.2430795431137085,0.00023773066641297191,0.756920337677002,1,0.0,239,"tiny"
0.00048828125,1.0793452247526147e-06,"person",395633,True,2.025567908958692e-07,0.018457017838954926,2.6217354388791136e-05,0.9815429449081421,0.0030673216097056866,0.9999998807907104,0.000977039453573525,1.012783954479346e-07,2,0.0,239,"tiny"
0.0078125,7.677398343730601e-07,"boat",396580,True,0.12217426300048828,0.02260589599609375,2.2249898393056355e-05,0.0,0.0,0.02260589599609375,2.2249898393056355e-05,0.9773941040039062,0,1.0,240,"tiny"
0.407470703125,4.952939707436599e-05,"couch",399655,True,0.0021519155707210302,0.014327408745884895,9.984256757888943e-05,0.08780534565448761,0.00018903195450548083,0.10211323201656342,0.00016829540254548192,0.8978867530822754,0,0.9700419306755066,241,"large"
0.45361328125,1.9541224105523725e-07,"dog",399655,True,0.0021113110706210136,0.017424175515770912,0.00012142282503191382,0.001886905636638403,4.522242306848057e-06,0.019296035170555115,3.448799907346256e-05,0.9807039499282837,1,0.759956955909729,241,"large"
0.015625,7.062855047479388e-07,"clock",400922,True,0.052716586738824844,0.12919792532920837,0.0001283635792788118,0.027336718514561653,0.018224481493234634,0.15653465688228607,0.00015529233496636152,0.843465268611908,0,0.8125,242,"small"
0.00146484375,8.724883628019597e-06,"airplane",400922,True,0.46586522459983826,0.005803211592137814,5.765734385931864e-06,0.2953990399837494,0.018462439998984337,0.3012022376060486,0.00029457430355250835,0.6987978219985962,1,1.0,242,"tiny"
0.098388671875,1.7509366045942443e-07,"pizza",402433,True,0.0036583945620805025,0.5338440537452698,0.0006284214905463159,0.09757279604673386,0.0013230210170149803,0.6314167976379395,0.0006839066045358777,0.3685832619667053,0,0.6178659796714783,243,"medium"
0.072021484375,1.4065793152440165e-07,"pizza",402433,True,0.001446531037800014,0.5720112919807434,0.0006733505288138986,0.32130712270736694,0.0031891525723040104,0.8933184146881104,0.000940087775234133,0.10668166726827621,1,0.43389829993247986,243,"medium"
0.01611328125,3.69719941772928e-06,"sink",403385,True,0.05121553689241409,0.1549437791109085,0.00015379035903606564,0.0,0.0,0.1549437791109085,0.00015379035903606564,0.8450562357902527,0,1.0,244,"small"
0.0009765625,1.8510540030547418e-05,"car",404534,True,0.942158579826355,0.057841356843709946,5.654091728501953e-05,0.0,0.0,0.057841356843709946,5.654091728501953e-05,0.942158579826355,0,1.0,245,"tiny"
0.018798828125,6.10119195698644e-06,"donut",405432,True,0.0013104630634188652,0.9747735857963562,0.0009701652452349663,0.0,0.0,0.9747735857963562,0.0009701652452349663,0.025226416066288948,0,1.0,246,"small"
0.52001953125,1.5196803815342719e-06,"person",407298,True,0.001838386757299304,0.00047766458010300994,4.4851135498902295e-06,0.020581431686878204,5.345826502889395e-05,0.021059095859527588,4.284658280084841e-05,0.9789409637451172,0,0.983098566532135,247,"large"
0.333984375,3.8746577502024593e-07,"baseball glove",407298,True,0.0026610710192471743,8.647932554595172e-05,8.120125016830571e-07,0.08986569195985794,0.00015588152746204287,0.08991372585296631,0.0001318383147008717,0.9100861549377441,1,0.9897660613059998,247,"large"
0.04296875,6.132669909675315e-07,"sports ball",407298,True,0.02210412360727787,4.8658959713066e-05,4.5689162675444095e-07,0.02741105668246746,3.134483267785981e-05,0.027418553829193115,2.7978116122540087e-05,0.9725814461708069,2,0.875,247,"medium"
0.81982421875,2.7174369279237e-06,"umbrella",407943,True,0.0011471700854599476,0.036950793117284775,0.00020027531718369573,0.0,0.0,0.036950793117284775,0.00020027531718369573,0.9630491733551025,0,1.0,248,"large"
0.75634765625,0.00031115469755604863,"dining table",409424,True,0.0011672812979668379,0.008675137534737587,8.631977834738791e-05,0.08739782869815826,0.0005807164707221091,0.09594063460826874,0.00038453159504570067,0.9040594100952148,0,0.9186571836471558,249,"large"
0.05517578125,2.820769111622212e-07,"orange",409424,True,0.01625729724764824,0.00210744421929121,2.0969597244402394e-05,0.07951055467128754,9.165482333628461e-05,0.08146276324987411,8.419924415647984e-05,0.9185371398925781,1,0.5309734344482422,249,"medium"
0.0322265625,2.938645593530964e-07,"apple",409424,True,0.000476624583825469,0.0016140341758728027,1.606004298082553e-05,0.9827762246131897,0.0011023851111531258,0.9842714071273804,0.0009932104730978608,0.015728609636425972,2,0.21212121844291687,249,"medium"
0.0244140625,1.0510448191780597e-06,"orange",409424,True,0.024263883009552956,0.0015753476181998849,1.567510116728954e-05,0.3918553590774536,0.0004356368735898286,0.39340293407440186,0.00039379674126394093,0.6065970659255981,3,0.20000000298023224,249,"small"
0.02490234375,5.905703233111126e-07,"apple",409424,True,0.025974279269576073,0.0022785894107073545,2.267253330501262e-05,0.3354107439517975,0.00037330080522224307,0.3376559317111969,0.0003381631977390498,0.6623440384864807,4,0.1568627506494522,249,"small"
0.01123046875,1.6364001567126252e-06,"orange",409424,True,0.05041689798235893,0.0029128023888915777,2.898311140597798e-05,0.4172937273979187,0.00045730825513601303,0.42020565271377563,0.00041501797386445105,0.5797942876815796,5,0.3478260934352875,249,"small"
0.001953125,0.00023297710868064314,"car",410712,True,3.7442820030264556e-05,0.9999251365661621,0.0009784004651010036,0.0,0.0,0.9999251365661621,0.0009784004651010036,7.48856327845715e-05,0,1.0,250,"tiny"
0.3291015625,5.682356913894182e-07,"person",411953,True,0.0029486981220543385,0.004742870107293129,7.063098564685788e-06,0.0016182259423658252,9.958315058611333e-05,0.006288785953074694,9.153984137810767e-06,0.9937111735343933,0,0.9851632118225098,251,"large"
0.015869140625,5.593439027506975e-07,"tie",411953,True,0.053762562572956085,0.08010922372341156,0.00011929892934858799,0.04801282286643982,0.000142471311846748,0.12635840475559235,0.00012538667942862958,0.8736415505409241,1,0.7076923251152039,251,"small"
0.50146484375,3.3625024116190616e-06,"person",414034,True,0.0019118543714284897,0.0019777794368565083,8.206553502532188e-06,0.016962144523859024,6.27066328888759e-05,0.018262814730405807,3.577436655177735e-05,0.9817371964454651,0,0.9396299719810486,252,"large"
0.208984375,6.213193501025671e-06,"bed",414034,True,0.004106230102479458,0.006977934390306473,2.8954087611055e-05,0.1146763488650322,0.00020118660177104175,0.12126675248146057,0.00014971205382607877,0.8787331581115723,1,0.9345794320106506,252,"large"
0.02099609375,9.934537814615396e-08,"remote",414034,True,0.04320582002401352,0.012214373797178268,5.0682057917583734e-05,0.05886061489582062,7.729563367320225e-05,0.07107498496770859,7.089774589985609e-05,0.9289249777793884,2,0.6744186282157898,252,"small"
0.0341796875,5.591404033111758e-07,"cup",414034,True,0.023277821019291878,0.008931399323046207,3.7059744499856606e-05,0.17634491622447968,0.00023575521481689066,0.1852763146162033,0.00018733700562734157,0.814723789691925,3,0.8571428656578064,252,"medium"
0.10400390625,3.316533593533677e-06,"chair",415716,True,0.007463051006197929,0.03984978049993515,4.6095756260911e-05,0.16533531248569489,0.0031195341143757105,0.20518508553504944,0.0002236349682789296,0.794814944267273,0,0.9812206625938416,253,"large"
0.03955078125,2.0039627997903153e-05,"couch",415716,True,0.021513115614652634,0.04357650876045227,5.0406608352204785e-05,0.08514244109392166,0.00071548274718225,0.12871895730495453,0.00013087847037240863,0.8712810277938843,1,0.604938268661499,253,"medium"
0.0078125,1.784772507562593e-06,"vase",415716,True,0.07431835681200027,0.35177335143089294,0.00040690958849154413,0.05367983877658844,0.00035432237200438976,0.4054532051086426,0.0003990681143477559,0.5945468544960022,2,0.75,253,"tiny"
0.0029296875,5.863953265361488e-05,"chair",415716,True,0.004022888373583555,0.080710768699646,9.336121001979336e-05,0.9072205424308777,0.0057969363406300545,0.9879314303398132,0.0009676115587353706,0.012068665586411953,3,0.6666666865348816,253,"tiny"
0.0009765625,8.220144991355482e-06,"clock",415716,True,0.7568030953407288,0.1649792343378067,0.00019083774532191455,0.07821770012378693,0.000493487052153796,0.24319690465927124,0.00023772913846187294,0.7568030953407288,4,1.0,253,"tiny"
0.00048828125,1.791206614143448e-06,"mouse",415716,True,1.7462534742662683e-05,0.7987725734710693,0.0009239705977961421,0.2012188583612442,0.0012655274476855993,0.9999912977218628,0.0009770310716703534,8.731267371331342e-06,5,1.0,253,"tiny"
0.5859375,1.8110399935267196e-07,"cat",416330,True,0.0016600145027041435,0.003991392906755209,9.413662155566271e-06,0.0,0.0,0.003991392906755209,9.413662155566271e-06,0.9960086941719055,0,1.0,254,"large"
0.568115234375,2.2389707510228618e-07,"bear",417465,True,0.0017156482208520174,0.001921726274304092,4.3453396756376605e-06,0.0,0.0,0.001921726274304092,4.3453396756376605e-06,0.9980782270431519,0,1.0,255,"large"
0.2763671875,1.0058212183139403e-06,"train",419096,True,0.003515377175062895,0.005148312076926231,6.947790097910911e-06,0.0,0.0,0.005148312076926231,6.947790097910911e-06,0.9948516488075256,0,1.0,256,"large"
0.087158203125,1.9231924852647353e-06,"train",419882,True,0.004627176560461521,0.007330475375056267,1.2268577847862616e-05,0.5796940922737122,0.001718885381706059,0.5870245695114136,0.000628001696895808,0.4129755198955536,0,0.8655462265014648,257,"medium"
0.122802734375,6.314383790595457e-05,"train",419882,True,0.00012464181054383516,0.0017421854427084327,2.9157915832911385e-06,0.9825840592384338,0.003267112420871854,0.9843263030052185,0.0010958266211673617,0.01567370817065239,1,0.007952285930514336,257,"large"
0.13134765625,2.6346253434894606e-05,"train",419882,True,0.0016164603875949979,0.004364318680018187,7.304298833332723e-06,0.778221845626831,0.0026651432272046804,0.7825860977172852,0.0008798044873401523,0.21741391718387604,2,0.04089219495654106,257,"large"
0.0263671875,8.487504032927973e-07,"train",419882,True,0.0001778436271706596,0.005417815409600735,9.067473911272828e-06,0.9897822141647339,0.002474455861374736,0.9951981902122498,0.0009981929324567318,0.00480177765712142,3,0.03703703731298447,257,"small"
0.02587890625,4.999124485038919e-06,"train",419882,True,1.573590088810306e-05,0.010350560769438744,1.732311829982791e-05,0.9892338514328003,0.0024699976202100515,0.9995828866958618,0.0010020883055403829,0.0004170012834947556,4,0.03773584961891174,257,"small"
0.015869140625,2.2499884835269768e-06,"train",419882,True,0.031926773488521576,0.011530193500220776,1.9297394828754477e-05,0.46967145800590515,0.0011427529389038682,0.4811899662017822,0.0004774894332513213,0.5188100934028625,5,0.0,257,"small"
0.00830078125,2.0351742932689376e-05,"train",419882,True,4.379715392133221e-06,0.020663974806666374,3.458405990386382e-05,0.9793063402175903,0.002338642254471779,0.9999627470970154,0.0009847000474110246,3.7227579014142975e-05,6,0.0,257,"tiny"
0.398193359375,0.002206329256296158,"bed",422670,True,0.002141262637451291,0.0103613818064332,0.00018753630865830928,0.11762814223766327,0.0002090237830998376,0.12690016627311707,0.0002059231628663838,0.8730998635292053,0,0.5095033645629883,258,"large"
0.4404296875,1.7492217807557608e-07,"person",422670,True,0.0021668546833097935,0.007520562969148159,0.00013611878966912627,0.015558981336653233,2.990673965541646e-05,0.022748548537492752,3.970078250858933e-05,0.9772514700889587,1,0.8126385807991028,258,"large"
0.08642578125,5.583938786912768e-07,"person",422670,True,0.008999673649668694,0.008831935934722424,0.00015985405480023474,0.19493776559829712,0.0002213315892731771,0.20352892577648163,0.000217561682802625,0.7964709997177124,2,0.7740113139152527,258,"medium"
0.023681640625,1.2204662880321848e-06,"book",422670,True,0.0004827363009098917,0.004000438377261162,7.240612467285246e-05,0.9842995405197144,0.0010413113050162792,0.9882937073707581,0.0009885408217087388,0.011706355027854443,3,0.1649484485387802,258,"small"
0.345947265625,2.806332020099944e-07,"toilet",423971,True,0.0028144887182861567,0.0029674179386347532,4.430635272001382e-06,0.0,0.0,0.0029674179386347532,4.430635272001382e-06,0.997032642364502,0,1.0,259,"large"
0.099365234375,2.354160955064799e-07,"carrot",424721,True,0.004988016095012426,0.015183357521891594,1.859566145867575e-05,0.4774724543094635,0.004504457116127014,0.4924694299697876,0.0005339868948794901,0.5075306296348572,0,0.7076166868209839,260,"medium"
0.015625,3.211381169876404e-07,"carrot",424721,True,0.006903883069753647,0.012811264023184776,1.5690466170781292e-05,0.876726508140564,0.004578207153826952,0.8895378112792969,0.0008824780816212296,0.11046211421489716,1,0.125,260,"small"
0.039306640625,4.392004768760671e-07,"apple",424721,True,0.018329842016100883,0.008145760744810104,9.976439287129324e-06,0.2540781497955322,0.001519152196124196,0.2622239291667938,0.0002665555221028626,0.737775981426239,2,0.695652186870575,260,"medium"
0.008544921875,2.6778522510539915e-07,"carrot",424721,True,0.01015249639749527,0.01127105113118887,1.3804104128212202e-05,0.8999590277671814,0.004522406961768866,0.911165714263916,0.0008974791853688657,0.08883434534072876,3,0.22857142984867096,260,"tiny"
0.02734375,1.630558301712881e-07,"apple",424721,True,0.020922068506479263,0.04436656832695007,5.433749902294949e-05,0.36981552839279175,0.0020602536387741566,0.4141820967197418,0.00041584548307582736,0.5858179330825806,4,0.6428571343421936,260,"small"
0.0126953125,1.051673166330147e-06,"carrot",424721,True,6.907599163241684e-05,0.006769876461476088,8.291337508126162e-06,0.9923320412635803,0.005101964809000492,0.999101996421814,0.0009882316226139665,0.0008979877457022667,5,0.0,260,"small"
0.6875,1.2162653320046957e-06,"microwave",426253,True,0.0013897358439862728,0.02162604033946991,6.758137897122651e-05,0.0,0.0,0.02162604033946991,6.758137897122651e-05,0.9783740043640137,0,1.0,261,"large"
0.165283203125,4.621088010026142e-07,"person",427077,True,0.005877263844013214,0.005011614412069321,5.897752089367714e-06,0.0002616433484945446,5.232867624727078e-05,0.005273257847875357,6.1693576753896195e-06,0.9947267770767212,0,0.9601181745529175,262,"large"
0.0048828125,3.0222113878153323e-07,"baseball bat",427077,True,0.033450450748205185,0.7221892476081848,0.0008498842944391072,0.11055862903594971,0.000653226743452251,0.8327478170394897,0.0008172205416485667,0.16725227236747742,1,1.0,262,"tiny"
0.090576171875,5.390799287852133e-06,"person",428454,True,0.010727773420512676,0.0036840192042291164,4.130066827201517e-06,0.0013149665901437402,3.350233600940555e-05,0.004998986143618822,5.368039182940265e-06,0.9950008988380432,0,0.9784366488456726,263,"medium"
0.021240234375,3.088180619670311e-06,"kite",428454,True,0.035004548728466034,0.021174386143684387,2.373810093558859e-05,0.2174767255783081,0.001972578000277281,0.2386511117219925,0.0002381153462920338,0.7613489627838135,1,1.0,263,"small"
0.01513671875,3.739875637620571e-06,"snowboard",428454,True,0.0574645958840847,0.02180887572467327,2.444941310386639e-05,0.08748991787433624,0.0007509863935410976,0.10929879546165466,0.00010837758600246161,0.8907012343406677,2,0.7096773982048035,263,"small"
0.001953125,3.152199860778637e-05,"car",428454,True,0.43717530369758606,0.05602414160966873,6.280733941821381e-05,0.06962545961141586,0.000535580504219979,0.1256495863199234,0.0001229448098456487,0.8743504881858826,3,1.0,263,"tiny"
0.83935546875,1.4012832252774388e-05,"bed",430286,True,0.00112534046638757,0.03276994079351425,0.0001992093602893874,0.0,0.0,0.03276994079351425,0.0001992093602893874,0.9672300815582275,0,1.0,264,"large"
0.0615234375,0.00010396410652901977,"dining table",431568,True,0.013508308678865433,0.06563930213451385,0.0009724342380650342,0.08334480971097946,9.322686673840508e-05,0.1489766538143158,0.0001550225424580276,0.8510233163833618,0,0.89682537317276,265,"medium"
0.323486328125,8.522744678884919e-07,"pizza",431568,True,0.0008994038798846304,0.0032915063202381134,4.876305683865212e-05,0.6988279819488525,0.0011163386516273022,0.7020725011825562,0.0010134571930393577,0.29792752861976624,1,0.6301887035369873,265,"large"
0.306640625,1.0381709216744639e-05,"pizza",431568,True,0.0018960810266435146,0.0028461527545005083,4.21652257500682e-05,0.40188321471214294,0.0006247698911465704,0.4046306014060974,0.0005699022440239787,0.5953694581985474,2,0.2197452187538147,265,"large"
0.243896484375,1.9885849269485334e-06,"pizza",431568,True,0.0011496691731736064,0.004359036684036255,6.457832205342129e-05,0.7091386318206787,0.0010019619949162006,0.7128702402114868,0.0009207235998474061,0.28712987899780273,3,0.1421421468257904,265,"large"
0.20361328125,2.18256263906369e-06,"person",433103,True,0.003507726127281785,0.014870455488562584,4.875559170613997e-05,0.2538473904132843,0.000495311978738755,0.26863908767700195,0.0003294164198450744,0.731360912322998,0,0.7230215668678284,266,"large"
0.107177734375,4.702751994045684e-06,"person",433103,True,0.003423224901780486,0.01232130080461502,4.0397713746642694e-05,0.6120030283927917,0.00100410683080554,0.6243010759353638,0.0006828560144640505,0.37569886445999146,1,0.6469248533248901,266,"large"
0.118408203125,6.672394192719366e-07,"person",433103,True,0.0009918835712596774,0.015569647774100304,5.104802403366193e-05,0.8644225001335144,0.0014401040971279144,0.8797341585159302,0.0009745047427713871,0.1202658861875534,2,0.06597938388586044,266,"large"
0.068359375,5.294165816849272e-07,"person",433103,True,0.01145647931843996,0.021873312070965767,7.171577453846112e-05,0.17634662985801697,0.0002711981942411512,0.19804653525352478,0.00020759594917763025,0.8019535541534424,3,0.48571428656578064,266,"medium"
0.04931640625,1.1030512041543261e-06,"person",433103,True,0.011269635520875454,0.11173369735479355,0.0003663399547804147,0.3191557228565216,0.00047706381883472204,0.4308834671974182,0.0004426126542966813,0.5691166520118713,4,0.5792078971862793,266,"medium"
0.0732421875,3.864432471800683e-07,"laptop",433103,True,0.0004254152881912887,0.04188336059451103,0.00013732249499298632,0.9262181520462036,0.0014365538954734802,0.9680938720703125,0.0010201199911534786,0.03190614655613899,5,0.4699999988079071,266,"medium"
0.039306640625,1.608488560123078e-07,"laptop",433103,True,0.0128581952303648,0.040536243468523026,0.00013290572678670287,0.44194668531417847,0.000650160713121295,0.48245769739151,0.0004904271918348968,0.51754230260849,6,0.10559006035327911,266,"medium"
0.01416015625,1.2765791268520843e-07,"laptop",433103,True,0.051025278866291046,0.03835484758019447,0.00012575359141919762,0.22195656597614288,0.00031438603764399886,0.26013338565826416,0.00025768534396775067,0.7398666143417358,7,0.13793103396892548,266,"small"
0.009765625,2.296345428476343e-06,"person",433103,True,0.0008315391605719924,0.8591312766075134,0.0028168235439807177,0.13255344331264496,0.00018695829203352332,0.9916846752166748,0.000977992662228644,0.008315392769873142,8,0.10000000149011612,266,"tiny"
0.01123046875,2.284699576193816e-07,"laptop",433103,True,0.0063362885266542435,0.03985908627510071,0.00013068554108031094,0.8872735500335693,0.0012540970928967,0.9271326661109924,0.0009156867163255811,0.07286731153726578,9,0.17391304671764374,266,"small"
0.008544921875,9.323227345703344e-07,"laptop",433103,True,0.06872395426034927,0.05585043132305145,0.00018311622261535376,0.3428155779838562,0.0004824991920031607,0.3986654281616211,0.00039267720421776175,0.6013345122337341,10,0.34285715222358704,266,"tiny"
0.00390625,1.5252388720909948e-06,"laptop",433103,True,0.028597429394721985,0.05331110209226608,0.0001747905189404264,0.8322991728782654,0.0011640549637377262,0.8856102824211121,0.0008682454936206341,0.11438970267772675,11,0.25,266,"tiny"
0.70703125,7.083177479216829e-06,"person",433980,True,0.0013679543044418097,0.00462497491389513,1.799601159291342e-05,0.0050725797191262245,0.00011661103053484112,0.009601040743291378,3.200347055098973e-05,0.9903989434242249,0,0.9944751262664795,267,"large"
0.04248046875,3.258125786942401e-07,"cell phone",433980,True,0.022134477272629738,9.762877016328275e-05,3.798785428443807e-07,0.037083301693201065,5.122003494761884e-05,0.03715035691857338,3.788920002989471e-05,0.9628496170043945,1,0.6436781883239746,267,"medium"
0.080078125,4.4959560909774154e-06,"couch",435208,True,0.010834483429789543,0.025367451831698418,3.808926703641191e-05,0.08620491623878479,0.0003123366623185575,0.11157236993312836,0.00011844200344057754,0.8884276747703552,0,0.8536585569381714,268,"medium"
0.11767578125,4.779220398631878e-05,"dining table",435208,True,0.004940538201481104,0.03347017988562584,5.025553036830388e-05,0.371194988489151,0.0015629263361915946,0.40466517210006714,0.00044788626837544143,0.5953347682952881,1,1.0,268,"large"
0.0732421875,1.0218523129879031e-06,"person",435208,True,0.012617498636245728,0.01260458305478096,1.892580075946171e-05,0.041082996875047684,0.00014516960072796792,0.053687579929828644,5.657279325532727e-05,0.946312427520752,2,0.8533333539962769,268,"medium"
0.0419921875,2.7913715712202247e-06,"chair",435208,True,0.019735516980290413,0.04954066872596741,7.438538887072355e-05,0.1018320694565773,0.00032327641383744776,0.1513727307319641,0.00015430452185682952,0.8486272096633911,3,0.7209302186965942,268,"medium"
0.02734375,0.0002997072006110102,"person",435208,True,9.068274266610388e-06,0.9047225713729858,0.0013584424741566181,0.09502342343330383,0.00028794980607926846,0.9997460842132568,0.001003761193715036,0.0002539116539992392,4,0.1785714328289032,268,"small"
0.0087890625,6.780933858863136e-08,"tv",435208,True,0.08027239143848419,0.23579120635986328,0.0003540409088600427,0.04175729304552078,0.00011964841542067006,0.27754849195480347,0.0002734468143898994,0.7224514484405518,5,1.0,268,"tiny"
0.00048828125,1.0131230737897567e-05,"clock",435208,True,0.7047175765037537,0.5395870804786682,0.0008101908024400473,0.10805410146713257,0.00030224924557842314,0.6476411819458008,0.0006327710580080748,0.35235878825187683,7,1.0,268,"tiny"
0.018310546875,7.251315423673077e-07,"banana",439290,True,0.004272629972547293,0.13575734198093414,0.00014028143777977675,0.7841306924819946,0.020910155028104782,0.9198881387710571,0.0009150840924121439,0.0801118016242981,0,0.7333333492279053,269,"small"
0.021240234375,8.923188374865276e-07,"banana",439290,True,0.02971113659441471,0.22753378748893738,0.00023511628387495875,0.12624908983707428,0.003659393871203065,0.35378286242485046,0.00035298863076604903,0.6462172269821167,1,0.04597701132297516,269,"small"
0.007080078125,7.298596074178931e-07,"banana",439290,True,0.0015925058396533132,0.38505929708480835,0.0003978913009632379,0.6033998131752014,0.012251772917807102,0.988454282283783,0.0009721704409457743,0.011545667424798012,2,0.27586206793785095,269,"tiny"
0.002685546875,1.1311404080061038e-07,"banana",439290,True,0.010960415937006474,0.8290677666664124,0.0008566963369958103,0.1407943218946457,0.0026194294914603233,0.9698587656021118,0.0009496782440692186,0.030141141265630722,3,0.0,269,"tiny"
0.001953125,5.183334224057035e-07,"banana",439290,True,0.00019319410785101354,0.33979156613349915,0.00035111504257656634,0.6598221063613892,0.012162620201706886,0.9996135830879211,0.000978095573373139,0.00038638815749436617,4,0.0,269,"tiny"
0.001953125,1.3357109196476813e-07,"banana",439290,True,0.0004973105387762189,0.6907312273979187,0.0007137497304938734,0.3082742989063263,0.005682476330548525,0.9990054368972778,0.0009775005746632814,0.000994620961137116,5,0.0,269,"tiny"
0.001953125,2.436325132748607e-07,"banana",439290,True,0.0002209070953540504,0.7463003993034363,0.0007711707148700953,0.2532578706741333,0.004668348468840122,0.9995582103729248,0.0009780414402484894,0.0004418141325004399,6,0.0,269,"tiny"
0.258056640625,8.12676546502189e-07,"suitcase",440507,True,0.003416212974116206,0.09701767563819885,0.0001304439501836896,0.0002480191760696471,1.5501200323342346e-05,0.09726569056510925,0.00012802329729311168,0.9027341604232788,0,0.9810785055160522,270,"large"
0.01220703125,1.9193703337805346e-05,"umbrella",440507,True,0.052810411900281906,0.14545798301696777,0.00019557375344447792,0.19441194832324982,0.0007260950515046716,0.3398699164390564,0.00033600584720261395,0.6601301431655884,1,0.6800000071525574,270,"small"
0.00341796875,2.0481533283600584e-05,"umbrella",440507,True,1.373323812003946e-05,0.3350861370563507,0.00045053596841171384,0.6648658514022827,0.0024024059530347586,0.9999520778656006,0.0009798648534342647,4.806633296539076e-05,2,0.0,270,"tiny"
0.0888671875,6.084397341510339e-07,"tv",442323,True,0.010667056776583195,0.0263790562748909,2.8735355954268016e-05,0.0029188510961830616,0.00019459007307887077,0.029297908768057823,3.1401832529809326e-05,0.9707021713256836,0,0.9780219793319702,271,"medium"
0.013671875,1.3804057743982412e-05,"bed",442323,True,0.05293991416692734,0.17296689748764038,0.00018841709243133664,0.08587439358234406,0.0009334172937087715,0.25884127616882324,0.0002562784939073026,0.7411587834358215,1,1.0,271,"small"
0.0009765625,6.099284064475796e-07,"remote",442323,True,0.857658863067627,0.0998234823346138,0.00010874017607420683,0.04251778498291969,0.0004049312847200781,0.1423412561416626,0.00013914101873524487,0.857658863067627,2,1.0,271,"tiny"
0.103515625,5.894198125133698e-07,"giraffe",445675,True,0.009417916648089886,0.0017010108567774296,1.8529532326283515e-06,0.0,0.0,0.0017010108567774296,1.8529532326283515e-06,0.9982990026473999,0,1.0,272,"large"
0.28369140625,6.929494134055858e-07,"cell phone",446207,True,0.0032229714561253786,0.06372679024934769,8.68804199853912e-05,0.0,0.0,0.06372679024934769,8.68804199853912e-05,0.9362732172012329,0,1.0,273,"large"
0.32861328125,2.446734242766979e-06,"dog",447200,True,0.0029614893719553947,0.0034588356502354145,5.031033651903272e-06,0.0,0.0,0.0034588356502354145,5.031033651903272e-06,0.9965412020683289,0,1.0,274,"large"
0.121337890625,1.5727787285868544e-06,"person",448365,True,0.007992205210030079,0.006967152003198862,7.76284377934644e-06,1.3917845080868574e-06,6.185708798511769e-07,0.006968543864786625,7.744977665424813e-06,0.9930315017700195,0,0.9839034080505371,275,"large"
0.002197265625,6.697201115457574e-06,"bicycle",448365,True,0.030325932428240776,0.8993324041366577,0.0010020416229963303,0.03243426978588104,0.0002610404044389725,0.9317666888237,0.0009119321475736797,0.06823334842920303,1,1.0,275,"tiny"
0.1806640625,1.6881967894732952e-05,"person",450559,True,0.005393665749579668,0.0009654535679146647,1.202308339998126e-06,0.0013345289044082165,3.6562436434905976e-05,0.002171886619180441,2.58866111835232e-06,0.9978281855583191,0,0.9864864945411682,276,"large"
0.03564453125,6.806334340581088e-07,"skateboard",450559,True,0.026370638981461525,0.0009727802826091647,1.2114326182199875e-06,0.03704744949936867,0.00020025650155730546,0.037471648305654526,3.794597796513699e-05,0.9625282287597656,1,0.8904109597206116,276,"medium"
0.0009765625,5.0427712267264724e-05,"sports ball",451435,True,0.9807742834091187,0.019225792959332466,1.8793540220940486e-05,0.0,0.0,0.019225792959332466,1.8793540220940486e-05,0.9807743430137634,0,1.0,277,"tiny"
0.2998046875,8.027811418287456e-06,"refrigerator",452793,True,0.0030929644126445055,0.04463762789964676,6.286989810178056e-05,0.005822338629513979,0.0008317626779899001,0.050459958612918854,7.037651084829122e-05,0.9495400786399841,0,0.9967426657676697,278,"large"
0.0068359375,1.8945704596262658e-06,"sink",452793,True,0.10079748183488846,0.25050464272499084,0.0003528234956320375,0.04391298443078995,0.00014303905481938273,0.2944176495075226,0.000289496238110587,0.705582320690155,1,0.8214285969734192,278,"tiny"
0.11767578125,3.948614448745502e-06,"banana",453708,True,0.006085899192839861,0.017589114606380463,2.1877011022297665e-05,0.24906010925769806,0.0025031170807778835,0.2666492164134979,0.0002951292262878269,0.7333508133888245,0,0.8340249061584473,279,"large"
0.0244140625,1.8950493085867492e-07,"banana",453708,True,0.025734681636095047,0.00857584923505783,1.0666480193322059e-05,0.3480571508407593,0.0017849085852503777,0.3566329777240753,0.0003569900000002235,0.6433669924736023,1,0.23999999463558197,279,"small"
0.02099609375,2.6901029741566163e-06,"person",453708,True,0.000118168507469818,0.9066671133041382,0.001127695431932807,0.090792216360569,0.00045739152119494975,0.997459352016449,0.0009949719533324242,0.0025406228378415108,2,0.2906976640224457,279,"small"
0.02685546875,6.409812158381101e-06,"person",453708,True,0.016344482079148293,0.40004417300224304,0.0004975673509761691,0.15048271417617798,0.0007817283621989191,0.5505267977714539,0.00055246043484658,0.4494732618331909,3,0.7818182110786438,279,"small"
0.01123046875,8.336022574439994e-07,"banana",453708,True,2.33763967116829e-05,0.03233432024717331,4.021682616439648e-05,0.9673967361450195,0.004639793653041124,0.9997311234474182,0.0009873890085145831,0.00026882850215770304,4,0.0,279,"small"
0.0087890625,5.661816612700932e-05,"banana",453708,True,0.021719876676797867,0.020473193377256393,2.546417817939073e-05,0.7840479016304016,0.003715867642313242,0.8045211434364319,0.0007926318212412298,0.19547884166240692,5,0.1111111119389534,279,"tiny"
0.0029296875,5.504873115569353e-06,"person",453708,True,0.0001705552713247016,0.4506897032260895,0.0005605593323707581,0.548798680305481,0.0025290262419730425,0.999488353729248,0.0009789308533072472,0.00051166582852602,6,0.6666666865348816,279,"tiny"
0.001953125,6.258729263208807e-05,"banana",453708,True,1.3974408830108587e-07,0.07080760598182678,8.80691732163541e-05,0.929192066192627,0.0042623495683074,0.9999997615814209,0.0009784734575077891,2.794881481804623e-07,7,0.0,279,"tiny"
0.0517578125,2.411118202871876e-06,"dining table",455157,True,0.015587104484438896,0.04417441412806511,5.993815284455195e-05,0.12970907986164093,0.0005543123697862029,0.17388351261615753,0.0001790767564671114,0.8261164426803589,0,0.9622641801834106,280,"medium"
0.069580078125,5.755886149927392e-07,"person",455157,True,0.012117213569581509,0.09913341701030731,0.00013450939150061458,0.03752904012799263,0.00017374556045979261,0.13664859533309937,0.00014342545182444155,0.8633514642715454,1,0.9298245906829834,280,"medium"
0.064453125,1.3546132322517224e-06,"bench",455157,True,0.01305834949016571,0.032392196357250214,4.395141877466813e-05,0.10576018691062927,0.00047801213804632425,0.13814891874790192,0.00014420555089600384,0.8618510961532593,2,0.28787878155708313,280,"medium"
0.02490234375,2.32927277465933e-06,"bench",455157,True,0.02568693459033966,0.19469180703163147,0.00026416798937134445,0.15029142796993256,0.0005747282411903143,0.34498322010040283,0.0003455014666542411,0.6550168395042419,3,0.27450981736183167,280,"small"
0.053466796875,4.946468834532425e-07,"umbrella",455157,True,0.014172188937664032,0.0773453488945961,0.00010494620073586702,0.14672733843326569,0.0006317646475508809,0.22407269477844238,0.00023118153330869973,0.7759273648262024,4,0.8584474921226501,280,"medium"
0.009765625,1.3099330317345448e-05,"dining table",455157,True,0.06576757878065109,0.13096116483211517,0.00017769497935660183,0.21136312186717987,0.0007630439358763397,0.34232428669929504,0.00033759800135158,0.6576756238937378,5,0.6000000238418579,280,"tiny"
0.006591796875,2.4194391698983964e-06,"bench",455157,True,0.003599142422899604,0.659848153591156,0.000895316363312304,0.3158576488494873,0.0011270567774772644,0.9757058620452881,0.0009591603302396834,0.024294210597872734,6,0.0,280,"tiny"
0.040771484375,1.6147088899742812e-05,"person",458223,True,0.022742396220564842,0.010795586742460728,1.1166885997226927e-05,0.039709411561489105,0.0025618975050747395,0.05050499737262726,5.1417660870356485e-05,0.9494950175285339,0,1.0,281,"medium"
0.00927734375,6.123322577877843e-07,"bicycle",458223,True,0.09730392694473267,0.002851302269846201,2.949368990812218e-06,0.07276147603988647,0.0015238006599247456,0.07561278343200684,7.453207217622548e-05,0.9243872165679932,1,0.8947368264198303,281,"tiny"
0.005859375,1.7255603097510175e-06,"backpack",458223,True,0.15136665105819702,0.000903845764696598,9.349323590868153e-07,0.09089639037847519,0.0017735882429406047,0.09180024266242981,9.017706179292873e-05,0.9081997871398926,2,1.0,281,"tiny"
0.0869140625,1.0111408528246102e-06,"person",459195,True,0.006887034047394991,0.004733810666948557,6.286601092142519e-06,0.3823201656341553,0.0021006602328270674,0.3870539963245392,0.0004139615048188716,0.6129460334777832,0,0.8314606547355652,282,"medium"
0.07763671875,6.617601684411056e-07,"person",459195,True,0.01080378144979477,0.0024388490710407495,3.2388434192398563e-06,0.13866053521633148,0.0007240758859552443,0.14109936356544495,0.00014939054381102324,0.8589006066322327,1,0.49685534834861755,282,"medium"
0.08837890625,7.986878927113139e-07,"person",459195,True,0.00714559992775321,0.004121172241866589,5.47300442121923e-06,0.34920209646224976,0.0019346376648172736,0.3533232808113098,0.00037849307409487665,0.646676778793335,2,0.6961326003074646,282,"medium"
0.0048828125,3.993057759998919e-07,"frisbee",459195,True,0.002694530412554741,0.000510703946929425,6.782257173654216e-07,0.9860167503356934,0.0037068298552185297,0.9865274429321289,0.0009681329247541726,0.013472652062773705,3,0.0,282,"tiny"
0.0048828125,2.8912759830745927e-07,"frisbee",459195,True,0.1001415029168129,0.00045976994442753494,6.105843226578145e-07,0.49883267283439636,0.0018753110198304057,0.4992924928665161,0.0004899828927591443,0.5007074475288391,4,0.4000000059604645,282,"tiny"
0.001953125,1.6469984132072568e-07,"frisbee",459195,True,0.03811196610331535,0.0002363302919548005,3.138516433409677e-07,0.9235398769378662,0.0034332338254898787,0.9237760305404663,0.0009038904681801796,0.0762239322066307,5,0.0,282,"tiny"
0.095947265625,1.6134341649376438e-06,"refrigerator",459954,True,0.006937776692211628,0.11151555925607681,0.00019111494475509971,0.2068478763103485,0.0006043766625225544,0.3183634281158447,0.0003438978746999055,0.6816365122795105,0,0.9694656729698181,283,"medium"
0.0517578125,1.2141061233705841e-05,"refrigerator",459954,True,0.00016636984946671873,0.06380563974380493,0.0001093498503905721,0.9273767471313477,0.0023932303301990032,0.9911824464797974,0.0010207851883023977,0.008817601948976517,1,0.2641509473323822,283,"medium"
0.070556640625,1.1524358342285268e-05,"refrigerator",459954,True,0.000173679887666367,0.05793213099241257,9.928386134561151e-05,0.929519534111023,0.0025241535622626543,0.9874516129493713,0.001037511508911848,0.012548372149467468,2,0.08304498344659805,283,"medium"
0.036376953125,9.117537047131918e-06,"refrigerator",459954,True,0.0004550184530671686,0.15774264931678772,0.0002703387290239334,0.8253089189529419,0.002042843960225582,0.9830505847930908,0.0009962508920580149,0.01694943755865097,3,0.10738255083560944,283,"medium"
0.041259765625,6.51114805805264e-06,"refrigerator",459954,True,0.0004989267326891422,0.5303771495819092,0.0009089582599699497,0.4485434889793396,0.0011241690954193473,0.9789204001426697,0.00099711783695966,0.02107965387403965,4,0.0,283,"medium"
0.07080078125,6.8252047640271485e-06,"refrigerator",459954,True,0.0007330457447096705,0.6089865565299988,0.0010436787270009518,0.3378676772117615,0.0009181186906062067,0.9468542337417603,0.0009951174724847078,0.053145818412303925,5,0.06896551698446274,283,"medium"
0.048583984375,1.3042906630289508e-06,"refrigerator",459954,True,0.002442090306431055,0.5885322690010071,0.0010086243273690343,0.28997382521629333,0.000742095522582531,0.8785060048103333,0.0009017254342325032,0.12149398773908615,6,0.0,283,"medium"
0.015625,1.0674712029867806e-05,"refrigerator",459954,True,0.012271569110453129,0.5964486598968506,0.0010221913689747453,0.20720630884170532,0.00048811850138008595,0.8036548495292664,0.0007972766179591417,0.19634510576725006,7,0.1875,283,"small"
0.455810546875,2.247378915853915e-06,"bear",460927,True,0.0021391157060861588,0.0015677702613174915,2.813405671986402e-06,0.0,0.0,0.0015677702613174915,2.813405671986402e-06,0.9984322786331177,0,1.0,284,"large"
0.146240234375,1.41361874739232e-06,"motorcycle",461751,True,0.005995304323732853,0.010665575042366982,2.588731877040118e-05,0.09156632423400879,0.00019787428027484566,0.10220321267843246,0.00011690387327689677,0.8977968096733093,0,0.6010016798973083,285,"large"
0.2373046875,3.695268105730065e-06,"car",461751,True,0.0032317559234797955,0.02118237502872944,5.141353540238924e-05,0.1935320347547531,0.0005223537445999682,0.21468336880207062,0.00027488271007314324,0.7853165864944458,1,0.9259259104728699,285,"large"
0.153076171875,2.8994302283535944e-06,"person",461751,True,0.005561887286603451,0.027859177440404892,6.761935946997255e-05,0.10041242837905884,0.0002197208523284644,0.12817415595054626,0.00014779377670492977,0.8718258142471313,2,0.8038277626037598,285,"large"
0.041015625,9.418269542038615e-07,"person",461751,True,0.015565454959869385,0.021370751783251762,5.187076021684334e-05,0.32488009333610535,0.0005699651082977653,0.34625086188316345,0.00035259764990769327,0.6537490487098694,3,0.5952380895614624,285,"medium"
0.022216796875,4.916024636258953e-07,"backpack",461751,True,0.0372091606259346,0.012160864658653736,2.9516661015804857e-05,0.14133822917938232,0.00023955632059369236,0.15349169075489044,0.00015330006135627627,0.8465083837509155,4,0.17582418024539948,285,"small"
0.0244140625,0.037004806101322174,"bed",776,True,0.03477316349744797,0.022925853729248047,0.0004852032579947263,0.10774511098861694,0.00011320736666675657,0.1306709498167038,0.00013080175267532468,0.8693290948867798,0,1.0,286,"small"
0.331298828125,2.335362478333991e-05,"teddy bear",776,True,0.0019630214665085077,0.0014347167452797294,3.0364375561475754e-05,0.33264362812042236,0.0005213849944993854,0.3340449929237366,0.00048783497186377645,0.6659550666809082,1,0.7700810432434082,286,"large"
0.29248046875,0.00012668699491769075,"teddy bear",776,True,0.0028413282707333565,0.0005258910241536796,1.1129969607281964e-05,0.14849714934825897,0.00021910315263085067,0.14902228116989136,0.00020568985200952739,0.8509777188301086,2,0.2888146936893463,286,"large"
0.30615234375,2.346251221752027e-06,"teddy bear",776,True,0.0014598973793908954,0.002569313859567046,5.4377018386730924e-05,0.5397528409957886,0.0008138000848703086,0.5423221588134766,0.0007632965571247041,0.45767778158187866,3,0.35725677013397217,286,"large"
0.07568359375,6.949099429220951e-07,"person",5060,True,0.012849032878875732,0.0041998871602118015,4.437281404534588e-06,0.0,0.0,0.0041998871602118015,4.437281404534588e-06,0.9958000779151917,0,1.0,287,"medium"
0.476318359375,7.208725492091617e-07,"person",8532,True,0.002022093627601862,0.003080509603023529,5.932613476034021e-06,0.01064334623515606,0.000626079214271158,0.013723855838179588,2.5592271413188428e-05,0.9862762093544006,0,0.9876986145973206,288,"large"
0.0166015625,7.853564625293075e-07,"tie",8532,True,0.05575403943657875,0.00019432161934673786,3.7423518506329856e-07,0.051987044513225555,0.00010658543033059686,0.052181363105773926,5.181863161851652e-05,0.9478186964988708,1,1.0,288,"small"
0.427978515625,2.5133006147370907e-06,"umbrella",9448,True,0.002118868287652731,0.001031744061037898,3.882385954057099e-06,0.07039666175842285,0.0002191335806855932,0.0714060366153717,0.00012190531560918316,0.9285939931869507,0,0.9743297100067139,289,"large"
0.313720703125,6.417071176656464e-07,"person",9448,True,0.0029797405004501343,0.0004281592555344105,1.6111355307657504e-06,0.04235755279660225,9.665157267590985e-05,0.042758382856845856,6.0844373365398496e-05,0.9572416543960571,1,0.9206225872039795,289,"large"
0.02734375,4.83569647258264e-06,"toilet",10977,True,0.034605205059051514,0.011343483813107014,1.1484165042929817e-05,0.01971084251999855,0.002389193046838045,0.03105432540178299,3.117904270766303e-05,0.9689457416534424,0,0.8571428656578064,290,"small"
0.008056640625,5.8737773542816285e-06,"sink",10977,True,0.10917172580957413,0.017664315178990364,1.7883387045003474e-05,0.08166905492544174,0.0029167518950998783,0.09933337569236755,9.779313404578716e-05,0.9006667137145996,1,1.0,290,"tiny"
0.03466796875,2.0533832412183983e-06,"chair",11813,True,0.026528049260377884,0.05634697526693344,5.8451227232581005e-05,0.002069692825898528,8.278772293124348e-05,0.05825428664684296,5.8932011597789824e-05,0.9417456388473511,0,0.9718309640884399,291,"medium"
0.0244140625,1.7352253962599207e-06,"laptop",11813,True,0.033355630934238434,0.08574169874191284,8.894367783796042e-05,0.08046991378068924,0.002266758354380727,0.16610927879810333,0.00016627556760795414,0.8338906764984131,1,0.8600000143051147,291,"small"
0.150146484375,3.362009692864376e-06,"airplane",13348,True,0.006436601281166077,0.009638522751629353,1.1139582056785002e-05,0.0009369991021230817,0.00017036349163390696,0.010372712276875973,1.191923365695402e-05,0.9896273016929626,0,0.869918704032898,292,"large"
0.001953125,2.1511183149414137e-05,"person",13348,True,0.37108561396598816,0.002155458088964224,2.491139184712665e-06,0.2556733191013336,0.0016310897190123796,0.2578287720680237,0.0002522786380723119,0.7421712279319763,1,1.0,292,"tiny"
0.0009765625,1.3016616321692709e-05,"truck",13348,True,2.5144337996607646e-05,0.79361891746521,0.0009172135614790022,0.2063559591770172,0.00130812032148242,0.9999748468399048,0.0009774926584213972,2.514433435862884e-05,2,1.0,292,"tiny"
0.001953125,4.275481842341833e-05,"person",13348,True,0.429009348154068,0.001807558350265026,2.089059080390143e-06,0.14017388224601746,0.0008942512213252485,0.14198143780231476,0.00013892508286517113,0.858018696308136,3,0.0,292,"tiny"
0.00048828125,7.338851446547778e-07,"person",13348,True,0.00020774375298060477,0.004068892449140549,4.702562819147715e-06,0.9959311485290527,0.006273582112044096,0.9998961687088013,0.0009769381722435355,0.00010387187649030238,4,0.0,292,"tiny"
0.30615234375,1.3149954156688182e-06,"bowl",15254,True,0.0021796589717268944,0.044042300432920456,0.00019530953431967646,0.27263468503952026,0.00056213338393718,0.3166769742965698,0.00044571002945303917,0.683323085308075,0,0.9441786408424377,293,"large"
0.211669921875,1.1091386113548651e-05,"bowl",15254,True,0.002346381079405546,0.10017859935760498,0.0004442509962245822,0.3912433087825775,0.000672528229188174,0.4914218783378601,0.0006087604560889304,0.5085781216621399,1,0.4752018451690674,293,"large"
0.1748046875,1.5386057157229516e-06,"bowl",15254,True,0.003050619037821889,0.1214023008942604,0.000538369407877326,0.3325369954109192,0.0005367828998714685,0.4539392590522766,0.0005372062441892922,0.5460608005523682,2,0.5167597532272339,293,"large"
0.052001953125,2.286533572259941e-06,"carrot",15254,True,0.0018872267100960016,0.042548391968011856,0.00018868468760047108,0.8569642901420593,0.0011460573878139257,0.8995051383972168,0.0009266085689887404,0.10049480944871902,3,0.07511737197637558,293,"medium"
0.0234375,1.905772109012105e-07,"carrot",15254,True,0.03313935548067093,0.044747088104486465,0.00019843498012050986,0.15990836918354034,0.00020646658958867192,0.2046554535627365,0.00020465545821934938,0.7953445315361023,4,0.125,293,"small"
0.01318359375,3.354693660639896e-07,"carrot",15254,True,0.002861226908862591,0.04288444668054581,0.00019017497834283859,0.9184911847114563,0.0011663383338600397,0.9613733887672424,0.0009513840777799487,0.03862655535340309,5,0.0,293,"small"
0.0009765625,6.024412141414359e-05,"spoon",15254,True,3.5931420825363602e-06,0.26336199045181274,0.0011679024901241064,0.7366344332695007,0.0009236796176992357,0.9999963045120239,0.000977513613179326,3.5931416277890094e-06,6,0.0,293,"tiny"
0.030029296875,4.792371328221634e-06,"bird",15751,True,0.015860240906476974,0.0031036005821079016,3.1979398045223206e-06,0.5091939568519592,0.02238215133547783,0.5122976303100586,0.0005157791310921311,0.4877023994922638,0,0.934959352016449,294,"medium"
0.0048828125,3.156743787258165e-06,"bird",15751,True,0.0013705373276025057,0.0007682363502681255,7.915882065390178e-07,0.9923791289329529,0.020461425185203552,0.9931473731994629,0.0009746294235810637,0.006852686870843172,1,0.800000011920929,294,"tiny"
0.00927734375,2.813306082316558e-06,"bird",15751,True,0.05721483752131462,0.0005145810428075492,5.302226782077923e-07,0.45594456791877747,0.01036237832158804,0.4564591646194458,0.0004499351780395955,0.543540894985199,2,0.15789473056793213,294,"tiny"
0.008056640625,5.651360424963059e-06,"bird",15751,True,0.07379944622516632,0.0006849142373539507,7.057333846205438e-07,0.3904697299003601,0.008629165589809418,0.3911546468734741,0.0003850894863717258,0.6088454127311707,3,0.4848484992980957,294,"tiny"
0.277099609375,2.458701146679232e-06,"zebra",17115,True,0.002704962622374296,0.006420564837753773,1.4387820556294173e-05,0.2260463684797287,0.0007688652258366346,0.2324669510126114,0.00031403842149302363,0.7675331234931946,0,0.9207048416137695,295,"large"
0.287109375,1.811753463698551e-06,"zebra",17115,True,0.002885961439460516,0.004552906844764948,1.0202592420682777e-05,0.1469745635986328,0.0005179720465093851,0.15152746438980103,0.0002075718657579273,0.8484726548194885,1,0.8545918464660645,295,"large"
0.095703125,4.1266257539973594e-06,"person",17905,True,0.010040704160928726,0.011483668349683285,1.278804938920075e-05,0.004527328535914421,0.00016169030277524143,0.01601099595427513,1.7290492905885912e-05,0.9839890003204346,0,0.9693877696990967,296,"medium"
0.02734375,9.498752717718162e-08,"traffic light",17905,True,0.034240107983350754,0.012117208912968636,1.3493553524313029e-05,0.029159732162952423,0.0002975483366753906,0.04127694293856621,4.1442715883022174e-05,0.9587229490280151,1,1.0,296,"small"
0.251953125,4.932326760354044e-07,"vase",19742,True,0.003785639302805066,0.023304961621761322,3.042422940779943e-05,0.0,0.0,0.023304961621761322,3.042422940779943e-05,0.9766950011253357,0,1.0,297,"large"
0.68359375,9.772434168553445e-07,"person",20992,True,0.0014131884090602398,0.006177084986120462,2.292053795827087e-05,0.004642966203391552,8.480303222313523e-05,0.010768203064799309,3.3235195587622e-05,0.9892318844795227,0,0.9921428561210632,298,"large"
0.053466796875,1.5793696661603462e-07,"hot dog",20992,True,0.01739354245364666,0.004477404989302158,1.6613746993243694e-05,0.04323546588420868,6.176494935061783e-05,0.047703567892313004,4.9216989282285795e-05,0.9522964358329773,1,0.8767123222351074,298,"medium"
0.3056640625,6.066135824767116e-07,"sheep",22589,True,0.0029328358359634876,0.006041515618562698,9.373959073855076e-06,0.07598090916872025,0.0011425701668486,0.08202243596315384,0.00011536208330653608,0.917977511882782,0,0.9840255379676819,299,"large"
0.06494140625,1.3082319583190838e-07,"sheep",22589,True,0.013582826592028141,0.0019021618645638227,2.9513760182453552e-06,0.0948399156332016,0.0003030029183719307,0.09674208611249924,0.00010103612294187769,0.9032579660415649,1,0.8120300769805908,299,"medium"
0.001953125,4.9069558372139e-06,"bird",23230,True,0.06441070884466171,0.8711786270141602,0.0008524252916686237,0.0,0.0,0.8711786270141602,0.0008524252916686237,0.12882141768932343,1,1.0,300,"tiny"
0.71630859375,4.007311247278267e-07,"pizza",24144,True,0.0013579715741798282,0.003927918616682291,1.3521235814550892e-05,0.0,0.0,0.003927918616682291,1.3521235814550892e-05,0.9960720539093018,0,1.0,301,"large"
0.12451171875,1.3881888207833981e-06,"person",25424,True,0.007822472602128983,0.0020605865865945816,2.3746315491735004e-06,0.0005742002977058291,1.997218350879848e-05,0.002634786767885089,2.938970283139497e-06,0.9973652958869934,0,0.9921568632125854,302,"large"
0.028076171875,7.979372753652569e-07,"tennis racket",25424,True,0.03301355242729187,0.013245202600955963,1.526384767203126e-05,0.037615206092596054,0.0002950212510768324,0.05086040496826172,5.11031539645046e-05,0.9491395354270935,1,1.0,302,"small"
0.537109375,1.0692966725400765e-06,"bus",27768,True,0.0017678397707641125,0.008800731971859932,1.9008060917258263e-05,0.018887463957071304,0.0017170421779155731,0.027688197791576385,5.841391975991428e-05,0.9723118543624878,0,0.9722727537155151,303,"large"
0.0048828125,1.7116067851929984e-07,"person",27768,True,0.16230323910713196,0.04262521117925644,9.206309186993167e-05,0.14585860073566437,0.0002623356122057885,0.1884838044643402,0.00018496937991585582,0.8115162253379822,1,1.0,303,"tiny"
0.005859375,6.677531473542331e-06,"car",27768,True,0.1415935903787613,0.03783247992396355,8.171163062797859e-05,0.11260601878166199,0.0002028937597060576,0.15043850243091583,0.00014777849719393998,0.8495613932609558,2,1.0,303,"tiny"
0.4833984375,1.991207682294771e-06,"broccoli",29640,True,0.0019997775088995695,0.005471582990139723,1.3764989489573054e-05,0.004647532012313604,3.5075718187727034e-05,0.010110200382769108,1.9111912479274906e-05,0.9898897409439087,0,0.7641414403915405,304,"large"
0.048828125,9.782257620827295e-06,"spoon",29640,True,0.016553739085793495,0.015233436599373817,3.832310903817415e-05,0.1570797860622406,0.0002723532961681485,0.1723131686449051,0.00017691288667265326,0.8276870250701904,1,0.6499999761581421,304,"medium"
0.020263671875,2.9718166842940263e-06,"broccoli",29640,True,0.0006015962571837008,0.009071020409464836,2.282017703691963e-05,0.978445827960968,0.0016152634052559733,0.9875168204307556,0.000984317739494145,0.012483121827244759,2,0.048192769289016724,304,"small"
0.0126953125,7.025373633950949e-06,"carrot",29640,True,0.02962900884449482,0.0442032553255558,0.00011120316776214167,0.5706196427345276,0.0009301054524257779,0.6148229241371155,0.0006081335013732314,0.38517704606056213,3,0.6153846383094788,304,"small"
0.015625,3.6188789636071306e-06,"broccoli",29640,True,0.004275127314031124,0.11744225770235062,0.0002954522205982357,0.8141558170318604,0.0013335886178538203,0.9315979480743408,0.0009242043015547097,0.06840203702449799,4,0.0,304,"small"
0.01171875,6.37361517874524e-06,"carrot",29640,True,1.9810455341939814e-05,0.11993584036827087,0.00030172537663020194,0.8798264265060425,0.001431776094250381,0.9997623562812805,0.0009879075223580003,0.0002377254713792354,5,0.0,304,"small"
0.01171875,4.529843408818124e-06,"carrot",29640,True,1.8716649492489523e-06,0.19491273164749146,0.0004903465742245317,0.8050646781921387,0.0013101135846227407,0.9999775290489197,0.000988120213150978,2.2459977117250673e-05,6,0.0,304,"small"
0.006591796875,8.434926712652668e-06,"carrot",29640,True,2.4908123918976344e-07,0.2932828664779663,0.0007378185400739312,0.7067161798477173,0.0011389462742954493,0.9999983310699463,0.000983040896244347,1.6812982721603476e-06,7,0.0,304,"tiny"
0.001953125,3.66633798876137e-06,"carrot",29640,True,1.1445504242146853e-06,0.35082727670669556,0.0008825843688100576,0.6491705179214478,0.0010395044228062034,0.9999977350234985,0.0009784713620319963,2.2891008484293707e-06,8,0.0,304,"tiny"
0.04296875,3.209779890767095e-07,"toilet",32285,True,0.02262253500521183,0.004608417861163616,4.702467322204029e-06,0.0,0.0,0.004608417861163616,4.702467322204029e-06,0.9953915476799011,0,1.0,305,"medium"
0.216552734375,2.6758004878502106e-07,"carrot",34257,True,0.0044288490898907185,0.017108704894781113,2.4581475372542627e-05,0.0008201067103073001,7.682499926886521e-06,0.017902789637446404,2.2315725800581276e-05,0.9820972084999084,0,0.7215332388877869,306,"large"
0.082275390625,2.593321551103145e-05,"broccoli",34257,True,0.006209477316588163,0.05299001932144165,7.613508205395192e-05,0.423861563205719,0.0017389191780239344,0.47685158252716064,0.0005074238870292902,0.5231484770774841,1,0.9287833571434021,306,"medium"
0.013427734375,1.1402658856241032e-05,"broccoli",34257,True,0.0001980325032491237,0.02885178104043007,4.1453709854977205e-05,0.9684252738952637,0.0030817033257335424,0.997277021408081,0.0009871586225926876,0.0027229469269514084,2,0.072727270424366,306,"small"
0.006103515625,4.222281131660566e-05,"broccoli",34257,True,8.55084272188833e-06,0.05423073098063469,7.791772804921493e-05,0.9457157850265503,0.0029392880387604237,0.9999465346336365,0.0009825071319937706,5.344275996321812e-05,3,0.03999999910593033,306,"tiny"
0.00244140625,1.3154271982784849e-07,"carrot",34257,True,0.0001629423932172358,0.015018247067928314,2.1577941879513673e-05,0.9845885634422302,0.003020210424438119,0.999592661857605,0.0009785537840798497,0.0004073559830430895,4,0.4000000059604645,306,"tiny"
0.068359375,5.304266892380838e-07,"teddy bear",35963,True,0.013717880472540855,0.011094195768237114,1.2085179150744807e-05,0.028654208406805992,0.0007959501817822456,0.039748404175043106,4.1664989112177864e-05,0.9602516889572144,0,0.7571428418159485,307,"medium"
0.03515625,1.5740468484182202e-07,"teddy bear",35963,True,0.02434675395488739,0.008440709672868252,9.194674021273386e-06,0.11507619172334671,0.0016439458122476935,0.12351690232753754,0.00012501711898948997,0.8764830231666565,1,0.6111111044883728,307,"medium"
0.029296875,1.8033981632470386e-06,"motorcycle",37751,True,0.014709756709635258,0.14835874736309052,0.0001504652464063838,0.4103485941886902,0.051293570548295975,0.5587072968482971,0.0005620797164738178,0.44129273295402527,0,0.5,308,"small"
0.005859375,4.831993010157021e-07,"motorcycle",37751,True,0.06661587208509445,0.35033977031707764,0.00035531417233869433,0.24996501207351685,0.007811406627297401,0.6003047823905945,0.0005896903458051383,0.3996952176094055,1,0.1666666716337204,308,"tiny"
0.001953125,1.2704699656751473e-06,"backpack",37751,True,0.4253232777118683,0.033072613179683685,3.3542200981173664e-05,0.11628086864948273,0.0032300238963216543,0.14935347437858582,0.00014613840903621167,0.8506466150283813,2,0.5,308,"tiny"
0.166015625,1.9382114260224625e-06,"train",42178,True,0.004953718278557062,0.019236218184232712,2.6903800971922465e-05,0.1386609971523285,0.0009939856827259064,0.15786784887313843,0.0001848569663707167,0.8421320915222168,0,0.6823529601097107,309,"large"
0.0712890625,1.9612236883403966e-06,"train",42178,True,0.00023728053201921284,0.05610133707523346,7.846341031836346e-05,0.9265855550765991,0.003917909227311611,0.9826785326004028,0.001033310778439045,0.017321478575468063,1,0.04109589010477066,309,"medium"
0.06494140625,2.9048505894024856e-06,"train",42178,True,0.008952108211815357,0.16040009260177612,0.0002243358176201582,0.2442847192287445,0.0010073598241433501,0.40468478202819824,0.00042264736839570105,0.595315158367157,2,0.7142857313156128,309,"medium"
0.002685546875,5.340288225852419e-06,"surfboard",43435,True,0.2002982646226883,0.4233005940914154,0.0004176621150691062,0.025879114866256714,0.003339240327477455,0.4491797089576721,0.00043983320938423276,0.5508202910423279,0,1.0,310,"tiny"
0.0029296875,1.3226458577264566e-05,"surfboard",43435,True,0.1938646286725998,0.2515006959438324,0.0002481506671756506,0.16690543293952942,0.022254057228565216,0.41840609908103943,0.00040980029734782875,0.5815938711166382,1,0.0,310,"tiny"
0.004150390625,1.5398128425658797e-06,"person",43435,True,0.004400092177093029,0.5196919441223145,0.0005127695621922612,0.46160778403282166,0.07385724782943726,0.981299638748169,0.0009622943471185863,0.018700391054153442,2,0.1764705926179886,310,"tiny"
0.00048828125,3.749181814782787e-06,"person",43435,True,0.7647780179977417,0.5214478373527527,0.0005145020550116897,0.09616319090127945,0.009616319090127945,0.6176110506057739,0.0006034304387867451,0.38238900899887085,3,0.0,310,"tiny"
0.041015625,1.6206397503992775e-06,"airplane",44652,True,0.02375463768839836,0.0023052666801959276,2.3475222405977547e-06,0.0,0.0,0.0023052666801959276,2.3475222405977547e-06,0.9976946711540222,0,1.0,311,"medium"
0.291748046875,8.547268407710362e-06,"person",50380,True,0.0031968336552381516,0.0024291735608130693,4.629201612260658e-06,0.04252152889966965,0.00021181334159336984,0.04494599997997284,6.197311449795961e-05,0.9550540447235107,0,0.9665272235870361,312,"large"
0.138427734375,3.5277585652693233e-07,"horse",50380,True,0.006300330627709627,0.005338864400982857,1.0174110684602056e-05,0.10161353647708893,0.00028363862656988204,0.10692811012268066,0.00012119932944187894,0.8930718898773193,1,0.9453262686729431,312,"large"
0.05615234375,7.075475423334865e-07,"person",50380,True,0.01659240759909153,0.001565528684295714,2.9833799999323674e-06,0.04437984526157379,0.00010035013110609725,0.04593666270375252,4.752887980430387e-05,0.9540634155273438,2,0.678260862827301,312,"medium"
0.001953125,1.5025882021291181e-05,"chair",50380,True,0.3352850377559662,0.0866624042391777,0.00016514990420546383,0.2427675873041153,0.0004882204520981759,0.3294300138950348,0.00032233860110864043,0.6705700159072876,3,1.0,312,"tiny"
0.231689453125,1.943723646036233e-06,"vase",51326,True,0.003881588112562895,0.07909322530031204,0.00010053159348899499,0.0,0.0,0.07909322530031204,0.00010053159348899499,0.920906662940979,0,1.0,313,"large"
0.1884765625,1.528674943074293e-06,"airplane",52017,True,0.0050931088626384735,0.008507105521857738,1.0249525075778365e-05,0.008522983640432358,0.008522983640432358,0.01703009009361267,2.049348950095009e-05,0.9829699993133545,0,0.9533678889274597,314,"large"
0.0009765625,1.5487665905311587e-06,"person",52017,True,0.0035018655471503735,0.0030838013626635075,3.715423872563406e-06,0.9934142827987671,0.005147224757820368,0.9964981079101562,0.0009740940877236426,0.003501865081489086,1,0.0,314,"tiny"
0.060546875,2.3483612494601402e-06,"person",53626,True,0.015204237774014473,0.007294510491192341,8.912048542697448e-06,0.050042785704135895,0.0003487302747089416,0.05733729153871536,5.9602181863738224e-05,0.9426625967025757,0,0.9354838728904724,315,"medium"
0.04248046875,1.7770029216990224e-06,"person",53626,True,0.013109317049384117,0.006837964523583651,8.354263627552427e-06,0.42291778326034546,0.0026025709230452776,0.42974478006362915,0.00043829146306961775,0.5702552795410156,1,0.8850574493408203,315,"medium"
0.0478515625,8.551963333047752e-07,"person",53626,True,0.013546248897910118,0.012774014845490456,1.5606618035235442e-05,0.3234598934650421,0.0020668364595621824,0.33623388409614563,0.0003448553034104407,0.6637661457061768,2,0.3979591727256775,315,"medium"
0.03515625,1.9076178432442248e-06,"person",53626,True,0.02144305408000946,0.02531265653669834,3.0925664759706706e-05,0.2027374505996704,0.0011960911797359586,0.2280501127243042,0.00023081994731910527,0.7719499468803406,3,0.625,315,"medium"
0.0029296875,2.910481816797983e-05,"skis",53626,True,0.00018513172108214349,0.6956323385238647,0.0008498867973685265,0.30381229519844055,0.0015003075823187828,0.9994446039199829,0.0009788880124688148,0.0005553951486945152,4,0.3333333432674408,315,"tiny"
0.00341796875,3.910727627953747e-06,"skis",53626,True,0.009270824491977692,0.5283880829811096,0.0006455566617660224,0.4391840100288391,0.0021688102278858423,0.9675520658493042,0.0009481158340349793,0.03244788199663162,5,0.0,315,"tiny"
0.0048828125,2.191994099121075e-06,"skis",53626,True,3.113743878202513e-05,0.610175609588623,0.00074548035627231,0.38966861367225647,0.0019434846471995115,0.9998443126678467,0.0009812016505748034,0.00015568718663416803,6,0.0,315,"tiny"
0.00390625,1.214714188790822e-06,"skis",53626,True,0.0031413740944117308,0.838315486907959,0.001024209544993937,0.14911901950836182,0.0007400447502732277,0.9874345064163208,0.0009680730290710926,0.012565496377646923,7,0.25,315,"tiny"
0.144287109375,5.889637009204307e-07,"person",54931,True,0.006705299019813538,0.0070303091779351234,8.910404176276643e-06,0.0022618318907916546,2.5923574867192656e-05,0.009292141534388065,1.0604440831230022e-05,0.9907079339027405,0,0.9864636063575745,316,"large"
0.085205078125,6.127805249889207e-07,"horse",54931,True,0.010562732815742493,0.002002027817070484,2.5374242795805912e-06,0.07639958709478378,0.000517086882609874,0.0784016102552414,8.369534043595195e-05,0.9215984344482422,1,1.0,316,"medium"
0.134765625,2.867272769435658e-06,"toilet",61471,True,0.0067726788111031055,0.007629440166056156,1.0038736945716664e-05,0.057740919291973114,0.0004582612600643188,0.06537036597728729,7.378144800895825e-05,0.9346296787261963,0,0.9202898740768433,317,"large"
0.11767578125,6.249318857953767e-07,"dog",61471,True,0.007260461337864399,0.011060908436775208,1.4553826986229979e-05,0.11405354738235474,0.0007947982521727681,0.12511444091796875,0.00013847752416040748,0.874885618686676,1,1.0,317,"large"
0.00537109375,3.6882736367260804e-06,"bottle",61471,True,0.005164419300854206,0.840309202671051,0.0011056698858737946,0.1312865912914276,0.0005078784306533635,0.9715957641601562,0.0009539476013742387,0.02840431034564972,2,0.8181818127632141,317,"tiny"
0.08154296875,3.7108673041075235e-06,"person",62692,True,0.011932618916034698,0.003535551019012928,3.7652298487955704e-06,9.078619768843055e-05,6.052412572898902e-05,0.0036263372749090195,3.855754584947135e-06,0.99637371301651,0,0.976047933101654,318,"medium"
0.00146484375,8.833379183670331e-07,"tennis racket",62692,True,0.0063103665597736835,0.9466051459312439,0.0010080992942675948,0.043929267674684525,0.0005260990583337843,0.9905344247817993,0.0009687379351817071,0.009465549141168594,1,0.6666666865348816,318,"tiny"
0.1689453125,3.520906091125653e-07,"zebra",64499,True,0.0054074786603450775,0.006305868737399578,8.00745328888297e-06,0.0582004152238369,0.0009165420779027045,0.06450628489255905,7.580057717859745e-05,0.9354937076568604,0,0.9508670568466187,319,"large"
0.06201171875,5.52839219380985e-06,"zebra",64499,True,0.0018743503605946898,0.763768196105957,0.0009698645444586873,0.11721052974462509,0.0006775176152586937,0.8809786438941956,0.0009172084974125028,0.1190212294459343,1,0.5118110179901123,319,"medium"
0.434326171875,8.032194500628975e-07,"sheep",66561,True,0.0021684460807591677,0.0021323913242667913,4.546676791505888e-06,0.033463962376117706,0.00030215768492780626,0.035583771765232086,6.143076461739838e-05,0.9644163846969604,0,0.9943788647651672,320,"large"
0.108154296875,7.690210281907639e-07,"sheep",66561,True,0.008806527592241764,0.0009047730709426105,1.9291539956611814e-06,0.023833177983760834,5.358781709219329e-05,0.024677174165844917,2.702127312659286e-05,0.9753228425979614,1,0.9638826251029968,320,"large"
0.054443359375,3.0763916925025114e-07,"dog",67213,True,0.017379604279994965,0.006318011321127415,7.745034054096323e-06,0.024769030511379242,0.00016241987759713084,0.03108704276382923,3.210642171325162e-05,0.9689129590988159,0,0.9820627570152283,321,"medium"
0.05615234375,1.8376367734163068e-06,"car",67213,True,0.013753214851021767,0.03214556723833084,3.9406146242981777e-05,0.17707236111164093,0.0011707262601703405,0.20919010043144226,0.0002164408506359905,0.7908099293708801,1,0.852173924446106,321,"medium"
0.0400390625,4.311742941354169e-06,"car",67213,True,0.015888141468167305,0.16054140031337738,0.00019680222612805665,0.1880447268486023,0.001124333357438445,0.34858617186546326,0.00035461466177366674,0.6514137387275696,2,0.9756097793579102,321,"medium"
0.004150390625,7.599379841849441e-06,"car",67213,True,0.006724145263433456,0.8817405104637146,0.0010808956576511264,0.08971123397350311,0.0004392227274365723,0.9714224338531494,0.0009526085341349244,0.028577612712979317,3,0.0,321,"tiny"
0.0146484375,3.097523176620598e-06,"person",67213,True,0.04490463435649872,0.057184137403964996,7.010007539065555e-05,0.2693858742713928,0.0013921750942245126,0.3264305293560028,0.00032351884874515235,0.6735695004463196,4,0.5666666626930237,321,"small"
0.013671875,4.678008917835541e-05,"car",67213,True,0.03219379484653473,0.43579813838005066,0.0005342301446944475,0.11348877847194672,0.0005842409445904195,0.5492869019508362,0.0005438485532067716,0.45071300864219666,5,0.8571428656578064,321,"small"
0.013671875,7.110725732673018e-07,"person",67213,True,0.0012612362625077367,0.09984652698040009,0.00012239845818839967,0.8824959993362427,0.004543094430118799,0.9823426604270935,0.000972616602666676,0.017657306045293808,6,0.0,321,"small"
0.00537109375,7.671196158298699e-07,"person",67213,True,0.0006296144565567374,0.13581080734729767,0.00016648579912725836,0.860733151435852,0.004234849009662867,0.9965371489524841,0.0009784359717741609,0.0034628796856850386,7,0.0,321,"tiny"
0.001953125,1.5910104593785945e-06,"person",67213,True,0.39451488852500916,0.08963248133659363,0.00010987740097334608,0.12133779376745224,0.0005883045378141105,0.21097028255462646,0.0002064288710244,0.7890296578407288,8,1.0,321,"tiny"
0.12060546875,9.951223773896345e-07,"person",68628,True,0.008034714497625828,0.004377812147140503,4.970550889993319e-06,0.003335030050948262,0.0001688623015070334,0.007712842430919409,8.565067219024058e-06,0.9922871589660645,0,0.9433198571205139,322,"large"
0.019287109375,2.087957540197749e-07,"skateboard",68628,True,0.04854506254196167,0.0020814393647015095,2.36325831792783e-06,0.03915376588702202,0.0003170346317347139,0.04123520851135254,4.106070991838351e-05,0.9587647318840027,1,1.0,322,"small"
0.1103515625,6.4845003180380445e-06,"bench",70229,True,0.007593969814479351,0.04681737720966339,8.19560227682814e-05,0.09508156776428223,0.00027903614682145417,0.14188151061534882,0.00015574260032735765,0.8581185936927795,0,0.9070796370506287,323,"large"
0.319580078125,3.374581751813821e-07,"teddy bear",70229,True,0.0028938723262399435,0.007329746149480343,1.2831065760110505e-05,0.04568559676408768,0.000359729107003659,0.05298037827014923,7.60392940719612e-05,0.9470196962356567,1,0.8792971968650818,323,"large"
0.0107421875,4.3858376557182055e-06,"bench",70229,True,0.06887194514274597,0.013914331793785095,2.4357696020160802e-05,0.22849509119987488,0.0005166650516912341,0.2424086034297943,0.00023929776216391474,0.7575913071632385,2,0.7727272510528564,323,"small"
0.0029296875,5.138618234923342e-06,"person",70229,True,0.29826050996780396,0.033920444548130035,5.937934110988863e-05,0.07129813730716705,0.00015852838987484574,0.10521857440471649,0.00010305444448022172,0.8947814106941223,3,1.0,323,"tiny"
0.314453125,1.2863108622696018e-06,"bed",72813,True,0.0028967203106731176,0.03125162050127983,5.521487764781341e-05,0.03600797429680824,0.0002637946745380759,0.06725616008043289,9.58064993028529e-05,0.9327439069747925,0,0.9798136353492737,324,"large"
0.13330078125,5.4186777731501934e-08,"dog",72813,True,0.006928522605448961,0.01884705387055874,3.329868195578456e-05,0.03542351350188255,0.00011001091479556635,0.05425674468278885,6.113435665611178e-05,0.9457433223724365,1,0.9633699655532837,324,"large"
0.014892578125,2.2658039142697817e-06,"person",74860,True,0.06511338800191879,0.0062726447358727455,6.299417236732552e-06,0.0007482152432203293,5.7555018429411575e-05,0.007020859979093075,6.959960501262685e-06,0.9929791688919067,0,1.0,325,"small"
0.0126953125,1.3191851166993729e-06,"snowboard",74860,True,0.07086224853992462,0.03185087442398071,3.1986815884010866e-05,0.046939849853515625,0.003078022738918662,0.07879073172807693,7.79334586695768e-05,0.9212093353271484,1,0.6153846383094788,325,"small"
0.259521484375,8.464307938993443e-06,"dining table",78426,True,0.003242038656026125,0.05297330766916275,0.00011745744268409908,0.08546732366085052,0.0002779425121843815,0.13842827081680298,0.00018256284238304943,0.8615717887878418,0,0.9313264489173889,326,"large"
0.30029296875,1.9389779026823817e-07,"cat",78426,True,0.0032162002753466368,0.005024315789341927,1.1140389688080177e-05,0.006020917557179928,2.265632247144822e-05,0.011018496938049793,1.537822390673682e-05,0.9889816045761108,1,0.9691057205200195,326,"large"
0.38232421875,3.818288121237856e-07,"giraffe",79188,True,0.0025434433482587337,0.004241920541971922,6.706594376737485e-06,0.0,0.0,0.004241920541971922,6.706594376737485e-06,0.9957579970359802,0,1.0,327,"large"
0.015625,6.1362416090560146e-06,"skis",80153,True,0.003417735453695059,0.8479626774787903,0.0009704867261461914,0.09735353291034698,0.0007251661154441535,0.9453161954879761,0.0009378137765452266,0.054683759808540344,0,1.0,328,"small"
0.08935546875,1.010272740131768e-06,"person",80153,True,0.007537818513810635,0.006018063519150019,6.8876274781359825e-06,0.3042716085910797,0.005179091822355986,0.3102896809577942,0.00033275035093538463,0.6897103190422058,1,0.9890710115432739,328,"medium"
0.041748046875,4.4826995804214675e-07,"dog",80153,True,0.022855311632156372,0.009438247419893742,1.0801998541865032e-05,0.013497051782906055,0.00012555396824609488,0.022935299202799797,2.3373551812255755e-05,0.9770646691322327,2,0.6023392081260681,328,"medium"
0.04833984375,4.7274038905698035e-08,"teddy bear",82180,True,0.01834399439394474,0.06431373208761215,6.780573312425986e-05,0.027658602222800255,0.0010637925006449223,0.09197234362363815,9.437901462661102e-05,0.9080276489257812,0,0.939393937587738,329,"medium"
0.025390625,3.4521593761382974e-07,"teddy bear",82180,True,0.030202869325876236,0.006730596534907818,7.096042736520758e-06,0.20799486339092255,0.004201916512101889,0.21472544968128204,0.0002151557564502582,0.7852746248245239,1,0.9807692170143127,329,"small"
0.188720703125,8.379160476579273e-07,"person",88345,True,0.00511767715215683,0.010543102398514748,1.3052432223048527e-05,0.0004658844554796815,2.025584581133444e-05,0.01100898627191782,1.3251864402263891e-05,0.9889910817146301,0,0.9896507263183594,330,"large"
0.0224609375,1.6013922277124948e-06,"clock",88345,True,0.04171194136142731,0.004749819170683622,5.880308890482411e-06,0.0358755849301815,0.00018564341007731855,0.04062540456652641,4.0584822272649035e-05,0.9593745470046997,1,1.0,330,"small"
0.44580078125,7.472748109194072e-08,"cake",89670,True,0.0021743187680840492,0.007423567119985819,1.308117680309806e-05,0.0,0.0,0.007423567119985819,1.308117680309806e-05,0.9925763607025146,0,1.0,331,"large"
0.5087890625,6.533460350510722e-07,"bus",90208,True,0.0018810470355674624,0.008722948841750622,2.1095404008519836e-05,0.011274654418230057,0.00012527394574135542,0.019974516704678535,3.97107723983936e-05,0.9800254106521606,0,0.9654510617256165,332,"large"
0.087890625,1.0779788226500386e-06,"bus",90208,True,0.010546093806624413,0.0009492193930782378,2.295572812727187e-06,0.049918245524168015,9.581237100064754e-05,0.05085155367851257,5.4444917623186484e-05,0.9491484761238098,1,0.9833333492279053,332,"medium"
0.271728515625,2.4683938590897014e-06,"cake",92177,True,0.003378508612513542,0.03277348726987839,4.509595601120964e-05,0.02741822600364685,0.0013213602360337973,0.05993007868528366,8.036215876927599e-05,0.9400700330734253,0,0.9757412672042847,333,"large"
0.010498046875,2.2315592218546954e-07,"surfboard",92177,True,0.02573699690401554,0.03363598510622978,4.6282752009574324e-05,0.6897096633911133,0.0024010781198740005,0.7233273386955261,0.0007138686487451196,0.27667269110679626,1,0.1860465109348297,333,"small"
0.009765625,5.25137238582829e-07,"surfboard",92177,True,0.0251997709274292,0.039942026138305664,5.495980440173298e-05,0.7088549137115479,0.0024591677356511354,0.7480022311210632,0.0007376749417744577,0.2519976496696472,2,0.10000000149011612,333,"tiny"
0.4423828125,0.001787072280421853,"dining table",95707,True,0.0017928453162312508,0.1617855578660965,0.0003295021888334304,0.026342220604419708,0.0003232174785807729,0.18784110248088837,0.0003289687156211585,0.8121588230133057,0,0.935982346534729,334,"large"
0.07958984375,1.1308437706247787e-06,"cake",95707,True,0.006646088324487209,0.3925940990447998,0.0007995806518010795,0.06591898947954178,0.0001455165329389274,0.45834386348724365,0.0004863064968958497,0.5416561961174011,1,0.8220859169960022,334,"medium"
0.10888671875,1.5371967947430676e-06,"airplane",98520,True,0.00889259297400713,0.008125370368361473,8.98327289178269e-06,0.00035053485771641135,4.381685721455142e-05,0.008475905284285545,9.288663022744004e-06,0.9915241599082947,0,0.9730941653251648,335,"large"
0.0078125,6.7140890678274445e-06,"truck",98520,True,0.11237135529518127,0.0005034686764702201,5.566265599554754e-07,0.10052581876516342,0.0009015770046971738,0.10102928429841995,9.943828627001494e-05,0.8989707231521606,1,1.0,335,"tiny"
0.364013671875,6.62094464587426e-07,"book",99182,True,0.002289643045514822,0.005011155270040035,1.4368903975991998e-05,0.14160822331905365,0.0004658165271393955,0.14653554558753967,0.000225006602704525,0.8534644842147827,0,0.9771965146064758,336,"large"
0.248046875,3.009295141964685e-07,"person",99182,True,0.003522490384057164,0.003520001657307148,1.0093195669469424e-05,0.10187679529190063,0.00024084352480713278,0.10528752952814102,0.00013673707144334912,0.8947124481201172,1,0.913385808467865,336,"large"
0.049072265625,2.4321720957232174e-06,"bed",99182,True,0.017831778153777122,0.008119719102978706,2.328234950255137e-05,0.09583820402622223,0.00015327981964219362,0.10395310819149017,0.00010675544035620987,0.8960468173027039,2,0.7164179086685181,336,"medium"
0.1318359375,1.688094812379859e-06,"horse",100510,True,0.006958054378628731,0.013613293878734112,1.5870937204454094e-05,0.04704950004816055,0.0015055842231959105,0.06066279113292694,6.823711737524718e-05,0.9393371939659119,0,0.9629629850387573,337,"large"
0.025390625,6.292717102951428e-07,"person",100510,True,0.03591302037239075,0.007151852361857891,8.337922736245673e-06,0.0591096393764019,0.000421459146309644,0.06626149266958237,6.639429193455726e-05,0.9337384104728699,1,0.9038461446762085,337,"small"
0.005126953125,1.616022564121522e-05,"chair",100510,True,0.17421956360340118,0.012321347370743752,1.4364730304805562e-05,0.07302603125572205,0.00045357784256339073,0.08534736931324005,8.377656195079908e-05,0.9146527051925659,2,0.9523809552192688,337,"tiny"
0.002685546875,2.4856699383235537e-06,"airplane",101787,True,0.32492929697036743,0.10644447803497314,0.00010422959894640371,0.0,0.0,0.10644447803497314,0.00010422959894640371,0.8935555815696716,0,1.0,338,"tiny"
0.3212890625,2.9683621960430173e-06,"bird",104119,True,0.0030121970921754837,0.00773629080504179,1.1461171197879594e-05,0.0012509063817560673,6.254531763261184e-05,0.008987197652459145,1.293121931666974e-05,0.9910128712654114,0,0.9908814430236816,339,"large"
0.0107421875,3.002926860062871e-06,"bird",104119,True,0.07790105044841766,0.1012977808713913,0.00015007078764028847,0.04179062321782112,0.00012364090071059763,0.14308840036392212,0.00014125212328508496,0.8569115400314331,1,0.6363636255264282,339,"small"
0.0087890625,6.663849944743561e-06,"bird",104119,True,0.0037759665865451097,0.520038902759552,0.0007704279851168394,0.4459773898124695,0.001311698229983449,0.9660162925720215,0.0009517401922494173,0.03398369997739792,2,0.2222222238779068,339,"tiny"
0.422119140625,1.130963710238575e-06,"bowl",105014,True,0.002097340067848563,0.07983638346195221,0.0001532368187326938,0.01360492967069149,0.00019027873349841684,0.09342489391565323,0.00015787899610586464,0.9065752029418945,0,0.9329091906547546,340,"large"
0.026611328125,5.226619919085351e-07,"fork",105014,True,0.03352045640349388,0.017321938648819923,3.324748468003236e-05,0.06924568861722946,0.0001455505844205618,0.08656762540340424,8.684989006724209e-05,0.9134324789047241,1,0.7981651425361633,340,"small"
0.0263671875,3.1819018886380945e-07,"broccoli",105014,True,0.03263944759964943,0.007883652113378048,1.5131771760934498e-05,0.11085143685340881,0.00023288119700737298,0.11873508989810944,0.00011909237946383655,0.8812649250030518,2,0.4444444477558136,340,"small"
0.016845703125,1.8253401776746614e-06,"carrot",105014,True,0.031166760250926018,0.010014408268034458,1.9221515685785562e-05,0.45236000418663025,0.0009298254153691232,0.46237337589263916,0.0004592733457684517,0.5376265645027161,3,0.17391304671764374,340,"small"
0.1689453125,1.4054671737540048e-06,"chair",106389,True,0.004757884424179792,0.1060587465763092,0.00013764927280135453,0.07082740217447281,0.0008798436028882861,0.1768861562013626,0.0002078568359138444,0.8231138586997986,0,0.9884393215179443,341,"large"
0.06689453125,1.6374958988762955e-07,"cat",106389,True,0.01416402030736208,0.00393329793587327,5.104865067551145e-06,0.025831418111920357,0.00013962930825073272,0.02976471558213234,3.115093568339944e-05,0.970235288143158,1,0.9416058659553528,341,"medium"
0.0029296875,8.588467608205974e-07,"book",106389,True,0.19156312942504883,0.05353624001145363,6.948247755644843e-05,0.3717743456363678,0.0014841292286291718,0.42531055212020874,0.0004165628051850945,0.5746893286705017,2,0.6666666865348816,341,"tiny"
0.001953125,6.470706921390956e-07,"book",106389,True,0.08250565081834793,0.023229043930768967,3.0148012228892185e-05,0.8117597699165344,0.003227673005312681,0.8349887132644653,0.0008170143701136112,0.16501130163669586,3,1.0,341,"tiny"
0.0009765625,7.733746656413132e-07,"book",106389,True,0.2091417759656906,0.011645549908280373,1.5114277630345896e-05,0.7792126536369324,0.003085991134867072,0.7908583283424377,0.0007730776560492814,0.20914174616336823,4,0.0,341,"tiny"
0.001953125,1.6050665863076574e-06,"book",106389,True,0.001714391284622252,0.010590443387627602,1.374489875161089e-05,0.985980749130249,0.003920400980859995,0.9965711832046509,0.0009751187171787024,0.0034287821035832167,5,0.0,341,"tiny"
0.001953125,1.1421728913774132e-06,"book",106389,True,0.3236081302165985,0.009963294491171837,1.2930948287248611e-05,0.3428204357624054,0.0013631032779812813,0.352783739566803,0.0003451895900070667,0.6472162008285522,6,0.0,341,"tiny"
0.001953125,2.6446259653312154e-06,"book",106389,True,2.9304356985448976e-07,0.013404757715761662,1.7397482224623673e-05,0.9865946173667908,0.003922841977328062,0.999999463558197,0.0009784732246771455,5.860870828655607e-07,7,0.0,341,"tiny"
0.05615234375,2.061701707134489e-06,"surfboard",107554,True,0.015910262241959572,0.08506293594837189,8.833118045004085e-05,9.701457747723907e-05,2.77184481092263e-05,0.08515994995832443,8.811168663669378e-05,0.9148401618003845,0,0.9826086759567261,342,"medium"
0.00341796875,1.8047168850898743e-05,"car",107554,True,0.23331376910209656,0.16716693341732025,0.00017358976765535772,0.01623504050076008,0.00028234857018105686,0.18340198695659637,0.0001797177828848362,0.8165980577468872,1,1.0,342,"tiny"
0.22998046875,2.6163385768995795e-07,"donut",109798,True,0.003658892819657922,0.0367472767829895,5.6038552429527044e-05,0.10161346197128296,0.0007611496257595718,0.13833092153072357,0.00017543556168675423,0.86166912317276,0,0.966029703617096,343,"large"
0.12451171875,1.9572468090700568e-07,"donut",109798,True,0.005469906143844128,0.13123759627342224,0.00020013358152937144,0.17135779559612274,0.0007095561013557017,0.30258703231811523,0.0003375203814357519,0.6974130272865295,1,0.7607843279838562,343,"large"
0.005859375,0.00010539474169490859,"dining table",109798,True,0.1234264150261879,0.17322078347206116,0.00026415675529278815,0.08622066676616669,0.00023801426868885756,0.25944143533706665,0.0002548540651332587,0.7405585050582886,2,0.9166666865348816,343,"tiny"
0.373779296875,2.71257334816255e-07,"person",110449,True,0.0019649069290608168,0.0034280442632734776,9.153655810223427e-06,0.24457474052906036,0.0009134443826042116,0.24793195724487305,0.00038663853774778545,0.7520681619644165,0,0.9320705533027649,344,"large"
0.243896484375,3.455101875715627e-07,"person",110449,True,0.0036800235975533724,0.0026263236068189144,7.012879905232694e-06,0.07828786969184875,0.00019584207620937377,0.08091419190168381,0.00010450654372107238,0.9190859198570251,1,0.7137137055397034,344,"large"
0.017578125,6.221723083399411e-07,"laptop",110449,True,0.050211723893880844,0.0008079410763457417,2.1573860067292117e-06,0.09538262337446213,0.00015080255980137736,0.09618906676769257,9.561537444824353e-05,0.9038110375404358,2,0.3888888955116272,344,"small"
0.017578125,4.527017836153391e-07,"clock",111179,True,0.054940033704042435,0.006131473463028669,6.119235877122264e-06,0.004947996698319912,0.0012369992909952998,0.011079469695687294,1.101339057640871e-05,0.9889205098152161,0,0.9166666865348816,345,"small"
0.00390625,4.3596517684818537e-07,"clock",111179,True,0.20041683316230774,0.023980693891644478,2.3932827389216982e-05,0.1743519902229309,0.009686221368610859,0.19833268225193024,0.00019444381177891046,0.801667332649231,1,1.0,345,"tiny"
0.357666015625,3.2080069445328263e-07,"cat",112798,True,0.0027235134039074183,0.0025025189388543367,3.863402980641695e-06,1.0819913768500555e-05,1.0819915132742608e-06,0.0025133390445262194,3.821116479230113e-06,0.9974866509437561,0,0.9870307445526123,346,"large"
0.009765625,9.166110430669505e-06,"book",112798,True,0.01896080933511257,0.7578535676002502,0.0011699785245582461,0.05253836140036583,0.00014344944793265313,0.810391902923584,0.0007992030587047338,0.18960809707641602,1,1.0,346,"tiny"
0.107177734375,6.32189141924755e-07,"person",115870,True,0.005372930318117142,0.3289659023284912,0.0005967636243440211,0.08159885555505753,0.00022463554341811687,0.410320907831192,0.0004488060949370265,0.5896790623664856,0,0.8496583104133606,347,"large"
0.142822265625,2.3001387035037624e-06,"couch",115870,True,0.003880725707858801,0.10522645711898804,0.0001908870181068778,0.32727372646331787,0.0009985469514504075,0.43244391679763794,0.0004926733090542257,0.5675560832023621,1,0.8290598392486572,347,"large"
0.060302734375,2.597258344394504e-06,"couch",115870,True,0.00014520554395858198,0.2719532251358032,0.0004933393211103976,0.7198989987373352,0.0017505147261545062,0.9910334348678589,0.0010299128480255604,0.008966440334916115,2,0.004048583097755909,347,"medium"
0.055908203125,2.005902842938667e-06,"couch",115870,True,3.854907481581904e-05,0.283579021692276,0.0005144291208125651,0.7142223715782166,0.0017158497357740998,0.9977930188179016,0.001032110769301653,0.0022069343831390142,3,0.0,347,"medium"
0.04931640625,3.471010131761432e-05,"potted plant",115870,True,0.01463434286415577,0.04345255717635155,7.88254983490333e-05,0.21751317381858826,0.0005151288933120668,0.2609657347202301,0.00026806959067471325,0.7390342950820923,4,0.9702970385551453,347,"medium"
0.018798828125,1.3038550150668016e-06,"person",115870,True,0.042276058346033096,0.04269011318683624,7.744238973828033e-05,0.14349578320980072,0.0003164185327477753,0.18618591129779816,0.00018530571833252907,0.8138139843940735,5,0.5194805264472961,347,"small"
0.01806640625,1.8408511550660478e-06,"person",115870,True,0.023064423352479935,0.03831566125154495,6.950685929041356e-05,0.5349934101104736,0.0011764559894800186,0.5733081698417664,0.0005701721529476345,0.42669185996055603,6,0.5405405163764954,347,"small"
0.009765625,1.0012226994149387e-06,"book",115870,True,0.08132149279117584,0.07264887541532516,0.00013178936205804348,0.1141362413764,0.0002466477744746953,0.18678514659404755,0.00018420627748128027,0.8132147789001465,7,0.6000000238418579,347,"tiny"
0.0009765625,1.5650994100724347e-06,"book",115870,True,2.4538010734431737e-07,0.08604621887207031,0.00015609290858265013,0.9139536619186401,0.0019373686518520117,0.9999997615814209,0.0009775168728083372,2.4538010734431737e-07,8,0.0,347,"tiny"
0.220703125,4.1449817445027293e-07,"person",117744,True,0.004352398216724396,0.006208484992384911,8.704500942258164e-06,0.010149617679417133,0.0001197594974655658,0.01635810174047947,2.0498873709584586e-05,0.9836419820785522,0,0.9867256879806519,348,"large"
0.082763671875,4.458268847429281e-07,"tennis racket",117744,True,0.011342302896082401,0.0018825819715857506,2.6394423002784606e-06,0.036857347935438156,0.00016308562771882862,0.03873993456363678,4.1245610191253945e-05,0.9612600207328796,1,0.6814159154891968,348,"medium"
0.01171875,4.058279046148527e-06,"person",119088,True,0.04107266291975975,0.5071151256561279,0.0005020942189730704,1.2944612535648048e-05,6.472307177318726e-06,0.507128119468689,0.0005011148168705404,0.49287188053131104,0,0.9166666865348816,349,"small"
0.001953125,5.021055585530121e-06,"frisbee",119088,True,0.4557853639125824,0.03628619760274887,3.5926928831031546e-05,0.05214313417673111,0.00434526102617383,0.08842932432889938,8.652576070744544e-05,0.9115707278251648,1,1.0,349,"tiny"
0.07763671875,8.279039320768788e-07,"horse",121031,True,0.011628339067101479,0.0076531339436769485,8.94580443855375e-06,0.0680280476808548,0.0007622191915288568,0.0755472183227539,7.998648652574047e-05,0.9244527220726013,0,0.9748427867889404,350,"medium"
0.039794921875,1.1671037327687372e-06,"person",121031,True,0.007857220247387886,0.013598015531897545,1.589482053532265e-05,0.6662595272064209,0.005205153953284025,0.6798180937767029,0.0006913992110639811,0.32018163800239563,1,0.8220859169960022,350,"medium"
0.018798828125,4.3063502630502626e-07,"person",121031,True,0.04565320536494255,0.06912143528461456,8.079654071480036e-05,0.05212812125682831,0.00034868312650360167,0.12117591500282288,0.00012060306471539661,0.8788240551948547,2,0.44155845046043396,350,"small"
0.016357421875,1.9622927993623307e-07,"horse",121031,True,0.033951424062252045,0.03323332965373993,3.884667967213318e-05,0.3980802595615387,0.002623263979330659,0.4313136339187622,0.0004282091686036438,0.568686306476593,3,0.641791045665741,350,"small"
0.0107421875,5.052928599980078e-07,"horse",121031,True,0.048368144780397415,0.05769212543964386,6.743674020981416e-05,0.4102582335472107,0.0026048144791275263,0.46795040369033813,0.0004619451647158712,0.5320495367050171,4,0.9090909361839294,350,"small"
0.001708984375,8.476542461721692e-06,"horse",121031,True,0.29693761467933655,0.28650206327438354,0.0003348942846059799,0.32864266633987427,0.001967920223250985,0.4803592562675476,0.0004699038981925696,0.5196408033370972,5,1.0,350,"tiny"
0.7607421875,3.1817016861168668e-06,"bus",122606,True,0.0012598440516740084,0.008106930181384087,3.392021244508214e-05,0.010562584735453129,0.0016250131884589791,0.018581612035632133,7.584332342958078e-05,0.9814183712005615,0,0.9672657251358032,351,"large"
0.00634765625,7.035591238491179e-07,"person",122606,True,0.14010761678218842,0.002612218027934432,1.0929782547464129e-05,0.08926697075366974,0.00011459174857009202,0.08930060267448425,8.776471804594621e-05,0.9106994867324829,1,0.692307710647583,351,"tiny"
0.05078125,4.87700106077682e-07,"bird",123585,True,0.01806475780904293,0.05846094712615013,6.153784488560632e-05,0.002171624219045043,9.871020301943645e-05,0.06063257157802582,6.23791929683648e-05,0.9393672943115234,0,1.0,352,"medium"
0.021484375,1.0599193274174468e-06,"bird",123585,True,0.02325536496937275,0.4252806007862091,0.00044766379869543016,0.06310144066810608,0.0012134892167523503,0.4883820414543152,0.00048740723286755383,0.5116180181503296,1,1.0,352,"small"
0.43701171875,3.985861894761911e-06,"zebra",125211,True,0.0022192606702446938,0.006880834698677063,1.1935532711504493e-05,0.0,0.0,0.006880834698677063,1.1935532711504493e-05,0.9931191802024841,0,1.0,353,"large"
0.3115234375,2.6734058337751776e-05,"suitcase",125952,True,0.002808686811476946,0.10402890294790268,0.0001475587341701612,0.0,0.0,0.10402890294790268,0.0001475587341701612,0.8959711194038391,0,1.0,354,"large"
0.313720703125,5.446228783512197e-07,"bear",127955,True,0.002334462245926261,0.0013142885873094201,3.521202188494499e-06,0.24873976409435272,0.0007549007423222065,0.2500540316104889,0.0003558222088031471,0.7499459385871887,0,0.6007782220840454,355,"large"
0.32177734375,2.5410935222680564e-07,"bear",127955,True,0.0017108519095927477,0.004005210939794779,1.073064049705863e-05,0.43226903676986694,0.0013455847511067986,0.4362742602825165,0.0006281847599893808,0.5637256503105164,1,0.8490136861801147,355,"large"
0.0048828125,1.0524150866331183e-06,"surfboard",128675,True,0.17853201925754547,0.0712122917175293,7.057710172375664e-05,0.03612768277525902,0.003612768603488803,0.10733997076749802,0.00010533855675021186,0.8926599621772766,0,1.0,356,"tiny"
0.00537109375,3.996802661276888e-06,"kite",128675,True,0.11798557639122009,0.06246519461274147,6.190802378114313e-05,0.2886141538619995,0.030380437150597572,0.3510793447494507,0.00034470236278139055,0.6489206552505493,1,1.0,356,"tiny"
0.001953125,4.6617319640063215e-06,"surfboard",128675,True,0.28509363532066345,0.11498233675956726,0.00011395673936931416,0.31483036279678345,0.024217722937464714,0.4298126995563507,0.00042056042002514005,0.5701872110366821,2,1.0,356,"tiny"
0.001953125,1.0293657396687195e-05,"person",128675,True,0.3822917640209198,0.11037113517522812,0.00010938666673609987,0.12504544854164124,0.009618882089853287,0.23541659116744995,0.00023034894547890872,0.76458340883255,3,0.5,356,"tiny"
0.00048828125,1.0745868621597765e-06,"person",128675,True,0.0330255851149559,0.07324159145355225,7.258830009959638e-05,0.9102455973625183,0.06277555972337723,0.9834871888160706,0.0009609059197828174,0.01651279255747795,4,0.0,356,"tiny"
0.05322265625,1.1436382919782773e-05,"skis",129812,True,0.015688717365264893,0.07992587983608246,0.00010279854905093089,0.06503907591104507,0.00033874515793286264,0.14496496319770813,0.00014952546916902065,0.855035126209259,0,0.6788991093635559,357,"medium"
0.1875,4.2094961827388033e-07,"person",129812,True,0.004682319704443216,0.05077899247407913,6.531061080750078e-05,0.050215743482112885,0.0009213899029418826,0.10099473595619202,0.00012138792226323858,0.8990052938461304,1,0.9440104365348816,357,"large"
0.021240234375,6.200473308126675e-07,"carrot",130613,True,0.04098408669233322,0.053876154124736786,5.473828787216917e-05,0.05472002550959587,0.003040001727640629,0.10859619081020355,0.00010835241118911654,0.8914037346839905,0,0.954023003578186,358,"small"
0.017578125,0.00013480080815497786,"knife",130613,True,0.04951104894280434,0.042266566306352615,4.2942920117639005e-05,0.0665346086025238,0.00305906287394464,0.10880117118358612,0.0001081522714230232,0.8911987543106079,1,0.8888888955116272,358,"small"
0.0830078125,1.5159534996200819e-06,"person",131556,True,0.011591445654630661,0.01453330460935831,1.573294139234349e-05,0.0001939226349350065,1.2716238416032866e-05,0.01472722738981247,1.5683948731748387e-05,0.9852728843688965,0,0.9470587968826294,359,"medium"
0.0126953125,1.1271752100583399e-06,"skis",131556,True,0.0015621273778378963,0.9054973721504211,0.000980240642093122,0.07419497519731522,0.000850372132845223,0.9796923995018005,0.0009690329898148775,0.02030765824019909,1,0.8846153616905212,359,"small"
0.002197265625,2.7144326395500684e-06,"person",131556,True,0.2157311737537384,0.48929283022880554,0.0005296810995787382,0.025312017649412155,0.0002582859306130558,0.514604926109314,0.0005036505754105747,0.48539507389068604,2,1.0,359,"tiny"
0.363037109375,3.6640410598920425e-06,"elephant",132796,True,0.002409392036497593,0.008782660588622093,1.9904045984731056e-05,0.09560377895832062,0.00045096123358234763,0.10430854558944702,0.00015992111002560705,0.8956915140151978,0,0.9946200251579285,360,"large"
0.094482421875,2.5439075557187607e-07,"person",132796,True,0.009492353536188602,0.02287154458463192,5.183353277971037e-05,0.05878201499581337,0.00012070230150129646,0.08161484450101852,8.801817602943629e-05,0.9183850884437561,1,0.8242893815040588,360,"medium"
0.050537109375,6.025620677974075e-07,"person",132796,True,0.01619284600019455,0.10315215587615967,0.00023377258912660182,0.05887074023485184,0.00011076338705606759,0.16202032566070557,0.00016664472059346735,0.8379797339439392,2,0.8550724387168884,360,"medium"
0.0341796875,1.9772110135818366e-06,"bench",132796,True,0.00028907833620905876,0.08419293165206909,0.00019080551282968372,0.9057126045227051,0.0016520065255463123,0.9898822903633118,0.001000892138108611,0.010117742232978344,3,0.44285714626312256,360,"medium"
0.01611328125,5.264367700874573e-06,"elephant",132796,True,0.05033883452415466,0.10469713807106018,0.00023727395455352962,0.06471208482980728,0.00011428181460360065,0.16940921545028687,0.00016814809350762516,0.8305908441543579,4,0.3030303120613098,360,"small"
0.01220703125,1.4094276821197127e-06,"chair",132796,True,0.06691890954971313,0.11523716896772385,0.0002611607196740806,0.04827643185853958,8.465836435789242e-05,0.16351360082626343,0.0001616545778233558,0.8364863991737366,5,0.4000000059604645,360,"small"
0.015625,6.059966608518152e-07,"horse",134034,True,0.05253547430038452,0.15943238139152527,0.00015816705126781017,0.0,0.0,0.15943238139152527,0.00015816705126781017,0.8405675888061523,0,1.0,361,"small"
0.009521484375,1.4361902458404074e-06,"airplane",135673,True,0.010748691856861115,0.024654781445860863,2.451382351864595e-05,0.8705455660820007,0.10241711139678955,0.895200252532959,0.0008826227858662605,0.10479976236820221,0,0.7179487347602844,362,"tiny"
0.00830078125,1.0432656836201204e-06,"airplane",135673,True,0.1004556193947792,0.027165187522768974,2.700988443393726e-05,0.11896216124296188,0.012201248668134212,0.1461273580789566,0.0001438969629816711,0.8538726568222046,1,0.4117647111415863,362,"tiny"
0.23193359375,8.345281230504042e-07,"person",136915,True,0.0036125921178609133,0.00439645117148757,7.544318577856757e-06,0.13767142593860626,0.0006732099573127925,0.14200933277606964,0.00018055860709864646,0.8579905033111572,0,0.933684229850769,363,"large"
0.1611328125,1.5771545349707594e-06,"person",136915,True,0.004133468493819237,0.005050624720752239,8.666880603414029e-06,0.3129270076751709,0.0011327674146741629,0.3179776668548584,0.00037017191061750054,0.6820223331451416,1,0.9575757384300232,363,"large"
0.016845703125,4.5066184384268126e-07,"baseball bat",136915,True,0.05112963169813156,0.003649963065981865,6.263343493628781e-06,0.11439171433448792,0.0002691569970920682,0.11801395565271378,0.00011722272029146552,0.8819860219955444,2,0.7101449370384216,363,"small"
0.009521484375,2.75883280664857e-07,"tie",136915,True,0.09573085606098175,0.006543565075844526,1.1228767107240856e-05,0.060097746551036835,0.00013903467333875597,0.06662412732839584,6.568806566065177e-05,0.9333759546279907,3,0.41025641560554504,363,"tiny"
0.0107421875,0.00039126304909586906,"book",136915,True,0.04254797846078873,0.31774571537971497,0.000545252172742039,0.21422651410102844,0.0004979117074981332,0.5319722294807434,0.0005251453258097172,0.4680277705192566,4,0.3636363744735718,363,"small"
0.001953125,0.0002445568097755313,"book",136915,True,0.0015013570664450526,0.667475163936615,0.00114538858179003,0.32952216267585754,0.0007501927320845425,0.9969972372055054,0.0009755354840308428,0.0030027141328901052,5,1.0,363,"tiny"
0.380859375,1.632195107958978e-07,"dog",138492,True,0.002544960705563426,0.007080737501382828,1.167475238617044e-05,0.0003955259744543582,1.3878104255127255e-05,0.00746547058224678,1.177519061457133e-05,0.9925346374511719,0,0.9666666388511658,364,"large"
0.02783203125,2.399823983978422e-07,"frisbee",138492,True,0.03125587850809097,0.041481710970401764,6.839523848611861e-05,0.08836223930120468,0.0002265698421979323,0.10920756310224533,0.00010970122093567625,0.8907924890518188,1,1.0,364,"small"
0.24755859375,1.119384023695602e-06,"airplane",139871,True,0.0038170062471181154,0.032388925552368164,4.203624484944157e-05,0.0,0.0,0.032388925552368164,4.203624484944157e-05,0.9676110744476318,0,1.0,365,"large"
0.00390625,3.8456136053355294e-07,"clock",140658,True,0.24479734897613525,0.020810725167393684,2.0402672816999257e-05,0.0,0.0,0.020810725167393684,2.0402672816999257e-05,0.9791892766952515,0,1.0,366,"tiny"
0.226806640625,1.9476833585940767e-06,"person",146358,True,0.0038221017457544804,0.014517353847622871,3.815336094703525e-05,0.09796907007694244,0.00023764481011312455,0.11231681704521179,0.00014185893815010786,0.8876831531524658,0,0.8858988285064697,367,"large"
0.166259765625,1.031044234878209e-06,"person",146358,True,0.003624419681727886,0.044092949479818344,0.00011588160850806162,0.3442884385585785,0.0007229153998196125,0.38294267654418945,0.0004485420067794621,0.6170573830604553,1,0.6505139470100403,367,"large"
0.18408203125,2.469052742526401e-05,"dining table",146358,True,0.004171587061136961,0.1147741824388504,0.0003016403934452683,0.09900548309087753,0.00021735559857916087,0.21365588903427124,0.00025572217418812215,0.7863442301750183,2,0.9814323782920837,367,"large"
0.020751953125,6.80008452036418e-06,"chair",146358,True,0.026517121121287346,0.124346524477005,0.000326797686284408,0.31216469407081604,0.0005016708746552467,0.43651115894317627,0.0004353140539024025,0.5634888410568237,3,0.6705882549285889,367,"small"
0.016845703125,2.5482192995696096e-06,"person",146358,True,0.009593428112566471,0.7665316462516785,0.002014538273215294,0.06798157095909119,0.0001085534313460812,0.8345133066177368,0.0008289183024317026,0.16548658907413483,4,0.36231884360313416,367,"small"
0.00830078125,1.0090185242006555e-05,"chair",146358,True,0.05166656896471977,0.3369032144546509,0.0008854223997332156,0.2239309698343277,0.00035264718462713063,0.5608341693878174,0.0005522739375010133,0.4391658306121826,5,0.7647058963775635,367,"tiny"
0.00732421875,2.70762996024132e-07,"tie",146358,True,0.10403495281934738,0.10768558084964752,0.000283010711427778,0.11704887449741364,0.0001838945463532582,0.21973788738250732,0.00021617105812765658,0.7802621722221375,6,0.3333333432674408,367,"tiny"
0.0009765625,2.6823460075320327e-07,"knife",146358,True,0.3363478183746338,0.4074948728084564,0.0010709456400945783,0.5925052762031555,0.0009207540424540639,0.663652241230011,0.0006487313657999039,0.3363478481769562,7,1.0,367,"tiny"
0.1337890625,1.1691193435581226e-07,"donut",148957,True,0.005048966035246849,0.0005600280128419399,1.5687058976254775e-06,0.3077372908592224,0.0005800891667604446,0.3082917332649231,0.00034756679087877274,0.6917083263397217,0,0.9233576655387878,368,"large"
0.12841796875,2.8465308332670247e-07,"donut",148957,True,0.004723795689642429,0.00041063231765292585,1.1502307870614459e-06,0.37842246890068054,0.0007060121861286461,0.37882086634635925,0.0004244492156431079,0.6211791038513184,1,0.8479087352752686,368,"large"
0.10107421875,3.429518358188943e-07,"donut",148957,True,0.005455460399389267,0.00041544606210663915,1.1637145007625804e-06,0.43494442105293274,0.0007718623382970691,0.4353598654270172,0.00047296020784415305,0.5646401643753052,2,0.8357487916946411,368,"large"
0.10888671875,5.584918199019739e-07,"donut",148957,True,0.004682785365730524,0.00028266492881812155,7.917785751487827e-07,0.4775867760181427,0.0008597422856837511,0.4778694212436676,0.0005236925790086389,0.5221304893493652,3,0.6771300435066223,368,"large"
0.09130859375,5.873007467016578e-07,"donut",148957,True,0.0021402190905064344,0.0007944069220684469,2.2252297640079632e-06,0.7990950345993042,0.0013933655573055148,0.7998894453048706,0.0008596341358497739,0.20011045038700104,4,0.08556149899959564,368,"medium"
0.08837890625,2.479144995959359e-07,"donut",148957,True,0.0070787337608635426,0.0003646428231149912,1.021408479573438e-06,0.3590099513530731,0.0006227405974641442,0.3593745827674866,0.0003849754575639963,0.6406254172325134,5,0.27624309062957764,368,"medium"
0.1181640625,7.440364697686164e-06,"clock",150930,True,0.008253202773630619,0.0013626156141981483,1.5089875660123653e-06,0.0,0.0,0.0013626156141981483,1.5089875660123653e-06,0.9986374378204346,0,1.0,369,"large"
0.0302734375,1.6094828936275007e-07,"dog",151962,True,0.030366763472557068,0.05863041803240776,5.904372301301919e-05,0.0,0.0,0.05863041803240776,5.904372301301919e-05,0.9413696527481079,0,0.6129032373428345,370,"medium"
0.197265625,7.814271612005541e-07,"giraffe",153299,True,0.004778193309903145,0.03480493277311325,4.2341773223597556e-05,0.0,0.0,0.03480493277311325,4.2341773223597556e-05,0.9651949405670166,0,1.0,371,"large"
0.013671875,1.5154342918322072e-06,"person",154087,True,0.06876201182603836,0.007643790915608406,7.643790922884364e-06,0.02968812920153141,0.0029688128270208836,0.037331923842430115,3.6962301237508655e-05,0.9626681804656982,0,1.0,372,"small"
0.009765625,2.126801291524316e-06,"person",154087,True,0.08986600488424301,0.0028585379477590322,2.8585382096935064e-06,0.09848137199878693,0.007034384645521641,0.1013399139046669,9.994075662689283e-05,0.8986599445343018,1,0.800000011920929,372,"tiny"
0.034423828125,7.885307127253327e-07,"sheep",154947,True,0.028281712904572487,0.0030696787871420383,3.104605639236979e-06,0.0,0.0,0.0030696787871420383,3.104605639236979e-06,0.9969303607940674,0,1.0,373,"medium"
0.021484375,7.350709438469494e-06,"traffic light",155451,True,0.012189342640340328,0.728333055973053,0.0007290621870197356,0.0035014725290238857,0.0011671576648950577,0.7318345308303833,0.0007303738384507596,0.2681654989719391,0,0.8636363744735718,374,"small"
0.0029296875,1.8506403648643754e-05,"traffic light",155451,True,0.03001316450536251,0.6267395615577698,0.0006273670005612075,0.28322097659111023,0.01287368219345808,0.9099605679512024,0.0008912445628084242,0.09003948420286179,1,0.6666666865348816,374,"tiny"
0.082275390625,7.382291187241208e-07,"elephant",157213,True,0.011848307214677334,0.0017802894581109285,1.8944290332001401e-06,0.0,0.0,0.0017802894581109285,1.8944290332001401e-06,0.9982197284698486,0,1.0,375,"medium"
0.08544921875,3.3631934570621524e-07,"vase",159282,True,0.0067329551093280315,0.41086649894714355,0.0004387256340123713,0.0,0.0,0.41086649894714355,0.0004387256340123713,0.5891335010528564,0,1.0,376,"medium"
0.123291015625,3.518005314617767e-06,"boat",160772,True,0.007879502139985561,0.005212937016040087,5.806669378216611e-06,0.0,0.0,0.005212937016040087,5.806669378216611e-06,0.9947870373725891,0,0.8673267364501953,377,"large"
0.037109375,2.065339913315256e-06,"person",161799,True,0.026234429329633713,0.003034569788724184,3.0909802717360435e-06,5.720418266719207e-05,1.3459807632898446e-05,0.0030917739495635033,3.135673296128516e-06,0.9969083070755005,0,0.8421052694320679,378,"medium"
0.0029296875,6.563141710103082e-07,"skateboard",161799,True,0.31097134947776794,0.028387781232595444,2.8915492293890566e-05,0.038698334246873856,0.00098594487644732,0.0670861154794693,6.57062919344753e-05,0.9329138994216919,1,1.0,378,"tiny"
0.000244140625,2.7204876005271217e-06,"person",161799,True,1.0313381608284544e-05,0.907099187374115,0.0009239613427780569,0.09289833903312683,0.0022118650376796722,0.9999973773956299,0.0009767982410266995,2.5783456294448115e-06,2,1.0,378,"tiny"
0.0009765625,2.2554115730599733e-06,"person",161799,True,2.5157089112326503e-05,0.9135892987251282,0.000930572219658643,0.08638562262058258,0.002094196854159236,0.9999748468399048,0.0009774925420060754,2.5157089112326503e-05,3,0.0,378,"tiny"
0.0439453125,1.543418761684734e-06,"bench",162130,True,0.0220145583152771,0.009344905614852905,9.545357897877693e-06,0.0,0.0,0.009344905614852905,9.545357897877693e-06,0.9906551241874695,0,1.0,379,"medium"
0.0537109375,2.8197614483360667e-06,"sink",164637,True,0.01718664914369583,0.054734230041503906,5.6485274399165064e-05,0.0,0.0,0.054734230041503906,5.6485274399165064e-05,0.9452657103538513,0,1.0,380,"medium"
0.04736328125,7.832769597371225e-07,"person",165518,True,0.02015899121761322,0.006641734857112169,7.149337761802599e-06,0.01566128060221672,0.0003262766695115715,0.02228880114853382,2.284859147039242e-05,0.9777110815048218,0,0.9020618796348572,381,"medium"
0.046875,4.861917091147916e-07,"motorcycle",165518,True,0.020252129063010216,0.0047035180032253265,5.062990112492116e-06,0.023342516273260117,0.0004812889965251088,0.027897808700799942,2.8583819585037418e-05,0.972102165222168,1,0.859375,381,"medium"
0.4404296875,2.2230044578464003e-06,"clock",167353,True,0.0022146422415971756,0.00119633914437145,2.087851953547215e-06,0.0,0.0,0.00119633914437145,2.087851953547215e-06,0.9988036751747131,0,1.0,382,"large"
0.001953125,2.746763129835017e-06,"bench",168619,True,0.4957540035247803,0.00849206279963255,8.3092600107193e-06,0.0,0.0,0.00849206279963255,8.3092600107193e-06,0.991507887840271,0,1.0,383,"tiny"
0.250732421875,1.4990719137131236e-06,"person",170474,True,0.0038572798948735,0.007864187471568584,1.0930072676273994e-05,0.0017792286816984415,3.726133218151517e-05,0.009643416851758957,1.2568806596391369e-05,0.9903566241264343,0,0.984420657157898,384,"large"
0.029541015625,5.819440502818907e-07,"tennis racket",170474,True,0.031603697687387466,0.0037533417344093323,5.216597401158651e-06,0.040234729647636414,0.00014670821838080883,0.043988071382045746,4.426472514751367e-05,0.9560118913650513,1,0.8677685856819153,384,"small"
0.014892578125,2.170501284126658e-05,"chair",170474,True,0.04711943864822388,0.15058110654354095,0.00020928574667777866,0.13084743916988373,0.0004523679381236434,0.2814285457134247,0.0002789873688016087,0.7185714840888977,2,0.9344262480735779,384,"small"
0.002197265625,8.634618097858038e-06,"sports ball",170474,True,0.391204297542572,0.003899689530953765,5.419999524747254e-06,0.11589066684246063,0.0003834265226032585,0.11979036033153534,0.00011724037904059514,0.8802096843719482,3,1.0,384,"tiny"
0.185546875,2.4450744149362436e-06,"truck",172648,True,0.004743100609630346,0.013375801965594292,1.6803773178253323e-05,0.08543509244918823,0.002248292090371251,0.09881087392568588,0.00011847828136524186,0.9011889696121216,0,0.9894737005233765,385,"large"
0.037109375,1.2650685903281556e-06,"person",172648,True,0.024306703358888626,0.040180373936891556,5.047786180512048e-05,0.03616492077708244,0.0001903417141875252,0.076345294713974,7.742931484244764e-05,0.9236546158790588,1,0.7105262875556946,385,"medium"
0.05810546875,4.7408370846824255e-06,"chair",173302,True,0.005565938539803028,0.12855952978134155,0.00015084720507729799,0.5402671694755554,0.00481307040899992,0.668826699256897,0.0006934439879842103,0.3311733305454254,0,0.8151260614395142,386,"medium"
0.027587890625,7.3120108936564066e-06,"chair",173302,True,0.004958522506058216,0.1443505585193634,0.00016937583859544247,0.7155712842941284,0.004986559506505728,0.8599218130111694,0.0008635920821689069,0.14007826149463654,1,0.02654867246747017,386,"small"
0.0400390625,9.92918558040401e-06,"dining table",173302,True,0.018991263583302498,0.1636187881231308,0.00019198449444957078,0.057739440351724625,0.00044160184916108847,0.22135822474956512,0.00022518639161717147,0.7786418199539185,2,0.7195122241973877,386,"medium"
0.02685546875,2.208146497650887e-06,"chair",173302,True,0.02288537099957466,0.19155269861221313,0.00022476119920611382,0.1790996938943863,0.0012415924575179815,0.3706524074077606,0.00037195428740233183,0.6293476223945618,3,0.4000000059604645,386,"small"
0.0068359375,1.0430753718537744e-06,"person",173302,True,0.009053051471710205,0.8924410939216614,0.0010471588466316462,0.04418764263391495,0.0002682102785911411,0.9366287589073181,0.0009209722047671676,0.06337136030197144,4,0.5714285969734192,386,"tiny"
0.0029296875,1.7914755517267622e-05,"dining table",173302,True,0.0013724720338359475,0.20389215648174286,0.00023923984554130584,0.7919905185699463,0.004693277180194855,0.9958826303482056,0.0009753992198966444,0.004117416217923164,5,0.0,386,"tiny"
0.00244140625,0.00011994408851023763,"bottle",173302,True,7.92573337093927e-05,0.9611421823501587,0.0011277704034000635,0.03865958750247955,0.00022841707686893642,0.9998018741607666,0.0009787586750462651,0.00019814330153167248,7,0.4000000059604645,386,"tiny"
0.0009765625,2.3056400095811114e-05,"chair",173302,True,2.2392190658138134e-05,0.1699816733598709,0.00019945050007663667,0.82999587059021,0.004860884044319391,0.9999776482582092,0.0009774953359737992,2.239218883914873e-05,8,0.0,386,"tiny"
0.0009765625,0.0002848604926839471,"dining table",173302,True,0.3368995487689972,0.25512775778770447,0.00029935792554169893,0.40797263383865356,0.0023892982862889767,0.6631004214286804,0.0006481920718215406,0.3368995189666748,9,0.0,386,"tiny"
0.0009765625,4.0190650906879455e-05,"bottle",173302,True,1.5099254824235686e-06,0.9094833135604858,0.0010671555064618587,0.09051522612571716,0.0005301038036122918,0.9999984502792358,0.0009775155922397971,1.5099254824235686e-06,10,0.0,386,"tiny"
0.011962890625,1.1360462082166123e-07,"toothbrush",175251,True,0.07712485641241074,0.05522071197628975,5.457940278574824e-05,0.0,0.0,0.05522071197628975,5.457940278574824e-05,0.9447794556617737,0,1.0,387,"small"
0.2646484375,1.04407854450983e-06,"toilet",176778,True,0.0035729205701500177,0.008882196620106697,1.2293698091525584e-05,0.02285638451576233,0.0007493896409869194,0.031738582998514175,4.2149513319600374e-05,0.9682614803314209,0,0.9944649338722229,388,"large"
0.02978515625,9.842866575127118e-07,"cat",176778,True,0.03127872198820114,0.010374392382800579,1.4359022316057235e-05,0.03562470152974129,0.00013145647244527936,0.04599909484386444,4.6300050598802045e-05,0.9540008902549744,1,0.9016393423080444,388,"small"
0.651123046875,1.1249663884882466e-06,"train",177383,True,0.0014903865521773696,0.0062848408706486225,1.7592275980859995e-05,0.0,0.0,0.0062848408706486225,1.7592275980859995e-05,0.993715226650238,0,1.0,389,"large"
0.08447265625,1.7500244666734943e-06,"boat",178744,True,0.011351085267961025,0.009769917465746403,1.0443525752634741e-05,0.00897170789539814,0.0029905696865171194,0.01813126914203167,1.9340022845426574e-05,0.9818687438964844,0,0.9161849617958069,390,"medium"
0.00048828125,6.404555392691691e-07,"person",178744,True,0.004667004104703665,0.0028284338768571615,3.0234461974032456e-06,0.9971715807914734,0.01126747578382492,0.9976665377616882,0.0009747596923261881,0.0023335020523518324,2,0.0,390,"tiny"
0.0009765625,1.7939078134077135e-07,"person",178744,True,0.036423228681087494,0.004288627300411463,4.584315320244059e-06,0.9592882394790649,0.01096329279243946,0.9635767936706543,0.000941912701819092,0.03642323240637779,3,0.0,390,"tiny"
0.0009765625,7.917480502328544e-07,"person",178744,True,0.00016678348765708506,0.004154978785663843,4.441452347236918e-06,0.9956782460212708,0.011379179544746876,0.9998332262039185,0.0009773541241884232,0.00016678348765708506,4,0.0,390,"tiny"
0.00048828125,2.989884819726285e-07,"person",178744,True,4.38255156041123e-05,0.006974584888666868,7.4554618549882434e-06,0.993025541305542,0.011220626533031464,0.9999781250953674,0.0009770181495696306,2.1912759621045552e-05,5,0.0,390,"tiny"
0.35107421875,6.223783657333115e-07,"motorcycle",179765,True,0.002765653422102332,0.00574765307828784,8.649591109133326e-06,0.0,0.0,0.00574765307828784,8.649591109133326e-06,0.9942522644996643,0,1.0,391,"large"
0.29931640625,3.9461039705201983e-05,"dining table",180751,True,0.002924196654930711,0.019741082563996315,5.697282176697627e-05,0.08418406546115875,0.00022419191373046488,0.10373379290103912,0.00014457671204581857,0.8962662816047668,0,0.9314845204353333,392,"large"
0.19580078125,2.3627744667464867e-06,"person",180751,True,0.004747658967971802,0.016441209241747856,4.7449379053432494e-05,0.031653113663196564,6.635872705373913e-05,0.04809431731700897,5.8402329159434885e-05,0.9519056677818298,1,0.9152119755744934,392,"large"
0.048828125,4.835386562263011e-07,"bottle",180751,True,0.015270788222551346,0.08281826227903366,0.00023901376698631793,0.15388351678848267,0.00024425957235507667,0.23646056652069092,0.0002427726867608726,0.7635393142700195,2,0.7900000214576721,392,"medium"
0.02734375,2.985160426760558e-05,"refrigerator",180751,True,0.026051321998238564,0.03922652825713158,0.00011320786143187433,0.2313365340232849,0.00035617631510831416,0.2705630958080292,0.00027164965285919607,0.7294370532035828,3,0.8571428656578064,392,"small"
0.0166015625,1.2124552313252934e-06,"bottle",180751,True,0.004291369579732418,0.013545874506235123,3.909343286068179e-05,0.9135009050369263,0.0013830445241183043,0.9270468354225159,0.000920602644328028,0.07295328378677368,4,0.4117647111415863,392,"small"
0.0146484375,4.074733169545652e-06,"bottle",180751,True,0.05368609353899956,0.01005316711962223,2.9013468520133756e-05,0.1846555471420288,0.0002787253470160067,0.19470873475074768,0.00019297198741696775,0.8052914142608643,5,0.4000000059604645,392,"small"
0.01318359375,4.851474955103185e-07,"wine glass",180751,True,0.02758699283003807,0.4655799865722656,0.001343665411695838,0.16204431653022766,0.0002434926136629656,0.6275756359100342,0.0006210546125657856,0.3724243640899658,6,0.5555555820465088,392,"small"
0.01171875,6.566951356035133e-07,"bottle",180751,True,0.00010105915134772658,0.14135681092739105,0.0004079562204424292,0.8579480648040771,0.0012872441438958049,0.9987872838973999,0.0009869440691545606,0.0012127096997573972,7,0.0833333358168602,392,"small"
0.01123046875,3.3277124202868436e-06,"bottle",180751,True,0.001137060928158462,0.48440656065940857,0.0013979988871142268,0.502517580986023,0.0007539649377577007,0.9869237542152405,0.0009747396106831729,0.013076198287308216,8,0.0,392,"small"
0.0107421875,0.00027965541812591255,"tv",180751,True,0.047109149396419525,0.052174162119627,0.00015057477867230773,0.4296252727508545,0.000644599087536335,0.4817994236946106,0.0004756163980346173,0.5182006359100342,9,0.8181818127632141,392,"small"
0.0107421875,2.575922053438262e-06,"bottle",180751,True,0.0009666748810559511,0.08791393041610718,0.00025371985975652933,0.9014527201652527,0.0013525171671062708,0.9893665909767151,0.0009766698349267244,0.010633423924446106,10,0.0,392,"small"
0.00244140625,2.2514792362926528e-05,"bottle",180751,True,0.027460813522338867,0.4207572937011719,0.001214306801557541,0.510590672492981,0.0007564306142739952,0.9313479661941528,0.0009117454173974693,0.06865203380584717,11,0.0,392,"tiny"
0.001953125,3.1968604162102565e-05,"bottle",180751,True,0.00021629947877954692,0.3425280749797821,0.0009885369800031185,0.6570393443107605,0.000972671143244952,0.999567449092865,0.0009780502878129482,0.00043259895755909383,12,0.0,392,"tiny"
0.001953125,2.0784731532330625e-05,"bottle",180751,True,0.07972854375839233,0.48568281531333923,0.0014016820350661874,0.3548601269721985,0.0005253295530565083,0.8405429124832153,0.0008224490447901189,0.15945708751678467,14,0.0,392,"tiny"
0.131591796875,0.0008228588267229497,"couch",181969,True,0.005932893604040146,0.0675959438085556,0.0011554862139746547,0.1329466849565506,0.00016003212658688426,0.2005426287651062,0.00022551884467247874,0.7994574308395386,0,0.9202226400375366,393,"large"
0.811279296875,3.820708229795855e-07,"dog",181969,True,0.00119697954505682,0.004906965419650078,8.387974958168343e-05,0.000702360353898257,5.212321866565617e-06,0.005609326064586639,2.9026266929577105e-05,0.9943907260894775,1,0.9578694105148315,393,"large"
0.527587890625,8.13537735666614e-06,"elephant",183648,True,0.0017067897133529186,0.001415372360497713,9.220666470355354e-06,0.07654258608818054,0.00023089769820217043,0.07790690660476685,0.0001610478648217395,0.9220931529998779,0,0.9329014420509338,394,"large"
0.134765625,3.152088993374491e-06,"person",183648,True,0.000329117028741166,0.0012801152188330889,8.339512532984372e-06,0.9533898830413818,0.0012993388809263706,0.9545818567276001,0.001077406108379364,0.0454181507229805,1,0.8007246255874634,394,"large"
0.0986328125,4.1541849782333884e-07,"person",183648,True,0.00682340282946825,0.0034194868057966232,2.2276790332398377e-05,0.3076072633266449,0.00039923074655234814,0.3108363449573517,0.0003367674653418362,0.6891636252403259,2,0.8514851331710815,394,"medium"
0.0908203125,8.056374554143986e-07,"person",183648,True,0.009203465655446053,0.0017657896969467402,1.150351636169944e-05,0.1423119306564331,0.00018303784599993378,0.14407770335674286,0.00015475586405955255,0.8559223413467407,3,0.5376344323158264,394,"medium"
0.046875,2.731070708250627e-06,"person",184978,True,0.02073458768427372,0.004739835392683744,4.856388841290027e-06,0.0,0.0,0.004739835392683744,4.856388841290027e-06,0.9952601790428162,0,1.0,395,"medium"
0.064697265625,1.1509695468703285e-05,"person",186042,True,0.015079141594469547,0.0010030054254457355,1.0486204473636462e-06,3.993001428170828e-06,3.1944011880113976e-06,0.0010069984709843993,1.0514210089240805e-06,0.9989931583404541,0,0.9169811606407166,396,"medium"
0.001220703125,2.600243988126749e-06,"skis",186042,True,0.03542963042855263,0.4465075731277466,0.00046681411913596094,0.5092052817344666,0.007686119060963392,0.9557129144668579,0.0009344543213956058,0.044287025928497314,1,1.0,396,"tiny"
0.1669921875,3.0005426197021734e-06,"person",187055,True,0.005162758287042379,0.025937393307685852,4.390587128000334e-05,0.09123094379901886,0.00034787776530720294,0.11716833710670471,0.00013736030086874962,0.8828316926956177,0,0.8538011908531189,397,"large"
0.100830078125,9.742960855874117e-07,"person",187055,True,0.006797595415264368,0.057905618101358414,9.802050772123039e-05,0.24048709869384766,0.0007270962232723832,0.29814836382865906,0.0003238102945033461,0.7018517851829529,1,0.8280871510505676,397,"large"
0.152099609375,4.087016350240447e-06,"tennis racket",187055,True,0.00594114325940609,0.015532070770859718,2.6292122129234485e-05,0.05922791361808777,0.0002128586347680539,0.07466701418161392,8.599714055890217e-05,0.9253330826759338,2,0.7977527976036072,397,"large"
0.00390625,1.5126774997042958e-06,"sports ball",187055,True,0.20857396721839905,0.11343148350715637,0.00019201269606128335,0.05227266252040863,0.00012177674943814054,0.165704146027565,0.00016245506412815303,0.8342957496643066,3,1.0,397,"tiny"
0.072509765625,8.597709779678553e-07,"person",187990,True,0.013342793099582195,0.008857207372784615,9.39507572184084e-06,0.00044049916323274374,6.292845500865951e-05,0.009297707118093967,9.789636351342779e-06,0.9907023906707764,0,0.9932659864425659,398,"medium"
0.0068359375,6.690839882139699e-07,"skateboard",187990,True,0.1331346035003662,0.006130045745521784,6.502302767330548e-06,0.06192784011363983,0.0008340450003743172,0.06805787980556488,6.692023453069851e-05,0.9319422245025635,1,1.0,398,"tiny"
0.48046875,7.563482427030976e-07,"teddy bear",189436,True,0.0019226261647418141,0.0018205768428742886,4.445852937351447e-06,0.05236392095685005,0.00042399935773573816,0.054067932069301605,0.0001016314490698278,0.9459320902824402,0,0.9298780560493469,399,"large"
0.080078125,0.0002083539147861302,"dining table",189436,True,0.009046582505106926,0.13375581800937653,0.0003266320563852787,0.12443015724420547,0.0002334524760954082,0.2581802308559418,0.00027407670859247446,0.7418197393417358,1,0.8963414430618286,399,"medium"
0.04052734375,2.2029917090549134e-07,"tie",189436,True,0.017268413677811623,0.2067144513130188,0.0005047972081229091,0.07672831416130066,0.0001337895664619282,0.28336086869239807,0.00028840801678597927,0.7166391611099243,2,0.9156626462936401,399,"medium"
0.51025390625,1.3937365110905375e-06,"stop sign",191471,True,0.0018993079429492354,0.0076117017306387424,1.5177869499893859e-05,0.0,0.0,0.0076117017306387424,1.5177869499893859e-05,0.9923884272575378,0,1.0,400,"large"
0.2890625,1.6128485640365398e-06,"stop sign",192716,True,0.003293696092441678,0.025066006928682327,3.4431326639605686e-05,0.0,0.0,0.025066006928682327,3.4431326639605686e-05,0.9749340415000916,0,1.0,401,"large"
0.0078125,7.702556104050018e-06,"bench",195045,True,0.12155401706695557,0.02756795473396778,2.7133821276947856e-05,0.0,0.0,0.02756795473396778,2.7133821276947856e-05,0.9724318981170654,0,1.0,402,"tiny"
0.38720703125,1.6351090152966208e-06,"truck",196759,True,0.0024330357555299997,0.035282716155052185,5.63171852263622e-05,1.8552264009485953e-05,1.8552264009485953e-05,0.035301268100738525,5.625700214295648e-05,0.9646986722946167,0,0.9142496585845947,403,"large"
0.0009765625,2.1102227037772536e-05,"car",196759,True,0.5367738008499146,0.3074943423271179,0.0004908129922114313,0.1557319313287735,0.00039276652387343347,0.46322622895240784,0.0004528115678112954,0.5367738008499146,1,1.0,403,"tiny"
0.383056640625,3.2072791782411514e-06,"truck",198805,True,0.002528828801587224,0.007149489596486092,1.146210797742242e-05,0.0009174513397738338,0.00011468141747172922,0.008066941052675247,1.2769198292517103e-05,0.9919331073760986,0,0.9694072604179382,404,"large"
0.00390625,5.774937562819105e-06,"car",198805,True,0.20499342679977417,0.0011362608056515455,1.8216605894849636e-06,0.17889001965522766,0.00045145745389163494,0.18002629280090332,0.0001764963672030717,0.8199737071990967,1,0.5,404,"tiny"
0.0009765625,2.58705549640581e-05,"car",198805,True,0.08250226825475693,0.0007105153053998947,1.1391030056984164e-06,0.9167870879173279,0.0022962738294154406,0.9174976348876953,0.0008968698675744236,0.08250224590301514,2,1.0,404,"tiny"
0.0029296875,0.00011307571548968554,"truck",198805,True,0.2171948105096817,0.0003982435155194253,6.384665311998106e-07,0.3480174243450165,0.0008760665077716112,0.34841567277908325,0.00034124942612834275,0.6515844464302063,3,0.3333333432674408,404,"tiny"
0.81494140625,2.454519744787831e-05,"microwave",199681,True,0.0011688463855534792,0.0020615984685719013,5.4975960665615276e-05,0.022725943475961685,0.00014805175305809826,0.024597741663455963,0.00012980338942725211,0.975402295589447,0,0.9478729963302612,405,"large"
0.14990234375,1.5192581770406832e-07,"teddy bear",199681,True,0.005692261271178722,0.0001198782556457445,3.1967538234312087e-06,0.1261778324842453,0.0001512017333880067,0.1262378841638565,0.000145017693284899,0.8737620115280151,1,0.8631922006607056,405,"large"
0.31982421875,9.333718480775133e-06,"person",201072,True,0.003002210520207882,0.007670499384403229,1.1578112207644153e-05,0.009105585515499115,0.00026781135238707066,0.016776084899902344,2.408626642136369e-05,0.9832239151000977,0,0.994656503200531,406,"large"
0.033203125,1.9313947063892556e-07,"tennis racket",201072,True,0.028095239773392677,0.005144263152033091,7.764925612718798e-06,0.03961767256259918,0.00012096999125787988,0.044761937111616135,4.52140775450971e-05,0.9552381634712219,1,0.970588207244873,406,"medium"
0.0107421875,2.2218133381102234e-05,"oven",203095,True,0.06439020484685898,0.25293052196502686,0.0002655438438523561,0.038777269423007965,0.0006409466150216758,0.29170775413513184,0.00028796421247534454,0.7082922458648682,0,1.0,407,"small"
0.02099609375,4.663488289224915e-05,"broccoli",203095,True,5.4904925491428e-05,0.5144099593162537,0.0005400630179792643,0.48440954089164734,0.009688192047178745,0.9988195896148682,0.000996328890323639,0.0011804557871073484,1,0.7674418687820435,407,"small"
0.0126953125,1.1869692571053747e-06,"carrot",203095,True,0.06023390591144562,0.037815261632204056,3.970106627093628e-05,0.17914392054080963,0.0030622894410043955,0.2169591635465622,0.00021459860727190971,0.7830406427383423,2,0.23076923191547394,407,"small"
0.0146484375,1.0579485660855426e-06,"apple",203095,True,0.04713147506117821,0.04155881702899933,4.363130574347451e-05,0.25146913528442383,0.004450781270861626,0.2930279076099396,0.0002904141729231924,0.7069721221923828,3,0.6000000238418579,407,"small"
0.0107421875,1.0787014161905972e-06,"carrot",203095,True,0.01739141158759594,0.039750754833221436,4.1733088437467813e-05,0.7689436078071594,0.012709815055131912,0.8086944818496704,0.0007983165560290217,0.1913054883480072,4,0.1818181872367859,407,"small"
0.069091796875,5.194041818867845e-07,"person",205324,True,0.013172871433198452,0.03725287318229675,4.006761810160242e-05,0.03079204075038433,0.0012965068453922868,0.06801928579807281,7.135512714739889e-05,0.9319807291030884,0,0.8127208352088928,408,"medium"
0.0185546875,3.640260047177435e-06,"person",205324,True,0.04563833400607109,0.007409839890897274,7.9697119872435e-06,0.12546291947364807,0.001661760499700904,0.13287167251110077,0.00013221062545198947,0.8671283721923828,1,0.42105263471603394,408,"small"
0.004638671875,8.99463714176818e-07,"frisbee",205324,True,0.18583232164382935,0.045112043619155884,4.852061829296872e-05,0.07218444347381592,0.0008065301226451993,0.1172964870929718,0.00011508117313496768,0.8827035427093506,2,1.0,408,"tiny"
0.05908203125,2.1514301806746516e-06,"cow",206135,True,0.012467234395444393,0.034312400966882706,3.954180283471942e-05,0.2114199548959732,0.0022080412600189447,0.24573233723640442,0.0002550413482822478,0.754267692565918,0,0.93388432264328,409,"medium"
0.046142578125,7.743760193079652e-07,"cow",206135,True,0.012807962484657764,0.1194121241569519,0.00013761120499111712,0.27541178464889526,0.0025267135351896286,0.39482390880584717,0.0004042220825795084,0.6051762104034424,1,0.38624337315559387,409,"medium"
0.044189453125,9.67566620602156e-07,"cow",206135,True,0.014974670484662056,0.16154833137989044,0.00018616921443026513,0.16084790229797363,0.0014490801841020584,0.32239624857902527,0.0003293959016446024,0.6776038408279419,2,0.530386745929718,409,"medium"
0.003173828125,4.932938281854149e-06,"clock",206135,True,0.2598409056663513,0.032501157373189926,3.745451977010816e-05,0.12301599234342575,0.0008040262036956847,0.15551714599132538,0.00015235577302519232,0.8444827795028687,3,1.0,409,"tiny"
0.37890625,7.761490792290715e-07,"microwave",207538,True,0.002542263362556696,0.013601895421743393,2.1386627850006334e-05,0.0,0.0,0.013601895421743393,2.1386627850006334e-05,0.9863981604576111,0,1.0,410,"large"
0.361083984375,4.069457190780668e-06,"sink",209747,True,0.0025716463569551706,0.0058167665265500546,1.2707300811598543e-05,0.0433170385658741,0.00022044296201784164,0.049133799970149994,7.509943679906428e-05,0.9508661031723022,0,0.9891818761825562,411,"large"
0.19189453125,7.276717894910689e-08,"cat",209747,True,0.004694544710218906,0.009861218743026257,2.1542804461205378e-05,0.06766081601381302,0.0001829907123465091,0.07752202451229095,9.368220344185829e-05,0.9224780797958374,1,0.9681934118270874,411,"large"
0.076416015625,2.6446471110830316e-06,"person",210388,True,0.012362172827124596,0.03146570548415184,3.3925287425518036e-05,0.0012408600887283683,6.617920735152438e-05,0.03265995904803276,3.453339741099626e-05,0.9673399925231934,0,0.9616613388061523,412,"medium"
0.018310546875,2.8883594040962635e-06,"suitcase",210388,True,0.046632319688797,0.015112733468413353,1.6294052329612896e-05,0.1105329841375351,0.0014125620946288109,0.1256440430879593,0.00012498785508796573,0.8743559718132019,1,0.8666666746139526,412,"small"
0.217041015625,2.7771842724177986e-05,"truck",211120,True,0.0037987176328897476,0.03831978887319565,8.463786070933565e-05,0.1174435019493103,0.00033531340886838734,0.1557350903749466,0.0001942439703270793,0.8442648649215698,0,0.9516310691833496,413,"large"
0.1748046875,1.7269854879486957e-07,"teddy bear",211120,True,0.004223080351948738,0.00145022536162287,3.203148480679374e-06,0.2426297813653946,0.0006181651260703802,0.2440686821937561,0.0002888387243729085,0.7559312582015991,1,0.910614550113678,413,"large"
0.11962890625,3.9217570702021476e-07,"teddy bear",211120,True,0.007249800488352776,0.0006344663561321795,1.4013617146702018e-06,0.11127644032239914,0.0002471437328495085,0.11189944297075272,0.00012412587238941342,0.8881003260612488,2,0.5510203838348389,413,"large"
0.039794921875,7.404179882541939e-07,"teddy bear",211120,True,0.017607556656003,0.0008327261311933398,1.8392626088825637e-06,0.28172874450683594,0.0005305625963956118,0.282492071390152,0.0002873044286388904,0.7175079584121704,3,0.7607361674308777,413,"medium"
0.0087890625,1.4596969322155928e-06,"bowl",211120,True,0.09820340573787689,0.0025999858044087887,5.74265277464292e-06,0.11359310150146484,0.0002016744256252423,0.11616942286491394,0.00011445264681242406,0.8838305473327637,4,0.6666666865348816,413,"tiny"
0.39111328125,1.6572622598687303e-06,"oven",213086,True,0.002345642074942589,0.004786501172930002,1.236023581441259e-05,0.05578397214412689,0.0002361226361244917,0.06057047098875046,9.714590123621747e-05,0.9394296407699585,0,0.9656679034233093,414,"large"
0.203369140625,4.3768989144155057e-07,"person",213086,True,0.004622260108590126,0.004118640907108784,1.0635612852638587e-05,0.03329573571681976,7.770299998810515e-05,0.03741437569260597,4.586500290315598e-05,0.9625856280326843,1,0.9759904146194458,414,"large"
0.0107421875,1.5410814739880152e-05,"book",213086,True,0.06879086047410965,0.06002816557884216,0.00015501142479479313,0.18327242136001587,0.000292884447844699,0.24330058693885803,0.00024017829855438322,0.7566993236541748,2,0.9090909361839294,414,"small"
0.0126953125,1.9403557871555677e-06,"vase",213086,True,0.06008676812052727,0.040916819125413895,0.00010565997217781842,0.1779552400112152,0.0002852990000974387,0.2188720405101776,0.00021649067639373243,0.7811278700828552,3,0.5384615659713745,414,"small"
0.00390625,7.76491106080357e-06,"book",213086,True,7.906410610303283e-05,0.046521056443452835,0.00012013185187242925,0.953162670135498,0.0015063813189044595,0.9996836185455322,0.0009800820844247937,0.00031625639530830085,4,0.25,414,"tiny"
0.074462890625,4.0746297713667445e-07,"person",214192,True,0.006657047662883997,0.016114171594381332,1.866146340034902e-05,0.4762859046459198,0.0056532458402216434,0.49240007996559143,0.0005195464473217726,0.5075998306274414,0,0.9147540926933289,415,"medium"
0.046875,5.387010332924547e-06,"person",214192,True,0.017807798460125923,0.006238923408091068,7.225157332868548e-06,0.13898809254169464,0.0012327103177085519,0.1452256292104721,0.00014879675291012973,0.8547743558883667,1,0.375,415,"medium"
0.031982421875,3.325450279589859e-07,"motorcycle",214192,True,0.01842636987566948,0.0042409878224134445,4.911393716611201e-06,0.3922954201698303,0.0030708061531186104,0.3965364396572113,0.0004000368353445083,0.6034635305404663,2,0.8778625726699829,415,"medium"
0.003662109375,5.279349011289014e-07,"motorcycle",214192,True,0.09770392626523972,0.0014233518159016967,1.6483517129017855e-06,0.632209300994873,0.004026810638606548,0.6336103677749634,0.0006210343562997878,0.36638975143432617,3,1.0,415,"tiny"
0.140625,1.0461814099471667e-06,"microwave",215644,True,0.0068460749462246895,0.012877514585852623,1.4776264833926689e-05,0.0012876770924776793,0.00015149141836445779,0.014165191911160946,1.6096808394649997e-05,0.9858347773551941,0,0.9375,416,"large"
0.0029296875,5.2175382734276354e-06,"bowl",215644,True,0.008314321748912334,0.1940336972475052,0.00022264337167143822,0.781023383140564,0.005224236752837896,0.975057065486908,0.0009550020331516862,0.02494296431541443,1,1.0,416,"tiny"
0.001953125,1.0786754501168616e-05,"bowl",215644,True,0.00849903654307127,0.25297805666923523,0.0002902788983192295,0.7338235974311829,0.004843720234930515,0.9830020070075989,0.0009618414915166795,0.01699807308614254,2,0.25,416,"tiny"
0.00146484375,1.2914083526993636e-05,"bowl",215644,True,0.4471176564693451,0.18835178017616272,0.00021612367709167302,0.1418726146221161,0.0009364528814330697,0.32932358980178833,0.000322076870361343,0.6706764698028564,3,0.0,416,"tiny"
0.0009765625,4.918770628137281e-06,"bowl",215644,True,0.06727809458971024,0.5218210220336914,0.0005987620679661632,0.4118530750274658,0.002709560329094529,0.9327218532562256,0.0009117518202401698,0.06727807968854904,4,0.0,416,"tiny"
0.001953125,9.098488590097986e-06,"bowl",215644,True,0.00027588484226725996,0.20954543352127075,0.00024044229940045625,0.7899027466773987,0.005248524248600006,0.9994481801986694,0.0009779337560757995,0.000551769626326859,5,0.0,416,"tiny"
0.080078125,3.304608071630355e-07,"zebra",218424,True,0.0017383447848260403,0.7658988833427429,0.0009443882736377418,0.0915568470954895,0.0006989072426222265,0.8574557900428772,0.000910250295419246,0.14254426956176758,0,0.3231707215309143,417,"medium"
0.02294921875,1.1081199318141444e-06,"zebra",218424,True,0.00282079610042274,0.5361367464065552,0.0006610810523852706,0.3975745737552643,0.0020980187691748142,0.9337112903594971,0.0009332446497865021,0.06628870964050293,1,0.25531914830207825,417,"small"
0.10498046875,6.031270913808839e-07,"zebra",218424,True,0.005031900014728308,0.036360837519168854,4.4834570871898904e-05,0.42270997166633606,0.004006729461252689,0.45907077193260193,0.0005008955486118793,0.5409292578697205,2,0.1860465109348297,417,"large"
0.0009765625,1.817242946344777e-06,"backpack",220764,True,0.444485604763031,0.5555144548416138,0.000543024914804846,0.0,0.0,0.5555144548416138,0.000543024914804846,0.44448554515838623,0,0.5,418,"tiny"
0.428466796875,2.1555462808464654e-05,"bowl",221872,True,0.001596539979800582,0.019640613347291946,0.00030930101638659835,0.2800882160663605,0.00053375557763502,0.2995181977748871,0.0005117782857269049,0.7004818320274353,0,0.9925925731658936,419,"large"
0.078369140625,1.6327135199389886e-07,"carrot",221872,True,0.011269072070717812,0.00013786421914119273,2.171090272895526e-06,0.09557370841503143,0.00010848322563106194,0.09565700590610504,0.00010135843331227079,0.9043428897857666,1,0.4735202491283417,419,"medium"
0.177490234375,4.484003875404596e-05,"bowl",221872,True,0.0029756291769444942,0.0023975323420017958,3.775641380343586e-05,0.45678195357322693,0.0005865579005330801,0.45917946100234985,0.0005451819160953164,0.5408205986022949,2,0.7469050884246826,419,"large"
0.068603515625,5.691536557606014e-07,"carrot",221872,True,0.004254762548953295,9.390796913066879e-05,1.4788656699238345e-06,0.7010387182235718,0.0007854775758460164,0.7011029720306396,0.0007351014064624906,0.29889705777168274,3,0.2918149530887604,419,"medium"
0.046875,1.5214989446121763e-07,"carrot",221872,True,0.00027095217956230044,0.00018076518608722836,2.846696133929072e-06,0.9868135452270508,0.0010814396664500237,0.9869942665100098,0.001011264743283391,0.013005702756345272,4,0.0416666679084301,419,"medium"
0.14111328125,0.00014467851724475622,"bowl",221872,True,0.005400174763053656,0.0020639202557504177,3.250268127885647e-05,0.2176109403371811,0.0002666800864972174,0.21967485547065735,0.00024977241992019117,0.7803252339363098,5,0.11764705926179886,419,"large"
0.375,3.6824403082391655e-07,"cow",222863,True,0.0025979953352361917,0.0023698071017861366,3.7028235055913683e-06,0.0,0.0,0.0023698071017861366,3.7028235055913683e-06,0.99763023853302,0,1.0,420,"large"
0.193603515625,1.6495254158144235e-06,"person",223955,True,0.004993293434381485,0.009022503159940243,1.1073952919105068e-05,0.0010570684680715203,9.609713015379384e-05,0.010079571977257729,1.2206565770611633e-05,0.989920437335968,0,0.9798234701156616,421,"large"
0.0107421875,6.824876663813484e-07,"frisbee",223955,True,0.08763795346021652,0.0006384016014635563,7.83555265115865e-07,0.03534418344497681,0.0001782808976713568,0.035982586443424225,3.55208212567959e-05,0.964017391204834,1,0.9090909361839294,421,"small"
0.009765625,2.1550281417148653e-06,"sheep",225184,True,0.0052169319242239,0.911755383014679,0.0009097086731344461,0.03607532009482384,0.0030702403746545315,0.9478306770324707,0.0009347443701699376,0.0521693117916584,0,0.30000001192092896,422,"tiny"
0.007080078125,1.5639782304788241e-06,"sheep",225184,True,0.010909936390817165,0.2631702423095703,0.000262579444097355,0.6577327251434326,0.045360878109931946,0.9209029674530029,0.000905731983948499,0.07909703999757767,1,0.5862069129943848,422,"tiny"
0.00439453125,1.7300662875641137e-06,"dog",225184,True,0.1609053909778595,0.06293290853500366,6.279163062572479e-05,0.21299296617507935,0.012347417883574963,0.275925874710083,0.0002706482482608408,0.7240742444992065,2,0.8888888955116272,422,"tiny"
0.2998046875,1.6763341363912332e-06,"tv",226171,True,0.0028169220313429832,0.10651619732379913,0.0001868705148808658,0.028688732534646988,0.00019516143947839737,0.13520494103431702,0.0001885703532025218,0.8647950887680054,0,0.990227997303009,423,"large"
0.11474609375,1.8254073665957549e-06,"keyboard",226171,True,0.0074435132555663586,0.07882723957300186,0.00013829339877702296,0.04655996710062027,0.00013836543075740337,0.12538722157478333,0.00013832015974912792,0.8746128082275391,1,0.8553191423416138,423,"large"
0.02880859375,1.342889163424843e-06,"cup",226171,True,0.02817918360233307,0.15856318175792694,0.0002781811053864658,0.010150976479053497,2.391278940194752e-05,0.16871415078639984,0.00016964726091828197,0.8312857151031494,2,0.9322034120559692,423,"small"
0.3994140625,5.571341148424835e-07,"horse",227686,True,0.0024215071462094784,0.009603651240468025,1.5615692973369732e-05,0.0,0.0,0.009603651240468025,1.5615692973369732e-05,0.9903964400291443,0,1.0,424,"large"
0.098388671875,2.3550785499537596e-06,"sink",229311,True,0.009163030423223972,0.07618523389101028,8.323980728164315e-05,0.0006394743686541915,7.993429608177394e-05,0.07682470977306366,8.321116911247373e-05,0.9231753349304199,0,0.8908188343048096,425,"medium"
0.0048828125,1.360960823149071e-06,"bottle",229311,True,0.13721339404582977,0.09550581872463226,0.00010434944852022454,0.21842727065086365,0.002105323364958167,0.3139331042766571,0.0003080796159338206,0.6860669255256653,1,1.0,425,"tiny"
0.001953125,7.069860203046119e-06,"bowl",229311,True,0.40771785378456116,0.07767163217067719,8.486384467687458e-05,0.1068926453590393,0.0010013362625613809,0.1845642477273941,0.0001805912470445037,0.8154357075691223,2,0.75,425,"tiny"
0.0009765625,1.0344763722969219e-05,"vase",229311,True,0.6959410309791565,0.10639011859893799,0.00011624160833889619,0.1976688653230667,0.0018345140852034092,0.3040589690208435,0.00029722286853939295,0.6959409713745117,3,1.0,425,"tiny"
0.1279296875,1.9974932001787238e-05,"parking meter",230450,True,0.004650600254535675,0.015174273401498795,1.849393629527185e-05,0.3755970895290375,0.005180650390684605,0.39077135920524597,0.00043759396066889167,0.6092285513877869,0,0.9847328066825867,426,"large"
0.04833984375,6.883404921609326e-07,"parking meter",230450,True,0.016602812334895134,0.008380500599741936,1.021389562083641e-05,0.16978038847446442,0.0011024700943380594,0.1781609058380127,0.00018282289966009557,0.8218390941619873,1,0.2626262605190277,426,"medium"
0.01318359375,1.5065800198499346e-06,"parking meter",230450,True,0.054887279868125916,0.010596283711493015,1.2914421859022696e-05,0.24842537939548492,0.0013075019232928753,0.25902169942855835,0.00025633021141402423,0.7409783601760864,2,0.5185185074806213,426,"small"
0.00537109375,2.466596697558998e-06,"parking meter",230450,True,0.0028484968934208155,0.022079678252339363,2.691003101062961e-05,0.9713739156723022,0.004893572069704533,0.9843332767486572,0.0009664539829827845,0.01566673070192337,3,0.3636363744735718,426,"tiny"
0.00048828125,1.6051177453846321e-06,"parking meter",230450,True,0.012365052476525307,0.024221912026405334,2.9520922907977365e-05,0.9757781028747559,0.004794979467988014,0.9938174486160278,0.0009709991863928735,0.006182524841278791,4,0.0,426,"tiny"
0.00244140625,4.1120179048448335e-06,"motorcycle",230450,True,0.2833079695701599,0.019163789227604866,2.3356233214144595e-05,0.2725663483142853,0.0013560515362769365,0.2917301058769226,0.0002855899219866842,0.7082699537277222,5,1.0,426,"tiny"
0.00048828125,2.6314854039810598e-05,"traffic light",230450,True,6.3746501837158576e-06,0.018255122005939484,2.224877789558377e-05,0.981741726398468,0.004836166277527809,0.9999967813491821,0.0009770364267751575,3.1873250918579288e-06,6,1.0,426,"tiny"
0.0009765625,1.658828523432021e-06,"traffic light",230450,True,0.8587194085121155,0.05029755458235741,6.130111432867125e-05,0.0909830778837204,0.00044929920113645494,0.1412806361913681,0.00013810425298288465,0.8587192893028259,7,1.0,426,"tiny"
0.49267578125,0.0019680156838148832,"dining table",231527,True,0.0017280136235058308,0.004130114801228046,0.00013111474981997162,0.1244012713432312,0.000253750680712983,0.1282171905040741,0.0002468088350724429,0.8717828989028931,0,0.9762140512466431,427,"large"
0.11083984375,7.421788268402452e-07,"orange",231527,True,0.007244590204209089,0.003103144932538271,9.851253707893193e-05,0.17483030259609222,0.00019878374587278813,0.17773908376693726,0.00019521042122505605,0.8222609758377075,1,0.7533039450645447,427,"large"
0.104736328125,1.8083073882735334e-06,"cup",231527,True,0.006138904020190239,0.015746019780635834,0.0004998736549168825,0.32586023211479187,0.00036799575900658965,0.341602623462677,0.0003726235299836844,0.6583974361419678,2,0.5128205418586731,427,"large"
0.10595703125,2.3373311250907136e-06,"cup",231527,True,0.00018814211944118142,0.04169192910194397,0.0013235533842816949,0.9379211664199829,0.0010603971313685179,0.9795866012573242,0.0010700018610805273,0.020413417369127274,3,0.0276497695595026,427,"large"
0.02099609375,1.8227974578621797e-06,"knife",231527,True,0.03665221482515335,0.04388527572154999,0.0013931833673268557,0.16823555529117584,0.00017317091987933964,0.21197731792926788,0.00021144869970157743,0.7880226373672485,4,0.9069767594337463,427,"small"
0.04638671875,9.390842024004087e-07,"orange",231527,True,0.0007604649872519076,0.08856429159641266,0.0028115648310631514,0.8753139972686768,0.0009257683996111155,0.9638779759407043,0.000987074221484363,0.03612208738923073,5,0.16842105984687805,427,"medium"
0.0576171875,6.745655696249742e-07,"orange",231527,True,0.0034542386420071125,0.65941321849823,0.02093375474214554,0.13678668439388275,0.00014653100515715778,0.7961999177932739,0.000825077760964632,0.2038000524044037,6,0.050847455859184265,427,"medium"
0.0322265625,5.507597052201163e-06,"orange",231527,True,0.013173183426260948,0.35416659712791443,0.011243384331464767,0.21111837029457092,0.0002200295712100342,0.5652849674224854,0.0005704187205992639,0.43471506237983704,7,0.1818181872367859,427,"medium"
0.19873046875,1.3217112382335472e-06,"train",232538,True,0.004874101374298334,0.0025678847450762987,3.141143679386005e-06,0.005552604328840971,0.0018508682260289788,0.008120488375425339,9.897001291392371e-06,0.9918794631958008,0,0.9705159664154053,428,"large"
0.0029296875,4.393323615659028e-05,"bench",232538,True,0.3157919943332672,0.0037645776756107807,4.604987680068007e-06,0.04885943979024887,0.00024009551270864904,0.05262402072548866,5.154164318810217e-05,0.947376012802124,1,1.0,428,"tiny"
0.17919921875,3.3549730460435967e-07,"giraffe",235057,True,0.00544041907414794,0.001683213748037815,2.00263389160682e-06,0.0,0.0,0.001683213748037815,2.00263389160682e-06,0.9983168840408325,0,1.0,429,"large"
0.041259765625,1.1618988537520636e-05,"kite",236599,True,0.004275181796401739,0.04669686406850815,5.006364517612383e-05,0.7726768255233765,0.01576891541481018,0.819373607635498,0.0008346051326952875,0.18062642216682434,0,0.7573964595794678,430,"medium"
0.014404296875,4.754610927193426e-06,"kite",236599,True,0.017388099804520607,0.06729743629693985,7.214949437184259e-05,0.6762281060218811,0.008839583955705166,0.7435256242752075,0.0007367110811173916,0.25647443532943726,1,0.5932203531265259,430,"small"
0.015380859375,4.937222911394201e-06,"kite",236599,True,0.0026044072583317757,0.8745617270469666,0.0009376164525747299,0.08441886305809021,0.0011181306326761842,0.9589806795120239,0.0009511338430456817,0.041019413620233536,2,0.1269841343164444,430,"small"
0.00732421875,1.0581109563645441e-05,"kite",236599,True,7.223168358905241e-05,0.8965753316879272,0.0009612172143533826,0.10288301110267639,0.0012284538242965937,0.9994583129882812,0.0009832349605858326,0.0005417376523837447,3,0.0,430,"tiny"
0.00634765625,2.8665768695645966e-05,"kite",236599,True,0.0010593566112220287,0.9352260231971741,0.001002654549665749,0.057888198643922806,0.0006830465863458812,0.993114173412323,0.0009760335669852793,0.00688581820577383,4,0.1538461595773697,430,"tiny"
0.0009765625,4.6841363655403256e-05,"person",236599,True,0.0004554778861347586,0.7007927298545837,0.0007513189339078963,0.2987517714500427,0.0033102689776569605,0.9995445013046265,0.0009770718170329928,0.0004554778861347586,5,0.0,430,"tiny"
0.0009765625,1.39238863994251e-06,"person",236599,True,0.0007619797834195197,0.15883769094944,0.00017028968431986868,0.8404002785682678,0.009311915375292301,0.9992380738258362,0.000976772396825254,0.0007619796670041978,6,0.0,430,"tiny"
0.0009765625,4.092164999747183e-06,"person",236599,True,0.6687634587287903,0.1716955304145813,0.00018407453899271786,0.159541055560112,0.0017677679425105453,0.3312365412712097,0.00032378939795307815,0.6687634587287903,7,0.0,430,"tiny"
0.00146484375,1.0315580993847107e-06,"person",236599,True,0.06254809349775314,0.1649421900510788,0.00017683429177850485,0.7412356734275818,0.00825889315456152,0.9061778783798218,0.0008862375398166478,0.09382214397192001,8,0.0,430,"tiny"
0.0703125,1.7126689044744126e-07,"person",239347,True,0.013017465360462666,0.03721756860613823,4.036612153868191e-05,0.02552499808371067,0.0008508331957273185,0.06274256855249405,6.590605335077271e-05,0.9372575879096985,0,0.7291666865348816,431,"medium"
0.02734375,3.4525734804446984e-07,"person",239347,True,0.027731357142329216,0.027510156854987144,2.9837483452865854e-05,0.19601187109947205,0.0026488094590604305,0.22352200746536255,0.00022441970941144973,0.7764778733253479,1,0.6428571343421936,431,"small"
0.001953125,1.228474957315484e-07,"tie",239347,True,0.4016816020011902,0.02254747599363327,2.445496284053661e-05,0.17408937215805054,0.001740893698297441,0.1966368407011032,0.00019240395340602845,0.8033632040023804,2,1.0,431,"tiny"
0.20068359375,3.165330326737603e-06,"cow",240754,True,0.0048324777744710445,0.005645653698593378,7.475212441931944e-06,0.0012802367564290762,2.0240899175405502e-05,0.006925890222191811,8.461687684757635e-06,0.9930740594863892,0,0.9756690859794617,432,"large"
0.0478515625,8.936619337873708e-07,"cow",240754,True,0.018971409648656845,0.006831086240708828,9.044802936841734e-06,0.06356994062662125,0.0002892830525524914,0.07040102779865265,7.220618863357231e-05,0.9295989871025085,1,0.8367347121238708,432,"medium"
0.013916015625,4.040284238726599e-06,"cow",240754,True,0.036923520267009735,0.07737202942371368,0.00010244559962302446,0.3964677155017853,0.0015578301390632987,0.47383975982666016,0.0004692644870374352,0.5261601209640503,2,0.9298245906829834,432,"small"
0.021728515625,2.8533618205983657e-06,"clock",242411,True,0.04483170062303543,0.002494633896276355,2.4902756194933318e-06,0.0,0.0,0.002494633896276355,2.4902756194933318e-06,0.9975054264068604,0,1.0,433,"small"
0.071533203125,1.3061795698376955e-06,"car",243867,True,0.00855349563062191,0.37345650792121887,0.0003928020305465907,0.0,0.0,0.37345650792121887,0.0003928020305465907,0.6265434622764587,0,1.0,434,"medium"
0.00390625,1.015662519421312e-06,"traffic light",245102,True,0.21129246056079865,0.154830202460289,0.00015179431647993624,0.0,0.0,0.154830202460289,0.00015179431647993624,0.8451698422431946,0,1.0,435,"tiny"
0.45556640625,4.5871765905758366e-05,"person",246436,True,0.002108798362314701,0.006968315690755844,1.4639318578701932e-05,0.009280120953917503,0.00011248631199123338,0.016245625913143158,2.9140135666239075e-05,0.9837543964385986,0,0.9796355962753296,436,"large"
0.0439453125,1.9679092133628728e-07,"pizza",246436,True,0.020282061770558357,0.0384177528321743,8.070956391748041e-05,0.04902631789445877,9.737104119267315e-05,0.08730726689100266,8.918004459701478e-05,0.9126927852630615,1,0.9777777791023254,436,"medium"
0.0146484375,4.657964382204227e-06,"microwave",246436,True,0.033507294952869415,0.2554577887058258,0.0005366760888136923,0.4525536894798279,0.0008482732228003442,0.49739065766334534,0.0004929541028104722,0.502609372138977,2,0.8666666746139526,436,"small"
0.0078125,1.0520751629883307e-06,"bowl",246436,True,0.09504177421331406,0.10060130059719086,0.00021134724374860525,0.1390644609928131,0.0002575267571955919,0.23966577649116516,0.00023589147895108908,0.760334312915802,3,0.375,436,"tiny"
0.00830078125,1.9587839688028907e-06,"cup",246436,True,0.08160477876663208,0.06281179934740067,0.0001319575821980834,0.24354766309261322,0.0004514322499744594,0.30635949969291687,0.0003016834380105138,0.6936405301094055,4,1.0,436,"tiny"
0.005859375,6.281401056185132e-06,"bowl",246436,True,0.003130153752863407,0.06820891052484512,0.00014329602709040046,0.9130102396011353,0.001684520742855966,0.9812191724777222,0.0009638695046305656,0.018780922517180443,5,0.75,436,"tiny"
0.310791015625,1.9703875295817852e-05,"boat",248334,True,0.0029576681554317474,0.014720624312758446,2.1097275748616084e-05,0.04437004029750824,0.005220004823058844,0.0587221160531044,8.320526831084862e-05,0.9412778615951538,0,0.9583660364151001,437,"large"
0.00732421875,3.0323101896101434e-07,"person",248334,True,0.12399928271770477,0.03929245099425316,5.6313085224246606e-05,0.031083520501852036,9.736420906847343e-05,0.07000543922185898,6.886910705361515e-05,0.929994523525238,1,0.8666666746139526,437,"tiny"
0.0009765625,5.5642944971623365e-06,"person",248334,True,0.03063073381781578,0.8700969815254211,0.0012470041401684284,0.09927231073379517,0.00030521853477694094,0.9693692922592163,0.0009475752012804151,0.030630730092525482,2,1.0,437,"tiny"
0.4248046875,1.3804017271468183e-06,"bus",249219,True,0.0022836346179246902,0.006619035266339779,1.123775200539967e-05,0.0,0.0,0.006619035266339779,1.123775200539967e-05,0.9933809041976929,0,1.0,438,"large"
0.0048828125,1.3307362678460777e-05,"frisbee",252716,True,0.16280947625637054,0.18595260381698608,0.00018248538253828883,0.0,0.0,0.18595260381698608,0.00018248538253828883,0.8140473961830139,0,1.0,439,"tiny"
0.2177734375,1.562813167765853e-06,"person",254516,True,0.004422106314450502,0.006071107462048531,9.752782716532238e-06,0.007799229118973017,4.3693158659152687e-05,0.01387033611536026,1.731627526169177e-05,0.9861297011375427,0,0.9775784611701965,440,"large"
0.013427734375,4.167127656273806e-07,"baseball bat",254516,True,0.06676333397626877,0.0179511196911335,2.8837139325332828e-05,0.06405304372310638,0.0001651915954425931,0.08200416713953018,8.117215475067496e-05,0.9179958701133728,1,0.9272727370262146,440,"small"
0.0556640625,3.99542886952986e-06,"person",254516,True,0.011217575520277023,0.09063822031021118,0.00014560356794390827,0.2699831426143646,0.0007831273251213133,0.3605983257293701,0.00037290414911694825,0.6394017934799194,2,0.6535087823867798,440,"medium"
0.04296875,2.0496211163845146e-06,"person",254516,True,0.011756139807403088,0.09166554361581802,0.00014725388609804213,0.3910644054412842,0.001093886443413794,0.4827299416065216,0.0004925815737806261,0.5172701478004456,3,0.5909090638160706,440,"medium"
0.02783203125,1.475756198487943e-05,"person",254516,True,0.0008970779017545283,0.46072152256965637,0.0007401148905046284,0.5137118101119995,0.0013772434322163463,0.9744333028793335,0.000978838070295751,0.025566719472408295,4,0.07017543911933899,440,"small"
0.02587890625,2.7660698833642527e-06,"person",254516,True,0.009731977246701717,0.44284138083457947,0.0007113917963579297,0.29928189516067505,0.0007975533371791244,0.7421026229858398,0.0007439625333063304,0.25789740681648254,5,0.6886792182922363,440,"small"
0.00634765625,0.00027685865643434227,"bench",254516,True,0.00879006925970316,0.7837029695510864,0.0012589605757966638,0.15916164219379425,0.0004029408737551421,0.9428645372390747,0.0009266482084058225,0.0571354515850544,6,1.0,440,"tiny"
0.00244140625,9.103632328333333e-05,"person",254516,True,1.714645986794494e-05,0.7397723197937012,0.0011883892584592104,0.2601848542690277,0.0006520923925563693,0.9999572038650513,0.0009789105970412493,4.286614785087295e-05,7,0.20000000298023224,440,"tiny"
0.360107421875,4.770823238686717e-07,"cat",255965,True,0.0027077249251306057,0.0015265452675521374,2.3297143343370408e-06,0.0,0.0,0.0015265452675521374,2.3297143343370408e-06,0.9984735250473022,0,1.0,441,"large"
0.49658203125,1.027593589242315e-05,"person",257896,True,0.001952965627424419,0.006917017977684736,1.3418075468507595e-05,0.0,0.0,0.006917017977684736,1.3418075468507595e-05,0.9930830001831055,0,1.0,442,"large"
0.1630859375,5.14266957907239e-07,"person",261061,True,0.005969146732240915,0.0030101307202130556,3.6486437693383778e-06,0.00014245159400161356,4.4516127672977746e-06,0.0031525823287665844,3.6786263990506995e-06,0.99684739112854,0,0.9820359349250793,443,"large"
0.01123046875,9.008109191199765e-05,"potted plant",261061,True,0.00023094160133041441,0.6542961597442627,0.0007930862484499812,0.34304797649383545,0.0018295892514288425,0.9973442554473877,0.000985031365416944,0.00265582837164402,1,0.9130434989929199,443,"small"
0.01025390625,9.022258745972067e-05,"potted plant",261061,True,0.06410662829875946,0.24621263146400452,0.0002984395541716367,0.08066773414611816,0.0004279455461073667,0.3268803656101227,0.00032252626260742545,0.6731196045875549,2,0.4761904776096344,443,"small"
0.009765625,1.1940391004827688e-06,"baseball bat",261061,True,0.0901237353682518,0.06294559687376022,7.629769970662892e-05,0.03581714257597923,0.00018950870435219258,0.09876272827386856,9.739915549289435e-05,0.9012372493743896,3,0.20000000298023224,443,"tiny"
0.004638671875,2.6950544906867435e-06,"horse",261888,True,0.15917986631393433,0.2438957244157791,0.00023928943846840411,0.0,0.0,0.2438957244157791,0.00023928943846840411,0.7561042308807373,0,1.0,444,"tiny"
0.357666015625,7.83854557084851e-06,"train",263299,True,0.002662372775375843,0.024906011298298836,3.786546585615724e-05,0.0,0.0,0.024906011298298836,3.786546585615724e-05,0.9750940203666687,0,1.0,445,"large"
0.05224609375,1.5224326261886745e-06,"sink",267670,True,0.018371881917119026,0.015641149133443832,1.6179106751224026e-05,0.0014632089296355844,0.00039018908864818513,0.017104357481002808,1.7624275642447174e-05,0.9828956127166748,0,0.9252336621284485,446,"medium"
0.003662109375,3.229544290661579e-06,"bottle",267670,True,0.2325296401977539,0.03110150247812271,3.2171199563890696e-05,0.09691254794597626,0.001811449765227735,0.12801405787467957,0.0001254732342204079,0.8719860315322876,1,0.9333333373069763,446,"tiny"
0.238525390625,3.2077291507448535e-06,"person",270677,True,0.0040769148617982864,0.004213555715978146,5.403726390795782e-06,0.0,0.0,0.004213555715978146,5.403726390795782e-06,0.9957864880561829,0,1.0,447,"large"
0.7236328125,1.291361331823282e-05,"airplane",272136,True,0.0013439052272588015,0.004166254308074713,1.4721746993018314e-05,0.0,0.0,0.004166254308074713,1.4721746993018314e-05,0.9958337545394897,0,0.9514170289039612,448,"large"
0.005126953125,2.2467877442977624e-06,"stop sign",273617,True,0.1490543633699417,0.2174646556377411,0.0002134622191078961,0.0,0.0,0.2174646556377411,0.0002134622191078961,0.7825354933738708,0,1.0,449,"tiny"
0.364501953125,2.1787813238915987e-05,"car",274411,True,0.002374825766310096,0.00973890908062458,2.056791890936438e-05,0.10408312827348709,0.0005863839178346097,0.11359642446041107,0.0001745623303577304,0.8864035606384277,0,0.8492966890335083,450,"large"
0.134033203125,1.541646724945167e-06,"person",274411,True,0.006326735485345125,0.0050223213620483875,1.0606801879475825e-05,0.1268039494752884,0.0003064747725147754,0.13165561854839325,0.000148469815030694,0.8683444857597351,1,0.9016393423080444,450,"large"
0.0283203125,2.405155828455463e-05,"car",274411,True,0.022258348762989044,0.026622414588928223,5.6224747822852805e-05,0.32788553833961487,0.0006287355208769441,0.3545079529285431,0.0003562894416972995,0.6454920768737793,2,0.3362068831920624,450,"small"
0.010009765625,2.0969591218999994e-07,"tennis racket",274411,True,0.0763055756688118,0.0017150711501017213,3.6221142636350123e-06,0.2162310928106308,0.00040005752816796303,0.21786798536777496,0.00021491292864084244,0.7821321487426758,3,0.4878048896789551,450,"small"
0.00146484375,1.5434679880854674e-06,"sports ball",274411,True,0.620140016078949,0.001863852608948946,3.936331268050708e-06,0.06878688186407089,0.00012518087169155478,0.06979014724493027,6.825442687841132e-05,0.9302098751068115,4,1.0,450,"tiny"
0.39111328125,2.6631860237102956e-06,"person",276055,True,0.002454895991832018,0.0070183416828513145,1.3503305126505438e-05,0.010643250308930874,0.00010064540401799604,0.01681419275701046,2.6967432859237306e-05,0.9831857681274414,0,0.9675405621528625,451,"large"
0.04541015625,8.770319254836068e-06,"umbrella",276055,True,0.014215996488928795,0.003984994720667601,7.667138561373577e-06,0.3349715769290924,0.0007309800712391734,0.33895623683929443,0.00034675831557251513,0.6610437631607056,1,0.8817204236984253,451,"medium"
0.02099609375,4.781960569744115e-07,"cup",276055,True,0.04068370163440704,0.015970997512340546,3.072823164984584e-05,0.10989588499069214,0.00022694039216730744,0.12530037760734558,0.00012498791329562664,0.874699592590332,2,0.6976743936538696,451,"small"
0.01806640625,9.436948289476277e-07,"carrot",276055,True,0.04389548301696777,0.043637052178382874,8.395776967518032e-05,0.14429661631584167,0.00029705942142754793,0.18793368339538574,0.000186905701411888,0.8120664358139038,3,0.8513513803482056,451,"small"
0.009765625,2.8734120860463008e-05,"dining table",276055,True,0.0729428082704544,0.0777231976389885,0.00014953958452679217,0.19284884631633759,0.000390184810385108,0.27057206630706787,0.0002668363449629396,0.7294280529022217,4,0.800000011920929,451,"tiny"
0.00830078125,1.9588962459238246e-05,"chair",276055,True,0.10149242728948593,0.024987025186419487,4.8075093218358234e-05,0.11232741922140121,0.00022658079979009926,0.13731445372104645,0.00013521857908926904,0.86268550157547,5,1.0,451,"tiny"
0.000732421875,9.534559467283543e-06,"bottle",276055,True,0.34815192222595215,0.6340940594673157,0.001219998230226338,0.10479208827018738,0.0002081272832583636,0.7388861179351807,0.0007220973493531346,0.2611139416694641,6,1.0,451,"tiny"
0.090576171875,1.297480821449426e-06,"car",279714,True,0.010142759419977665,0.058298129588365555,6.348829629132524e-05,0.0009609636617824435,7.392028055619448e-05,0.059259094297885895,6.363392458297312e-05,0.9407409429550171,0,0.5795148015022278,452,"medium"
0.0126953125,2.0453164324862882e-05,"car",279714,True,0.03317026048898697,0.04130558669567108,4.498294219956733e-05,0.527480959892273,0.00568712642416358,0.56878662109375,0.0005625980556942523,0.4312134087085724,1,0.8461538553237915,452,"small"
0.063232421875,1.3535927791963331e-06,"backpack",281414,True,0.012881445698440075,0.1659265160560608,0.00017297525482717901,0.0,0.0,0.1659265160560608,0.00017297525482717901,0.8340736031532288,0,1.0,453,"medium"
0.0234375,5.035341814618732e-07,"orange",283070,True,0.02341575361788273,0.4352584481239319,0.00044099133810959756,0.0027635504957288504,0.0002125808096025139,0.4380219876766205,0.00043802199070341885,0.5619781017303467,0,0.5,454,"small"
0.0068359375,3.878623374475865e-06,"orange",283070,True,0.0065070935525000095,0.5698825120925903,0.0005773885641247034,0.38456788659095764,0.012818929739296436,0.9544503688812256,0.0009384959121234715,0.045549653470516205,1,0.1428571492433548,454,"tiny"
0.005859375,1.3293907841216424e-06,"orange",283070,True,0.034023117274045944,0.14916947484016418,0.00015113421250134706,0.6466917991638184,0.020861025899648666,0.7958613038063049,0.0007817890727892518,0.20413869619369507,2,1.0,454,"tiny"
0.01904296875,1.6221942189531546e-07,"giraffe",285788,True,0.050280798226594925,0.0025067829992622137,2.5378717509738635e-06,0.017017679288983345,0.0010159807279706001,0.019524462521076202,1.9436994989519008e-05,0.980475664138794,0,1.0,455,"small"
0.008056640625,2.157186600015848e-06,"giraffe",285788,True,0.08707460016012192,0.003090479178354144,3.128806838503806e-06,0.278544157743454,0.009948004968464375,0.2816346287727356,0.0002772676234599203,0.718365490436554,1,0.8484848737716675,455,"tiny"
0.00732421875,2.0302306893427158e-06,"bird",285788,True,0.09705723077058792,0.0030483996961265802,3.086206106672762e-06,0.2690223455429077,0.009357299655675888,0.2720707654953003,0.00026765448274090886,0.7279291749000549,2,1.0,455,"tiny"
0.0009765625,3.497902298477129e-06,"giraffe",285788,True,0.028691228479146957,0.0025227179285138845,2.5540041406202363e-06,0.9687861800193787,0.027483293786644936,0.9713087677955627,0.000949470850173384,0.028691230341792107,3,1.0,455,"tiny"
0.08837890625,3.624096223120432e-07,"giraffe",286849,True,0.009541523642838001,0.0015703131211921573,2.0354029857116984e-06,0.1349218338727951,0.0008328509284183383,0.13649214804172516,0.00014621549053117633,0.8635078072547913,0,0.9668508172035217,456,"medium"
0.06591796875,4.1303465536657313e-07,"giraffe",286849,True,0.010689939372241497,0.0004390959511511028,5.691458113687986e-07,0.2779900133609772,0.0015026489272713661,0.2784290909767151,0.0002910915936809033,0.7215708494186401,1,0.3296296298503876,456,"medium"
0.06494140625,2.6107119310836424e-07,"giraffe",286849,True,0.008099472150206566,0.0040306937880814075,5.224489541433286e-06,0.45735448598861694,0.0024588950909674168,0.4613851308822632,0.00048186437925323844,0.5386149287223816,2,0.34210526943206787,456,"medium"
0.02734375,8.352312192982936e-07,"giraffe",286849,True,0.03272601217031479,0.0003747024165932089,4.856803457187198e-07,0.0832970067858696,0.0003710334131028503,0.08367171138525009,8.400773367611691e-05,0.9163283705711365,3,0.6785714030265808,456,"small"
0.03515625,1.4948113857826684e-06,"giraffe",289393,True,0.02168860286474228,0.2191198170185089,0.00022427822113968432,9.052046516444534e-05,8.229133527493104e-06,0.21921032667160034,0.0002218728041043505,0.7807897329330444,0,0.8055555820465088,457,"medium"
0.0107421875,6.487782684416743e-06,"bird",289393,True,0.06010159105062485,0.12407602369785309,0.00012699695071205497,0.21480655670166016,0.005966848693788052,0.33888256549835205,0.0003345336299389601,0.6611174941062927,1,1.0,457,"small"
0.031005859375,6.4120176830329e-06,"skateboard",291551,True,0.027930287644267082,0.11320167779922485,0.00011431627353886142,1.1731754966604058e-05,5.865878392796731e-06,0.11321341246366501,0.00011409768194425851,0.8867865204811096,0,0.834645688533783,458,"medium"
0.0009765625,1.4569619452231564e-05,"bench",291551,True,2.393449358351063e-05,0.9605273008346558,0.0009699846268631518,0.0394488200545311,0.0012045440962538123,0.9999760389328003,0.0009774937061592937,2.393449358351063e-05,1,0.0,458,"tiny"
0.0009765625,1.3547143680625595e-05,"person",291551,True,8.934837387641892e-05,0.9919047951698303,0.0010016710730269551,0.008005895651876926,0.0002444548299536109,0.9999107122421265,0.0009774297941476107,8.934837387641892e-05,2,0.0,458,"tiny"
0.677734375,1.7192157883982873e-06,"umbrella",292155,True,0.0014114993391558528,0.020419489592313766,6.187723920447752e-05,0.0,0.0,0.020419489592313766,6.187723920447752e-05,0.9795805215835571,0,1.0,459,"large"
0.1064453125,6.232669989003625e-07,"car",293071,True,0.00820691417902708,0.04598100855946541,5.4544500017073005e-05,0.05946548283100128,0.0008259096066467464,0.10544648766517639,0.00011524208093760535,0.8945534825325012,0,0.9357798099517822,460,"large"
0.0703125,3.818941422650823e-06,"fire hydrant",293071,True,0.011165977455675602,0.06931402534246445,8.222305041272193e-05,0.126735657453537,0.0011627125786617398,0.19604966044425964,0.00020593454246409237,0.8039502501487732,1,0.9861111044883728,460,"medium"
0.02734375,9.139602070717956e-07,"car",297681,True,0.03487703949213028,0.02344292588531971,2.3537077140645124e-05,0.0,0.0,0.02344292588531971,2.3537077140645124e-05,0.9765570163726807,0,1.0,461,"small"
0.015625,1.112639210987254e-06,"horse",299609,True,0.06200924888253212,0.007851962931454182,7.789646588207688e-06,0.0,0.0,0.007851962931454182,7.789646588207688e-06,0.9921478629112244,0,1.0,462,"small"
0.175537109375,2.4810159970911627e-07,"skateboard",300842,True,0.004953349474817514,0.10963559150695801,0.00012986152432858944,0.0,0.0,0.10963559150695801,0.00012986152432858944,0.8903645277023315,0,1.0,463,"large"
0.10009765625,8.721767699171323e-07,"cow",302165,True,0.007183281239122152,0.07448558509349823,0.00010498321353225037,0.18955373764038086,0.0008920177351683378,0.2637137174606323,0.0002861787797883153,0.7362862825393677,0,0.9414634108543396,464,"large"
0.06787109375,2.6400357455713674e-07,"cow",302165,True,0.012515852227807045,0.002624623477458954,3.6992578316130675e-06,0.12793824076652527,0.0005211333627812564,0.1301482915878296,0.0001363523188047111,0.8698517084121704,1,0.6115108132362366,464,"medium"
0.0625,1.7179615952045424e-06,"cow",302165,True,0.00792741123586893,0.01471729762852192,2.074319672829006e-05,0.47792840003967285,0.0019078977638855577,0.4926456809043884,0.0005131725920364261,0.5073543190956116,2,0.96875,464,"medium"
0.048828125,2.0533893803076353e-06,"cow",302165,True,0.009506480768322945,0.0015688269631937146,2.211172613897361e-06,0.5231071710586548,0.0019777207635343075,0.5246760249137878,0.0005386817501857877,0.47532403469085693,3,0.6600000262260437,464,"medium"
0.0244140625,1.648719489821815e-06,"cow",302165,True,0.03613629937171936,0.0012909541837871075,1.8195268012277666e-06,0.09530159831047058,0.0003291938337497413,0.09659255295991898,9.66892548603937e-05,0.9034073352813721,4,0.4399999976158142,464,"small"
0.00390625,7.511027320106223e-07,"cow",302165,True,0.10462536662817001,0.001159742008894682,1.6345906033166102e-06,0.5803388357162476,0.0018690461292862892,0.5814986228942871,0.0005700967158190906,0.41850146651268005,5,0.25,464,"tiny"
0.138916015625,8.822260042506969e-07,"horse",303653,True,0.006211495026946068,0.004237751942127943,5.62409059057245e-06,0.11217717826366425,0.0008746759849600494,0.11641491949558258,0.000132027140352875,0.8835850358009338,0,0.9912126660346985,465,"large"
0.060302734375,4.546734828636545e-07,"horse",303653,True,0.015194480307400227,0.0009041748708114028,1.1999665048278985e-06,0.0608365498483181,0.00029143254505470395,0.061740726232528687,6.416286487365142e-05,0.9382593035697937,1,0.5748987793922424,465,"medium"
0.0341796875,3.051555381716753e-07,"person",303653,True,0.011527586728334427,0.0010723351733759046,1.4231388831831282e-06,0.5954622030258179,0.002528501907363534,0.5965344905853271,0.0006031693774275482,0.40346553921699524,2,0.9071428775787354,465,"medium"
0.029296875,4.474299828416406e-07,"person",303653,True,0.029384810477495193,0.0006455624243244529,8.567517397750635e-07,0.1178101897239685,0.0004898552433587611,0.11845576763153076,0.0001191707924590446,0.881544291973114,3,0.2666666805744171,465,"small"
0.00146484375,2.9365408408921212e-05,"horse",303653,True,0.17500483989715576,0.24411050975322723,0.0003239688230678439,0.4933822751045227,0.001834134804084897,0.7374927997589111,0.000721264339517802,0.26250725984573364,4,1.0,465,"tiny"
0.015625,4.965920652466593e-06,"truck",305695,True,0.052933670580387115,0.10662475228309631,0.00010813869448611513,0.04643653333187103,0.0021107515785843134,0.15306128561496735,0.0001518465141998604,0.8469387292861938,0,1.0,466,"small"
0.00927734375,1.135819388764503e-06,"zebra",305695,True,0.09225957840681076,0.013675393536686897,1.3869569556845818e-05,0.1098586693406105,0.003854690585285425,0.12353405356407166,0.00012176842574262992,0.8764658570289612,1,0.5263158082962036,466,"tiny"
0.0029296875,2.2579745291295694e-06,"zebra",305695,True,0.10335827618837357,0.2755917012691498,0.00027950480580329895,0.4143335521221161,0.011838103644549847,0.6899252533912659,0.0006757348892278969,0.3100748062133789,2,0.1666666716337204,466,"tiny"
0.00390625,5.045126272307243e-07,"zebra",305695,True,0.06174536794424057,0.22625592350959778,0.00022946848184801638,0.5267626643180847,0.015493019483983517,0.7530186176300049,0.0007382535259239376,0.24698147177696228,3,0.0,466,"tiny"
0.00244140625,6.344172902572609e-07,"zebra",305695,True,0.0094186682254076,0.0743468701839447,7.540250226156786e-05,0.902106523513794,0.02541145123541355,0.9764533042907715,0.0009559013997204602,0.023546671494841576,4,0.4000000059604645,466,"tiny"
0.0029296875,3.8439898730757704e-07,"zebra",305695,True,0.0042625293135643005,0.07803860306739807,7.914667367003858e-05,0.9091736078262329,0.0259763952344656,0.9872123599052429,0.0009669075370766222,0.012787585146725178,5,0.0,466,"tiny"
0.128173828125,2.2513278963742778e-05,"dining table",307172,True,0.006533383391797543,0.0607861690223217,0.00035915017360821366,0.08246687799692154,0.00011370820720912889,0.14249345660209656,0.00015961182361934334,0.8575065732002258,0,0.8780952095985413,467,"large"
0.542724609375,2.878547036289092e-07,"pizza",307172,True,0.0017570980126038194,0.0031286871526390314,1.8485596228856593e-05,0.021020988002419472,6.995337025728077e-05,0.023492824286222458,5.0171540351584554e-05,0.9765072464942932,1,0.9734593033790588,467,"large"
0.16552734375,2.418461690467666e-06,"person",307172,True,0.005370688159018755,0.0048470934852957726,2.863866393454373e-05,0.08482231944799423,0.0001237378892255947,0.08966850489377975,0.00010493682202650234,0.9103314876556396,2,0.8554572463035583,467,"large"
0.22265625,1.0556017286944552e-06,"person",308545,True,0.00409176480025053,0.014317430555820465,2.125824903487228e-05,0.05297761410474777,0.00042896854574792087,0.06707769632339478,8.426846034126356e-05,0.93292236328125,0,0.8837719559669495,468,"large"
0.12060546875,3.5051292002208356e-07,"horse",308545,True,0.007223412860184908,0.03565475344657898,5.293950016493909e-05,0.07250449061393738,0.00031800215947441757,0.10790851712226868,0.0001198317768285051,0.8920915126800537,1,0.9230769276618958,468,"large"
0.244140625,9.314528142567724e-06,"toilet",309495,True,0.003992673009634018,0.0018317719222977757,2.3666304969083285e-06,0.0,0.0,0.0018317719222977757,2.3666304969083285e-06,0.9981682300567627,0,1.0,469,"large"
0.66796875,8.121514838421717e-06,"laptop",310980,True,0.0012943482724949718,0.0031498319003731012,5.971245263935998e-05,0.11151601374149323,0.00038821937050670385,0.11466585099697113,0.00033725250978022814,0.8853341937065125,0,0.9130116701126099,470,"large"
0.206298828125,5.031384375797643e-07,"teddy bear",310980,True,0.003512774594128132,0.009473809041082859,0.00017959828255698085,0.24845261871814728,0.0003269113367423415,0.25792643427848816,0.0003173502627760172,0.742073655128479,1,0.9479289650917053,470,"large"
0.07421875,8.77798697729304e-07,"keyboard",310980,True,0.012577451765537262,0.003046558704227209,5.775467798230238e-05,0.04106717184185982,4.587230068864301e-05,0.044113729149103165,4.653347423300147e-05,0.9558862447738647,2,0.5789473652839661,470,"medium"
0.25,3.495109012874309e-06,"train",311883,True,0.003892358625307679,0.0035562515258789062,4.63053629573551e-06,0.0,0.0,0.0035562515258789062,4.63053629573551e-06,0.9964436888694763,0,1.0,471,"large"
0.04833984375,9.77652007350116e-07,"carrot",313562,True,0.019204596057534218,0.03634984418749809,3.8082605897216126e-05,0.01302286796271801,0.000651143491268158,0.04937271028757095,5.0664668378885835e-05,0.9506273865699768,0,0.5959596037864685,472,"medium"
0.0166015625,4.058484591951128e-06,"person",313562,True,0.05116468667984009,0.07861661911010742,8.236418943852186e-05,0.05158377066254616,0.0009825479937717319,0.13020038604736328,0.00012929532385896891,0.8697996735572815,1,1.0,472,"small"
0.0029296875,1.115408053919964e-06,"carrot",313562,True,0.012889578938484192,0.05036946386098862,5.277053060126491e-05,0.9109617471694946,0.013698674738407135,0.961331307888031,0.0009415586828254163,0.03866873309016228,2,0.3333333432674408,472,"tiny"
0.044677734375,2.5225635909009725e-06,"person",314709,True,0.021664947271347046,0.008809802122414112,9.05892375158146e-06,1.8908382116933353e-05,3.288414518465288e-06,0.008828709833323956,9.02500505617354e-06,0.9911711812019348,0,0.8852459192276001,473,"medium"
0.005615234375,1.7813325712268124e-06,"skis",314709,True,0.15298281610012054,0.04480443894863129,4.607140363077633e-05,0.07554440945386887,0.001651243888773024,0.12034885585308075,0.00011819185601780191,0.8796511888504028,1,1.0,473,"tiny"
0.374267578125,3.1931806461216183e-06,"bed",317999,True,0.0024268825072795153,0.011781718581914902,3.0483100999845192e-05,0.05811565741896629,0.00022857682779431343,0.0698973760008812,0.00010908681724686176,0.9301027059555054,0,0.9380300045013428,474,"large"
0.13330078125,3.0144414608912484e-07,"person",317999,True,0.0065473830327391624,0.0028893800918012857,7.475757684005657e-06,0.10339861363172531,0.000206281547434628,0.1062823086977005,0.00011975473171332851,0.8937176465988159,1,0.7234432101249695,474,"large"
0.09912109375,1.0846158602362266e-06,"person",317999,True,0.00819591898471117,0.002276521408930421,5.890094143978786e-06,0.16583776473999023,0.000309398805256933,0.16811427474021912,0.0001822376943891868,0.831885814666748,2,0.9162561297416687,474,"medium"
0.01611328125,9.713769486552337e-07,"book",317999,True,0.042550425976514816,0.014020753093063831,3.627620390034281e-05,0.2937246859073639,0.00047279626596719027,0.29791808128356934,0.0002957003307528794,0.7020820379257202,3,0.8181818127632141,474,"small"
0.03759765625,1.1781507964769844e-06,"traffic light",319607,True,0.02331405319273472,0.06938856095075607,7.116776396287605e-05,0.03302048146724701,0.0031448081135749817,0.10240903496742249,0.00010391583055024967,0.8975909352302551,0,0.948051929473877,475,"medium"
0.00537109375,6.304788712441223e-06,"bus",319607,True,0.14338599145412445,0.10718084871768951,0.00010992908937623724,0.10419623553752899,0.0023953160271048546,0.2113770842552185,0.00020753766875714064,0.7886228561401367,1,0.9090909361839294,475,"tiny"
0.0048828125,2.1124428712937515e-06,"bicycle",319607,True,0.16308066248893738,0.17216940224170685,0.00017658401338849217,0.012427359819412231,0.00028244004352018237,0.18459676206111908,0.0001811548281693831,0.8154032230377197,2,0.5,475,"tiny"
0.24560546875,8.396484645345481e-07,"zebra",320632,True,0.00203243107534945,0.0007892118883319199,3.8781918192398734e-06,0.48808908462524414,0.0008562967414036393,0.4888436198234558,0.0006328073795884848,0.5111563801765442,0,0.6003975868225098,476,"large"
0.43896484375,1.2386549315124284e-06,"zebra",320632,True,0.0010639441898092628,0.0007867981912568212,3.866330189339351e-06,0.5210508108139038,0.0013987941201776266,0.521757185459137,0.0009081935277208686,0.4782429039478302,1,0.5717464089393616,476,"large"
0.0810546875,4.4175530433676613e-07,"zebra",320632,True,0.007810577750205994,0.0010880602058023214,5.3467333600565325e-06,0.35068005323410034,0.00047517623170278966,0.35172203183174133,0.0003737747319974005,0.6482779383659363,2,0.8975903391838074,476,"medium"
0.0224609375,1.196173229800479e-06,"zebra",320632,True,0.021406417712569237,0.0005425354465842247,2.6660218281904235e-06,0.5071378946304321,0.0006355111254379153,0.5076524019241333,0.0005071452469564974,0.4923476278781891,3,0.260869562625885,476,"small"
0.0126953125,9.226063752976188e-07,"zebra",320632,True,0.041987791657447815,0.0005913710338063538,2.9060001907055266e-06,0.45356738567352295,0.0005616933340206742,0.4541587829589844,0.00044921739026904106,0.5458412766456604,4,0.6153846383094788,476,"small"
0.00244140625,4.7854759941401426e-06,"zebra",320632,True,0.12358395010232925,0.000666991516482085,3.2775999443401815e-06,0.6903799772262573,0.0008434698102064431,0.6910400986671448,0.0006764954887330532,0.30895984172821045,5,0.4000000059604645,476,"tiny"
0.599609375,8.723791893316957e-07,"motorcycle",321557,True,0.0016141789965331554,0.008894139900803566,2.1693025701097213e-05,0.0,0.0,0.008894139900803566,2.1693025701097213e-05,0.9911057949066162,0,1.0,477,"large"
0.1171875,4.592681307258317e-06,"couch",322895,True,0.0035148710012435913,0.07682184875011444,0.00010699421545723453,0.5014358758926392,0.0026886642444878817,0.5782155394554138,0.0006396189564839005,0.42178452014923096,0,0.8416666388511658,478,"large"
0.119140625,8.744671504246071e-06,"couch",322895,True,0.002365345833823085,0.03755535930395126,5.2305513236206025e-05,0.6738724708557129,0.0036623503547161818,0.7114278674125671,0.0007887227111496031,0.28857219219207764,1,0.8442623019218445,478,"large"
0.02294921875,1.0372114047640935e-06,"couch",322895,True,0.0015015763929113746,0.17001375555992126,0.00023678796424064785,0.7946992516517639,0.002813094761222601,0.9647130370140076,0.0009642309159971774,0.035287044942379,2,0.08510638028383255,478,"small"
0.01953125,2.61159175352077e-06,"chair",322895,True,0.012839528732001781,0.08385415375232697,0.0001167885129689239,0.6593565344810486,0.0023014189209789038,0.7432094812393188,0.0007402484770864248,0.2567905783653259,3,0.2750000059604645,478,"small"
0.0166015625,1.3337526070245076e-06,"chair",322895,True,0.03091893158853054,0.21113134920597076,0.00029405480017885566,0.26324689388275146,0.0009108888916671276,0.4743782877922058,0.00047108071157708764,0.5256218314170837,4,0.14705882966518402,478,"small"
0.0029296875,2.991535438923165e-06,"bowl",322895,True,0.22985662519931793,0.12328270077705383,0.000171702922671102,0.18714752793312073,0.0006176485912874341,0.31043022871017456,0.00030404527205973864,0.689569890499115,5,1.0,478,"tiny"
0.0009765625,2.3681042875978164e-05,"vase",322895,True,0.8013936877250671,0.14296284317970276,0.00019911261915694922,0.05564352497458458,0.0001824378123274073,0.19860637187957764,0.00019414116104599088,0.8013935685157776,6,1.0,478,"tiny"
0.35205078125,1.918511571830095e-07,"zebra",325306,True,0.0027678972110152245,0.002173216547816992,3.2753828236309346e-06,0.0,0.0,0.002173216547816992,3.2753828236309346e-06,0.9978269338607788,0,1.0,479,"large"
0.01708984375,2.902597771026194e-06,"person",326542,True,0.05600639805197716,0.019888129085302353,1.9759690985665657e-05,0.0,0.0,0.019888129085302353,1.9759690985665657e-05,0.9801119565963745,0,0.9142857193946838,480,"small"
0.03125,1.8612499275150185e-07,"donut",328117,True,0.02115115150809288,0.125878244638443,0.00014949910109862685,0.1972850263118744,0.0013152335304766893,0.3231632709503174,0.0003257694188505411,0.6768368482589722,0,0.90625,481,"medium"
0.02734375,4.571894862692716e-07,"donut",328117,True,0.005016446113586426,0.14813847839832306,0.00017593642405699939,0.711401104927063,0.0046194870956242085,0.8595396280288696,0.0008629914955236018,0.14046050608158112,1,0.2857142984867096,481,"small"
0.01611328125,6.939888521628745e-07,"donut",328117,True,0.0024953491520136595,0.13823671638965607,0.0001641765993554145,0.8205901384353638,0.004958248231559992,0.9588267803192139,0.0009516890277154744,0.041173264384269714,2,0.24242424964904785,481,"small"
0.01904296875,4.868413725489518e-07,"donut",328117,True,0.009852109476923943,0.08944417536258698,0.00010622823901940137,0.7184398174285889,0.004421168006956577,0.8078839778900146,0.000804264796897769,0.1921161413192749,3,0.4615384638309479,481,"small"
0.021484375,5.315313345022332e-08,"donut",328117,True,0.0025161467492580414,0.08852409571409225,0.00010513551387703046,0.8561206459999084,0.0053507545962929726,0.9446447491645813,0.0009427593322470784,0.055355221033096313,4,0.04545454680919647,481,"small"
0.01611328125,1.290133582187991e-07,"donut",328117,True,0.028741145506501198,0.08432277292013168,0.00010014582221629098,0.4415719509124756,0.002660072408616543,0.5257712006568909,0.0005218573496676981,0.4742288291454315,5,0.7878788113594055,481,"small"
0.015625,5.32258184193779e-07,"donut",328117,True,0.0014927031006664038,0.08531319350004196,0.00010132208262803033,0.8908036947250366,0.0053662871941924095,0.9761167764663696,0.0009683698299340904,0.02388324961066246,6,0.125,481,"small"
0.01416015625,1.3064051529454446e-07,"donut",328117,True,0.009158177301287651,0.08732879906892776,0.00010371592361479998,0.7798776030540466,0.004655986558645964,0.8672064542770386,0.0008590456563979387,0.13279356062412262,7,0.0,481,"small"
0.01220703125,1.82965493422671e-07,"donut",328117,True,0.04522285610437393,0.07927845418453217,9.415493695996702e-05,0.35543590784072876,0.0020969670731574297,0.4347143769264221,0.00042977198609150946,0.5652856826782227,8,0.07999999821186066,481,"small"
0.0048828125,9.981981463624834e-08,"donut",328117,True,0.0006762281991541386,0.08773180097341537,0.00010419454338261858,0.908976137638092,0.005120993126183748,0.9966188073158264,0.0009780362015590072,0.0033811405301094055,9,0.0,481,"tiny"
0.13671875,4.188401362625882e-05,"chair",329319,True,0.005494059529155493,0.07088319212198257,0.00011918150266865268,0.15997131168842316,0.000552101235371083,0.23083172738552094,0.00026112189516425133,0.7691681981086731,0,0.6857143044471741,482,"large"
0.212158203125,8.486826175158058e-08,"cat",329319,True,0.0045458050444722176,0.004022965207695961,6.764128102076938e-06,0.008451475761830807,3.9771650335751474e-05,0.012423895299434662,1.5399931726278737e-05,0.9875761866569519,1,0.9815880060195923,482,"large"
0.07080078125,3.3473916118964553e-06,"dining table",329319,True,0.010824267752468586,0.04061295837163925,6.828576442785561e-05,0.17462769150733948,0.0004894959856756032,0.21524064242839813,0.0002262119232909754,0.7847594022750854,2,0.8068965673446655,482,"medium"
0.24853515625,1.5583705135213677e-06,"clock",331317,True,0.0039194063283503056,0.002511147176846862,3.2633495266054524e-06,0.0,0.0,0.002511147176846862,3.2633495266054524e-06,0.997488796710968,0,1.0,483,"large"
0.18603515625,3.582003103019815e-07,"sheep",332901,True,0.004897926934063435,0.06522805988788605,7.928054401418194e-05,0.001716960221529007,0.00015971725224517286,0.06694502383470535,8.031797187868506e-05,0.9330549240112305,0,0.9842519760131836,484,"large"
0.009521484375,2.8474680675572017e-06,"person",332901,True,0.09145409613847733,0.06573761999607086,7.989988807821646e-05,0.04258502647280693,0.00022237616940401495,0.1083226427435875,0.00010680075502023101,0.89167720079422,1,0.3076923191547394,484,"tiny"
0.0009765625,2.7085523470304906e-05,"person",332901,True,3.1820723961573094e-05,0.7088343501091003,0.0008615428814664483,0.29113391041755676,0.00145385239738971,0.9999681711196899,0.000977486139163375,3.182072032359429e-05,2,1.0,484,"tiny"
0.09814453125,9.361168622490368e-07,"bus",334371,True,0.00843379832804203,0.0018581259064376354,2.1468817976710852e-06,0.150545135140419,0.0025956060271710157,0.15240326523780823,0.00016502791550010443,0.8475966453552246,0,0.9502487778663635,485,"medium"
0.044921875,1.6484594880239456e-06,"bus",334371,True,0.019678505137562752,0.0040779137052595615,4.711628207587637e-06,0.09071099013090134,0.0008063199929893017,0.09478889405727386,9.69211760093458e-05,0.9052110910415649,1,0.47826087474823,485,"medium"
0.00634765625,4.325035661167931e-06,"person",334371,True,0.13512645661830902,0.0055229999125003815,6.381281764333835e-06,0.11615491658449173,0.0007641770062036812,0.12167792022228241,0.00011958517279708758,0.8783220648765564,2,1.0,485,"tiny"
0.0029296875,7.900816854089499e-06,"bus",334371,True,6.025057518854737e-05,0.035170186311006546,4.06356921303086e-05,0.9646490216255188,0.006203531287610531,0.999819278717041,0.0009792550699785352,0.0001807517110137269,3,0.3333333432674408,485,"tiny"
0.00244140625,5.167138397155213e-07,"traffic light",334371,True,0.002657693112269044,0.7300570607185364,0.0008435090421698987,0.26329874992370605,0.0016878125024959445,0.9933558106422424,0.0009724481496959925,0.006644232664257288,4,0.0,485,"tiny"
0.223388671875,1.6844875062815845e-05,"bowl",335427,True,0.003498179605230689,0.042084261775016785,7.491635187761858e-05,0.15784457325935364,0.0006695421761833131,0.19979149103164673,0.00025123104569502175,0.800208568572998,0,0.9934425950050354,486,"large"
0.044677734375,1.0397813639428932e-05,"fork",335427,True,0.016060220077633858,0.015318342484533787,2.726897037064191e-05,0.2500351369380951,0.0005999644054099917,0.2652450203895569,0.00027114240219816566,0.7347550392150879,1,0.30054643750190735,486,"medium"
0.022705078125,2.8024621769873193e-06,"spoon",335427,True,0.030633626505732536,0.026568789035081863,4.729647116619162e-05,0.26129624247550964,0.0005948691396042705,0.28776830434799194,0.00028755265520885587,0.7122317552566528,2,0.301075279712677,486,"small"
0.059814453125,2.681462092368747e-07,"broccoli",335427,True,0.009291572496294975,0.14777179062366486,0.0002630561648402363,0.28312230110168457,0.0007056008325889707,0.43089112639427185,0.00044756289571523666,0.569108784198761,3,0.2775510251522064,486,"medium"
0.038818359375,9.232272191184165e-08,"broccoli",335427,True,0.0013013186398893595,0.2052638977766037,0.00036540089058689773,0.7430092096328735,0.0017565233865752816,0.9482724666595459,0.0009634469752199948,0.051727402955293655,4,0.10062892735004425,486,"medium"
0.030517578125,2.4561745703977067e-07,"broccoli",335427,True,0.014926835894584656,0.222069650888443,0.000395317591028288,0.31146952509880066,0.0007205772562883794,0.533536434173584,0.0005374328466132283,0.4664636254310608,5,0.3840000033378601,486,"medium"
0.025390625,1.1581364134372052e-07,"broccoli",335427,True,0.00221123150549829,0.2685128152370453,0.00047799345338717103,0.6739954352378845,0.001541441772133112,0.9425080418586731,0.0009443968301638961,0.05749202147126198,6,0.0,486,"small"
0.006103515625,2.1480543921370554e-07,"broccoli",335427,True,4.512712257564999e-05,0.2888946831226349,0.0005142762674950063,0.7108232975006104,0.0015579689061269164,0.9997179508209229,0.0009822824504226446,0.00028204452246427536,7,0.0,486,"tiny"
0.0029296875,1.7371154399370425e-06,"broccoli",335427,True,1.458499468753871e-06,0.7954923510551453,0.001416096929460764,0.20450317859649658,0.0004452982102520764,0.9999955892562866,0.0009794277139008045,4.3754980652011e-06,8,0.0,486,"tiny"
0.572509765625,0.0017012521857395768,"bus",336628,True,0.0015007838374003768,0.002410435350611806,0.00012855656677857041,0.11803741008043289,0.00027724585379473865,0.12016543745994568,0.0002745070378296077,0.8798344135284424,0,0.8989338874816895,487,"large"
0.233642578125,9.607566653357935e-07,"person",336628,True,0.003288903273642063,0.007226324640214443,0.0003854040405713022,0.20799937844276428,0.0002705683291424066,0.21312987804412842,0.0002715895534493029,0.786870002746582,1,0.8349007368087769,487,"large"
0.130615234375,1.6724748093110975e-06,"person",336628,True,0.006884609814733267,0.010294630192220211,0.0005490470211952925,0.06912606209516525,7.893356814747676e-05,0.07918351143598557,8.894526399672031e-05,0.9208164215087891,2,0.4261682331562042,487,"large"
0.0419921875,3.479166480246931e-05,"person",336628,True,0.01365338359028101,0.08169808238744736,0.0043572308495640755,0.336948037147522,0.0003499849699437618,0.4129045009613037,0.0004209016333334148,0.5870954990386963,3,0.6279069781303406,487,"medium"
0.009765625,3.452737655607052e-05,"person",336628,True,0.010205654427409172,0.673990786075592,0.03594617918133736,0.22395272552967072,0.00022502160572912544,0.8979434967041016,0.0008855459745973349,0.10205652564764023,4,0.6000000238418579,487,"tiny"
0.000244140625,4.213796600538444e-08,"cell phone",336628,True,1.6934098312049173e-05,0.04405701532959938,0.0023497077636420727,0.9559429287910461,0.0009509505471214652,0.9999957084655762,0.0009767968440428376,4.233524123264942e-06,5,0.0,487,"tiny"
0.10498046875,1.0242739563182113e-06,"train",338986,True,0.009270289912819862,0.003443885361775756,3.7576489830826176e-06,0.0,0.0,0.003443885361775756,3.7576489830826176e-06,0.9965561628341675,0,1.0,488,"large"
0.0029296875,1.2655728824029211e-05,"snowboard",341719,True,0.0002367451088503003,0.9992860555648804,0.0009796923259273171,3.7453155528055504e-06,3.7453160075529013e-06,0.9992897510528564,0.0009787364397197962,0.00071023526834324,0,0.3333333432674408,489,"tiny"
0.0009765625,8.066407644946594e-06,"skis",341719,True,1.38432951644063e-05,0.9990596175193787,0.0009794702054932714,0.0009265051921829581,0.0003088350349571556,0.9999861121177673,0.0009775034850463271,1.3843296073901001e-05,1,1.0,489,"tiny"
0.0146484375,3.079451062149019e-06,"fire hydrant",343315,True,0.0651615783572197,0.022576428949832916,2.237505577795673e-05,0.0,0.0,0.022576428949832916,2.237505577795673e-05,0.9774235486984253,0,1.0,490,"small"
0.2392578125,2.6204493224213365e-06,"bed",347174,True,0.0038480411749333143,0.007193910889327526,1.3827797374688089e-05,0.05007625371217728,0.00019334463286213577,0.05722996965050697,7.346595521084964e-05,0.9427699446678162,0,0.9326530694961548,491,"large"
0.2529296875,6.157147254270967e-07,"person",347174,True,0.00342896138317883,0.006585312075912952,1.2657976185437292e-05,0.10531951487064362,0.000429875566624105,0.11189897358417511,0.00014627317432314157,0.8881009817123413,1,0.8832046389579773,491,"large"
0.60400390625,1.3377233472056105e-06,"couch",347930,True,0.0015380318509414792,0.007569055072963238,3.2346390071325004e-05,0.04122961312532425,0.00023763465287629515,0.048727452754974365,0.0001201663471874781,0.9512726664543152,0,0.9620048403739929,492,"large"
0.162109375,7.305263949319851e-08,"dog",347930,True,0.005837016738951206,0.002918595913797617,1.247263207915239e-05,0.028396666049957275,4.536208507488482e-05,0.031055351719260216,3.6195047869114205e-05,0.968944787979126,1,0.9337349534034729,492,"large"
0.00732421875,8.100835657387506e-06,"sports ball",347930,True,0.103867307305336,0.018661977723240852,7.975204789545387e-05,0.20233330130577087,0.00025857295258902013,0.22099527716636658,0.00021740807278547436,0.779004693031311,2,0.8666666746139526,492,"tiny"
0.076904296875,4.3806022631542874e-07,"giraffe",349302,True,0.011020323261618614,0.13214954733848572,0.00013980380026623607,0.0,0.0,0.13214954733848572,0.00013980380026623607,0.8678504824638367,0,1.0,493,"medium"
0.2001953125,3.0068750334066863e-07,"zebra",350488,True,0.00486613716930151,0.0024420320987701416,2.9817242648277897e-06,0.0,0.0,0.0024420320987701416,2.9817242648277897e-06,0.9975581169128418,0,1.0,494,"large"
0.1201171875,5.644828434014926e-06,"bowl",351609,True,0.006753124296665192,0.02451220341026783,9.3916489277035e-05,0.14513081312179565,0.00022553351300302893,0.1693658083677292,0.00018797536904457957,0.8306342959403992,0,1.0,495,"large"
0.62841796875,3.548784661688842e-06,"orange",351609,True,0.001470951596274972,0.05259973555803299,0.00020153158402536064,0.0008594130631536245,6.987098913668888e-06,0.053442757576704025,0.00014045405259821564,0.9465572237968445,1,0.5951825976371765,495,"large"
0.766845703125,0.0003565794904716313,"bowl",352900,True,0.0009932523826137185,0.11124736815690994,0.0010022287024185061,0.10897515714168549,0.0008366616093553603,0.2200486660003662,0.0009216699399985373,0.779951274394989,0,0.9949060678482056,496,"large"
0.042724609375,2.8561751719280437e-07,"broccoli",352900,True,0.02068370208144188,0.008414244279265404,7.580401143059134e-05,0.08667432516813278,9.96829621726647e-05,0.09508810937404633,9.700395457912236e-05,0.9049118757247925,1,0.4571428596973419,496,"medium"
0.017822265625,2.896568958021817e-06,"knife",352900,True,0.048791322857141495,0.02155708707869053,0.00019420801254455,0.08800134062767029,9.835300443228334e-05,0.10955841839313507,0.0001089320721803233,0.8904415369033813,2,0.465753436088562,496,"small"
0.027587890625,2.9489288522199786e-07,"broccoli",352900,True,0.019017573446035385,0.02299368754029274,0.0002071503404295072,0.439786434173584,0.0004963729297742248,0.4627535343170166,0.00046472862595692277,0.5372464656829834,3,0.4247787594795227,496,"small"
0.021484375,1.888192429078117e-07,"broccoli",352900,True,0.030071545392274857,0.052865322679281235,0.0004762641619890928,0.2855810225009918,0.00032015808392316103,0.33842599391937256,0.0003377505054231733,0.6615740060806274,4,0.5,496,"small"
0.013671875,5.805316618534562e-07,"broccoli",352900,True,6.254861364141107e-05,0.6058005094528198,0.005457662045955658,0.39332395792007446,0.0004375127318780869,0.9991244077682495,0.0009892320958897471,0.0008756805909797549,5,0.0,496,"small"
0.00390625,6.222502975106181e-07,"broccoli",352900,True,3.126241063000634e-05,0.22219382226467133,0.0020017463248223066,0.7776809930801392,0.000855534803122282,0.9998748898506165,0.000980269629508257,0.00012504962796811014,6,0.0,496,"tiny"
0.205078125,4.5854676500312053e-07,"car",354829,True,0.004689732100814581,0.014211460016667843,1.7632086382946e-05,0.0009448708733543754,0.00011810887372121215,0.015156330540776253,1.861957207438536e-05,0.9848436117172241,0,0.9904761910438538,497,"large"
0.0078125,4.619433639163617e-06,"fire hydrant",354829,True,0.11239171773195267,0.038563285022974014,4.7845263907220215e-05,0.06230299174785614,0.00029668089700862765,0.10086627304553986,9.927782230079174e-05,0.8991338014602661,1,1.0,497,"tiny"
0.572265625,1.9971585061284713e-06,"bowl",356347,True,0.0014208958018571138,0.10167263448238373,0.0006218509515747428,0.0656825602054596,0.00023928073642309755,0.16735519468784332,0.00038208949263207614,0.8326449394226074,0,0.967576801776886,498,"large"
0.22021484375,0.0001867646788014099,"bowl",356347,True,0.0031212735921144485,0.13879719376564026,0.0008489125175401568,0.1573556661605835,0.0002478041860740632,0.29615283012390137,0.0003708864387590438,0.7038471698760986,1,0.6829268336296082,498,"large"
0.0478515625,2.3871299958955206e-07,"spoon",356347,True,0.01603183150291443,0.07093226164579391,0.00043383645243011415,0.14350798726081848,0.00017684286285657436,0.2144402265548706,0.00021993869449943304,0.7855597138404846,2,0.8367347121238708,498,"medium"
0.59814453125,7.627788249919831e-07,"pizza",357430,True,0.0016065005911514163,0.01601848192512989,3.892705717589706e-05,0.0,0.0,0.01601848192512989,3.892705717589706e-05,0.9839814901351929,0,1.0,499,"large"
0.81396484375,0.00011173091479577124,"pizza",357903,True,0.0011519365943968296,0.03961708024144173,0.00022382530733011663,0.00024390584439970553,1.8067099517793395e-05,0.039860986173152924,0.00020924402633681893,0.9601391553878784,0,0.9232153296470642,500,"large"
0.01318359375,2.6188768970314413e-05,"pizza",357903,True,0.0032557244412600994,0.5827926993370056,0.0032926141284406185,0.37325507402420044,0.0004478165355976671,0.956047773361206,0.0009461136069148779,0.043952278792858124,1,1.0,500,"small"
0.31298828125,6.668751098004577e-07,"pizza",359219,True,0.0027983568143099546,0.007676281034946442,1.5827383322175592e-05,0.09545047581195831,0.00043684427510015666,0.10312676429748535,0.0001465909881517291,0.8968733549118042,0,0.9968798756599426,501,"large"
0.154296875,1.814419761103636e-07,"pizza",359219,True,0.005051925778388977,0.009062266908586025,1.8685088434722275e-05,0.1927470862865448,0.000503914023283869,0.2017958015203476,0.0002330205898033455,0.7982041239738464,1,0.8386076092720032,501,"large"
0.0361328125,2.1411948125660274e-07,"knife",359219,True,0.024607645347714424,0.001154499244876206,2.380411160629592e-06,0.08836602419614792,0.00017567799659445882,0.08951724320650101,9.069630323210731e-05,0.9104827642440796,2,0.6216216087341309,501,"medium"
0.0244140625,5.756222662967048e-07,"fork",359219,True,0.03436778858304024,0.005529135465621948,1.1400280527595896e-05,0.13530170917510986,0.0002629771188367158,0.14080528914928436,0.00014094625657889992,0.8591946363449097,3,0.4399999976158142,501,"small"
0.0068359375,3.7920824524917407e-06,"sink",360564,True,0.12172099202871323,0.14795313775539398,0.00014547999307978898,0.0,0.0,0.14795313775539398,0.00014547999307978898,0.8520468473434448,0,1.0,502,"tiny"
0.00537109375,1.5637101569154765e-07,"skateboard",361506,True,0.17351290583610535,0.042215343564748764,4.181807526038028e-05,0.0034638664219528437,0.0003848740889225155,0.045679207891225815,4.48494974989444e-05,0.9543208479881287,0,1.0,503,"tiny"
0.0078125,2.273097197758034e-05,"car",361506,True,0.10235042124986649,0.10049352794885635,9.954784763976932e-05,0.08070319145917892,0.012415879406034946,0.18119673430919647,0.0001783432817319408,0.8188031911849976,1,0.75,503,"tiny"
0.0009765625,7.187700703070732e-06,"stop sign",361506,True,0.0007731799851171672,0.5988577008247375,0.000593222095631063,0.40036913752555847,0.029656972736120224,0.9992269277572632,0.0009767614537850022,0.0007731799851171672,2,1.0,503,"tiny"
0.28662109375,1.255700112778868e-06,"train",364587,True,0.0033787584397941828,0.00833444856107235,1.1409238140913658e-05,0.0,0.0,0.00833444856107235,1.1409238140913658e-05,0.9916656017303467,0,1.0,504,"large"
0.2529296875,1.5284180108210421e-06,"truck",365745,True,0.0037204178515821695,0.03641184791922569,4.759719013236463e-05,0.0,0.0,0.03641184791922569,4.759719013236463e-05,0.9635881185531616,0,1.0,505,"large"
0.0791015625,4.1604821490182076e-06,"bed",366884,True,0.011027952656149864,0.087229885160923,9.862056322162971e-05,0.01950598694384098,0.0003334356879349798,0.10673587024211884,0.00011318756151013076,0.8932641744613647,0,0.9629629850387573,506,"medium"
0.0234375,4.634342758436105e-07,"dog",366884,True,0.012892834842205048,0.6710318922996521,0.0007586567662656307,0.019540058448910713,0.0001691779907559976,0.6905719637870789,0.0006905719637870789,0.30942803621292114,1,0.9166666865348816,506,"small"
0.015625,1.2453659110178705e-05,"suitcase",366884,True,0.04899892583489418,0.11389554291963577,0.00012876829714514315,0.1021217331290245,0.0008268967503681779,0.2160172462463379,0.00021430285414680839,0.7839826941490173,2,0.25,506,"small"
0.00634765625,3.100397407251876e-06,"chair",366884,True,0.1215672641992569,0.09323208779096603,0.00010540653602220118,0.11658065766096115,0.00087654625531286,0.20981276035308838,0.00020620417490135878,0.7901872992515564,3,0.7692307829856873,506,"tiny"
0.0068359375,1.801580765459221e-05,"suitcase",366884,True,0.0006210804567672312,0.11794368177652359,0.00013334503455553204,0.8777088522911072,0.006624217610806227,0.9956524968147278,0.0009790093172341585,0.0043475632555782795,4,0.2857142984867096,506,"tiny"
0.0048828125,8.584020179114304e-06,"tv",366884,True,0.1376616507768631,0.23574300110340118,0.00026652682572603226,0.07594876736402512,0.0005646747886203229,0.3116917312145233,0.00030587997753173113,0.6883082985877991,5,0.800000011920929,506,"tiny"
0.39013671875,1.0180516341051771e-07,"person",368212,True,0.002489392878487706,0.0054502179846167564,8.741329111217055e-06,3.747950177057646e-05,3.747950540855527e-05,0.0054876976646482944,8.78734681464266e-06,0.9945123195648193,0,0.9799749851226807,507,"large"
0.0009765625,1.076651869880152e-07,"toothbrush",368212,True,0.0004260893038008362,0.02962854504585266,4.751971937366761e-05,0.9699454307556152,0.002427898347377777,0.9995738863945007,0.000977100571617484,0.0004260893038008362,1,1.0,507,"tiny"
0.19091796875,8.293583846352703e-07,"scissors",368982,True,0.005075154826045036,0.007807194255292416,9.423288247489836e-06,0.0,0.0,0.007807194255292416,9.423288247489836e-06,0.992192804813385,0,1.0,508,"large"
0.350341796875,3.0114940727798967e-06,"bicycle",370208,True,0.0027429063338786364,0.015306854620575905,2.3982536731637083e-05,0.0006754936766810715,2.5018283849931322e-05,0.01598234847187996,2.402457539574243e-05,0.9840176701545715,0,0.9219512343406677,509,"large"
0.0263671875,1.3603654224425554e-05,"parking meter",370208,True,0.0210682675242424,0.14767874777317047,0.0002313807199243456,0.2834780216217041,0.0007901826174929738,0.4311567544937134,0.00043245410779491067,0.5688432455062866,1,1.0,509,"small"
0.0087890625,4.127891770622227e-06,"banana",371472,True,0.014394789934158325,0.8528282046318054,0.0008502773707732558,0.01761874556541443,0.0014682287583127618,0.8704469799995422,0.0008575832471251488,0.12955310940742493,0,0.5555555820465088,510,"tiny"
0.001953125,4.462308879737975e-06,"banana",371472,True,1.5454657841473818e-05,0.8086979389190674,0.0008062790730036795,0.19127118587493896,0.010066904127597809,0.9999691247940063,0.0009784434223547578,3.0909315682947636e-05,1,0.0,510,"tiny"
0.00390625,5.444956968858605e-06,"banana",371472,True,0.11809450387954712,0.35387688875198364,0.00035281843156553805,0.17374511063098907,0.010220300406217575,0.5276219844818115,0.0005172764649614692,0.4723780155181885,2,0.0,510,"tiny"
0.00439453125,0.0001793246337911114,"banana",371472,True,0.000870521878823638,0.33392930030822754,0.0003329305036459118,0.6621535420417786,0.04013051837682724,0.9960827827453613,0.000977030722424388,0.003917348571121693,3,0.0,510,"tiny"
0.00048828125,0.00962337851524353,"banana",371472,True,1.3630218745674938e-05,0.2891075313091278,0.00028824282344430685,0.7108856439590454,0.034677352756261826,0.9999932050704956,0.0009770330507308245,6.815108463342767e-06,5,0.0,510,"tiny"
0.0009765625,4.3594545786618255e-06,"banana",371472,True,0.007118718232959509,0.3061824440956116,0.0003052666434086859,0.686698853969574,0.0343349426984787,0.9928813576698303,0.0009705584961920977,0.007118718232959509,6,0.0,510,"tiny"
0.034423828125,1.155706286226632e-06,"person",372349,True,0.018952976912260056,0.3319076597690582,0.00033568410435691476,0.0,0.0,0.3319076597690582,0.00033568410435691476,0.6680924296379089,0,1.0,511,"medium"
0.097900390625,2.2512676878250204e-06,"person",248616,True,0.005593186244368553,0.0026376002933830023,3.6255673876439687e-06,0.4366455078125,0.002224945230409503,0.4392831027507782,0.00047554328921251,0.5607169270515442,0,0.967581033706665,1020,"medium"
0.11083984375,1.1380816431483254e-06,"person",248616,True,0.0008803525706753135,0.004435820505023003,6.097348432376748e-06,0.8956446051597595,0.004887556657195091,0.9000799655914307,0.0009885558392852545,0.09992000460624695,1,0.017621144652366638,1020,"large"
0.060546875,1.4104886076893308e-06,"person",248616,True,0.009612742811441422,0.006571752019226551,9.033335118147079e-06,0.39743828773498535,0.0016948325792327523,0.40400999784469604,0.00041996873915195465,0.5959901213645935,2,0.5645161271095276,1020,"medium"
0.016357421875,1.1037666354241082e-06,"tennis racket",248616,True,0.001280528143979609,0.002492083702236414,3.425544946367154e-06,0.9760593175888062,0.0034859266597777605,0.9785511493682861,0.0009715078631415963,0.02144884504377842,3,0.17910447716712952,1020,"small"
0.003173828125,4.0324496808352706e-07,"tennis racket",248616,True,0.2345070093870163,0.007227201946079731,9.934297850122675e-06,0.23062503337860107,0.0007864451035857201,0.23785224556922913,0.00023301714099943638,0.7621477842330933,4,0.6153846383094788,1020,"tiny"
0.0009765625,3.833705704892054e-05,"sports ball",248616,True,0.9488648176193237,0.001519597601145506,2.0887939626845764e-06,0.04961562156677246,0.00016790397057775408,0.05113522335886955,4.9985555961029604e-05,0.9488648176193237,5,0.0,1020,"tiny"
