bg_miss_frac,fARI,foreground_pixels,image_id,mBO,mIoU,map_ambiguous_patch_frac,map_kind,map_pair_overlap_mean,map_top1_top2_margin_mean,merge_frac,n_gt,n_objects_caption,n_pred_on_fg,object_dominant_frac_mean,sample_index,split_frac,valid_object_count
0.018189287932661974,0.0,204461,285,0.9669606685638428,0.9276270866394043,0.0,"llm_attention",nan,inf,0.0,1,1,1,0.981810712067338,0,0.018189287932661974,1
0.0036614389455055835,0.9428271055221558,16387,4765,0.5182560682296753,0.6602449417114258,0.014705882407724857,"llm_attention",0.048354826867580414,0.02793780528008938,0.011392172475041342,2,2,2,0.9891380393528522,1,0.015011899676572894,2
0.10281804622826884,0.435327410697937,126719,7386,0.3483666777610779,0.37653815746307373,0.03651115670800209,"llm_attention",0.08586376905441284,0.005322118755429983,0.07322543759345589,5,3,3,0.7719162541564791,2,0.15201351020762474,3
0.013332437787554153,0.31560686230659485,178662,8277,0.3225330412387848,0.32510632276535034,0.10559796541929245,"llm_attention",0.2343599498271942,0.004086802713572979,0.16340481052870434,3,8,8,0.7525376273495309,3,0.1262215804144138,8
0.025147869741111127,0.484129399061203,149794,9400,0.1889294683933258,0.14756321907043457,0.22368420660495758,"llm_attention",0.1673661321401596,0.015214601531624794,0.45377224759804696,18,10,10,0.7939678725602821,4,0.17235002737092273,10
0.009390933229080129,0.3645685613155365,122778,10707,0.17747347056865692,0.18734407424926758,0.07886435091495514,"llm_attention",0.1594686508178711,0.01715308614075184,0.42090030832476877,14,12,12,0.7037559005401467,5,0.2717017706755282,12
0.07522268156861722,0.5453001856803894,76679,11760,0.6208608746528625,0.7001919746398926,0.14193548262119293,"llm_attention",0.334960401058197,0.00509234331548214,0.1644032660659136,3,3,3,0.7633454459118517,6,0.22725909310241396,3
0.019538113965358546,0.12882979214191437,47804,13201,0.42182719707489014,0.5856997966766357,0.0,"llm_attention",nan,inf,0.033582248773202476,2,1,1,0.9320978947796144,7,0.019538113965358546,1
0.06884286461377549,0.03194727003574371,260056,14831,0.47978460788726807,0.2983922064304352,0.0,"llm_attention",nan,inf,0.340086639438702,2,1,1,0.9225949929356849,8,0.06884286461377549,1
0.003960096735187425,0.0,66160,15746,0.8474537134170532,0.8935046195983887,0.0,"llm_attention",nan,inf,0.0,1,1,1,0.9960399032648126,9,0.003960096735187425,1
0.007570375632714679,0.9030442237854004,45044,17029,0.4585941433906555,0.5319615006446838,0.00561797758564353,"llm_attention",0.0640348345041275,0.014937395229935646,0.04303961702793996,4,3,3,0.9481054778348217,10,0.04120415593641773,3
0.19822194218622735,0.0,130142,17714,0.6545456051826477,0.5501703023910522,0.0714285746216774,"llm_attention",0.21445894241333008,0.030990485101938248,0.0,1,4,4,0.6789737363802616,11,0.32102626361973846,4
0.038657013125938305,0.002307748422026634,217813,19402,0.4835435748100281,0.3172477185726166,0.0,"llm_attention",nan,inf,0.48500666211382426,2,1,1,0.9611624235121939,12,0.038657013125938305,1
0.003304022061501639,0.2952345013618469,38438,20553,0.09302196651697159,0.10996243357658386,0.13793103396892548,"llm_attention",0.10593202710151672,0.027639780193567276,0.5010049333089713,11,3,3,0.8900513905122144,13,0.10887663249908944,3
0.00718402806783059,0.7628217935562134,71826,22479,0.3868677616119385,0.47909364104270935,0.032258063554763794,"llm_attention",0.06553135812282562,0.00654806150123477,0.0646332912634974,4,3,3,0.9578465309801811,14,0.06606242864700805,3
0.0008198697853870268,0.7946579456329346,82940,23126,0.43922993540763855,0.5301207304000854,0.07228915393352509,"llm_attention",0.1158171072602272,0.005306174512952566,0.059079061685490875,3,2,2,0.9527120601490499,15,0.045068724379069204,2
0.026800929512006195,0.3693293631076813,6455,24027,0.15308989584445953,0.3436153829097748,0.03846153989434242,"llm_attention",0.09358322620391846,0.03516612946987152,0.07290671760585801,3,2,2,0.947819892829146,16,0.13772269558481798,2
0.0027249322946270352,0.8298537135124207,59818,25393,0.3009743094444275,0.3785359561443329,0.044534411281347275,"llm_attention",0.1191934198141098,0.012246358208358288,0.03129662224457296,5,4,4,0.828795376903886,17,0.08840148450299241,4
0.004706056275563002,0.7784772515296936,40586,29596,0.16875892877578735,0.2288922518491745,0.130952388048172,"llm_attention",0.13268722593784332,0.012792915105819702,0.17918059165738334,7,6,6,0.7609392878474243,18,0.1718080126151875,6
0.017955032970525146,0.500055730342865,37761,31093,0.3155621588230133,0.43402981758117676,0.04430379718542099,"llm_attention",0.0849255621433258,0.020982826128602028,0.022921554351050345,4,4,4,0.9186679887837429,19,0.06715923836762798,4
0.015374660282127604,0.793830156326294,38635,32081,0.5542770028114319,0.678074061870575,0.006329114083200693,"llm_attention",0.025209160521626472,0.01230523083359003,0.016587366262716542,2,2,2,0.9824781309079864,20,0.031707001423579656,2
0.006095533636262884,0.8321164846420288,9023,33005,0.42711499333381653,0.6043509840965271,0.027027027681469917,"llm_attention",0.03767576813697815,0.05101621523499489,0.03389830508474576,2,2,2,0.9668275547757597,21,0.03978721046215228,2
0.09815426462016709,0.0,25735,34205,0.1787480115890503,0.3662317395210266,0.0,"llm_attention",nan,inf,0.0,1,1,1,0.9018457353798329,22,0.09815426462016709,1
0.022986765678408374,0.15330703556537628,125507,35770,0.2730342149734497,0.3090415596961975,0.12738853693008423,"llm_attention",0.30592459440231323,0.0023047730792313814,0.488117955994846,4,3,3,0.8261498694092984,23,0.19469033599719537,3
0.18413962651758803,0.34172746539115906,118774,37670,0.5066909193992615,0.5627437233924866,0.06932773441076279,"llm_attention",0.1308048814535141,0.004561499692499638,0.12152358544111122,3,3,3,0.7627232286879964,24,0.28328590432249484,3
0.012082607329543832,0.4828014373779297,105027,38829,0.2747959494590759,0.2743825316429138,0.15186916291713715,"llm_attention",0.1619480848312378,0.009428542107343674,0.35649299331135914,10,10,10,0.7957805903149063,25,0.2175726241823531,10
0.024069214653126284,0.7510775923728943,143669,40083,0.2836521863937378,0.27850738167762756,0.037974681705236435,"llm_attention",0.11478760093450546,0.006442347541451454,0.20791521349965408,11,6,6,0.7732650691509529,26,0.1242230404610598,6
0.0009251967419857586,0.01918734610080719,181583,42070,0.42399436235427856,0.5160941481590271,0.02374301664531231,"llm_attention",0.09417055547237396,0.00251629576086998,0.0006559545792795524,2,2,2,0.9704927699157959,27,0.05897578517812791,2
0.02049090510628972,0.25396639108657837,9126,43314,0.09686286002397537,0.2197432667016983,0.06849315017461777,"llm_attention",0.11433067917823792,0.023999029770493507,0.19577133907595928,5,2,2,0.8444884295654841,28,0.24961648038571116,2
0.026747476129010198,0.8269868493080139,116983,44279,0.23281264305114746,0.25834786891937256,0.13432836532592773,"llm_attention",0.25842833518981934,0.005829195026308298,0.11611361919651483,10,10,10,0.7992769727075258,29,0.13860988348734432,10
0.016485071458893448,0.0,28268,50165,0.7242367267608643,0.8395317196846008,0.0,"llm_attention",nan,inf,0.0,1,1,1,0.9835149285411066,30,0.016485071458893448,1
0.01793169384394752,0.17385119199752808,94135,51309,0.27382394671440125,0.3395945429801941,0.23646724224090576,"llm_attention",0.23500856757164001,0.004436691757291555,0.47704089910976016,4,3,3,0.6869826960199559,31,0.3551176501832475,3
0.007509813961426865,0.7925319075584412,41013,53624,0.203776553273201,0.289385050535202,0.019108280539512634,"llm_attention",0.22141870856285095,0.011852089315652847,0.043483601523154405,6,4,4,0.7676432129914077,32,0.042181747250871676,4
0.03782867844880122,0.8161447644233704,134554,54654,0.6171151995658875,0.6084129214286804,0.0074487896636128426,"llm_attention",0.0440194196999073,0.0033286563120782375,0.01642927763702651,2,2,2,0.9580576580706321,33,0.05363645822495058,2
0.017216614132386385,0.5372635722160339,50126,61418,0.2731226086616516,0.2872335612773895,0.1666666716337204,"llm_attention",0.20178015530109406,0.01745072565972805,0.33524145910724074,11,10,10,0.7257128277286843,34,0.22660894545744723,10
0.0048111694600798715,0.02788460999727249,95403,62554,0.12596462666988373,0.2344677597284317,0.22335600852966309,"llm_attention",0.1988634318113327,0.0030294794123619795,0.03653732726659926,2,5,5,0.5564044926937353,35,0.3459849270987286,5
0.0,1.0,27448,64495,0.39157727360725403,0.6049306988716125,0.0,"llm_attention",nan,inf,0.0,1,1,1,1.0,36,0.0,1
0.0,1.0,109640,66523,0.7739658355712891,0.7820020914077759,0.0,"llm_attention",nan,inf,0.0,1,1,1,1.0,37,0.0,1
0.038831680722282734,0.8036322593688965,89051,67180,0.6851273775100708,0.7445852756500244,0.008450704626739025,"llm_attention",0.05107005685567856,0.005290176719427109,0.03988643931162595,2,2,2,0.8978887311033368,38,0.07716926255741093,2
0.0039566593620647674,0.6470745205879211,16428,68387,0.28657111525535583,0.39257553219795227,0.19117647409439087,"llm_attention",0.22028705477714539,0.0396885871887207,0.15119476868544887,5,6,6,0.8028951268025863,39,0.21475529583637692,6
0.0243863583446687,0.588720440864563,163206,70158,0.45233842730522156,0.5288780927658081,0.09090909361839294,"llm_attention",0.21181803941726685,0.0028259281534701586,0.2556743245449864,3,3,3,0.6256763901704391,40,0.2738257171917699,3
0.05066364519261897,-0.06177553907036781,74136,72281,0.4161820411682129,0.5398443341255188,0.0,"llm_attention",nan,inf,0.15679170218812163,2,1,1,0.9702381895691035,41,0.05066364519261897,1
0.018267211764618593,0.6367208957672119,134777,74733,0.19899173080921173,0.20877237617969513,0.1508152186870575,"llm_attention",0.2062550038099289,0.006406981498003006,0.17222537127309828,13,14,14,0.6547267844442299,42,0.24189587244114352,14
0.006019826390672351,0.8057027459144592,194690,78420,0.6998424530029297,0.6965842247009277,0.043870966881513596,"llm_attention",0.08868744224309921,0.0034446020144969225,0.05305966370053432,3,3,3,0.9668000445378437,43,0.05876008012738199,3
0.01697389273500709,0.0936548188328743,23978,79144,0.38013291358947754,0.5754002928733826,0.16842105984687805,"llm_attention",0.6438000798225403,0.0074914563447237015,0.34521233719400957,2,2,2,0.6405121612341473,44,0.35407456835432477,2
0.015668255372584834,0.0,70078,80057,0.48127707839012146,0.5481932759284973,0.0,"llm_attention",nan,inf,0.0,1,1,1,0.9843317446274151,45,0.015668255372584834,1
0.009570967060173304,0.9493025541305542,66242,81766,0.6077918410301208,0.679190993309021,0.015209125354886055,"llm_attention",0.15765100717544556,0.008331426419317722,0.007300938909889038,3,3,3,0.9360772130048686,46,0.016802028924247456,3
0.023144944703109058,0.0,170534,85195,0.7773309350013733,0.6137064099311829,0.011278195306658745,"llm_attention",0.049800243228673935,0.0021727229468524456,0.0,1,2,2,0.9464271054452484,47,0.053572894554751546,2
0.01186129170681154,-0.006032488774508238,123511,88250,0.46266254782676697,0.49996981024742126,0.0,"llm_attention",nan,inf,0.3756698294085836,2,1,1,0.989725628946807,48,0.01186129170681154,1
0.00012625067070668814,0.9544584155082703,31683,89296,0.24422065913677216,0.35920393466949463,0.02459016442298889,"llm_attention",0.05519983172416687,0.021435871720314026,0.009249029325420625,4,3,3,0.992339315218058,49,0.004008458794937348,3
0.004763368162261831,0.16300128400325775,19524,92124,0.3436478078365326,0.49431878328323364,0.25,"llm_attention",0.10900314152240753,0.03166782110929489,0.2486233338479749,3,3,3,0.8086145267908605,50,0.3575087072321246,3
0.005322772951796968,-0.008670448325574398,46968,94852,0.34743279218673706,0.5017542243003845,0.0,"llm_attention",nan,inf,0.13495868830001284,2,1,1,0.9969259523399651,51,0.005322772951796968,1
0.1051700770222472,0.04908011481165886,121004,99054,0.15673121809959412,0.2522614300251007,0.0,"llm_attention",nan,inf,0.0608710910803672,5,1,1,0.7721941773406498,52,0.10340154044494397,1
0.0023395850113143864,0.0,26073,100489,0.6360679864883423,0.7865198254585266,0.0,"llm_attention",nan,inf,0.0,1,1,1,0.9976604149886856,53,0.0023395850113143864,1
0.032737303908534965,0.7120842933654785,30088,101780,0.2987033426761627,0.3867293894290924,0.0736842080950737,"llm_attention",0.2022048830986023,0.017119215801358223,0.22946088032161632,4,3,3,0.7651025863502907,54,0.1587676149960117,3
0.01380840752252015,0.7232369184494019,151864,102820,0.7666634321212769,0.8088507652282715,0.013355592265725136,"llm_attention",0.05158334597945213,0.003159350249916315,0.029565925737979663,2,2,2,0.9767591787886991,55,0.04296607490912922,2
0.01505409979834768,0.2874867618083954,179021,109118,0.2727552354335785,0.27292877435684204,0.1609848439693451,"llm_attention",0.11128637939691544,0.006229123566299677,0.4032360514047843,5,5,5,0.7271781358886946,56,0.20500946816295296,5
0.09755403868031855,0.0,14064,110282,0.8345058560371399,0.912207841873169,0.0,"llm_attention",nan,inf,0.0,1,1,1,0.9024459613196815,57,0.09755403868031855,1
0.015167421960316748,0.40699076652526855,189551,111036,0.5691174268722534,0.5937231779098511,0.02153431996703148,"llm_attention",0.04838636517524719,0.002554608741775155,0.018652638796631597,2,2,2,0.9754758804813424,58,0.046488807761499544,2
0.021309667067789813,0.0,79776,112634,0.8708202242851257,0.9039489030838013,0.0,"llm_attention",nan,inf,0.0,1,1,1,0.9786903329322102,59,0.021309667067789813,1
0.03168427833973377,0.3378206789493561,119523,114770,0.4671013355255127,0.5493537187576294,0.07802874594926834,"llm_attention",0.2570739984512329,0.0038474653847515583,0.25960807354669246,3,3,3,0.7910373152816277,60,0.25224433790985834,3
0.0,0.0,1111,120572,0.061763398349285126,0.3482465445995331,0.0,"llm_attention",nan,inf,0.3933393339333933,2,1,1,1.0,61,0.0,1
0.010382641157256184,0.019824311137199402,8572,122217,0.14745670557022095,0.25588709115982056,0.0,"llm_attention",nan,inf,0.48426264293292465,4,1,1,0.911594137777074,62,0.010382641157256184,1
0.0025687588354959944,0.8131338357925415,174014,125129,0.4493686854839325,0.44103536009788513,0.021705426275730133,"llm_attention",0.14235447347164154,0.005472477059811354,0.09816958292763026,7,7,7,0.7755997100945163,63,0.10459503258358523,7
0.0,0.5778255462646484,194182,125850,0.6105049848556519,0.5328530669212341,0.06282051652669907,"llm_attention",0.13003644347190857,0.002179694129154086,0.10593669856114367,2,2,2,0.9309349878183371,64,0.10593669856114367,2
0.08705026276782105,0.0,22263,127624,0.3666059374809265,0.610694944858551,0.0,"llm_attention",nan,inf,0.0,1,1,1,0.912949737232179,65,0.08705026276782105,1
0.0009679264375907431,0.0,22729,128658,0.15320001542568207,0.314503937959671,0.0,"llm_attention",nan,inf,0.0,1,1,1,0.9990320735624093,66,0.0009679264375907431,1
0.03380799698227084,0.2452174723148346,21208,129756,0.169743150472641,0.19050493836402893,0.44117647409439087,"llm_attention",0.2622387111186981,0.01741228997707367,0.5651749548582304,9,5,5,0.6865336175557525,67,0.3349207846095813,5
0.009007866023851814,0.0,63056,130599,0.5369722843170166,0.6335465312004089,0.0,"llm_attention",nan,inf,0.0,1,1,1,0.9909921339761482,68,0.009007866023851814,1
0.015897828604699734,0.0,158009,131444,0.9422194957733154,0.8811962604522705,0.0074404762126505375,"llm_attention",0.04069390147924423,0.0028508007526397705,0.0,1,2,2,0.9648374459682676,69,0.03516255403173237,2
0.0022906968151924926,0.7598485350608826,27066,132703,0.5714045763015747,0.693744421005249,0.009259259328246117,"llm_attention",0.037244249135255814,0.017761673778295517,0.06021330173307658,2,2,2,0.9512288684122795,70,0.06236606812975689,2
0.028543827771005358,0.0,130431,133631,0.885376513004303,0.8821282982826233,0.0,"llm_attention",nan,inf,0.0,1,1,1,0.9714561722289946,71,0.028543827771005358,1
0.0074894266917293235,0.00476687541231513,136192,136772,0.34613460302352905,0.37608692049980164,0.14419226348400116,"llm_attention",0.1289408951997757,0.002312066964805126,0.00012576569111946262,2,2,2,0.799939022598372,72,0.1764641094924812,2
0.36973576936956204,0.0,224463,138241,0.6285951733589172,0.79670250415802,0.0,"llm_attention",nan,inf,0.0,1,1,1,0.630264230630438,73,0.36973576936956204,1
0.010052668285996007,0.8443853855133057,83162,139684,0.250266969203949,0.2620634138584137,0.04407713562250137,"llm_attention",0.1320142298936844,0.013746920973062515,0.145348978451522,12,8,8,0.8188410149106574,74,0.09796541689714051,8
0.016397456054926582,0.3436289429664612,183809,140640,0.19183340668678284,0.2007860392332077,0.05720338970422745,"llm_attention",0.16154535114765167,0.0060165212489664555,0.40310849304460855,7,8,8,0.7502515060884801,75,0.1892507983831042,8
0.023837209302325583,0.7653554081916809,80840,142585,0.184007927775383,0.1841137856245041,0.11467889696359634,"llm_attention",0.1848360002040863,0.00486192898824811,0.18296098234764868,11,7,7,0.6463661184825635,76,0.15277090549233052,7
0.00405238335088603,0.889382004737854,174712,145781,0.5705318450927734,0.6230751276016235,0.0038834952283650637,"llm_attention",0.043890729546546936,0.0018518073484301567,0.0305222868439806,3,2,2,0.9560717118538303,77,0.026203122853610514,2
0.004044381198977136,0.7701548337936401,93463,147338,0.34027600288391113,0.3968055546283722,0.08941176533699036,"llm_attention",0.24407154321670532,0.0045340401120483875,0.08229037976043402,5,4,4,0.7740600629081126,78,0.10568888223147127,4
0.017644802454929037,0.002983054146170616,99066,148783,0.42278897762298584,0.5241525173187256,0.0,"llm_attention",nan,inf,0.18823855812902032,2,1,1,0.9815491365317284,79,0.017644802454929037,1
0.02861602497398543,0.7100380659103394,42284,150726,0.6194100975990295,0.7185023427009583,0.09941520541906357,"llm_attention",0.12225474417209625,0.010257977060973644,0.06605151677460194,2,2,2,0.9062163862927206,80,0.09277740989499575,2
0.016449850396773776,0.8351339101791382,153740,153217,0.809126615524292,0.7927117347717285,0.024752475321292877,"llm_attention",0.1051623523235321,0.002942046383395791,0.019905959222543332,2,2,2,0.9623222176515435,81,0.03602835956810199,2
0.0032157219706182992,0.6670366525650024,134029,154000,0.6636015176773071,0.7337104678153992,0.007561436854302883,"llm_attention",0.04721902683377266,0.0035912359599024057,0.02504528510905852,2,2,2,0.9381730522584808,82,0.02818046840609122,2
0.1495778545566023,-0.08025303483009338,120693,154718,0.4147137701511383,0.4519611895084381,0.0,"llm_attention",nan,inf,0.32802026500389714,2,1,1,0.8938237679250581,83,0.1495778545566023,1
0.01770863907641131,0.01085004210472107,20442,155443,0.3335821032524109,0.5413064956665039,0.06172839552164078,"llm_attention",0.1367473155260086,0.01311829686164856,0.002340637450199203,2,2,2,0.8860995341995588,84,0.22727717444477058,2
0.0008912955737925467,0.34824198484420776,59464,157138,0.3307611644268036,0.4402940571308136,0.04621848836541176,"llm_attention",0.07425196468830109,0.0077529242262244225,0.14867617107942974,2,2,2,0.8118615975138603,85,0.08954997981972286,2
0.031198927594248672,0.7463769316673279,108914,158945,0.48243626952171326,0.5481365323066711,0.03432494401931763,"llm_attention",0.10247065871953964,0.005689925514161587,0.06099548883581637,4,3,3,0.80345542751127,86,0.08459885781442239,3
0.0,1.0,25637,160666,0.1981971561908722,0.3798365592956543,0.0,"llm_attention",nan,inf,0.0,1,1,1,1.0,87,0.0,1
0.06345783922041136,-0.02099345438182354,47307,161781,0.33841174840927124,0.5003204345703125,0.0,"llm_attention",nan,inf,0.10831734567204604,2,1,1,0.9449373377924645,88,0.06345783922041136,1
0.01960730935447647,0.8728434443473816,146935,162092,0.1789686232805252,0.14544808864593506,0.04326923191547394,"llm_attention",0.16149485111236572,0.003951261751353741,0.22617212989573354,16,5,5,0.8650555385419294,89,0.07503317793582197,5
0.005115311253684758,0.6446503400802612,92272,163257,0.3178083002567291,0.42694446444511414,0.0,"llm_attention",0.037311963737010956,0.005062478128820658,0.027679738562091504,3,2,2,0.881334202150672,90,0.028957863707300156,2
0.012511824177003738,0.4338625967502594,149059,164602,0.3552470803260803,0.43433770537376404,0.15566836297512054,"llm_attention",0.12753523886203766,0.004171276465058327,0.18673994863921084,3,5,5,0.7901867771687892,91,0.2249444850696704,5
0.0036300777873811583,-0.005021428223699331,5785,165500,0.18640165030956268,0.3420340418815613,0.0,"llm_attention",nan,inf,0.30950728660652327,3,1,1,0.9982504373906523,92,0.0036300777873811583,1
0.02153292700285984,0.0,77277,166563,0.706082820892334,0.7686720490455627,0.0,"llm_attention",nan,inf,0.0,1,1,1,0.9784670729971402,93,0.02153292700285984,1
0.0017738184398281367,0.0,76107,167240,0.7863456606864929,0.8377348184585571,0.0,"llm_attention",nan,inf,0.0,1,1,1,0.9982261815601718,94,0.0017738184398281367,1
0.004996852376455776,0.5832778215408325,127080,168593,0.6335539221763611,0.6865118741989136,0.08498023450374603,"llm_attention",0.12210196256637573,0.004772094078361988,0.1282850251097315,3,3,3,0.9081444752367741,95,0.13264085615360402,3
0.005623749526847997,0.018974320963025093,92465,170278,0.3633981943130493,0.41018256545066833,0.029027575626969337,"llm_attention",0.07868984341621399,0.002634775824844837,0.0008483332426994399,2,2,2,0.9629006245467435,96,0.07413615962796734,2
0.003418943683159651,0.8052774667739868,73122,171740,0.28768497705459595,0.4011860489845276,0.010452961549162865,"llm_attention",0.09741105139255524,0.008424424566328526,0.008425732791744429,3,3,3,0.9771172973418359,97,0.011815869368999754,3
0.06454611860017266,0.013549616560339928,90354,172617,0.11265655606985092,0.15111127495765686,0.1843971610069275,"llm_attention",0.24648845195770264,0.009510206058621407,0.27260358249923095,6,5,5,0.8579093382249924,98,0.16850388472010094,5
0.050141823563265644,0.009736630134284496,97304,174231,0.2345319539308548,0.2659420073032379,0.0,"llm_attention",nan,inf,0.5416067081417365,3,1,1,0.952370722415217,99,0.050141823563265644,1
0.0033177960064320463,0.7834721803665161,49129,177357,0.6566894054412842,0.7432403564453125,0.051020409911870956,"llm_attention",0.1197829395532608,0.008952775970101357,0.05416002940816077,2,2,2,0.9147253554458894,100,0.05729813348531417,2
0.027065741857659833,0.7828084230422974,26528,178618,0.3974268138408661,0.5125316381454468,0.0,"llm_attention",0.05223565921187401,0.010807540267705917,0.06125532739248353,3,2,2,0.9047486035150633,101,0.06004975874547648,2
0.00459406852382846,0.843244194984436,95558,180487,0.5745970010757446,0.6081417798995972,0.042288556694984436,"llm_attention",0.0864042267203331,0.010489853098988533,0.06034546200023129,5,5,5,0.9501592190996222,102,0.0646622993365286,5
0.0036922203024780478,0.8029080629348755,84502,181859,0.5906259417533875,0.6302499175071716,0.029154518619179726,"llm_attention",0.13264621794223785,0.004971398506313562,0.050065328423803304,2,2,2,0.9282540385569193,103,0.053572696504224755,2
0.0054874343116576695,0.0,55946,183500,0.6943001747131348,0.796347439289093,0.017699114978313446,"llm_attention",0.05654839798808098,0.008328375406563282,0.0,1,2,2,0.9438565759839845,104,0.05614342401601544,2
0.013164008053275516,0.6123090386390686,25828,184791,0.22173278033733368,0.2532707154750824,0.4067796468734741,"llm_attention",0.386432945728302,0.012461730279028416,0.3202683615819209,7,5,5,0.7833987757666113,105,0.20106086417841101,5
0.0007858987313349051,0.7209087014198303,44535,185950,0.48075881600379944,0.6198417544364929,0.00561797758564353,"llm_attention",0.029647311195731163,0.010831407271325588,0.03640449438202247,2,2,2,0.9801663391016731,106,0.03716178286740766,2
0.0015259818488474821,0.0,12451,189310,0.5054891705513,0.7283925414085388,0.0,"llm_attention",nan,inf,0.0,1,1,1,0.9984740181511526,107,0.0015259818488474821,1
0.31354166666666666,0.3986565172672272,166080,190140,0.47316426038742065,0.40991759300231934,0.07225433737039566,"llm_attention",0.10971146076917648,0.007402639836072922,0.3146824317805047,4,3,3,0.8548376531460408,108,0.23265293834296724,3
0.050104152543417435,0.7251555919647217,81131,191288,0.6270923614501953,0.6923675537109375,0.03692307695746422,"llm_attention",0.1003284826874733,0.005469806492328644,0.023862663171826747,2,2,2,0.9226203854069428,109,0.07277119719959078,2
0.003735652783419755,0.41044363379478455,125547,192699,0.31905293464660645,0.36990928649902344,0.09850107133388519,"llm_attention",0.1554948091506958,0.004443117417395115,0.277306960456675,5,3,3,0.783001704023454,110,0.21837240236724095,3
8.193866890632361e-05,0.0,48817,193494,0.7635621428489685,0.8463549017906189,0.0,"llm_attention",nan,inf,0.0,1,1,1,0.9999180613310936,111,8.193866890632361e-05,1
0.273351911744027,0.003390863537788391,156454,194832,0.08772280067205429,0.16606391966342926,0.05224660411477089,"llm_attention",0.20113162696361542,0.0037008891813457012,0.004776271693333451,5,7,7,0.757974995336294,112,0.3288890025183121,7
0.0007566204287515763,0.8848138451576233,39650,196754,0.40341418981552124,0.5027153491973877,0.03164556995034218,"llm_attention",0.05686496943235397,0.011815031059086323,0.028243311458859163,2,2,2,0.9794872564211609,113,0.02897856242118537,2
0.00827729566600298,0.9075241684913635,79857,198510,0.6419563293457031,0.6848216652870178,0.03194888308644295,"llm_attention",0.12604576349258423,0.005370156839489937,0.01963483004192131,2,2,2,0.9725953213844571,114,0.02774960241431559,2
0.00038534849954927986,0.9649376273155212,145323,199551,0.7518048286437988,0.675936758518219,0.006861063651740551,"llm_attention",0.07106506079435349,0.0031656690407544374,0.006801269386715496,2,2,2,0.9841066952341521,115,0.007183997027311575,2
0.05253700555184,0.3587312400341034,124103,201025,0.48598939180374146,0.5282204747200012,0.17177914083003998,"llm_attention",0.28554463386535645,0.0028615042101591825,0.1808679826165347,2,2,2,0.7743076944861725,116,0.2239027259614997,2
0.009240633066034704,0.0,108867,202445,0.7838685512542725,0.6986790299415588,0.03035714291036129,"llm_attention",0.06287732720375061,0.0033270877320319414,0.0,1,2,2,0.9643785536480293,117,0.03562144635197075,2
0.11961570353560229,0.38751021027565,160397,206027,0.3000797629356384,0.2594181001186371,0.14411765336990356,"llm_attention",0.24216358363628387,0.004468015395104885,0.41012385720659156,6,3,3,0.7455569781240935,118,0.25489254786560844,3
0.004550359712230216,0.16577835381031036,55600,207306,0.417946457862854,0.5920972228050232,0.0,"llm_attention",nan,inf,0.008040182846405406,2,1,1,0.9337234901047332,119,0.004550359712230216,1
0.004954197046176855,0.35134097933769226,32094,209613,0.24098238348960876,0.2767588496208191,0.2395833283662796,"llm_attention",0.2102566808462143,0.021582910791039467,0.42592766557069045,8,5,5,0.7208609363071217,120,0.34878793543964604,5
0.0,0.7309581637382507,19625,210299,0.5261531472206116,0.6540576815605164,0.08695652335882187,"llm_attention",0.10096490383148193,0.01951153203845024,0.07250955414012739,2,2,2,0.9275508662301398,121,0.07250955414012739,2
0.07542700411420022,0.17394991219043732,16042,211069,0.3064669668674469,0.47890153527259827,0.0,"llm_attention",nan,inf,0.22532362459546926,2,1,1,0.8784619446793597,122,0.07542700411420022,1
0.045000325146858,0.5588908791542053,138399,213035,0.2636536955833435,0.21084724366664886,0.1627907007932663,"llm_attention",0.17544910311698914,0.004089753609150648,0.2902679105098698,6,3,3,0.8876358645785635,123,0.14502272415263115,3
0.05980542497297569,0.34085458517074585,159116,213935,0.2982718050479889,0.3584611415863037,0.14071856439113617,"llm_attention",0.42327243089675903,0.002022847766056657,0.23446524064171123,4,2,2,0.7928434900786314,124,0.2221083989039443,2
0.02931405639567332,0.5237791538238525,37627,215245,0.35755378007888794,0.3905424177646637,0.17599999904632568,"llm_attention",0.21138790249824524,0.018924938514828682,0.3095225057496441,7,6,6,0.8382003228606455,125,0.10992106731868073,6
0.002155020758567307,0.0,227376,217219,0.9614546895027161,0.8517353534698486,0.0,"llm_attention",nan,inf,0.0,1,1,1,0.9978449792414327,126,0.002155020758567307,1
0.02438391871583791,0.3238803446292877,150386,220732,0.2509106993675232,0.30114465951919556,0.07575757801532745,"llm_attention",0.16040971875190735,0.01754620671272278,0.27304575412864046,7,6,6,0.7527353270518106,127,0.1672895083318926,6
0.01507537688442211,0.3819845914840698,1393,221754,0.06638704985380173,0.12636345624923706,0.75,"llm_attention",0.4115806818008423,0.10647489875555038,0.4642857142857143,10,7,7,0.8699163652428981,128,0.21033740129217515,7
0.06896957570764432,0.6866589188575745,67972,222825,0.4845139682292938,0.5794105529785156,0.07446808367967606,"llm_attention",0.11183788627386093,0.008481094613671303,0.06007837684090765,3,3,3,0.9153537405372804,129,0.12490437238863061,3
0.0025189798131756637,0.5640609264373779,171498,224337,0.35178619623184204,0.35374340415000916,0.1031746044754982,"llm_attention",0.12290247529745102,0.012533674947917461,0.149492008932225,5,3,3,0.7835260683129219,130,0.0691961422290639,3
0.0006193299767177805,0.819811224937439,87191,226154,0.3820545971393585,0.4622024893760681,0.011869436129927635,"llm_attention",0.17926940321922302,0.0028566373512148857,0.027818263194739318,4,3,3,0.799009453027118,131,0.022880801917629114,3
0.015083571137382797,0.1187896654009819,24530,227511,0.11546556651592255,0.20646314322948456,0.0,"llm_attention",0.2941659688949585,0.29753613471984863,0.12595198675496688,7,2,2,0.8546328377740929,132,0.07089278434569915,2
0.001710939256767987,0.5644306540489197,102283,229221,0.5523725152015686,0.6684183478355408,0.026829268783330917,"llm_attention",0.06620834022760391,0.004542488604784012,0.019547929643122967,2,2,2,0.9789553273541916,133,0.02750212645307627,2
0.029751359276681533,0.4014974534511566,16369,230362,0.13294227421283722,0.15563088655471802,0.5384615659713745,"llm_attention",0.44614726305007935,0.03143700584769249,0.45649162573983126,12,8,8,0.6714339073367935,134,0.2993463253711284,8
0.015447067620980665,-0.01187186036258936,140415,231339,0.4013180434703827,0.41464778780937195,0.0,"llm_attention",nan,inf,0.2935491804464505,2,1,1,0.9877030870093413,135,0.015447067620980665,1
0.0011146000623217238,0.0,83438,232348,0.7504569888114929,0.7977280616760254,0.0,"llm_attention",nan,inf,0.0,1,1,1,0.9988853999376783,136,0.0011146000623217238,1
0.010360547036883548,0.7803478837013245,19304,234757,0.2673344314098358,0.41684669256210327,0.05263157933950424,"llm_attention",0.07595191895961761,0.023384811356663704,0.06946189279731993,3,2,2,0.8608145364300083,137,0.04869457107335267,2
0.0,0.04655676335096359,158033,236412,0.40690872073173523,0.38648927211761475,0.017713366076350212,"llm_attention",0.1059371829032898,0.0014360543573275208,0.000499895591427107,2,2,2,0.9901743545589222,138,0.019641467288477724,2
0.027648100175662837,0.8473530411720276,146303,239318,0.3995931148529053,0.38588592410087585,0.04210526496171951,"llm_attention",0.1667475700378418,0.002369731431826949,0.04202927076157404,3,2,2,0.9147534836938558,139,0.043649139115397494,2
0.005931696594527323,0.597942590713501,123742,240049,0.5924233794212341,0.6321738362312317,0.06868686527013779,"llm_attention",0.15341921150684357,0.005538126453757286,0.16851749479708636,4,4,4,0.8724450199364178,140,0.12143007224709476,4
0.004443880142204164,0.9911071062088013,15752,243626,0.21276330947875977,0.3041923940181732,0.0,"llm_attention",0.09502529352903366,0.02658073976635933,0.0,2,2,2,0.9949227639754594,141,0.004443880142204164,2
0.018383664561079517,0.011757436208426952,95302,245026,0.2060600221157074,0.22619441151618958,0.024539876729249954,"llm_attention",0.10987997055053711,0.005310344975441694,0.44419027258150723,4,2,2,0.9695782171327698,142,0.05153092275083419,2
0.0,0.3889038860797882,34847,246308,0.3398922085762024,0.4942079484462738,0.10489510744810104,"llm_attention",0.23737797141075134,0.010538538917899132,0.18787844003787987,2,2,2,0.7962976386646636,143,0.18787844003787987,2
0.03905000145437622,0.8086056709289551,68758,248314,0.2701941728591919,0.2869746685028076,0.09897611290216446,"llm_attention",0.10267449170351028,0.012962445616722107,0.07550739333767197,8,6,6,0.8402914117890417,144,0.09889758282672562,6
0.05039977155910908,0.01849060319364071,14008,249180,0.1548202484846115,0.33717426657676697,0.2222222238779068,"llm_attention",0.24295809864997864,0.016803603619337082,0.16072771011877912,3,2,2,0.7885631744868292,145,0.43225299828669334,2
0.024945786065174738,0.8478241562843323,67787,251537,0.4151238799095154,0.4428268373012543,0.018382353708148003,"llm_attention",0.03342806547880173,0.004529443569481373,0.01013677075768579,2,2,2,0.9615989754674441,146,0.03482968710814758,2
0.0033090435456049564,0.8885588645935059,28407,252701,0.5102918148040771,0.6092970371246338,0.008620689623057842,"llm_attention",0.052965693175792694,0.023813210427761078,0.030480697912619644,3,3,3,0.9772056997214874,147,0.033688879501531314,3
0.014032831530372948,0.0,26438,259625,0.7295958399772644,0.8443363904953003,0.0,"llm_attention",nan,inf,0.0,1,1,1,0.9859671684696271,148,0.014032831530372948,1
0.02028647796586937,0.87918621301651,43773,261036,0.31738102436065674,0.41770118474960327,0.01785714365541935,"llm_attention",0.035613588988780975,0.011228207498788834,0.046379853095487936,4,2,2,0.7718151010510055,149,0.040184588673383134,2
0.0003980363539869975,0.7530529499053955,15074,263068,0.5719608664512634,0.7056986689567566,0.033898305147886276,"llm_attention",0.03495786339044571,0.032653287053108215,0.05355720732678524,2,2,2,0.9039260197497996,150,0.05393392596523816,2
0.002256548643744475,0.0,42986,263796,0.6218410730361938,0.7514418363571167,0.0,"llm_attention",nan,inf,0.0,1,1,1,0.9977434513562555,151,0.002256548643744475,1
0.006464379947229552,0.7803793549537659,22740,265816,0.29231706261634827,0.3441506624221802,0.1473684161901474,"llm_attention",0.18998752534389496,0.021906031295657158,0.13836143938387996,5,5,5,0.740303049340509,152,0.15013192612137202,5
0.030760723595860653,0.459268182516098,63295,267434,0.281538724899292,0.2852539122104645,0.09923664480447769,"llm_attention",0.17986182868480682,0.011197159066796303,0.4047564712786073,7,3,3,0.8635916380724867,153,0.11545935697922427,3
0.026818335907190478,0.32549023628234863,26549,268831,0.2702082097530365,0.3893033564090729,0.06666667014360428,"llm_attention",0.05889606848359108,0.02055533416569233,0.2902426752331927,3,2,2,0.643169484233448,154,0.2372594071339787,2
0.06656912948061448,0.3309980630874634,2734,269682,0.05447053909301758,0.12027819454669952,0.75,"llm_attention",0.4705529808998108,0.00011132931103929877,0.5289968652037618,9,4,4,0.9435408488101589,155,0.08741770299926847,4
0.1411430740539024,-0.07718346267938614,60591,270474,0.38360118865966797,0.5377710461616516,0.0,"llm_attention",nan,inf,0.08311074386517804,2,1,1,0.9240038389080439,156,0.1411430740539024,1
0.009320791525723446,0.6233798265457153,175307,272049,0.5458362698554993,0.5601585507392883,0.020378457382321358,"llm_attention",0.13101500272750854,0.0024853339418768883,0.02503555532523766,2,2,2,0.9333855085700702,157,0.03412299565904385,2
0.009747376289128393,0.5870065689086914,99001,273551,0.5065694451332092,0.5973479747772217,0.08226221054792404,"llm_attention",0.13558462262153625,0.005948416888713837,0.11466196091231792,3,3,3,0.8480047865029009,158,0.12329168392238463,3
0.004118398896350246,0.7867831587791443,98582,274272,0.1914452612400055,0.2535226047039032,0.031976744532585144,"llm_attention",0.09915313124656677,0.005060178227722645,0.028958197522816167,5,3,3,0.7784957031510427,159,0.04800064920573736,3
0.08538052742404492,0.36957719922065735,19946,276024,0.17654949426651,0.1834522783756256,0.03703703731298447,"llm_attention",0.2889423966407776,0.027619101107120514,0.5253521898810503,9,3,3,0.7884325486194308,160,0.16790333901534144,3
0.00028823555496430316,0.1797632873058319,90204,276921,0.47479841113090515,0.6099624037742615,0.23333333432674408,"llm_attention",0.4166315197944641,0.0032298723235726357,0.287930537381623,2,2,2,0.711627771969743,161,0.288135781118354,2
0.1500381119425616,0.6301349401473999,122009,279145,0.3078269362449646,0.3198090195655823,0.1120879128575325,"llm_attention",0.20662298798561096,0.007697486784309149,0.29227698330810103,9,7,7,0.6643085769429071,162,0.2996254374677278,7
0.024786864540574678,-0.03647763654589653,114012,281032,0.14940175414085388,0.2035202533006668,0.0,"llm_attention",nan,inf,0.13059198100480277,4,1,1,0.9928989265468581,163,0.024786864540574678,1
0.008544921875,0.9908241033554077,12288,283037,0.36031797528266907,0.5426258444786072,0.03773584961891174,"llm_attention",0.04592346027493477,0.03546038269996643,0.0,2,2,2,0.9838312288266091,164,0.008544921875,2
0.018967063949762913,0.19629400968551636,39015,284106,0.17659638822078705,0.2440493106842041,0.2112676054239273,"llm_attention",0.09542311728000641,0.012954190373420715,0.38442847811887654,4,3,3,0.7837678104971781,165,0.2860950916314238,3
0.004736007706046437,0.0,149493,285047,0.9209671020507812,0.8965803384780884,0.0,"llm_attention",nan,inf,0.0,1,1,1,0.9952639922939536,166,0.004736007706046437,1
0.29466791393826003,0.9728847146034241,1069,288042,0.022056953981518745,0.2459017038345337,0.0,"llm_attention",0.226180762052536,0.7532236576080322,0.013262599469496022,3,2,2,0.9942229924898903,167,0.009354536950420954,2
0.26816279954355265,0.22978124022483826,15774,289343,0.24496912956237793,0.33128347992897034,0.1428571492433548,"llm_attention",0.083956778049469,0.06331180781126022,0.420997920997921,4,3,3,0.8085288601104187,168,0.32338024597438825,3
0.0006581334842324748,0.5988194346427917,162581,290081,0.5488466620445251,0.4885729253292084,0.11294416338205338,"llm_attention",0.23216485977172852,0.002401595236733556,0.19180299617169516,4,4,4,0.8517025165206663,169,0.17059188958119337,4
0.030251992266269213,0.845862627029419,216713,291490,0.8583042621612549,0.71832275390625,0.0162790697067976,"llm_attention",0.06708475947380066,0.0021509903017431498,0.013261514010953716,2,2,2,0.9617318816786287,170,0.043112319057924536,2
0.01290434504110174,0.3722876012325287,74936,292082,0.2213209569454193,0.29656651616096497,0.14957265555858612,"llm_attention",0.16855411231517792,0.00912712886929512,0.3325717530316754,4,3,3,0.7138749912481599,171,0.20889825984840396,3
0.008822780872663518,0.8512753248214722,35363,292997,0.21952782571315765,0.2601785361766815,0.05223880708217621,"llm_attention",0.12725645303726196,0.020267942920327187,0.11092408205186728,10,4,4,0.9383856640956452,172,0.055821055905890336,4
0.020974706971005553,0.43785664439201355,1621,297595,0.27733415365219116,0.5144206285476685,0.25,"llm_attention",0.05795789510011673,0.2353704869747162,0.16257088846880907,2,2,2,0.8202853293586566,173,0.18013571869216533,2
0.01490296182289125,0.2245292216539383,53278,299355,0.3786780536174774,0.5394278168678284,0.061032865196466446,"llm_attention",0.2579802870750427,0.006956500466912985,0.23866321164545384,2,2,2,0.6866411577584295,174,0.2581928751079245,2
0.003361012257809411,0.19846093654632568,5058,300659,0.08946800231933594,0.15616266429424286,0.25,"llm_attention",0.2577310800552368,0.08961976319551468,0.6409442570918469,7,3,3,0.7898468800113564,175,0.21708185053380782,3
0.00812787862367922,0.748091459274292,59056,302107,0.3604258894920349,0.44248923659324646,0.05928853899240494,"llm_attention",0.07692568749189377,0.017044436186552048,0.05476645725211691,5,5,5,0.8500356463185129,176,0.0926239501490111,5
0.03555645986863439,0.3493841588497162,157271,303499,0.2102602869272232,0.2111312747001648,0.1330472081899643,"llm_attention",0.157932847738266,0.003588905092328787,0.4624305276274237,8,4,4,0.6952889313450876,177,0.23434708242460467,4
0.00019573468588838017,0.18380460143089294,117506,305343,0.4411231279373169,0.5209780931472778,0.05818965658545494,"llm_attention",0.1945681869983673,0.0033026726450771093,0.28546257756441357,2,2,2,0.7285615309300107,178,0.2856024373223495,2
0.10069177555726365,0.6384524703025818,13010,307145,0.14327703416347504,0.3498969078063965,0.07692307978868484,"llm_attention",0.13700613379478455,0.03218477591872215,0.013162393162393163,2,2,2,0.9042633889829508,179,0.11252882398155266,2
0.0,1.0,54,308531,0.0026098303496837616,0.4619348645210266,0.0,"llm_attention",nan,0.0,0.0,1,1,1,1.0,180,0.0,1
0.016809573263332586,0.25201621651649475,191617,309484,0.27876803278923035,0.2843015193939209,0.028021015226840973,"llm_attention",0.14718779921531677,0.003696651663631201,0.24618357077644962,4,3,3,0.711909907160252,181,0.0793457782973327,3
0.012794197642792384,0.11570902168750763,137875,310862,0.43389952182769775,0.5503619909286499,0.00863557867705822,"llm_attention",0.04354260861873627,0.0032858827617019415,0.0005289800236571621,2,2,2,0.898331988287087,182,0.04785494106980961,2
0.009224612826109552,0.030368147417902946,153936,312278,0.4034357964992523,0.4228748381137848,0.0,"llm_attention",nan,inf,0.2443153505206011,2,1,1,0.9831255178533254,183,0.009224612826109552,1
0.47075196203686803,0.5014706254005432,21916,313454,0.1669199913740158,0.23499424755573273,0.13793103396892548,"llm_attention",0.1758156269788742,0.08505160361528397,0.25347012673506336,6,5,5,0.840787458749323,184,0.2494068260631502,5
0.006697016441551601,0.0,26579,314541,0.5421817898750305,0.7238084673881531,0.0,"llm_attention",nan,inf,0.0,1,1,1,0.9933029835584484,185,0.006697016441551601,1
0.015025790535994617,0.6666660308837891,93639,317433,0.43938764929771423,0.5136992931365967,0.04973822087049484,"llm_attention",0.07530628889799118,0.006829446647316217,0.08704137392661983,3,3,3,0.8884344471010738,186,0.10075929901002788,3
0.057309670624532946,0.6142171025276184,228827,319534,0.7943811416625977,0.7145581245422363,0.0334378257393837,"llm_attention",0.11914625018835068,0.002794720698148012,0.03045249938575793,2,4,4,0.8680924039752365,187,0.13549537423468386,4
0.10171038852938807,0.5789445042610168,111729,320554,0.762667179107666,0.7813830375671387,0.008948545902967453,"llm_attention",0.09648368507623672,0.004015333019196987,0.008329596971055647,2,2,2,0.9028819558623573,188,0.10919277895622444,2
0.02925846891048906,0.3215298056602478,183229,321333,0.5366112589836121,0.5041148662567139,0.034567900002002716,"llm_attention",0.06339974701404572,0.002716239308938384,0.3959003305822295,3,2,2,0.9241220422122508,189,0.07816448269651638,2
0.0070129113012465496,0.19611021876335144,58321,322864,0.14722003042697906,0.22158311307430267,0.27450981736183167,"llm_attention",0.17646226286888123,0.02142752707004547,0.2905788092277939,6,3,3,0.8634008871601603,190,0.2684453284408704,3
0.04182866335969969,0.5801175832748413,52213,323496,0.21939679980278015,0.22591851651668549,0.2298850566148758,"llm_attention",0.15568780899047852,0.027891570702195168,0.3069419736552799,14,8,8,0.7617279786209947,191,0.22668684044203552,8
0.020836494209275275,0.0,19773,325114,0.5993375182151794,0.7730132341384888,0.0,"llm_attention",nan,inf,0.0,1,1,1,0.9791635057907248,192,0.020836494209275275,1
0.018266750331172,0.39448750019073486,157773,328030,0.3665892481803894,0.3974769711494446,0.2267080694437027,"llm_attention",0.25260260701179504,0.004645951557904482,0.34105919646719307,4,3,3,0.7439624221925167,193,0.23772128310927726,3
0.017743564545628258,0.6966391205787659,36633,329219,0.1644708216190338,0.17638766765594482,0.0746268630027771,"llm_attention",0.3681390583515167,0.019157983362674713,0.0943779006753189,16,9,9,0.8244831488916349,194,0.1253241612753528,9
0.006926315471789223,0.42546728253364563,132538,330790,0.47257959842681885,0.5053909420967102,0.022813688963651657,"llm_attention",0.04898957908153534,0.0035759364254772663,0.14746239173377906,2,2,2,0.7351332386854866,195,0.15336733616019557,2
0.0002242236256960275,0.9508525133132935,107036,332845,0.5444830656051636,0.5857424139976501,0.04326923191547394,"llm_attention",0.08321629464626312,0.007608202751725912,0.021184540051583,4,4,4,0.8940647762567152,196,0.02140401360289996,4
0.000366121552355382,0.0,8194,336587,0.3408088684082031,0.6392116546630859,0.0,"llm_attention",nan,inf,0.0,1,1,1,0.9996338784476446,197,0.000366121552355382,1
0.004190208429077343,0.8228318095207214,73982,338718,0.6120833158493042,0.700535774230957,0.010204081423580647,"llm_attention",0.06183132529258728,0.006322846747934818,0.01941035943099142,2,2,2,0.9700238295668642,198,0.023519234408369602,2
0.02663969950881248,0.7976909875869751,17305,341681,0.5159714221954346,0.6620106101036072,0.0,"llm_attention",0.033201027661561966,0.02796582318842411,0.019472809308952743,2,2,2,0.9728544550671365,199,0.045593759029182314,2
0.020681762445843212,0.8407329320907593,159029,343076,0.782001793384552,0.7792540192604065,0.01292407140135765,"llm_attention",0.05411992222070694,0.0030281520448625088,0.021202003338898164,2,2,2,0.9698901833767944,200,0.04144527098831031,2
0.0,0.0,16865,344614,0.30411496758461,0.4483431279659271,0.0,"llm_attention",nan,inf,0.3599169878446487,2,1,1,1.0,201,0.0,1
0.04118829573375028,0.4618564546108246,134310,345361,0.1782258152961731,0.22858119010925293,0.10326086729764938,"llm_attention",0.18157541751861572,0.007844810374081135,0.2605569274254919,8,7,7,0.7994282884489764,202,0.23681036408309136,7
0.0180033920748796,0.0,110257,347163,0.7881033420562744,0.7994568347930908,0.0,"llm_attention",nan,inf,0.0,1,1,1,0.9819966079251204,203,0.0180033920748796,1
0.0,1.0,6691,347693,0.06730237603187561,0.3521578907966614,0.0,"llm_attention",nan,inf,0.0,1,1,1,1.0,204,0.0,1
0.07516666666666667,-0.06850661337375641,12000,348881,0.15290260314941406,0.3927939832210541,0.0,"llm_attention",nan,inf,0.08551090286538116,2,1,1,0.959189213645824,205,0.07516666666666667,1
0.08233572945826945,-0.03442879393696785,71087,351589,0.22434206306934357,0.34775713086128235,0.1428571492433548,"llm_attention",0.3717730641365051,0.011597045697271824,0.2906306527271055,3,2,2,0.8368348950998447,206,0.3495575843684499,2
0.02401762583831683,0.06290376931428909,41303,352760,0.31616678833961487,0.4485226571559906,0.0,"llm_attention",nan,inf,0.2836198556225348,2,1,1,0.9604960658220545,207,0.02401762583831683,1
0.8689200149054164,0.4225941002368927,45621,354753,0.04414277896285057,0.09630779922008514,0.0,"llm_attention",0.9564386010169983,0.0012499303556978703,0.27959866220735785,9,2,2,0.8873389595937025,208,0.09690712610420639,2
0.0,0.07495913654565811,27442,356261,0.31705722212791443,0.5248626470565796,0.046296294778585434,"llm_attention",0.06389109790325165,0.009689746424555779,0.0366955761241892,2,2,2,0.7287404660660792,209,0.15822461919685155,2
0.009809869244769145,0.8929303288459778,77473,357081,0.7393711805343628,0.7915571331977844,0.01587301678955555,"llm_attention",0.05889744311571121,0.005962294060736895,0.02148266916950191,2,2,2,0.9633731456696832,210,0.031081796238689608,2
0.10769465978380129,0.7434221506118774,111194,357816,0.3025118410587311,0.31937524676322937,0.08353808522224426,"llm_attention",0.13108402490615845,0.008544541895389557,0.19500297322085489,10,7,7,0.7396432057835802,211,0.2266489199057503,7
0.0016579344850372888,0.41004806756973267,169488,359135,0.5808591246604919,0.5684517621994019,0.0803571417927742,"llm_attention",0.13121244311332703,0.002567561576142907,0.17923608361356208,2,2,2,0.8167481592011894,212,0.18059685641461343,2
0.0039152701250600155,0.3796515166759491,174956,360393,0.4654238224029541,0.4458456039428711,0.03211678937077522,"llm_attention",0.10737811774015427,0.0013739762362092733,0.018115463846537862,2,2,2,0.8809593003415881,213,0.06361599487871236,2
0.004454342984409799,0.0,17511,361268,0.5783048868179321,0.7631789445877075,0.0,"llm_attention",nan,inf,0.0,1,1,1,0.9955456570155902,214,0.004454342984409799,1
0.006755769792579609,0.0,27384,363072,0.6346306204795837,0.7839905023574829,0.0,"llm_attention",nan,inf,0.0,1,1,1,0.9932442302074204,215,0.006755769792579609,1
0.007195277314241625,1.1538018043211196e-05,55731,365655,0.7617329955101013,0.839024543762207,0.0,"llm_attention",nan,inf,0.0,1,1,1,0.9928047226857584,216,0.007195277314241625,1
0.0051870385061329105,0.8194578289985657,16387,366611,0.6339274644851685,0.7455926537513733,0.04477611929178238,"llm_attention",0.03467049449682236,0.02877405472099781,0.040731198625935466,2,2,2,0.9587677182046317,217,0.0457069628363947,2
0.02030826757743493,0.0,135856,368038,0.9426466822624207,0.9399471879005432,0.0,"llm_attention",nan,inf,0.0,1,1,1,0.979691732422565,218,0.02030826757743493,1
0.037267920193266094,0.7972926497459412,59193,368961,0.42566871643066406,0.5053817629814148,0.05485232174396515,"llm_attention",0.11689476668834686,0.013111274689435959,0.0786495165564076,5,4,4,0.868682012900664,219,0.09036541482945619,4
0.0006813109362152003,0.43207061290740967,42565,369757,0.25662145018577576,0.35100775957107544,0.20945945382118225,"llm_attention",0.3461418151855469,0.009454899467527866,0.29805341357908594,4,3,3,0.7297104373952475,220,0.22884999412662985,3
0.08678565580481415,0.3347003161907196,6107,371042,0.20678004622459412,0.2925015687942505,0.0,"llm_attention",0.0697113424539566,0.08182110637426376,0.3937600860677784,5,3,3,0.8985059240242711,221,0.12199115768789913,3
0.0038751188126051033,0.0,95739,372317,0.9106690883636475,0.9272879362106323,0.0,"llm_attention",nan,inf,0.0,1,1,1,0.996124881187395,222,0.0038751188126051033,1
0.045852484132195226,0.45308002829551697,36552,374369,0.5059927701950073,0.6496763229370117,0.03378378227353096,"llm_attention",0.036827173084020615,0.013003522530198097,0.09651336162403945,2,2,2,0.8946579401026392,223,0.1379404683738236,2
0.015317986900774433,0.8701573610305786,46873,375493,0.3641548454761505,0.43888387084007263,0.028409091755747795,"llm_attention",0.10191290825605392,0.01868099719285965,0.031220886144513054,6,5,5,0.9613322734753295,224,0.04625264011264481,5
0.004715047150471505,-0.10262639820575714,29268,376365,0.1742422729730606,0.20447643101215363,0.04462474584579468,"llm_attention",0.2664574980735779,0.002934469375759363,0.22595262615859937,3,2,2,0.9069796598790454,225,0.20940959409594095,2
0.04125126135216953,0.06957976520061493,99100,377575,0.42494335770606995,0.5247545838356018,0.0,"llm_attention",nan,inf,0.18552393381888604,2,1,1,0.9387802842429503,226,0.04125126135216953,1
0.021250703933613398,0.6302518844604492,154489,378284,0.5306379199028015,0.6350551843643188,0.03333333507180214,"llm_attention",0.07667222619056702,0.0026542663108557463,0.07184238720685687,3,3,3,0.8593910530654915,227,0.13723307161027645,3
0.006309834638816362,0.8303041458129883,18384,381360,0.7216783761978149,0.8073899149894714,0.01315789483487606,"llm_attention",0.04220634698867798,0.025105105713009834,0.03804466827238888,2,2,2,0.9648326876260067,228,0.044114447345517845,2
0.10495430926357284,0.5444841980934143,22324,382743,0.2886934280395508,0.39020848274230957,0.12222222238779068,"llm_attention",0.31296345591545105,0.02676791325211525,0.1982383264100896,5,5,5,0.6235243266566253,229,0.311413725138864,5
0.022896621572741083,0.8732200860977173,27646,383676,0.610001266002655,0.7181718945503235,0.03478260710835457,"llm_attention",0.05302346870303154,0.016439048573374748,0.020323547921371192,2,2,2,0.946864789469861,230,0.04275482890834117,2
0.010942878175921688,-0.01614334061741829,50261,384651,0.19974355399608612,0.3243899345397949,0.0,"llm_attention",nan,inf,0.18106656474422161,2,1,1,0.9933349491032477,231,0.010942878175921688,1
0.020207976666032593,0.48097485303878784,157710,385205,0.6938271522521973,0.7719116806983948,0.014586709439754486,"llm_attention",0.07077345252037048,0.003011027816683054,0.019382227888404963,2,2,2,0.9752816283055548,232,0.03919852894553294,2
0.020946716918502126,0.6892358064651489,144605,386879,0.7374707460403442,0.7727610468864441,0.012302285060286522,"llm_attention",0.03595632314682007,0.0033769153524190187,0.05507289371079844,2,2,2,0.8892911777683499,233,0.07486601431485772,2
0.019568000143224153,0.5624788999557495,111713,389109,0.2692777216434479,0.2503523528575897,0.13270142674446106,"llm_attention",0.11351776123046875,0.008840663358569145,0.309065344618222,16,12,12,0.7157690276995354,234,0.23823547841343443,12
0.0310806602304578,0.7657169699668884,112385,389812,0.393822580575943,0.4759748578071594,0.0258620698004961,"llm_attention",0.18012771010398865,0.002799354726448655,0.07385299195533189,4,3,3,0.7785805161816136,235,0.15264492592427814,3
0.2414754721764482,0.3798072040081024,31556,391375,0.32977747917175293,0.47981032729148865,0.0,"llm_attention",nan,inf,0.2512951203208556,2,1,1,0.7794279427942794,236,0.19061351248573963,1
0.0,0.6169307231903076,3104,393056,0.2782064974308014,0.5110461711883545,0.0,"llm_attention",0.0727425217628479,0.07139573991298676,0.06024484536082474,2,2,2,0.9676470588235294,237,0.06024484536082474,2
0.001663701864625859,0.0,156278,394275,0.9211231470108032,0.8546308875083923,0.0,"llm_attention",nan,inf,0.0,1,1,1,0.9983362981353742,238,0.001663701864625859,1
0.01764662083343675,0.04260621219873428,80582,395633,0.4142563045024872,0.5816748142242432,0.04024767875671387,"llm_attention",0.36760327219963074,0.002995838178321719,0.00264022233451238,2,3,3,0.9414616908472857,239,0.0929736169367849,3
0.0,1.0,2362,396580,0.1691492348909378,0.5622443556785583,0.0,"llm_attention",nan,inf,0.0,1,1,1,1.0,240,0.0,1
0.051627142310204266,0.5250846743583679,222015,399655,0.667022168636322,0.5078578591346741,0.08793686330318451,"llm_attention",0.0926569327712059,0.0020334466826170683,0.12381680621981164,2,2,2,0.8333945944197871,241,0.1690516406549107,2
0.0009718172983479105,0.522781252861023,4116,400922,0.2033054381608963,0.45694541931152344,0.1666666716337204,"llm_attention",0.3173813223838806,0.06889063119888306,0.04547665369649805,2,2,2,0.9671672181216595,242,0.06268221574344024,2
0.010025988042660153,0.1981164664030075,70417,402433,0.19759833812713623,0.252694308757782,0.2542372941970825,"llm_attention",0.5395969152450562,0.002771442523226142,0.42808165138930726,3,2,2,0.6961878575755781,243,0.28903531817600864,2
0.08008555133079848,-0.0795058161020279,21040,403385,0.2606402039527893,0.44023653864860535,0.0,"llm_attention",nan,inf,0.2328080599328339,2,1,1,0.949044393371235,244,0.08008555133079848,1
0.0,1.0,188,404534,0.013375070877373219,0.48021742701530457,0.0,"llm_attention",nan,3.4028234663852886e+38,0.0,1,1,1,1.0,245,0.0,1
0.5886927732439214,0.0,237105,405432,0.5886927843093872,0.7943463921546936,0.0,"llm_attention",nan,inf,0.0,1,1,1,0.5886927732439214,246,0.4113072267560785,1
0.004365746515537719,0.9620921611785889,221268,407298,0.9680527448654175,0.8517082333564758,0.009793253615498543,"llm_attention",0.05263135954737663,0.003008495783433318,0.006391226588955161,2,3,3,0.9857430733528696,247,0.013983043187446897,3
0.0063417388031614605,0.0,212560,407943,0.976707398891449,0.8396968841552734,0.0,"llm_attention",nan,inf,0.0,1,1,1,0.9936582611968385,248,0.0063417388031614605,1
0.13865875105468076,0.0,196742,409424,0.7080610394477844,0.6459864377975464,0.09179265797138214,"llm_attention",0.20065562427043915,0.0033696696627885103,0.0,1,6,6,0.7577334783625256,249,0.24226652163747445,6
0.8821490467937608,0.6539405584335327,577,410712,0.0017120707780122757,0.21107672154903412,0.5,"llm_attention",0.19635677337646484,5.451478500617668e-06,0.0,3,2,1,1.0,250,0.0,2
0.012024429876169664,0.555681049823761,89235,411953,0.30822309851646423,0.4289129376411438,0.014044944196939468,"llm_attention",0.04392135143280029,0.005150193348526955,0.037737347156371226,3,2,2,0.7375282415010598,251,0.05585252423376478,2
0.01202637902845292,0.7798465490341187,182266,414034,0.41699284315109253,0.4399130046367645,0.04701397567987442,"llm_attention",0.07052424550056458,0.004320251755416393,0.049962793073958484,5,4,4,0.8649945848591474,252,0.07904381508344946,4
0.02342481832030567,0.7990707755088806,40043,415716,0.18854184448719025,0.259590208530426,0.11801242083311081,"llm_attention",0.19296923279762268,0.013528594747185707,0.049252013808975835,7,6,6,0.8150303791548174,253,0.16007791624004195,6
0.5609180671657006,0.0006573864375241101,102999,416330,0.2672366797924042,0.4987291395664215,0.0,"llm_attention",nan,inf,0.0026755113322277503,2,1,1,0.7807888955850619,254,0.43790716414722475,1
0.00711148716708973,0.0,148914,417465,0.9163960218429565,0.899185299873352,0.0,"llm_attention",nan,inf,0.0,1,1,1,0.9928885128329102,255,0.00711148716708973,1
0.003848850352692049,0.0,69891,419096,0.8315457701683044,0.8791432976722717,0.0,"llm_attention",nan,inf,0.0,1,1,1,0.996151149647308,256,0.003848850352692049,1
0.08643122676579926,0.09932640939950943,110828,419882,0.1721716970205307,0.20755593478679657,0.11238531768321991,"llm_attention",0.45033738017082214,0.0026954887434840202,0.5993441910537388,7,7,7,0.659989464020664,257,0.23952430793662252,7
0.08729993764290168,0.39224615693092346,235739,422670,0.35101842880249023,0.37528926134109497,0.12781186401844025,"llm_attention",0.1251600980758667,0.0030512907542288303,0.21920997959648447,4,4,4,0.7057253642869302,258,0.4151285956078544,4
2.2157473161760632e-05,0.0,90263,423971,0.832427978515625,0.8633582592010498,0.0,"llm_attention",nan,inf,0.0,1,1,1,0.9999778425268382,259,2.2157473161760632e-05,1
0.010865377205825692,0.21514418721199036,51908,424721,0.19991284608840942,0.26443228125572205,0.25462964177131653,"llm_attention",0.4041858911514282,0.009700302965939045,0.2883102212527267,6,6,6,0.6309263410807678,260,0.4112660861524235,6
0.0,1.0,179449,426253,0.8290284276008606,0.6907522082328796,0.0,"llm_attention",nan,inf,0.0,1,1,1,1.0,261,0.0,1
0.0002903730176457449,0.37656399607658386,44770,427077,0.40191540122032166,0.5684261322021484,0.02793296054005623,"llm_attention",0.10190179944038391,0.005981669761240482,0.024063275018432872,2,2,2,0.9180709156214688,262,0.05827563100290373,2
0.015569300143200999,0.8907480835914612,32821,428454,0.37182822823524475,0.45765483379364014,0.028985507786273956,"llm_attention",0.09190134704113007,0.023571155965328217,0.0350974930362117,5,4,4,0.9485628891858259,263,0.04512354894732031,4
0.014652693636182795,0.0,221188,430286,0.9623318910598755,0.8899095058441162,0.0,"llm_attention",nan,inf,0.0,1,1,1,0.9853473063638172,264,0.014652693636182795,1
0.0022267000468136205,0.10145700722932816,245655,431568,0.2992061376571655,0.3148873448371887,0.1682243049144745,"llm_attention",0.24204382300376892,0.002328248228877783,0.5305946766323416,4,4,4,0.6511951193639742,265,0.4308399991858501,4
0.013743889419565095,0.3691874146461487,177970,433103,0.224639892578125,0.22089868783950806,0.36891892552375793,"llm_attention",0.1777830421924591,0.0045254165306687355,0.42268293794580797,15,12,12,0.5946173723832826,266,0.3954205765016576,12
0.03415558735811748,0.0,183074,433980,0.8901411294937134,0.7630445957183838,0.010403120890259743,"llm_attention",0.036727529019117355,0.0024995096027851105,0.0,1,2,2,0.9547450757617139,267,0.04525492423828616,2
0.07776466460399988,0.8190064430236816,94053,435208,0.30871638655662537,0.3186609745025635,0.15000000596046448,"llm_attention",0.09961920976638794,0.011450247839093208,0.11099966566365764,11,9,9,0.8921510639898742,268,0.10571698935706464,9
0.016047745358090185,0.04871681332588196,15080,439290,0.14010672271251678,0.22080940008163452,0.20338982343673706,"llm_attention",0.5459811091423035,0.004522472154349089,0.540975872759132,8,7,7,0.8216735207762337,269,0.3074933687002653,7
0.010993837217539137,0.6725417971611023,70585,440507,0.29362502694129944,0.4042849540710449,0.03191489353775978,"llm_attention",0.3429078459739685,0.003241059137508273,0.03390680284777035,3,3,3,0.7409592725945874,270,0.06490047460508606,3
0.01325546107818718,0.8348461389541626,34929,442323,0.2919876277446747,0.3804125189781189,0.03703703731298447,"llm_attention",0.07567985355854034,0.022831298410892487,0.12348401323042998,4,3,3,0.9709627419564877,271,0.0315497151364196,3
0.02044159544159544,0.0,28080,445675,0.6882866621017456,0.8175982236862183,0.0,"llm_attention",nan,inf,0.0,1,1,1,0.9795584045584046,272,0.02044159544159544,1
0.0017635971997845988,0.0,74280,446207,0.37661072611808777,0.3618711531162262,0.0,"llm_attention",nan,inf,0.0,1,1,1,0.9982364028002154,273,0.0017635971997845988,1
0.03814530103387721,0.0,85987,447200,0.7659332156181335,0.8125380277633667,0.0,"llm_attention",nan,inf,0.0,1,1,1,0.9618546989661227,274,0.03814530103387721,1
0.010273536084839524,0.784762978553772,39227,448365,0.39032623171806335,0.5171818733215332,0.0,"llm_attention",0.032495297491550446,0.007970116101205349,0.05069029466309499,3,2,2,0.9494399502298033,275,0.04971065847502995,2
0.09537658858160154,0.6049169301986694,56733,450559,0.7504715919494629,0.8170587420463562,0.008928571827709675,"llm_attention",0.03719833493232727,0.008592037484049797,0.020692880246288143,2,2,2,0.9209461706724515,276,0.1140958525020711,2
0.0,1.0,41,451435,0.006139562930911779,0.4904087483882904,0.0,"llm_attention",nan,3.4028234663852886e+38,0.0,1,1,1,1.0,277,0.0,1
0.004528003469343503,0.845565676689148,78401,452793,0.4557996690273285,0.539344310760498,0.009433962404727936,"llm_attention",0.06261444836854935,0.005784213077276945,0.0025113394664684928,2,2,2,0.9576055873908533,278,0.0070279715819951275,2
0.08656308690455865,0.40861043334007263,105426,453708,0.22295035421848297,0.24954549968242645,0.20264317095279694,"llm_attention",0.21301032602787018,0.007432165555655956,0.35695742471443404,11,8,8,0.641984530042671,279,0.36926374898032743,8
0.00504272688863751,0.5276851058006287,73373,455157,0.35377126932144165,0.38581398129463196,0.1068965494632721,"llm_attention",0.1294119507074356,0.014610037207603455,0.28365957563387806,8,7,7,0.7718365192671468,280,0.19727965327845393,7
0.020968756552736424,0.7887042760848999,14307,458223,0.5902652740478516,0.6863012909889221,0.06666667014360428,"llm_attention",0.0795709490776062,0.043722111731767654,0.0524023702434497,3,3,3,0.9371721933022662,281,0.07227231425176488,3
0.008513130039187425,0.3219945430755615,66603,459195,0.3604629635810852,0.447194367647171,0.2246376872062683,"llm_attention",0.213356152176857,0.008466281928122044,0.27525894966381975,4,7,7,0.757829273716786,282,0.3107667822770746,7
0.08666573523426538,0.15262413024902344,164621,459954,0.18708451092243195,0.19321398437023163,0.17920354008674622,"llm_attention",0.3918669521808624,0.004158800467848778,0.5941843915027203,10,8,8,0.5896681913118502,283,0.3326003365305763,8
0.04323198667221991,0.0,120050,460927,0.9263426065444946,0.932166576385498,0.0,"llm_attention",nan,inf,0.0,1,1,1,0.95676801332778,284,0.04323198667221991,1
0.019726515334460275,0.6203787326812744,132512,461751,0.36247798800468445,0.37573006749153137,0.09838709980249405,"llm_attention",0.09661226719617844,0.006511684972792864,0.154197909128701,6,5,5,0.7087443888291888,285,0.16846021492393143,5
0.0533150058764442,0.10538605600595474,245897,776,0.27334320545196533,0.22201140224933624,0.19796954095363617,"llm_attention",0.19691377878189087,0.0024802356492727995,0.4814615936456933,4,4,4,0.5950871229241471,286,0.41756101131774687,4
0.0005482456140350877,0.0,20064,5060,0.6464330554008484,0.8000723123550415,0.0,"llm_attention",nan,inf,0.0,1,1,1,0.9994517543859649,287,0.0005482456140350877,1
0.0014125540743356582,0.0,124597,8532,0.9051147699356079,0.8996903896331787,0.009881422854959965,"llm_attention",0.04708681255578995,0.0037603259552270174,0.0,1,2,2,0.976436029759946,288,0.023563970240053935,2
0.009199102784008444,0.8959547281265259,189475,9448,0.9295217990875244,0.9131329655647278,0.05124835669994354,"llm_attention",0.11053144186735153,0.0023365027736872435,0.021770396096563185,2,2,2,0.9677086052492735,289,0.03076923076923077,2
0.0750711093051605,0.4972439706325531,9844,10977,0.30314958095550537,0.5147326588630676,0.13513512909412384,"llm_attention",0.10111738741397858,0.0482105128467083,0.1071938495332235,2,2,2,0.8667273470854244,290,0.17421779764323445,2
0.014834747809287242,0.9174453020095825,14493,11813,0.2582117021083832,0.4527188241481781,0.04838709533214569,"llm_attention",0.11872896552085876,0.027349021285772324,0.015618433954335341,2,2,2,0.9639692089110561,291,0.03022148623473401,2
0.0015863521701817804,0.09481880068778992,38453,13348,0.12742504477500916,0.23807312548160553,0.07453416287899017,"llm_attention",0.3061872720718384,0.010091842152178288,0.010210460512606793,5,6,6,0.8775884395777206,292,0.14633448625594883,6
0.0049617387050560815,0.37576866149902344,200333,15254,0.19294056296348572,0.19448897242546082,0.19430692493915558,"llm_attention",0.2571899890899658,0.003148601157590747,0.2822177295963158,8,7,7,0.7402723200582689,293,0.33791736758297436,7
0.12965855835750947,0.48911330103874207,13443,15751,0.3625057339668274,0.4494859576225281,0.2631579041481018,"llm_attention",0.48483169078826904,0.01627560704946518,0.23153846153846153,4,4,4,0.7149320289545422,294,0.27776537975154353,4
0.03972792268424173,0.5387523174285889,146723,17115,0.6886920928955078,0.7293026447296143,0.12436115741729736,"llm_attention",0.3194047808647156,0.0023141074925661087,0.11790424006700072,2,2,2,0.8471860641410094,295,0.1529480722177164,2
0.008322534197264218,0.9247751832008362,34725,17905,0.5723908543586731,0.6839723587036133,0.007874015718698502,"llm_attention",0.03353560343384743,0.015064342878758907,0.012312696015797422,2,2,2,0.9860943168077387,296,0.020532757379409648,2
0.00015510609256731605,-0.00039729836862534285,64472,19742,0.6827372312545776,0.7656030058860779,0.0,"llm_attention",nan,inf,0.0,1,1,1,0.9998448939074327,297,0.00015510609256731605,1
8.27241047700787e-05,0.8510512709617615,193414,20992,0.7261793613433838,0.7239832282066345,0.0066050197929143906,"llm_attention",0.04035083204507828,0.002524038078263402,0.01725974415454141,2,2,2,0.9401201164512841,298,0.017341040462427744,2
0.001777723288175075,0.8733705282211304,97878,22589,0.7908967733383179,0.829212486743927,0.04724409431219101,"llm_attention",0.16926276683807373,0.0043485527858138084,0.024615164169327765,2,2,2,0.9504888592741793,299,0.026349128506916775,2
0.0,0.4350678622722626,1721,23230,0.13278700411319733,0.31994861364364624,0.0,"llm_attention",0.9099298715591431,0.04044037312269211,0.3451481696687972,3,2,2,0.8326717181057637,300,0.17024985473561882,2
0.0004522383136299307,0.0,187954,24144,0.9094293117523193,0.8287637829780579,0.0,"llm_attention",nan,inf,0.0,1,1,1,0.99954776168637,301,0.0004522383136299307,1
0.00828722302230981,0.9496244192123413,39579,25424,0.6639043092727661,0.755805492401123,0.006211180239915848,"llm_attention",0.037497032433748245,0.011919266544282436,0.006318310361519452,2,2,2,0.9838927960427444,302,0.01455317213673918,2
0.007683747922359636,0.24561305344104767,141988,27768,0.5414576530456543,0.6338610053062439,0.021238937973976135,"llm_attention",0.06197544187307358,0.0047920988872647285,0.01029830301567812,2,3,3,0.9719504472131895,303,0.05552581908330281,3
0.10981309805934779,0.2286548614501953,167521,29640,0.12755237519741058,0.12049523741006851,0.14263322949409485,"llm_attention",0.3016761839389801,0.003356555011123419,0.17459178541492038,13,9,9,0.6537819948188826,304,0.3930014744420103,9
0.0026626726576801465,0.0,12018,32285,0.411663681268692,0.6715934872627258,0.0,"llm_attention",nan,inf,0.0,1,1,1,0.9973373273423198,305,0.0026626726576801465,1
0.12002911113283583,0.3565678596496582,92061,34257,0.13939636945724487,0.17060208320617676,0.20178040862083435,"llm_attention",0.4751603603363037,0.002949506975710392,0.17848193455209788,6,5,5,0.74623609188574,306,0.39069747232813024,5
0.0018501387604070306,0.2591979503631592,27025,35963,0.28698986768722534,0.4649737775325775,0.08490566164255142,"llm_attention",0.12920697033405304,0.01636647991836071,0.24174235403151065,2,2,2,0.733946432087494,307,0.24314523589269196,2
0.0,0.04344099387526512,10387,37751,0.0873844102025032,0.2436964213848114,0.25641027092933655,"llm_attention",0.277694433927536,0.03559185564517975,0.283720034658708,4,3,3,0.7369318433494509,308,0.4062770771156253,3
0.011379872164431632,0.15014947950839996,79790,42178,0.31038543581962585,0.42245715856552124,0.21221864223480225,"llm_attention",0.38148754835128784,0.004230908118188381,0.34745569331406406,3,3,3,0.6822357691586157,309,0.3674896603584409,3
0.01717126073203796,0.3597428500652313,2213,43435,0.09757690876722336,0.23833592236042023,0.3333333432674408,"llm_attention",0.3101676106452942,0.06545887142419815,0.3250574712643678,5,5,5,0.7378020059693795,310,0.31269769543605963,5
0.005003183844264532,0.0,10993,44652,0.7145283222198486,0.8485661149024963,0.0,"llm_attention",nan,inf,0.0,1,1,1,0.9949968161557354,311,0.005003183844264532,1
0.021636487925854094,0.8481747508049011,125806,50380,0.5689071416854858,0.6153126955032349,0.03929273039102554,"llm_attention",0.0953030213713646,0.006465304642915726,0.05197263657339703,4,4,4,0.8958674712055383,312,0.09133904583247222,4
0.037647728414074794,0.0,59738,51326,0.29034996032714844,0.30188995599746704,0.0,"llm_attention",nan,inf,0.0,1,1,1,0.9623522715859252,313,0.037647728414074794,1
0.0023821067942745113,0.0,47437,52017,0.6557875871658325,0.7774562239646912,0.005102040711790323,"llm_attention",0.0825141966342926,0.009331588633358479,0.0,1,2,2,0.9221282964774332,314,0.07787170352256677,2
0.016255116094116735,0.6068868041038513,51553,53626,0.2829724848270416,0.3352867066860199,0.24170616269111633,"llm_attention",0.16274163126945496,0.013140576891601086,0.23637976929902396,9,8,8,0.6319570273168956,315,0.2624871491474793,8
0.004529844644317253,0.9337385892868042,61150,54931,0.7493370771408081,0.7998579144477844,0.016597511246800423,"llm_attention",0.06849288940429688,0.007703314069658518,0.01401278070737437,2,2,2,0.9853288067734721,316,0.01847914963205233,2
0.02437571725330118,0.7876271605491638,68839,61471,0.464704304933548,0.547735333442688,0.03731343150138855,"llm_attention",0.12109144777059555,0.0062983231619000435,0.04700644719405608,3,3,3,0.9324405107701002,317,0.09074797716410755,3
0.01938073923676803,0.3697923421859741,21671,62692,0.2999939024448395,0.46098583936691284,0.0,"llm_attention",0.3548576831817627,0.010988565161824226,0.007387887628817468,3,3,3,0.8483420111163499,318,0.055004383738636885,3
0.012646130215888727,0.43857210874557495,58595,64499,0.4816686511039734,0.6131417751312256,0.06694560497999191,"llm_attention",0.15000326931476593,0.003943241201341152,0.14987727728419814,2,2,2,0.7613727079842458,319,0.16062803993514804,2
0.004167777606264296,0.9598399996757507,142522,66561,0.8826887607574463,0.8895726799964905,0.0035714285913854837,"llm_attention",0.057420361787080765,0.0033621881157159805,0.007785637788174285,2,2,2,0.9806532347171961,320,0.011920966587614544,2
0.0028500372138617097,0.778586208820343,55087,67213,0.3694782257080078,0.39851897954940796,0.16509434580802917,"llm_attention",0.18622969090938568,0.014857818372547626,0.17416712179137084,8,9,9,0.7720412255354125,321,0.15353894748307223,9
0.011356414578210051,0.6616447567939758,36191,68628,0.5369306802749634,0.6680355072021484,0.040816325694322586,"llm_attention",0.037508390843868256,0.013072200119495392,0.06646171045276691,2,2,2,0.9553788557532318,322,0.07706335829349838,2
0.009555640494582174,0.6779575943946838,112499,70229,0.5143619775772095,0.5837587118148804,0.03703703731298447,"llm_attention",0.10242988914251328,0.006969991605728865,0.09510518380241241,4,4,4,0.9492286637383177,323,0.10375203335140756,4
0.01761881328382469,0.7071632742881775,134118,72813,0.43154051899909973,0.4109053313732147,0.015217390842735767,"llm_attention",0.08012045919895172,0.003934324719011784,0.1420211756669576,3,2,2,0.8219897533747514,324,0.0902116047063034,2
0.002753376163629212,0.4779640734195709,7627,74860,0.44411152601242065,0.6220911741256714,0.13333334028720856,"llm_attention",0.04937872663140297,0.06222834810614586,0.15343150144622666,2,2,2,0.8356000320933806,325,0.155762422971024,2
0.0010707442611864598,0.7723851203918457,159702,78426,0.5407487750053406,0.527290940284729,0.04130809009075165,"llm_attention",0.09188146889209747,0.003050914267078042,0.11952535870771198,3,2,2,0.9803399364808562,326,0.01908554683097269,2
0.002987192039482886,0.0,100094,79188,0.8247997760772705,0.8471145629882812,0.0,"llm_attention",nan,inf,0.0,1,1,1,0.9970128079605172,327,0.002987192039482886,1
0.019905628754866823,0.6458920836448669,38783,80153,0.4119584560394287,0.5269800424575806,0.05161290243268013,"llm_attention",0.14441098272800446,0.010084646753966808,0.11244113546078767,3,3,3,0.8117447795120832,328,0.13010855271639635,3
0.36794829079762775,0.0,225105,82180,0.6078113913536072,0.5633349418640137,0.1139240488409996,"llm_attention",0.2403693050146103,0.018537502735853195,0.0,1,2,2,0.6088536460762756,329,0.3911463539237245,2
0.0012509971716585684,0.9876269698143005,55156,88345,0.4930878281593323,0.5992996692657471,0.004587155766785145,"llm_attention",0.036430325359106064,0.008774721063673496,0.0007805834407391943,2,2,2,0.9988661213250183,330,0.0020306041047211546,2
0.0009470908951288811,0.0,117201,89670,0.7941481471061707,0.7924544215202332,0.0,"llm_attention",nan,inf,0.0,1,1,1,0.9990529091048711,331,0.0009470908951288811,1
0.002861248684852062,0.8324127793312073,155876,90208,0.808719277381897,0.8208773732185364,0.009771986864507198,"llm_attention",0.05471184104681015,0.0030672636348754168,0.0316476870616998,2,2,2,0.9764804262832367,332,0.03441838384356796,2
0.002762509208364028,0.0,70588,92177,0.5426492094993591,0.5843582153320312,0.03311258181929588,"llm_attention",0.22529630362987518,0.005703150760382414,0.0,1,3,3,0.9336997789992634,333,0.06630022100073667,3
0.06261967296450055,0.10936234146356583,118030,95707,0.40934255719184875,0.534555971622467,0.02048417180776596,"llm_attention",0.12745021283626556,0.002570056589320302,0.012997225209916937,2,2,2,0.7154904320654791,334,0.13922731508938405,2
0.0010851693521867806,0.17706722021102905,30410,98520,0.38360294699668884,0.5698826909065247,0.00826446246355772,"llm_attention",0.06440607458353043,0.0154038667678833,0.006649767916515785,2,2,2,0.9651543719542476,335,0.054784610325550806,2
0.0013081138412586177,0.861441969871521,169710,99182,0.7341964244842529,0.7505398988723755,0.029368575662374496,"llm_attention",0.1377362161874771,0.0036292194854468107,0.05289460020768432,3,3,3,0.8926363036309924,336,0.05413352189028343,3
0.01476361755648024,0.753512978553772,42537,100510,0.42016491293907166,0.5353066921234131,0.034285712987184525,"llm_attention",0.08039091527462006,0.015307744964957237,0.04428643012240807,3,3,3,0.9358882305793564,337,0.08157603968309941,3
0.0,1.0,559,101787,0.12334509938955307,0.5540784597396851,0.0,"llm_attention",nan,inf,0.0,1,1,1,1.0,338,0.0,1
0.06820952785763022,0.6412217617034912,89401,104119,0.4757467806339264,0.5807324647903442,0.022792022675275803,"llm_attention",0.1791287511587143,0.004047010559588671,0.009123320888803525,3,3,3,0.7348391272019618,339,0.0767105513361148,3
0.387040174249758,0.0,132224,105014,0.562908411026001,0.7814542055130005,0.04921259731054306,"llm_attention",0.1258026659488678,0.005657929927110672,0.0,1,4,4,0.5629083978702807,340,0.43709160212971926,4
0.02754606945672698,0.4797852635383606,83678,106389,0.20239245891571045,0.22764557600021362,0.05882352963089943,"llm_attention",0.40953516960144043,0.009478988125920296,0.25836579700883583,10,9,9,0.6941224435624788,341,0.07852721145342861,9
0.00295896050430979,0.8065293431282043,15546,107554,0.1629991978406906,0.3592431843280792,0.0,"llm_attention",0.07643626630306244,0.027299437671899796,0.019483870967741936,2,2,2,0.9870746138555571,342,0.02238517946738711,2
0.00652949662136512,0.5974692106246948,131710,109798,0.4129037857055664,0.35079067945480347,0.13903743028640747,"llm_attention",0.17137321829795837,0.005526263266801834,0.2761176920137562,4,3,3,0.8441344076386861,343,0.09451825981322602,3
0.0003744950456147244,0.4678497314453125,162886,110449,0.4268050193786621,0.5079509615898132,0.10318664461374283,"llm_attention",0.145708367228508,0.0034993183799088,0.15617380623368649,3,3,3,0.8729213060807391,344,0.16706162592242427,3
0.0,0.5833113789558411,5578,111179,0.3186368942260742,0.5345444083213806,0.1304347813129425,"llm_attention",0.12373732775449753,0.0752301812171936,0.11509501613481535,2,2,2,0.9219828508964701,345,0.11509501613481535,2
0.005895969357567705,0.786064624786377,96337,112798,0.47105735540390015,0.48001065850257874,0.010498687624931335,"llm_attention",0.05304253101348877,0.0029831731226295233,0.00664097985778279,2,2,2,0.9161836008242592,346,0.012497794201604783,2
0.01565297385274033,0.3764628469944,141315,115870,0.3200387954711914,0.3011883795261383,0.13278008997440338,"llm_attention",0.15403872728347778,0.008043987676501274,0.4271798595285508,11,9,9,0.7743766975644758,347,0.1826486926370166,9
0.005267767767767767,0.6138378977775574,79920,117744,0.6661202907562256,0.75343257188797,0.025477707386016846,"llm_attention",0.043504998087882996,0.006072423420846462,0.09657983119284519,2,2,2,0.8480297553393252,348,0.10133883883883883,2
0.0,0.3092253506183624,12221,119088,0.22996437549591064,0.37880244851112366,0.0714285746216774,"llm_attention",0.07299725711345673,0.09878482669591904,0.2234678013255871,3,2,2,0.937630662020906,349,0.04394075771213485,2
0.0036260890040028257,0.8264846801757812,42470,121031,0.3719708025455475,0.3912687599658966,0.12643678486347198,"llm_attention",0.17805907130241394,0.015082062222063541,0.14287739861990736,8,6,6,0.8755800190149032,350,0.10981869554979985,6
0.02925168364920011,0.0,199715,122606,0.8858763575553894,0.8319613337516785,0.00890585221350193,"llm_attention",0.04715884476900101,0.0024143888149410486,0.0,1,2,2,0.919605437748792,351,0.08039456225120797,2
0.02019294840223658,0.6266441941261292,34517,123585,0.3154200613498688,0.39768725633621216,0.0,"llm_attention",0.12253637611865997,0.018479667603969574,0.20147841513897102,4,2,2,0.9212039214059315,352,0.02862357678824927,2
0.012676504206880549,-6.043062967364676e-06,116357,125211,0.9113568663597107,0.9177392721176147,0.0,"llm_attention",nan,inf,0.0,1,1,1,0.9873234957931194,353,0.012676504206880549,1
0.1919079168467041,0.0,83316,125952,0.4492839574813843,0.5128355026245117,0.0,"llm_attention",nan,inf,0.0,1,1,1,0.8080920831532958,354,0.1919079168467041,1
0.009092945399950357,0.2397797554731369,165183,127955,0.5387479662895203,0.6180104613304138,0.17530487477779388,"llm_attention",0.5030962228775024,0.001511066104285419,0.25310207049077166,2,2,2,0.7385282541433026,355,0.25989357258313506,2
0.001314828341855369,0.440512478351593,6845,128675,0.11412842571735382,0.209685280919075,0.3529411852359772,"llm_attention",0.2552354633808136,0.10194533318281174,0.2380046811000585,7,5,5,0.8227951225340293,356,0.30138787436084735,5
0.03921411258607682,0.5772765874862671,62299,129812,0.4621293246746063,0.5872212648391724,0.0830039530992508,"llm_attention",0.12275093793869019,0.006652591750025749,0.11006415396952686,2,2,2,0.7728187765104959,357,0.14496219843015137,2
0.5923673469387755,0.8567614555358887,24500,130613,0.08242634683847427,0.15844959020614624,0.07500000298023224,"llm_attention",0.1449732929468155,0.0415576696395874,0.1099429258035446,3,2,2,0.9249524709712263,358,0.058653061224489794,2
0.00718881563269521,0.6796814799308777,25178,131556,0.2566809356212616,0.37454015016555786,0.028037382289767265,"llm_attention",0.051760848611593246,0.01778005249798298,0.08204984598151778,4,3,3,0.9173656239711223,359,0.08332671379775995,3
0.0076653969797660535,0.7871419787406921,148068,132796,0.33331891894340515,0.35749906301498413,0.04244482144713402,"llm_attention",0.13679838180541992,0.005764169618487358,0.12113684468431189,9,6,6,0.713480970085402,360,0.10892292730367129,6
0.03302473400580351,0.0005358487251214683,7237,134034,0.2977655231952667,0.42788055539131165,0.0,"llm_attention",nan,inf,0.49328379537010575,2,1,1,0.9669500903885677,361,0.03302473400580351,1
0.0002421893921046258,0.007422237657010555,4129,135673,0.1277913898229599,0.4035569429397583,0.30000001192092896,"llm_attention",0.894931972026825,0.009574377909302711,0.45469961240310075,2,2,2,0.5927858828805941,362,0.4119641559699685,2
0.013648563236816312,0.7607990503311157,109169,136915,0.36041760444641113,0.4185405671596527,0.09649122506380081,"llm_attention",0.14599047601222992,0.006825306918472052,0.07863185950835354,6,6,6,0.7650202448348762,363,0.10729236321666408,6
1.9839695262280773e-05,0.12800322473049164,100808,138492,0.43230047821998596,0.5652708411216736,0.01886792480945587,"llm_attention",0.06071909889578819,0.004402391612529755,0.002509771243775172,2,2,2,0.9840733926706777,364,0.031773271962542655,2
0.005254424778761062,0.0,65088,139871,0.8243907690048218,0.8772609233856201,0.0,"llm_attention",nan,inf,0.0,1,1,1,0.994745575221239,365,0.005254424778761062,1
0.0,1.0,1094,140658,0.04916632920503616,0.48406025767326355,0.0,"llm_attention",nan,inf,0.0,1,1,1,1.0,366,0.0,1
0.018799419987765367,0.6052533388137817,176548,146358,0.27518343925476074,0.2543585002422333,0.09692307561635971,"llm_attention",0.12536059319972992,0.006688599940389395,0.21524109704495206,9,8,8,0.7706369990329146,367,0.16790901058069194,8
0.003327267694880719,0.49931395053863525,169809,148957,0.4695096015930176,0.5088635683059692,0.1997019350528717,"llm_attention",0.3090818524360657,0.003744583809748292,0.3074495993949564,6,6,6,0.6786086459190718,368,0.28881272488501786,6
0.14826188817830685,0.0,31586,150930,0.753838837146759,0.8582470417022705,0.0,"llm_attention",nan,inf,0.0,1,1,1,0.8517381118216931,369,0.14826188817830685,1
0.1324582879941966,-0.0012974304845556617,132336,151962,0.22315245866775513,0.39336177706718445,0.22580644488334656,"llm_attention",0.20186766982078552,0.026060231029987335,0.009729371902410132,2,2,2,0.6825954127559876,370,0.5440771974368275,2
0.051405549888304945,0.056395914405584335,77443,153299,0.37410569190979004,0.4572015702724457,0.0,"llm_attention",nan,inf,0.31489749802619044,2,1,1,0.9343586052077477,371,0.051405549888304945,1
0.028103818813026947,0.9130175709724426,6049,154087,0.2287217527627945,0.4107334017753601,0.03846153989434242,"llm_attention",0.12994113564491272,0.06675941497087479,0.020411634631740092,3,2,2,0.9792372193645223,372,0.02628533641924285,2
0.0018826482585503608,0.0,9561,154947,0.6084544658660889,0.7920717000961304,0.0,"llm_attention",nan,inf,0.0,1,1,1,0.9981173517414497,373,0.0018826482585503608,1
0.04268199233716475,0.13017521798610687,13050,155451,0.09138397127389908,0.15201584994792938,0.19230769574642181,"llm_attention",0.40414392948150635,0.00908984150737524,0.4421676138637637,9,2,2,0.9000219498480063,374,0.21363984674329503,2
4.797313504437515e-05,-0.0015384615398943424,20845,157213,0.7781967520713806,0.8767879605293274,0.0,"llm_attention",nan,inf,0.0,1,1,1,0.9999520268649557,375,4.797313504437515e-05,1
0.165231762196688,-0.004059739410877228,89553,159282,0.2443971037864685,0.3188576400279999,0.0,"llm_attention",nan,inf,0.0030766761196425706,2,1,1,0.9171713892278585,376,0.165231762196688,1
0.010865051903114186,-0.00021611829288303852,28900,160772,0.0789458304643631,0.18246465921401978,0.05303030461072922,"llm_attention",0.20632930099964142,0.01077749952673912,0.00013992863639543832,2,2,2,0.9049003322259136,377,0.19017301038062284,2
0.01214868540344515,0.3919212818145752,11030,161799,0.14778393507003784,0.26944243907928467,0.06818182021379471,"llm_attention",0.276449978351593,0.041671570390462875,0.11545521292217327,5,5,5,0.7785814740504126,378,0.2244786944696283,5
0.0009133178346064431,0.0,12044,162130,0.5676478743553162,0.7655020952224731,0.0,"llm_attention",nan,inf,0.0,1,1,1,0.9990866821653935,379,0.0009133178346064431,1
0.002649419465440661,0.0,12833,164637,0.32515305280685425,0.6093089580535889,0.0,"llm_attention",nan,inf,0.0,1,1,1,0.9973505805345594,380,0.002649419465440661,1
0.0,0.6605339646339417,22493,165518,0.5978489518165588,0.7143515944480896,0.019999999552965164,"llm_attention",0.03772552311420441,0.0191997978836298,0.09362912906237496,2,2,2,0.9070574789918628,381,0.09362912906237496,2
0.1767082336863683,0.0,117080,167353,0.788055419921875,0.8158270120620728,0.0,"llm_attention",nan,inf,0.0,1,1,1,0.8232917663136317,382,0.1767082336863683,1
0.0,1.0,907,168619,0.1706169992685318,0.576869785785675,0.0,"llm_attention",nan,inf,0.0,1,1,1,1.0,383,0.0,1
0.0060810118803768945,0.9098427295684814,78112,170474,0.5510097742080688,0.6167978048324585,0.03194888308644295,"llm_attention",0.06816084682941437,0.010862587951123714,0.025052487860169764,4,4,4,0.9602515796583808,384,0.03098115526423597,4
0.008824573563471,0.6847112774848938,59153,172648,0.42989790439605713,0.5301716923713684,0.052401747554540634,"llm_attention",0.11461742222309113,0.00752917118370533,0.08031587385512784,3,2,2,0.8874177564628557,385,0.07064730444778794,2
0.026810195998781355,0.4397619068622589,49235,173302,0.13934610784053802,0.13932828605175018,0.24175824224948883,"llm_attention",0.19564288854599,0.010988766327500343,0.3831159344672858,17,13,13,0.7854646465565153,386,0.2620696658880877,13
0.4202826133282386,0.0,136087,175251,0.5714906454086304,0.6168876886367798,0.0,"llm_attention",nan,inf,0.0,1,1,1,0.5797173866717614,387,0.4202826133282386,1
0.009167860065466448,0.8995382785797119,78208,176778,0.6155540943145752,0.6889965534210205,0.016447369009256363,"llm_attention",0.05987390875816345,0.006153607275336981,0.008775212605334813,2,2,2,0.9693818112506389,388,0.017862622749590835,2
0.005943980182828632,0.0,170761,177383,0.9261566996574402,0.889840841293335,0.0,"llm_attention",nan,inf,0.0,1,1,1,0.9940560198171714,389,0.005943980182828632,1
0.0,0.042476456612348557,22304,178744,0.064977265894413,0.14977967739105225,0.07692307978868484,"llm_attention",0.43181025981903076,0.010126026347279549,0.005156025824964132,3,6,6,0.8748617334175243,390,0.17091104734576756,6
0.026826822509515545,0.0,92743,179765,0.8233442902565002,0.8553421497344971,0.0,"llm_attention",nan,inf,0.0,1,1,1,0.9731731774904845,391,0.026826822509515545,1
0.02299866034251783,0.7902020812034607,138095,180751,0.22554998099803925,0.23218406736850739,0.10818713158369064,"llm_attention",0.2468554824590683,0.007456574589014053,0.06904883670943307,16,15,15,0.7118046975680508,392,0.11468192186538252,15
0.037860200299014886,0.7484860420227051,244135,181969,0.682335376739502,0.4963061809539795,0.041322313249111176,"llm_attention",0.12011036276817322,0.0017443138640373945,0.04755376939189074,2,2,2,0.816596093974749,393,0.08361357445675548,2
0.01982715481680845,0.7528365850448608,221817,183648,0.6178839206695557,0.6363261938095093,0.08513053506612778,"llm_attention",0.23177795112133026,0.0027000997215509415,0.1338015536820609,4,4,4,0.7813003540546087,394,0.15097580437928562,4
0.015833948642218394,0.6634783744812012,12189,184978,0.33151158690452576,0.5426473617553711,0.0,"llm_attention",nan,inf,0.015088362787595865,2,1,1,0.7580213903743316,395,0.014849454426121914,1
0.05309289861545333,0.2529776990413666,17912,186042,0.4258829355239868,0.6077141165733337,0.014285714365541935,"llm_attention",0.08017027378082275,0.025579670444130898,0.053534579329048995,2,2,2,0.8795943448167374,396,0.17954443948191157,2
0.042184208614803514,0.46777409315109253,110136,187055,0.4863962233066559,0.4957059919834137,0.09132420271635056,"llm_attention",0.08604089915752411,0.007108268793672323,0.2774954972035264,5,4,4,0.8326396156835733,397,0.1975194305222634,4
0.0031063437363490756,0.8000990152359009,20603,187990,0.5274773240089417,0.6699520945549011,0.0476190485060215,"llm_attention",0.06743688136339188,0.022156784310936928,0.026875699888017916,2,2,2,0.9764908021014891,398,0.02989855846235985,2
0.10582697299600945,0.7142104506492615,154866,189436,0.2386748343706131,0.22833023965358734,0.04854368790984154,"llm_attention",0.10905060172080994,0.0037750639021396637,0.045942647515471884,5,3,3,0.7832717515326367,399,0.12288688285356372,3
0.00348379846413186,0.0,133475,191471,0.9040549993515015,0.8973710536956787,0.0,"llm_attention",nan,inf,0.0,1,1,1,0.9965162015358682,400,0.00348379846413186,1
0.0028055848261327714,0.0,75920,192716,0.8560073375701904,0.8938500285148621,0.0,"llm_attention",nan,inf,0.0,1,1,1,0.9971944151738672,401,0.0028055848261327714,1
0.023317435082140965,0.0,1887,195045,0.359469473361969,0.673426628112793,0.0,"llm_attention",nan,inf,0.0,1,1,1,0.976682564917859,402,0.023317435082140965,1
0.001787954520759041,0.02851051092147827,101233,196759,0.36996835470199585,0.5305847525596619,0.02010050229728222,"llm_attention",0.09565509855747223,0.0037253049667924643,0.003047935716264893,2,2,2,0.9270547436215011,403,0.14544664289312773,2
0.00604777447780359,0.37100234627723694,102021,198805,0.33005034923553467,0.4360796809196472,0.019950125366449356,"llm_attention",0.2758862376213074,0.00398025568574667,0.01814524081890261,4,4,4,0.7707009653063991,404,0.05143058782015467,4
0.027474037295330503,0.0,211072,199681,0.8767985105514526,0.8271543383598328,0.01820020191371441,"llm_attention",0.10030823200941086,0.001817938289605081,0.0,1,2,2,0.897892662219527,405,0.10210733778047301,2
0.05529313698249514,0.6618371605873108,89975,201072,0.658299446105957,0.71910160779953,0.010869565419852734,"llm_attention",0.04588402062654495,0.005160551518201828,0.010729411764705883,2,2,2,0.9618770044361078,406,0.06542928591275354,2
0.186139039733319,0.5775803327560425,18599,203095,0.15436646342277527,0.2008633017539978,0.2638888955116272,"llm_attention",0.23298302292823792,0.030973020941019058,0.2618748761313338,5,5,5,0.6819322077026064,407,0.3130275821280714,5
0.005877551020408163,0.19396553933620453,24500,205324,0.3017609715461731,0.4631335437297821,0.10101009905338287,"llm_attention",0.0773465484380722,0.02643718384206295,0.21366398423386435,3,3,3,0.7988893704288392,408,0.24555102040816326,3
0.013204360509749732,0.3322632312774658,52104,206135,0.32177719473838806,0.38293877243995667,0.17283950746059418,"llm_attention",0.20967504382133484,0.015501539222896099,0.3991364555780302,5,4,4,0.7705321446400883,409,0.2696913864578535,4
0.003983900114999179,0.0,97392,207538,0.8489908576011658,0.8722549080848694,0.0,"llm_attention",nan,inf,0.0,1,1,1,0.9960160998850008,410,0.003983900114999179,1
0.007005791640499616,0.9172170758247375,143310,209747,0.796711266040802,0.7771173119544983,0.015817223116755486,"llm_attention",0.11098124086856842,0.00310852425172925,0.016731550321138954,2,2,2,0.9748200719712954,411,0.023620124206266135,2
0.015169660678642715,0.3067507743835449,35070,210388,0.3557002544403076,0.44672825932502747,0.039603959769010544,"llm_attention",0.1189483106136322,0.01721985451877117,0.33502229428455615,3,2,2,0.9011334098910257,412,0.10818363273453094,2
0.008097562340041676,0.6884344220161438,143006,211120,0.5055915117263794,0.46991610527038574,0.10398613661527634,"llm_attention",0.12603218853473663,0.006255693733692169,0.1419688680841464,5,5,5,0.8340254783856546,413,0.14891682866453157,5
0.008704832107865835,0.8621732592582703,161979,213086,0.4399450719356537,0.46208417415618896,0.032608695328235626,"llm_attention",0.15271763503551483,0.004904847126454115,0.05069471691297822,5,5,5,0.81492848782482,414,0.061291895863043976,5
0.003589375448671931,0.6002023816108704,40397,214192,0.37598446011543274,0.4753815531730652,0.10778442770242691,"llm_attention",0.20343825221061707,0.011487222276628017,0.15385570903309154,4,4,4,0.8497644503342956,415,0.18805851919697006,4
0.0202904469002833,0.41059163212776184,39181,215644,0.19624008238315582,0.2520216107368469,0.03246753290295601,"llm_attention",0.43466851115226746,0.006337163504213095,0.04741311936643568,7,7,7,0.6066370368861387,416,0.1520379775911794,7
0.03264274770757586,0.1279296875,87462,218424,0.2774170935153961,0.3328487277030945,0.2009132355451584,"llm_attention",0.27153921127319336,0.005432580132037401,0.5695509827792027,4,3,3,0.6367154545928682,417,0.36251171937527155,3
0.0,0.38292786478996277,1029,220764,0.04884566366672516,0.2777557373046875,0.0,"llm_attention",0.13837149739265442,0.3990188241004944,0.07677356656948493,3,2,2,0.9017543859649123,418,0.09329446064139942,2
0.08166876981317904,0.59312903881073,194946,221872,0.5735099911689758,0.6205325126647949,0.13003095984458923,"llm_attention",0.2355169951915741,0.0033446133602410555,0.13495880463622398,3,6,6,0.6578515526844143,419,0.23729648210273616,6
0.01296616448505804,0.0,97176,222863,0.8334723711013794,0.8590924739837646,0.0,"llm_attention",nan,inf,0.0,1,1,1,0.987033835514942,420,0.01296616448505804,1
0.004067809437317895,0.7721141576766968,52854,223955,0.6164653897285461,0.718029260635376,0.014084506779909134,"llm_attention",0.03330623358488083,0.009037895128130913,0.0177245008453808,2,2,2,0.9216347358883481,421,0.021720210390888107,2
0.002960601229788203,0.2629271447658539,8782,225184,0.2032989114522934,0.32644039392471313,0.5652173757553101,"llm_attention",0.4178679585456848,0.010113365948200226,0.4431247144814984,4,3,3,0.6871257613435889,422,0.3410384878159872,3
0.04246926014520123,0.6220932006835938,142974,226171,0.4018484055995941,0.4141298830509186,0.032967034727334976,"llm_attention",0.1031031608581543,0.0055258371867239475,0.19714832507925378,5,3,3,0.8497330908475437,423,0.1094184956705415,3
0.0022878616768565755,0.0,102716,227686,0.7813374400138855,0.8008545637130737,0.0,"llm_attention",nan,inf,0.0,1,1,1,0.9977121383231434,424,0.0022878616768565755,1
0.005052824988516307,0.5348353981971741,28301,229311,0.1161571517586708,0.20546136796474457,0.0446428582072258,"llm_attention",0.1399051994085312,0.02559467777609825,0.06779600823922154,6,4,4,0.7863202066697923,425,0.10971343768771422,4
0.07123570223138946,0.46706104278564453,53330,230450,0.22983002662658691,0.27817031741142273,0.1304347813129425,"llm_attention",0.2932579219341278,0.011244316585361958,0.19401990672508126,10,9,9,0.7697783479083047,426,0.2258203637727358,9
0.16347589632354098,0.032086942344903946,127242,231527,0.2504577338695526,0.39119091629981995,0.1354062259197235,"llm_attention",0.19499902427196503,0.002998278709128499,0.008615101323738033,4,8,8,0.7602884469577474,427,0.21855990946385628,8
0.012535459633519895,0.44756242632865906,52172,232538,0.5368658304214478,0.6769294142723083,0.02415458858013153,"llm_attention",0.05085114389657974,0.009142945520579815,0.013102216700958888,2,2,2,0.9851933122317804,428,0.02923023844207621,2
0.00019144862795149968,0.0,47010,235057,0.7752742171287537,0.8559744358062744,0.0,"llm_attention",nan,inf,0.0,1,1,1,0.9998085513720485,429,0.00019144862795149968,1
0.10932906634912365,0.2400197833776474,26873,236599,0.1824135035276413,0.21756352484226227,0.29591837525367737,"llm_attention",0.21554216742515564,0.016606038436293602,0.45673699603091705,12,9,9,0.7467256040247742,430,0.3830982770810851,9
0.024799867954114055,0.010476009920239449,48468,239347,0.26268908381462097,0.4334462881088257,0.16190476715564728,"llm_attention",0.14938294887542725,0.021573606878519058,0.003088901112850675,2,3,3,0.6027234992257338,431,0.32140793925889244,3
0.043562753036437245,0.808514416217804,67925,240754,0.5286256670951843,0.6171683073043823,0.036496348679065704,"llm_attention",0.15515515208244324,0.007847711443901062,0.061108887725887386,3,3,3,0.8396666517684842,432,0.10200956937799043,3
0.22479164221152717,0.45545461773872375,8519,242411,0.1655980944633484,0.3040982782840729,0.0,"llm_attention",nan,inf,0.19215626892792248,4,1,1,0.7792259045201784,433,0.1291231365183707,1
0.0018402551344011578,-0.0029649052303284407,111941,243867,0.4652225971221924,0.5730850100517273,0.0,"llm_attention",nan,inf,0.15671007294043943,2,1,1,0.9989092564941597,434,0.0018402551344011578,1
0.0,1.0,880,245102,0.08413001894950867,0.5237310528755188,0.0,"llm_attention",nan,inf,0.0,1,1,1,1.0,435,0.0,1
0.056517546434111776,0.7196925282478333,143106,246436,0.3349628150463104,0.3577207028865814,0.03254972770810127,"llm_attention",0.1677749752998352,0.006025136448442936,0.06097705491119702,7,6,6,0.7748406963057997,436,0.13303425432895896,6
0.12881003364943408,0.0,81725,248334,0.7519763708114624,0.8243976831436157,0.01812688820064068,"llm_attention",0.08298958837985992,0.005613239947706461,0.0,1,3,3,0.8007708779443254,437,0.19922912205567453,3
0.007415858528237307,1.105204410123406e-05,112192,249219,0.9171697497367859,0.9252358675003052,0.0,"llm_attention",nan,inf,0.0,1,1,1,0.9925841414717627,438,0.007415858528237307,1
0.022546419098143235,0.8132968544960022,3770,252716,0.13008658587932587,0.2936169505119324,0.0,"llm_attention",0.13707971572875977,0.15515707433223724,0.05807327001356852,4,2,2,0.93082123625767,439,0.03660477453580902,2
0.047205064327884516,0.7049968838691711,117212,254516,0.29369035363197327,0.3205266296863556,0.0833333358168602,"llm_attention",0.20223572850227356,0.007281713653355837,0.2573626196509639,9,8,8,0.6911089685987611,440,0.2570470600279835,8
0.008347747612243363,0.0,93079,255965,0.926085352897644,0.9413548707962036,0.0,"llm_attention",nan,inf,0.0,1,1,1,0.9916522523877567,441,0.008347747612243363,1
0.02330962512035283,0.0,128788,257896,0.9130077958106995,0.9069762229919434,0.0,"llm_attention",nan,inf,0.0,1,1,1,0.9766903748796472,442,0.02330962512035283,1
0.034932221063607924,0.8756838440895081,53704,261061,0.2802903652191162,0.35347703099250793,0.04433497413992882,"llm_attention",0.13958817720413208,0.011064655147492886,0.10569576290808057,5,4,4,0.6841000378847495,443,0.10267391628184121,4
0.1658148137689549,-0.030640598386526108,35413,261888,0.13064879179000854,0.19316770136356354,0.0,"llm_attention",nan,inf,0.461494194509326,6,1,1,0.9099773991932946,444,0.1628498009205659,1
0.007407407407407408,0.0,93420,263299,0.8528046011924744,0.8791664838790894,0.0,"llm_attention",nan,inf,0.0,1,1,1,0.9925925925925926,445,0.007407407407407408,1
0.008553971486761711,0.5292131900787354,14730,267670,0.2289734184741974,0.4480382204055786,0.0,"llm_attention",0.088584765791893,0.030483253300189972,0.051013420980553274,2,2,2,0.9648552020021451,446,0.06673455532926001,2
0.015282484997357047,0.1363634467124939,64322,270677,0.4296859800815582,0.5938429832458496,0.0,"llm_attention",nan,inf,0.027771199418999352,2,1,1,0.9344338810662844,447,0.015282484997357047,1
0.04005684388688705,0.004456890281289816,187883,272136,0.4387774169445038,0.5453580021858215,0.021248340606689453,"llm_attention",0.08747166395187378,0.0019394648261368275,0.0002772279423587662,2,2,2,0.9511427704396991,448,0.09768845504915293,2
0.0,1.0,1574,273617,0.23783619701862335,0.6092393398284912,0.0,"llm_attention",nan,inf,0.0,1,1,1,1.0,449,0.0,1
0.18308660144864802,0.36721938848495483,138612,274411,0.3437938690185547,0.39624908566474915,0.0716845914721489,"llm_attention",0.1346820890903473,0.006687309127300978,0.11952240493138104,5,5,5,0.7693878855415729,450,0.31215912042247423,5
0.011324360252575607,0.7877992987632751,120360,276055,0.41843700408935547,0.46292975544929504,0.03682170435786247,"llm_attention",0.11628217995166779,0.01035747304558754,0.03365631066329403,6,7,7,0.9442846630980982,451,0.06093386507145231,7
0.08822202802131199,0.14651407301425934,70946,279714,0.20198270678520203,0.2676890790462494,0.21495327353477478,"llm_attention",0.3548523187637329,0.011700182221829891,0.48845981418213863,5,2,2,0.7821676443493966,452,0.31907366165816253,2
0.06364037020713971,-0.01190175674855709,79415,281414,0.40932533144950867,0.5140454173088074,0.0,"llm_attention",nan,inf,0.2125442100025551,2,1,1,0.9402129057823149,453,0.06364037020713971,1
0.00011061946902654867,0.30413302779197693,27120,283070,0.2129044085741043,0.2663503885269165,0.21052631735801697,"llm_attention",0.3246353566646576,0.026241324841976166,0.34930117638381825,5,3,3,0.8429175150572693,454,0.30523598820058995,3
0.011816999132697311,0.9154245257377625,9224,285788,0.38443881273269653,0.499706894159317,0.10526315867900848,"llm_attention",0.18627135455608368,0.07120887190103531,0.05211190345584202,4,4,4,0.9252089171199016,455,0.06331309627059845,4
0.019123334765792865,0.28484535217285156,65156,286849,0.4088323712348938,0.515372633934021,0.2239382266998291,"llm_attention",0.1927829086780548,0.009224928915500641,0.3557972148333594,4,4,4,0.6304678403293755,456,0.3514795260605316,4
0.017007071465255007,0.37283748388290405,50626,289393,0.24318407475948334,0.3591393828392029,0.10638298094272614,"llm_attention",0.2676818072795868,0.027652818709611893,0.21509092735858534,3,2,2,0.8703771768443359,457,0.11033856121360566,2
0.13524378746642474,0.2832740545272827,56217,291551,0.14852578938007355,0.22704222798347473,0.1111111119389534,"llm_attention",0.09566553682088852,0.02362201362848282,0.15880199119595179,6,3,3,0.7637065572580518,458,0.27276446626465306,3
0.003963582136410015,0.1681707203388214,178374,292155,0.42154645919799805,0.47904476523399353,0.0,"llm_attention",nan,inf,0.013108793416897904,2,1,1,0.9429488249148243,459,0.003963582136410015,1
0.013119122257053292,0.4293452501296997,63800,293071,0.3121207654476166,0.3862890899181366,0.0220994483679533,"llm_attention",0.17514315247535706,0.008812658488750458,0.29604688467830315,4,2,2,0.7753420433047425,460,0.15689655172413794,2
0.0,1.0,6385,297681,0.20610736310482025,0.5549732446670532,0.0,"llm_attention",nan,inf,0.0,1,1,1,1.0,461,0.0,1
0.017501640778823015,0.0,4571,299609,0.40048155188560486,0.6871941685676575,0.0,"llm_attention",nan,inf,0.0,1,1,1,0.982498359221177,462,0.017501640778823015,1
0.0,1.0,46035,300842,0.47568613290786743,0.6204463243484497,0.0,"llm_attention",nan,inf,0.0,1,1,1,1.0,463,0.0,1
0.02179582236085189,0.6256166100502014,78226,302165,0.40541553497314453,0.4683815538883209,0.18296529352664948,"llm_attention",0.24400822818279266,0.009177092462778091,0.18895466603938788,7,7,7,0.7224619632444015,464,0.22690665507631733,7
0.021381978047074608,0.7176036834716797,70059,303653,0.35810714960098267,0.44391730427742004,0.07500000298023224,"llm_attention",0.13983984291553497,0.01287531666457653,0.14524292236110908,5,5,5,0.7897224178436557,465,0.2033857177521803,5
0.004164886800512601,0.8471214175224304,9364,305695,0.19723625481128693,0.2744298577308655,0.3414634168148041,"llm_attention",0.2519550025463104,0.04448268562555313,0.16857908847184985,7,7,7,0.7313218408442566,466,0.1569841947885519,7
0.00290072645386191,0.6815357208251953,78601,307172,0.3589193820953369,0.4467264711856842,0.03682393580675125,"llm_attention",0.07542558014392853,0.0030414334032684565,0.07334158447424495,3,3,3,0.8741552678261675,467,0.12410783577817076,3
0.008684923320127623,0.48794710636138916,103743,308545,0.33698412775993347,0.38101786375045776,0.04775280877947807,"llm_attention",0.09327703714370728,0.004976585507392883,0.2455611520584975,4,2,2,0.9034284186721128,468,0.11610421907984153,2
0.11958908406524467,0.0,63760,309495,0.7614622712135315,0.8380509614944458,0.0,"llm_attention",nan,inf,0.0,1,1,1,0.8804109159347553,469,0.11958908406524467,1
0.0240924106926843,0.7166876196861267,227333,310980,0.5563856959342957,0.5611506700515747,0.04805725812911987,"llm_attention",0.15028265118598938,0.0024317142087966204,0.054535374296841195,3,3,3,0.9554558087438213,470,0.08320393431661924,3
0.05244106463878327,0.0,65750,311883,0.8586509823799133,0.9036651849746704,0.0,"llm_attention",nan,inf,0.0,1,1,1,0.9475589353612167,471,0.05244106463878327,1
0.06731379503453426,0.28720593452453613,107140,313562,0.24167534708976746,0.34444350004196167,0.2777777910232544,"llm_attention",0.3096850514411926,0.017675548791885376,0.1646985829797454,4,3,3,0.8287096067247938,472,0.23979839462385663,3
0.025828272734260898,0.43347790837287903,13009,314709,0.31331393122673035,0.5223779678344727,0.036363635212183,"llm_attention",0.0649029016494751,0.03317740932106972,0.08577290302217312,2,2,2,0.8478021912099647,473,0.15135675301714197,2
0.0021360499507065396,0.7473383545875549,158236,317999,0.5663496851921082,0.5772879123687744,0.07309486716985703,"llm_attention",0.10225415229797363,0.004988145083189011,0.10578348047473686,4,4,4,0.8570392095829069,474,0.12275335574711191,4
0.0581109218247208,0.8396975994110107,15849,319607,0.10289721190929413,0.16017645597457886,0.09803921729326248,"llm_attention",0.15436559915542603,0.044491175562143326,0.1854903536977492,10,4,4,0.7731503729706837,475,0.1465076660988075,4
0.006520857082133818,0.1993926614522934,207028,320632,0.3395130932331085,0.3929091989994049,0.24092009663581848,"llm_attention",0.21180637180805206,0.003011415246874094,0.3994787969544628,6,6,6,0.628015079053266,476,0.4075197557818266,6
0.009109234262968538,0.0,156764,321557,0.885913074016571,0.8493118286132812,0.0,"llm_attention",nan,inf,0.0,1,1,1,0.9908907657370315,477,0.009109234262968538,1
0.025965016599772062,0.4581435024738312,80724,322895,0.26340994238853455,0.2969017028808594,0.245954692363739,"llm_attention",0.2312304973602295,0.010968316346406937,0.27734394872055756,9,7,7,0.753682323272032,478,0.22700807690401864,7
0.00670690811535882,0.0,92442,325306,0.859587550163269,0.8857624530792236,0.0,"llm_attention",nan,inf,0.0,1,1,1,0.9932930918846412,479,0.00670690811535882,1
0.013092640349137076,0.5872212052345276,5041,326542,0.12789413332939148,0.2906914949417114,0.1111111119389534,"llm_attention",0.048869695514440536,0.0522642657160759,0.06592964824120603,4,2,2,0.9690637250774226,480,0.07498512199960325,2
0.0014198176655208488,0.2986750304698944,53528,328117,0.20379777252674103,0.1776963621377945,0.44680851697921753,"llm_attention",0.3814570903778076,0.009004383347928524,0.49938262366235125,11,10,10,0.6007595992168994,481,0.38387386040950533,10
0.0021356602858902296,0.8728203177452087,76323,329319,0.3399692475795746,0.3898363709449768,0.05747126415371895,"llm_attention",0.11878423392772675,0.005493685137480497,0.05504201680672269,4,3,3,0.7471561978674259,482,0.07717201891959173,3
0.023694898775266978,0.0025168515276163816,63769,331317,0.419895738363266,0.593449056148529,0.0,"llm_attention",nan,inf,0.0,2,1,1,0.9881678611193878,483,0.023663535573711366,1
0.018617545731884143,0.19277459383010864,86209,332901,0.15251095592975616,0.19061028957366943,0.019801979884505272,"llm_attention",0.12780973315238953,0.007844038307666779,0.3899342820670417,7,3,3,0.7966209729627921,484,0.07181384774211509,3
0.008774085725521038,0.5761617422103882,40688,334371,0.23031090199947357,0.3002069592475891,0.12345679104328156,"llm_attention",0.182138592004776,0.015797341242432594,0.15734794574892763,8,5,5,0.8282531753001819,485,0.1960283130161227,5
0.03030510329730469,0.3807342052459717,73090,335427,0.2804400622844696,0.30591532588005066,0.13347457349300385,"llm_attention",0.2653901278972626,0.0069515458308160305,0.16172134038800706,3,9,9,0.6810982944681224,486,0.15333150909837187,9
0.0597075003354354,0.01971396617591381,149060,336628,0.3433641493320465,0.5049210786819458,0.07008884847164154,"llm_attention",0.16425533592700958,0.003413692582398653,0.005379566210045662,3,6,6,0.6465825692427435,487,0.17220582315845967,6
0.029176470588235293,0.369075745344162,27625,338986,0.41377994418144226,0.6006747484207153,0.0,"llm_attention",nan,inf,0.0,2,1,1,0.9888090985309663,488,0.022226244343891404,1
0.050213458019922746,0.2192009538412094,9838,341719,0.09376991540193558,0.1321280598640442,0.5,"llm_attention",0.9506312608718872,5.824374966323376e-05,0.5305008561643836,10,2,2,0.8216020976425289,489,0.18438707054279324,2
0.051893408134642355,0.0,3565,343315,0.3361845910549164,0.6551963686943054,0.0,"llm_attention",nan,inf,0.0,1,1,1,0.9481065918653576,490,0.051893408134642355,1
0.00823925054047562,0.726587176322937,124890,347174,0.7372792959213257,0.7522698044776917,0.03326810151338577,"llm_attention",0.0914856567978859,0.0035405976232141256,0.07026424782619227,2,2,2,0.9220959969373423,491,0.07792457362478981,2
0.0003240407886342693,0.8383892774581909,197506,347930,0.583954393863678,0.547950804233551,0.028930816799402237,"llm_attention",0.09924637526273727,0.0032188701443374157,0.04662635102966947,3,3,3,0.9511931525538232,492,0.05156299049142811,3
0.03798860052657466,0.002012977609410882,34563,349302,0.35064947605133057,0.4463159143924713,0.0,"llm_attention",nan,inf,0.4240300751879699,2,1,1,0.9614775892631047,493,0.03798860052657466,1
0.012077743505890222,0.0,53818,350488,0.7684680819511414,0.845906674861908,0.0,"llm_attention",nan,inf,0.0,1,1,1,0.9879222564941098,494,0.012077743505890222,1
0.061711457899507584,0.5430838465690613,40819,351609,0.272849977016449,0.3622770309448242,0.1953125,"llm_attention",0.1402590274810791,0.00216877949424088,0.12399477806788511,4,2,2,0.6917942562291435,495,0.08571988534750974,2
0.0368176338901326,0.3792560398578644,203245,352900,0.747212290763855,0.6724795699119568,0.03478260710835457,"llm_attention",0.22950248420238495,0.003381956834346056,0.005082702465238401,2,7,7,0.8631260520464236,496,0.061900661762897,7
0.004907888185503947,0.8984686732292175,56236,354829,0.46018803119659424,0.594934344291687,0.013698630034923553,"llm_attention",0.07019691169261932,0.008326074108481407,0.004056468906361687,2,2,2,0.9742378330105967,497,0.008944448396045237,2
0.03934023153365434,0.7118455767631531,214742,356347,0.5893110036849976,0.48975855112075806,0.06271777302026749,"llm_attention",0.1766582727432251,0.002561307745054364,0.09104481952940949,3,3,3,0.8635314703252397,498,0.12680332678283707,3
0.0016462480857580399,0.0,156720,357430,0.7363021373748779,0.6030396819114685,0.0,"llm_attention",nan,inf,0.0,1,1,1,0.9983537519142419,499,0.0016462480857580399,1
0.005724773035340808,0.23574353754520416,214681,357903,0.49262571334838867,0.5154704451560974,0.061248525977134705,"llm_attention",0.30100399255752563,0.001002899487502873,0.015305548788486405,2,2,2,0.9378908922861804,500,0.08273205360511643,2
0.4529520058226656,0.0,116785,359219,0.4577993154525757,0.7040267586708069,0.08759123831987381,"llm_attention",0.125625878572464,0.005778120364993811,0.0,1,4,4,0.4618486963223017,501,0.5381513036776984,4
0.0332975901574581,-0.04401750862598419,17719,360564,0.21703238785266876,0.43379321694374084,0.0,"llm_attention",nan,inf,0.09387588300542939,2,1,1,0.9816895288933027,502,0.0332975901574581,1
0.09029573822107276,0.047634780406951904,17786,361506,0.11656782776117325,0.25073522329330444,0.06666667014360428,"llm_attention",0.20547544956207275,0.09671992808580399,0.19981458590852905,4,3,3,0.7518714045381023,503,0.4708759698639379,3
0.005840511178684813,0.0,74651,364587,0.8681843280792236,0.9041127562522888,0.0,"llm_attention",nan,inf,0.0,1,1,1,0.9941594888213152,504,0.005840511178684813,1
0.012804237137747929,0.05983077734708786,73257,365745,0.13770392537117004,0.23807008564472198,0.0,"llm_attention",nan,inf,0.09159418686652193,6,1,1,0.8796962638535105,505,0.009678256002839319,1
0.0365651266127737,0.8243913650512695,37358,366884,0.18199454247951508,0.21363185346126556,0.11347517371177673,"llm_attention",0.15722648799419403,0.01922929473221302,0.17456657034896644,11,6,6,0.8504844765567486,506,0.13549975908774559,6
0.007404508693583782,0.48722749948501587,130326,368212,0.5747330784797668,0.6573671698570251,0.012315270490944386,"llm_attention",0.03779919445514679,0.004661573097109795,0.12172911464815517,2,2,2,0.7416678873787885,507,0.12823227905406442,2
0.024587770358401307,0.0,51367,368982,0.5761265754699707,0.7011386156082153,0.0,"llm_attention",nan,inf,0.0,1,1,1,0.9754122296415987,508,0.024587770358401307,1
0.023001565901539168,0.553238034248352,104732,370208,0.3792257010936737,0.430188924074173,0.0385604128241539,"llm_attention",0.22817446291446686,0.003583318553864956,0.12807482188755218,3,2,2,0.9430570889063721,509,0.10658633464461674,2
0.1004863813229572,0.1520898938179016,10280,371472,0.034339360892772675,0.06489485502243042,0.30434781312942505,"llm_attention",0.589755654335022,0.021340835839509964,0.4310587217475938,11,8,8,0.734142968378524,510,0.5135214007782101,8
0.02550591152636939,0.07996105402708054,22583,372349,0.1559889167547226,0.2569119334220886,0.0,"llm_attention",nan,inf,0.4514472667787522,4,1,1,0.9001233409984545,511,0.01509985387238188,1
0.03852971845672576,0.2920227646827698,76720,248616,0.26877281069755554,0.30025121569633484,0.24429967999458313,"llm_attention",0.19027671217918396,0.006328456103801727,0.4681145274117456,7,7,7,0.7934227306955942,1020,0.19551616266944735,7
