area_frac,category,image_id,is_thing,map_inside_mean,map_neutral_mass_frac,map_neutral_mean,map_other_region_mass_frac,map_other_region_mean,map_outside_mass_frac,map_outside_mean,map_self_mass_frac,object_index,own_gt_patch_win_frac,sample_index,size_bucket
0.7371673583984375,"bear",285,True,0.9265933632850647,0.042152851819992065,0.11436858773231506,0.0,0.0,0.042152851819992065,0.11436858773231506,0.9578471183776855,0,1.0,0,"large"
0.044269561767578125,"person",4765,True,0.9187333583831787,0.29774168133735657,0.018981175497174263,0.02178397960960865,0.07166045159101486,0.31952565908432007,0.019982660189270973,0.6804742813110352,0,1.0,1,"medium"
0.018169403076171875,"surfboard",4765,True,0.6869145035743713,0.4472593367099762,0.012465670704841614,0.0751151368021965,0.044338200241327286,0.5223744511604309,0.013902763836085796,0.4776255488395691,1,0.9462523460388184,1,"small"
0.374542236328125,"motorcycle",7386,True,0.8044474124908447,0.030710287392139435,0.03888032212853432,0.11710178852081299,0.11887995898723602,0.14622896909713745,0.08250731974840164,0.8537710309028625,0,0.9357939958572388,2,"large"
0.142059326171875,"tree-merged",7386,False,0.7453873157501221,0.20468953251838684,0.12217610329389572,0.16039736568927765,0.046049393713474274,0.363570898771286,0.07050721347332001,0.6364291310310364,1,0.8893662691116333,2,"large"
0.12310791015625,"grass-merged",7386,False,0.5862745046615601,0.14886294305324554,0.12423090636730194,0.5466743111610413,0.21174229681491852,0.6897349953651428,0.18297435343265533,0.31026503443717957,2,0.8782845735549927,2,"large"
0.0501708984375,"gravel",7386,False,0.5323039889335632,0.06035389378666878,0.03466299548745155,0.780838668346405,0.18561802804470062,0.8331831693649292,0.14043226838111877,0.16681678593158722,3,0.2852798104286194,2,"medium"
0.02001953125,"truck",7386,True,0.7586463689804077,0.13593201339244843,0.04033047333359718,0.6841446757316589,0.08063173294067383,0.8163585662841797,0.06889475882053375,0.18364141881465912,4,0.7317073345184326,2,"small"
0.009033203125,"sky-other-merged",7386,False,0.6778351664543152,0.14493685960769653,0.03537636250257492,0.7670238614082336,0.07324731349945068,0.9100045561790466,0.06247838959097862,0.08999543637037277,5,0.8648648858070374,2,"tiny"
0.005767822265625,"dog",7386,True,0.9505815505981445,0.15085142850875854,0.00663537485525012,0.40807318687438965,0.006992126815021038,0.5528284907341003,0.0068175713531672955,0.44717153906822205,6,1.0,2,"tiny"
0.508453369140625,"bowl",8277,True,0.43547162413597107,0.05075628310441971,0.09122622758150101,0.43257203698158264,0.7240312099456787,0.4816465973854065,0.41855141520500183,0.5183534026145935,0,0.6718009114265442,3,"large"
0.17689132690429688,"bowl",8277,True,0.6552104353904724,0.06050057336688042,0.0563640259206295,0.41996195912361145,0.15836560726165771,0.4765324294567108,0.12818372249603271,0.523467481136322,1,0.07920898497104645,3,"large"
0.029693603515625,"fork",8277,True,0.8821687698364258,0.03492387384176254,0.007272666785866022,0.4512636363506317,0.03043133020401001,0.47071677446365356,0.02400917001068592,0.5292832851409912,2,0.9474563002586365,3,"small"
0.012165069580078125,"broccoli",8277,True,0.9271382093429565,0.21737709641456604,0.09539127349853516,0.6785086393356323,0.09427232295274734,0.8918542861938477,0.09415849298238754,0.10814566910266876,3,0.5986202359199524,3,"small"
0.010776519775390625,"broccoli",8277,True,0.7713832855224609,0.23112618923187256,0.08359239250421524,0.6724202632904053,0.07690022885799408,0.9032889604568481,0.0784883052110672,0.09671103954315186,4,0.0,3,"small"
0.0125732421875,"broccoli",8277,True,0.7682214975357056,0.24686715006828308,0.08690367639064789,0.638285756111145,0.07121692597866058,0.8845474720001221,0.0749456137418747,0.11545261740684509,5,0.0,3,"small"
0.00653076171875,"broccoli",8277,True,0.8486114740371704,0.2573865056037903,0.06419442594051361,0.6530979871749878,0.05119848623871803,0.9065012335777283,0.054085467010736465,0.0934988260269165,6,0.14953270554542542,3,"tiny"
0.0078125,"broccoli",8277,True,0.32646989822387695,0.3074580430984497,0.06211211532354355,0.639418363571167,0.040686964988708496,0.9468764066696167,0.04581894725561142,0.05312361195683479,7,0.0,3,"tiny"
0.12060546875,"wall-other-merged",9400,False,0.976491391658783,0.4527680575847626,0.19451850652694702,0.1650603860616684,0.31377023458480835,0.6178284287452698,0.21650159358978271,0.382171630859375,0,0.9919028282165527,4,"large"
0.04150390625,"wall-wood",9400,False,0.7795776128768921,0.5322056412696838,0.19539958238601685,0.3484894633293152,0.378180593252182,0.8771395683288574,0.2409985065460205,0.12286052107810974,1,0.3294117748737335,4,"medium"
0.03515625,"person",9400,True,0.007989778183400631,0.9335300326347351,0.2144060730934143,0.06478133052587509,0.042940061539411545,0.9982949495315552,0.17045216262340546,0.0017050481401383877,2,0.0,4,"medium"
0.02001953125,"keyboard",9400,True,0.9875156879425049,0.6498823761940002,0.0811183750629425,0.12930621206760406,0.0440700389444828,0.7791885733604431,0.07118713110685349,0.22081144154071808,3,0.9756097793579102,4,"small"
0.02197265625,"keyboard",9400,True,0.7115305662155151,0.6221922636032104,0.0940329059958458,0.23358659446239471,0.09711442142724991,0.8557788133621216,0.094854436814785,0.14422117173671722,4,0.04444444552063942,4,"small"
0.0126953125,"laptop",9400,True,0.5145493149757385,0.7509857416152954,0.13607101142406464,0.19875162839889526,0.09566240012645721,0.9497374892234802,0.1250196099281311,0.05026256665587425,5,0.07692307978868484,4,"small"
0.0078125,"cup",9400,True,0.7421227693557739,0.8118912577629089,0.05045115575194359,0.05803166329860687,0.009409178048372269,0.8699228763580322,0.039079777896404266,0.1300770491361618,6,0.875,4,"tiny"
0.005859375,"platform",9400,False,0.6204673051834106,0.6821739673614502,0.16314660012722015,0.2966329753398895,0.18379811942577362,0.9788068532943726,0.16889776289463043,0.02119314670562744,7,0.0,4,"tiny"
0.0048828125,"counter",9400,False,0.5293771624565125,0.7386043667793274,0.22325542569160461,0.2494734823703766,0.19468122720718384,0.9880778193473816,0.21527764201164246,0.011922113597393036,8,0.0,4,"tiny"
0.0029296875,"mouse",9400,True,0.9992103576660156,0.6979895234107971,0.07014968246221542,0.26140257716178894,0.06735251843929291,0.9593921303749084,0.06936477869749069,0.04060781002044678,9,1.0,4,"tiny"
0.00439453125,"laptop",9400,True,0.3830568492412567,0.7646421790122986,0.09443885087966919,0.2181577831506729,0.06931845098733902,0.9809982776641846,0.08729015290737152,0.019001659005880356,10,0.0,4,"tiny"
0.0029296875,"keyboard",9400,True,0.8177039623260498,0.6145164966583252,0.05887751281261444,0.3506249785423279,0.08612434566020966,0.9651413559913635,0.06652316451072693,0.0348585769534111,11,1.0,4,"tiny"
0.001953125,"person",9400,True,0.03824480250477791,0.5326813459396362,0.04774343594908714,0.46615689992904663,0.10674124956130981,0.9988381862640381,0.06434017419815063,0.0011618883581832051,12,0.0,4,"tiny"
0.0009765625,"keyboard",9400,True,0.9576454162597656,0.5491636991500854,0.06491462886333466,0.43980637192726135,0.1323574036359787,0.9889700412750244,0.08393441140651703,0.011029914952814579,13,1.0,4,"tiny"
0.00048828125,"keyboard",9400,True,0.44018226861953735,0.6141566634178162,0.08816945552825928,0.38375622034072876,0.14001944661140442,0.9979127645492554,0.10281004011631012,0.002087236847728491,14,0.0,4,"tiny"
0.2021484375,"wall-other-merged",10707,False,0.8866760730743408,0.07684565335512161,0.09392440319061279,0.17005784809589386,0.06654641032218933,0.24348828196525574,0.07230621576309204,0.7565117478370667,0,0.9057971239089966,5,"large"
0.1455078125,"person",10707,True,0.9811558127403259,0.16237811744213104,0.18098954856395721,0.1806751787662506,0.05900321900844574,0.3392491340637207,0.08578220754861832,0.6607508659362793,1,0.9899328947067261,5,"large"
0.13671875,"window-blind",10707,False,0.6651643514633179,0.04033160209655762,0.02771315537393093,0.28244727849960327,0.05611744895577431,0.3172591030597687,0.04895114526152611,0.6827409863471985,2,0.5571428537368774,5,"large"
0.0595703125,"couch",10707,True,0.9023937582969666,0.16328632831573486,0.07075260579586029,0.19672419130802155,0.022132648155093193,0.3600105047225952,0.032154519110918045,0.63998943567276,3,0.9836065769195557,5,"medium"
0.06103515625,"couch",10707,True,0.8934152722358704,0.09361086040735245,0.06465984135866165,0.5088230967521667,0.091255322098732,0.5927467942237854,0.0845257118344307,0.4072532057762146,4,0.8880000114440918,5,"medium"
0.0556640625,"blanket",10707,False,0.9510056376457214,0.1341938078403473,0.09400016814470291,0.4759528636932373,0.08611459285020828,0.6101466417312622,0.08773329108953476,0.3898533582687378,5,0.8947368264198303,5,"medium"
0.04931640625,"dining table",10707,True,0.8818815350532532,0.17903877794742584,0.09368640929460526,0.40068528056144714,0.0536329485476017,0.5712425708770752,0.06095012277364731,0.4287574291229248,6,0.7920792102813721,5,"medium"
0.04736328125,"floor-wood",10707,False,0.7130515575408936,0.3278416395187378,0.15961909294128418,0.3238809406757355,0.04020758718252182,0.6421661376953125,0.06362113356590271,0.3578338325023651,7,0.6391752362251282,5,"medium"
0.01953125,"window-other",10707,False,0.4478134214878082,0.02312098816037178,0.009115928784012794,0.8665902018547058,0.08398975431919098,0.8855615258216858,0.06903035193681717,0.11443846672773361,8,0.05000000074505806,5,"small"
0.0126953125,"food-other-merged",10707,False,0.8856155872344971,0.2447763830423355,0.13289639353752136,0.6483957767486572,0.08600447326898575,0.8931722044944763,0.09521124511957169,0.10682782530784607,9,0.7692307829856873,5,"small"
0.00830078125,"backpack",10707,True,0.7633055448532104,0.1676657646894455,0.026526078581809998,0.6559273600578308,0.025166697800159454,0.7934011220932007,0.024535903707146645,0.20659898221492767,10,0.5882353186607361,5,"tiny"
0.00244140625,"cup",10707,True,0.9523910284042358,0.16737040877342224,0.04633999243378639,0.7977432608604431,0.053239911794662476,0.9566770195960999,0.05147125571966171,0.04332289844751358,11,0.6000000238418579,5,"tiny"
0.0029296875,"laptop",10707,True,0.9648880958557129,0.10922681540250778,0.013441424816846848,0.7722723484039307,0.02293565310537815,0.8814990520477295,0.021089809015393257,0.11850090324878693,12,1.0,5,"tiny"
0.00146484375,"table-merged",10707,False,0.5796435475349426,0.29791921377182007,0.1428348422050476,0.6957405805587769,0.08030689507722855,0.9908639788627625,0.09222462028265,0.009135999716818333,14,0.0,5,"tiny"
0.001953125,"remote",10707,True,0.9869420528411865,0.2201450914144516,0.03194539248943329,0.7113279700279236,0.024880895391106606,0.9314729571342468,0.02625300921499729,0.06852702796459198,15,0.5,5,"tiny"
0.001953125,"bottle",10707,True,0.983412504196167,0.14225736260414124,0.03490164875984192,0.8173564076423645,0.04833699017763138,0.9596137404441833,0.045727480202913284,0.04038629308342934,16,1.0,5,"tiny"
0.00244140625,"cup",10707,True,0.8630203008651733,0.13363304734230042,0.03300395980477333,0.8223572969436646,0.04898615926504135,0.9559903740882874,0.04588046669960022,0.04400969296693802,17,0.4000000059604645,5,"tiny"
0.0009765625,"remote",10707,True,0.9305139183998108,0.21004746854305267,0.03717363625764847,0.7634648084640503,0.03252943232655525,0.9735122323036194,0.03343058004975319,0.02648773044347763,18,0.0,5,"tiny"
0.4838409423828125,"tree-merged",11760,False,0.7540119886398315,0.00520488852635026,0.25877636671066284,0.058897845447063446,0.04495742917060852,0.06258851289749146,0.04719126969575882,0.9374115467071533,0,0.8324134945869446,6,"large"
0.182861328125,"dirt-merged",11760,False,0.7326707243919373,0.013172571547329426,0.43766501545906067,0.4783603250980377,0.153154656291008,0.48486393690109253,0.1543237715959549,0.5151361227035522,1,0.9157209396362305,6,"large"
0.10765838623046875,"zebra",11760,True,0.10696844756603241,0.011980091221630573,0.19459708034992218,0.8977657556533813,0.12883302569389343,0.9094287753105164,0.129583939909935,0.09057116508483887,2,0.2267734408378601,6,"large"
0.1038970947265625,"zebra",11760,True,0.8706129789352417,0.012475484050810337,0.25097763538360596,0.41441792249679565,0.07344914227724075,0.4256012439727783,0.07479284703731537,0.5743987560272217,3,0.3101777136325836,6,"large"
0.07556915283203125,"zebra",11760,True,0.8175560235977173,0.015094626694917679,0.13798508048057556,0.13090656697750092,0.010207295417785645,0.13659432530403137,0.010573174804449081,0.8634056448936462,4,0.9562847018241882,6,"medium"
0.0428924560546875,"grass-merged",11760,False,0.588222324848175,0.02012319676578045,0.29603877663612366,0.7691767811775208,0.09314226359128952,0.7809045910835266,0.09395638108253479,0.21909545361995697,5,0.6083244681358337,6,"medium"
0.26699066162109375,"fence-merged",13201,False,0.7183442711830139,0.007696075364947319,0.01100141741335392,0.3682106137275696,0.21626190841197968,0.37281334400177,0.15552988648414612,0.6271865963935852,0,0.9512215852737427,7,"large"
0.22695159912109375,"grass-merged",13201,False,0.621655285358429,0.10484224557876587,0.08626332134008408,0.09777932614088058,0.030710294842720032,0.19843196868896484,0.045180123299360275,0.8015680909156799,1,0.9376744031906128,7,"large"
0.1447296142578125,"tree-merged",13201,False,0.5913333296775818,0.006353117525577545,0.004845659714192152,0.4698947072029114,0.11950605362653732,0.4754689335823059,0.09070627391338348,0.5245310068130493,2,0.8380600810050964,7,"large"
0.117767333984375,"person",13201,True,0.8272587656974792,0.04745050147175789,0.026211963966488838,0.13056735694408417,0.023070625960826874,0.17556792497634888,0.023516539484262466,0.8244320154190063,3,0.9204457402229309,7,"large"
0.03154754638671875,"sky-other-merged",13201,False,0.7469829320907593,0.009262227453291416,0.005129098426550627,0.7931885123252869,0.12448177486658096,0.8010709285736084,0.09798754006624222,0.19892899692058563,4,0.9286577701568604,7,"medium"
0.38916015625,"bed",14831,True,0.9413768649101257,0.12579812109470367,0.08630320429801941,0.0,0.0,0.12579812109470367,0.08630320429801941,0.8742018938064575,0,1.0,8,"large"
0.3468017578125,"grass-merged",15746,False,0.7074175477027893,0.059899695217609406,0.27466508746147156,0.13512267172336578,0.06906960159540176,0.18749308586120605,0.08667029440402985,0.812506914138794,0,0.948741614818573,9,"large"
0.23229217529296875,"tree-merged",15746,False,0.5406650900840759,0.12724384665489197,0.4465693533420563,0.33143460750579834,0.10898732393980026,0.4565500319004059,0.1374344825744629,0.5434500575065613,1,0.8558478951454163,9,"large"
0.17742919921875,"fire hydrant",15746,True,0.8330835700035095,0.011385492980480194,0.030382011085748672,0.1517781913280487,0.03517906367778778,0.1588028371334076,0.03392351418733597,0.84119713306427,2,0.9839611053466797,9,"large"
0.12474822998046875,"house",15746,False,0.5808709263801575,0.1493133157491684,0.3968791961669922,0.43981537222862244,0.09499335289001465,0.585997462272644,0.11718545854091644,0.41400256752967834,3,0.9097914695739746,9,"large"
0.04175567626953125,"sky-other-merged",15746,False,0.6560271382331848,0.0346296951174736,0.04157751426100731,0.6202869415283203,0.054939087480306625,0.6535214781761169,0.05391934886574745,0.34647849202156067,4,0.865338921546936,9,"medium"
0.01520538330078125,"pavement-merged",15746,False,0.7416678667068481,0.0779070109128952,0.04587855935096741,0.6506144404411316,0.027417251840233803,0.7091812491416931,0.02792517840862274,0.2908187806606293,5,0.5137982964515686,9,"small"
0.3759765625,"grass-merged",17029,False,0.7918412685394287,0.006443672347813845,0.2515054941177368,0.30207884311676025,0.21054565906524658,0.30572372674942017,0.21008490025997162,0.6942762732505798,0,0.9545454382896423,10,"large"
0.357666015625,"tree-merged",17029,False,0.5663888454437256,0.012518915347754955,0.35720857977867126,0.3459189832210541,0.17102915048599243,0.35377368330955505,0.17265230417251587,0.6462262868881226,1,0.7788395881652832,10,"large"
0.09765625,"dog",17029,True,0.8724067211151123,0.02057396061718464,0.20146284997463226,0.19072911143302917,0.02300683781504631,0.2080651968717575,0.02480601891875267,0.7919347286224365,2,0.949999988079071,10,"medium"
0.077880859375,"dirt-merged",17029,False,0.7447901964187622,0.012869773432612419,0.12445759028196335,0.4447154998779297,0.05181490257382393,0.4540390074253082,0.0523129478096962,0.5459610223770142,3,0.8025078177452087,10,"medium"
0.065673828125,"car",17029,True,0.5361834764480591,0.047314517199993134,0.2883451581001282,0.43624651432037354,0.03159129619598389,0.47406160831451416,0.0339709036052227,0.5259384512901306,4,0.9479553699493408,10,"medium"
0.0078125,"frisbee",17029,True,0.9176563024520874,0.1182544082403183,0.15096324682235718,0.3705776035785675,0.005296971183270216,0.4888320565223694,0.006909910123795271,0.5111679434776306,5,1.0,10,"tiny"
0.00732421875,"pavement-merged",17029,False,0.9360815286636353,0.0820188894867897,0.24512426555156708,0.7224416732788086,0.024151142686605453,0.7911906838417053,0.02616969868540764,0.20880937576293945,6,0.5333333611488342,10,"tiny"
0.001953125,"wall-brick",17029,False,0.9687654972076416,0.02082841657102108,0.07716859877109528,0.9326867461204529,0.03846174106001854,0.9535151124000549,0.03888781741261482,0.04648488387465477,7,1.0,10,"tiny"
0.0009765625,"road",17029,False,0.9425814151763916,0.08370708674192429,0.22635063529014587,0.8853082060813904,0.026619095355272293,0.96901535987854,0.028815558180212975,0.03098466992378235,8,1.0,10,"tiny"
0.4619140625,"floor-other-merged",17714,False,0.8203900456428528,0.10812558233737946,0.0910978838801384,0.0027308438438922167,0.036115407943725586,0.11085641384124756,0.08780491352081299,0.8891436457633972,0,0.9957716464996338,11,"large"
0.0185546875,"cup",17714,True,0.8095191121101379,0.49378910660743713,0.029081009328365326,0.002033954719081521,0.00012741191312670708,0.4958229959011078,0.015050756745040417,0.504176914691925,1,1.0,11,"small"
0.00732421875,"fork",17714,True,0.9198451638221741,0.8344380855560303,0.07210830599069595,0.011443407274782658,0.0010275694075971842,0.8458813428878784,0.037249721586704254,0.1541185826063156,2,1.0,11,"tiny"
0.00341796875,"banana",17714,True,0.63712078332901,0.9153472185134888,0.10587794333696365,0.047435931861400604,0.005656147841364145,0.9627830982208252,0.056528158485889435,0.0372169204056263,3,1.0,11,"tiny"
0.0029296875,"banana",17714,True,0.713202953338623,0.9305636286735535,0.08020026981830597,0.021509893238544464,0.0019091047579422593,0.9520735740661621,0.04162979498505592,0.0479264073073864,4,1.0,11,"tiny"
0.3916015625,"person",19402,True,0.8769476413726807,0.21296200156211853,0.21355295181274414,0.04980112612247467,0.15973855555057526,0.2617202401161194,0.2000996619462967,0.7382797598838806,0,0.9850373864173889,12,"large"
0.14501953125,"wall-other-merged",19402,False,0.8380020260810852,0.12512031197547913,0.043582845479249954,0.12324824929237366,0.05085314065217972,0.24787476658821106,0.04684438556432724,0.7521252036094666,1,0.9292929172515869,12,"large"
0.8843173980712891,"dirt-merged",20553,False,0.7872685194015503,0.028022857382893562,0.20733025670051575,0.008841395378112793,0.34179362654685974,0.036642637103796005,0.2289086878299713,0.9633573889732361,0,0.9313007593154907,13,"large"
0.00738525390625,"dining table",20553,True,0.9289461374282837,0.240014910697937,0.20980848371982574,0.679636538028717,0.06484285742044449,0.9196513891220093,0.07910804450511932,0.08034850656986237,1,1.0,13,"tiny"
0.0055713653564453125,"teddy bear",20553,True,0.5313509106636047,0.5236585736274719,0.35556188225746155,0.43687260150909424,0.0322856679558754,0.9553642272949219,0.06371705234050751,0.04463573917746544,2,0.9460800886154175,13,"tiny"
0.0037841796875,"vase",20553,True,0.5559527277946472,0.22408638894557953,0.04131234064698219,0.6590842604637146,0.013208754360675812,0.8831707239151001,0.015964262187480927,0.11682935804128647,3,0.7419354915618896,13,"tiny"
0.001953125,"rock-merged",20553,False,0.8928652405738831,0.07813213020563126,0.019627461209893227,0.8507975339889526,0.023186393082141876,0.9289296269416809,0.022838084027171135,0.07107029855251312,4,1.0,13,"tiny"
0.20873260498046875,"sky-other-merged",22479,False,0.76238614320755,0.015238255262374878,0.010740512982010841,0.23588435351848602,0.1006511002779007,0.24527522921562195,0.06535925716161728,0.7547248005867004,0,0.9657516479492188,14,"large"
0.2021026611328125,"person",22479,True,0.889366865158081,0.00901063159108162,0.006831706501543522,0.20226134359836578,0.0917523205280304,0.20751316845417023,0.058987438678741455,0.792486846446991,1,0.9643639326095581,14,"large"
0.1390533447265625,"tree-merged",22479,False,0.727515697479248,0.09608925879001617,0.0659213587641716,0.42035412788391113,0.15260909497737885,0.5070695877075195,0.12087305635213852,0.49293041229248047,2,0.8189399838447571,14,"large"
0.09830474853515625,"house",22479,False,0.716646134853363,0.2567436993122101,0.1361313909292221,0.30376744270324707,0.07980460673570633,0.5558457374572754,0.09777772426605225,0.4441542625427246,3,0.6963135600090027,14,"medium"
0.0537109375,"skateboard",22479,True,0.890204131603241,0.028473179787397385,0.005733979865908623,0.17784720659255981,0.01655600592494011,0.2063203901052475,0.013134858570992947,0.7936796545982361,4,0.9636363387107849,14,"medium"
0.001953125,"bench",22479,True,0.829310953617096,0.5245996713638306,0.08017361164093018,0.4399715065956116,0.02878066897392273,0.9645711183547974,0.04418487846851349,0.03542885556817055,5,1.0,14,"tiny"
0.0009765625,"window-other",22479,False,0.9304728507995605,0.23657181859016418,0.027965569868683815,0.7377327680587769,0.03727573901414871,0.9743045568466187,0.03448789194226265,0.025695446878671646,6,1.0,14,"tiny"
0.168975830078125,"horse",23126,True,0.9314371943473816,0.07173837721347809,0.025748372077941895,0.08934339135885239,0.05427166447043419,0.1606338620185852,0.03624516725540161,0.8393661975860596,0,0.9942206740379333,15,"large"
0.158447265625,"sky-other-merged",23126,False,0.762387216091156,0.17265507578849792,0.05002996698021889,0.030164238065481186,0.014288675971329212,0.2020401656627655,0.0363442488014698,0.7979598641395569,1,0.9847843050956726,15,"large"
0.075958251953125,"fence-merged",23126,False,0.5933747887611389,0.7926706075668335,0.4056336283683777,0.038757793605327606,0.02579430118203163,0.8314089775085449,0.24054302275180817,0.1685909926891327,2,0.812374472618103,15,"medium"
0.074737548828125,"person",23126,True,0.9454004168510437,0.20642881095409393,0.043458301573991776,0.15455736219882965,0.04215056076645851,0.3575729429721832,0.04250407963991165,0.6424269676208496,3,1.0,15,"medium"
0.8112459182739258,"sky-other-merged",24027,False,0.6097264289855957,0.026065440848469734,0.10303284227848053,0.009999709203839302,0.08456101268529892,0.03468042239546776,0.09414655715227127,0.9653196334838867,0,0.9863951802253723,16,"large"
0.029196739196777344,"building-other-merged",24027,False,0.779059886932373,0.475834459066391,0.2768539488315582,0.22258412837982178,0.01995765045285225,0.6984186172485352,0.054260678589344025,0.30158138275146484,1,0.9560999274253845,16,"small"
0.01674938201904297,"kite",24027,True,0.7573254704475403,0.06455468386411667,0.016055569052696228,0.5746697187423706,0.021667543798685074,0.6065607666969299,0.019889039918780327,0.3934391736984253,2,0.9121448397636414,16,"small"
0.0146484375,"grass-merged",24027,False,0.9278767704963684,0.3237033784389496,0.06643834710121155,0.1654338836669922,0.005143627058714628,0.4891372621059418,0.01320738811045885,0.5108627080917358,3,1.0,16,"small"
0.32373046875,"house",25393,False,0.8295029401779175,0.08780423551797867,0.07480942457914352,0.15045015513896942,0.19695410132408142,0.2333829253911972,0.1208849549293518,0.7666171789169312,0,0.9125188589096069,17,"large"
0.087890625,"person",25393,True,0.8835646510124207,0.17828290164470673,0.05387229472398758,0.20361974835395813,0.05039583891630173,0.3749094009399414,0.051064297556877136,0.6250905990600586,1,0.9888888597488403,17,"medium"
0.08251953125,"person",25393,True,0.875696063041687,0.1833459585905075,0.045288603752851486,0.1140112355351448,0.0228224229067564,0.2884417772293091,0.03192721679806709,0.7115582227706909,2,0.9171597361564636,17,"medium"
0.0625,"tree-merged",25393,False,0.8919289708137512,0.0679766908288002,0.022420737892389297,0.5263814926147461,0.13535641133785248,0.5889086723327637,0.08518216758966446,0.41109129786491394,3,0.9609375,17,"medium"
0.02001953125,"sky-other-merged",25393,False,0.9158510565757751,0.061227597296237946,0.007115442771464586,0.5604391098022461,0.04703235626220703,0.6162555813789368,0.030045561492443085,0.3837442398071289,4,1.0,17,"small"
0.00634765625,"tie",25393,True,0.9789666533470154,0.04511106014251709,0.0024105398915708065,0.691897451877594,0.026072384789586067,0.7171424031257629,0.015855660662055016,0.28285762667655945,5,0.7692307829856873,17,"tiny"
0.00048828125,"tie",25393,True,0.932452917098999,0.038029324263334274,0.0017003272660076618,0.9619705677032471,0.030028974637389183,0.975231409072876,0.017935598269104958,0.024768568575382233,6,0.0,17,"tiny"
0.00390625,"car",25393,True,0.9099465608596802,0.506449282169342,0.0223087165504694,0.29728010296821594,0.00920364260673523,0.8037294149398804,0.014612697996199131,0.19627055525779724,7,1.0,17,"tiny"
0.0048828125,"car",25393,True,0.5797089338302612,0.6491875052452087,0.03555160015821457,0.22509117424488068,0.008678174577653408,0.874278724193573,0.01978093571960926,0.12572132050991058,8,0.0,17,"tiny"
0.5626678466796875,"pizza",27696,True,0.8430147767066956,0.039356913417577744,0.05486595258116722,0.009036512114107609,0.05646444112062454,0.048393428325653076,0.055157531052827835,0.9516065716743469,0,0.9947932362556458,18,"large"
0.0587310791015625,"person",27696,True,0.7637084126472473,0.5873657464981079,0.23187360167503357,0.09487002342939377,0.022941548377275467,0.6822357773780823,0.10230842977762222,0.31776416301727295,1,1.0,18,"medium"
0.0146484375,"knife",27696,True,0.9133267998695374,0.2581962049007416,0.023885216563940048,0.3373302221298218,0.017773237079381943,0.595526397228241,0.01999112032353878,0.40447360277175903,2,0.8666666746139526,18,"small"
0.0063934326171875,"fork",27696,True,0.9584499001502991,0.3765409588813782,0.026782264932990074,0.3825126886367798,0.015294644981622696,0.7590535879135132,0.01942857913672924,0.240946426987648,3,0.9236276745796204,18,"tiny"
0.200286865234375,"wall-other-merged",29596,False,0.9339617490768433,0.08004456013441086,0.2738350033760071,0.4011365473270416,0.20644651353359222,0.4780840575695038,0.214264914393425,0.5219159126281738,0,0.9459089040756226,19,"large"
0.201995849609375,"curtain",29596,False,0.5458241701126099,0.03418133035302162,0.047121819108724594,0.20675097405910492,0.042993348091840744,0.23662443459033966,0.04282638058066368,0.7633755803108215,1,0.8144735097885132,19,"large"
0.128082275390625,"couch",29596,True,0.9130824208259583,0.008589095436036587,0.010479118674993515,0.07898765802383423,0.013152871280908585,0.08504897356033325,0.012467941269278526,0.9149510264396667,2,0.9518703818321228,19,"large"
0.096466064453125,"cabinet-merged",29596,False,0.9264193773269653,0.0239044688642025,0.028644315898418427,0.2659097909927368,0.04176528379321098,0.28813278675079346,0.040034227073192596,0.7118671536445618,3,0.8589054346084595,19,"medium"
0.08624267578125,"ceiling-merged",29596,False,0.9733448624610901,0.006852702237665653,0.007063490338623524,0.2179044932126999,0.029076380655169487,0.22266612946987152,0.026315078139305115,0.7773338556289673,4,1.0,19,"medium"
0.07366943359375,"rug-merged",29596,False,0.8965030908584595,0.07528483122587204,0.07338638603687286,0.28217002749443054,0.03504016622900963,0.35329338908195496,0.038949452340602875,0.6467065215110779,5,0.9531897306442261,19,"medium"
0.047882080078125,"tv",29596,True,0.9232860207557678,0.003901385935023427,0.0022202921099960804,0.255113422870636,0.01795020140707493,0.2585289180278778,0.01618950068950653,0.7414710521697998,6,0.8776290416717529,19,"medium"
0.02099609375,"light",29596,False,0.760978639125824,0.045190371572971344,0.023943087086081505,0.6673847436904907,0.042350903153419495,0.7121589183807373,0.04037853702902794,0.28784114122390747,7,0.6976743936538696,19,"small"
0.016510009765625,"chair",29596,True,0.8053575158119202,0.0568673349916935,0.02229551039636135,0.6205804347991943,0.029005423188209534,0.676288902759552,0.028244946151971817,0.3237111270427704,8,0.4731977880001068,19,"small"
0.0107421875,"chair",29596,True,0.8695593476295471,0.05242697522044182,0.022722212597727776,0.7418550848960876,0.0380842462182045,0.7942820191383362,0.03645733743906021,0.205717995762825,9,0.1818181872367859,19,"small"
0.00714111328125,"dining table",29596,True,0.6765264272689819,0.5555898547172546,0.23011459410190582,0.33307382464408875,0.016274072229862213,0.8886637091636658,0.03883860632777214,0.111336350440979,10,0.6837607026100159,19,"tiny"
0.00390625,"book",29596,True,0.9851809144020081,0.00584372179582715,0.0011689385864883661,0.8105236291885376,0.019057007506489754,0.8163673281669617,0.0171755813062191,0.18363268673419952,11,1.0,19,"tiny"
0.001953125,"flower",29596,False,0.7538348436355591,0.1430288553237915,0.011862492188811302,0.6875256299972534,0.006687709596008062,0.8305544853210449,0.007230916526168585,0.16944552958011627,12,0.5,19,"tiny"
0.001129150390625,"vase",29596,True,0.20509833097457886,0.29788336157798767,0.04054552689194679,0.6858764290809631,0.010939020663499832,0.9837597608566284,0.014044307172298431,0.016240272670984268,13,0.0,19,"tiny"
0.0009765625,"cup",29596,True,0.9616308212280273,0.22290433943271637,0.027737686410546303,0.7050623893737793,0.010278766043484211,0.9279667735099792,0.012109670788049698,0.07203321903944016,14,1.0,19,"tiny"
0.8733978271484375,"pavement-merged",31093,False,0.6936805248260498,0.006234294269233942,0.6513501405715942,0.04303060472011566,0.22327791154384613,0.047529757022857666,0.23880566656589508,0.9524702429771423,0,0.9840493202209473,20,"large"
0.0930633544921875,"person",31093,True,0.8370192646980286,0.01865267939865589,0.30931809544563293,0.22056928277015686,0.024665795266628265,0.22846238315105438,0.025432836264371872,0.7715376615524292,1,0.9534350037574768,20,"medium"
0.01806640625,"fence-merged",31093,False,0.9511374235153198,0.047645993530750275,0.351210355758667,0.5694578886032104,0.02618873491883278,0.6171038150787354,0.02820395492017269,0.3828962743282318,2,0.8918918967247009,20,"small"
0.001953125,"person",31093,True,0.9637032747268677,0.022195972502231598,0.08589037507772446,0.8979108333587646,0.02132568322122097,0.9201067686080933,0.021719537675380707,0.07989325374364853,3,1.0,20,"tiny"
0.0029296875,"person",31093,True,0.8971001505851746,0.020780440419912338,0.06933268904685974,0.8498339653015137,0.017419856041669846,0.8706143498420715,0.01773684285581112,0.12938560545444489,4,0.0,20,"tiny"
0.0030975341796875,"skateboard",31093,True,0.7977622747421265,0.0678211897611618,0.08487438410520554,0.6184334754943848,0.004754791036248207,0.6756712794303894,0.005164009053260088,0.3243286907672882,5,0.9458128213882446,20,"tiny"
0.0009765625,"building-other-merged",31093,False,0.9317026138305664,0.03323019668459892,0.12382176518440247,0.9266627430915833,0.021171802654862404,0.9598929286003113,0.02179737389087677,0.040107011795043945,6,1.0,20,"tiny"
0.0009765625,"tree-merged",31093,False,0.959121584892273,0.02584817260503769,0.05403021350502968,0.90055251121521,0.011542183347046375,0.9264006018638611,0.011801112443208694,0.07359933853149414,7,1.0,20,"tiny"
0.0009765625,"sky-other-merged",31093,False,0.833605945110321,0.022370824590325356,0.016602110117673874,0.7974573969841003,0.0036287817638367414,0.8198282122612,0.0037078438326716423,0.18017171323299408,8,0.0,20,"tiny"
0.0007171630859375,"skateboard",31093,True,0.9253892302513123,0.08558101207017899,0.06963005661964417,0.8289017677307129,0.004133020993322134,0.866023063659668,0.004292925354093313,0.13397695124149323,9,0.0,20,"tiny"
0.7250766754150391,"playingfield",32081,False,0.7222583293914795,0.004605738911777735,0.3757692873477936,0.04005797207355499,0.08066652715206146,0.041906069964170456,0.08331702649593353,0.9580940008163452,0,0.9710771441459656,21,"large"
0.15199756622314453,"net",32081,False,0.8834760785102844,0.005494740791618824,0.11472292989492416,0.03967771679162979,0.0065843816846609116,0.039976295083761215,0.006594089791178703,0.9600237607955933,1,0.9585082530975342,21,"large"
0.10963916778564453,"person",32081,True,0.8801959156990051,0.02494354173541069,0.44525080919265747,0.1753910779953003,0.02369818091392517,0.19303978979587555,0.025928286835551262,0.8069601058959961,2,0.9949027895927429,21,"large"
0.009830474853515625,"tennis racket",32081,True,0.7451769709587097,0.01658809743821621,0.035656366497278214,0.4845888316631317,0.007093997206538916,0.4913173317909241,0.00714561203494668,0.5086827278137207,3,1.0,21,"tiny"
0.603546142578125,"fence-merged",33005,False,0.7386542558670044,0.005658469628542662,0.3434179127216339,0.05216354504227638,0.06314870715141296,0.05607501044869423,0.06680222600698471,0.9439249634742737,0,0.957248330116272,22,"large"
0.2816314697265625,"playingfield",33005,False,0.5482870936393738,0.0008802165393717587,0.01986357755959034,0.1204240620136261,0.02974550798535347,0.12071213126182556,0.029509495943784714,0.8792877793312073,1,0.9847754240036011,22,"large"
0.084197998046875,"sky-other-merged",33005,False,0.9015601873397827,0.047297876328229904,0.6634320020675659,0.2585787773132324,0.031077085062861443,0.3045731484889984,0.03630237281322479,0.6954269409179688,2,0.9188111424446106,22,"medium"
0.0209197998046875,"person",33005,True,0.9268178343772888,0.0124943433329463,0.04770967736840248,0.34356462955474854,0.010506425984203815,0.3475179672241211,0.01054732408374548,0.6524820923805237,3,1.0,22,"small"
0.003387451171875,"tennis racket",33005,True,0.8402564525604248,0.05337284877896309,0.06157967448234558,0.65891033411026,0.0059801312163472176,0.6829866170883179,0.006153087597340345,0.3170134127140045,4,1.0,22,"tiny"
0.8480911254882812,"food-other-merged",34205,False,0.7277435660362244,0.00212116283364594,0.5454267859458923,0.07161316275596619,0.3144969046115875,0.07195580005645752,0.3150176405906677,0.9280442595481873,0,0.9650506973266602,23,"large"
0.078369140625,"broccoli",34205,True,0.7436932325363159,0.009711097925901413,0.5833772420883179,0.617129921913147,0.1042637750506401,0.6248818635940552,0.1053444892168045,0.37511807680130005,1,0.7010319232940674,23,"medium"
0.02794647216796875,"broccoli",34205,True,0.8216589689254761,0.010995619930326939,0.49159732460975647,0.7995051741600037,0.09521570801734924,0.8014184236526489,0.09533418715000153,0.19858162105083466,2,0.0,23,"small"
0.02410125732421875,"table-merged",34205,False,0.7439125776290894,0.009750512428581715,0.10758236050605774,0.36890310049057007,0.010808548890054226,0.37171289324760437,0.010869418270885944,0.628287136554718,3,0.8509021997451782,23,"small"
0.0213775634765625,"broccoli",34205,True,0.9379006028175354,0.007256603799760342,0.20154911279678345,0.7148208022117615,0.052604276686906815,0.7208884954452515,0.05291638523340225,0.2791115343570709,4,0.7765881419181824,23,"small"
0.2099609375,"wall-tile",35770,False,0.7859078049659729,0.2107110619544983,0.1886945366859436,0.200627401471138,0.11775554716587067,0.4112781882286072,0.14591071009635925,0.588721752166748,0,0.930232584476471,24,"large"
0.1748046875,"sink",35770,True,0.16779063642024994,0.7842803001403809,0.45274442434310913,0.0543011836707592,0.0191181730479002,0.8376654982566833,0.18341031670570374,0.16233453154563904,1,0.29050278663635254,24,"large"
0.1640625,"floor-other-merged",35770,False,0.540385365486145,0.18393318355083466,0.0934564620256424,0.2600254416465759,0.07900022715330124,0.4425119161605835,0.08418378978967667,0.5574880242347717,2,0.886904776096344,24,"large"
0.1044921875,"toilet",35770,True,0.9340718984603882,0.009663273580372334,0.0036374276969581842,0.16188740730285645,0.032741665840148926,0.1715506911277771,0.02256946451961994,0.8284493088722229,3,0.9626168012619019,24,"large"
0.02099609375,"toilet",35770,True,0.9425327181816101,0.15642651915550232,0.02050064131617546,0.3611263036727905,0.02224128507077694,0.5175528526306152,0.02168479934334755,0.48244720697402954,4,0.9534883499145508,24,"small"
0.013671875,"paper-merged",35770,False,0.8260071873664856,0.3049827814102173,0.2279474139213562,0.646742045879364,0.224690243601799,0.9517248272895813,0.22572383284568787,0.04827524349093437,5,1.0,24,"small"
0.392578125,"wall-other-merged",37670,False,0.8658069372177124,0.034716252237558365,0.22054921090602875,0.20621296763420105,0.17103132605552673,0.2390749305486679,0.17581214010715485,0.7609251141548157,0,0.9527363181114197,25,"large"
0.37646484375,"toilet",37670,True,0.6805781126022339,0.008507128804922104,0.03304741531610489,0.05514415726065636,0.027202162891626358,0.06197289749979973,0.027147378772497177,0.938027024269104,1,0.7574578523635864,25,"large"
0.0634765625,"floor-wood",37670,False,0.9205341339111328,0.1862201988697052,0.2729742228984833,0.2490241974592209,0.02961423620581627,0.43307456374168396,0.047661907970905304,0.5669254064559937,2,0.9923076629638672,25,"medium"
0.0537109375,"remote",37670,True,0.7703617215156555,0.06049920246005058,0.05018438771367073,0.2332991361618042,0.015524948947131634,0.2905760109424591,0.017909664660692215,0.7094240784645081,3,0.9090909361839294,25,"medium"
0.044921875,"person",37670,True,0.8684597611427307,0.18159663677215576,0.15936917066574097,0.1861683875322342,0.012983947061002254,0.36776500940322876,0.023760773241519928,0.6322349905967712,4,0.8369565010070801,25,"medium"
0.3257904052734375,"building-other-merged",38829,False,0.8021352887153625,0.06736396998167038,0.3638046979904175,0.2245939075946808,0.13551096618175507,0.28824785351753235,0.1569742113351822,0.7117521166801453,0,0.9363729953765869,26,"large"
0.14684295654296875,"road",38829,False,0.7184059023857117,0.05099119618535042,0.14522874355316162,0.406191349029541,0.10004999488592148,0.4551849067211151,0.10330770909786224,0.5448151230812073,1,0.844599187374115,26,"large"
0.06705474853515625,"motorcycle",38829,True,0.8639810085296631,0.0656479150056839,0.10727381706237793,0.4128640294075012,0.05302741751074791,0.4785119593143463,0.05698046088218689,0.5214881300926208,2,0.9466378688812256,26,"medium"
0.062469482421875,"person",38829,True,0.8656893968582153,0.12987810373306274,0.26476824283599854,0.48199746012687683,0.076757051050663,0.609803318977356,0.09014691412448883,0.39019662141799927,3,0.9036394953727722,26,"medium"
0.0550994873046875,"bicycle",38829,True,0.7373927235603333,0.08397827297449112,0.1655983328819275,0.6180538535118103,0.09438567608594894,0.6969314813613892,0.09888024628162384,0.3030685484409332,4,0.9468291401863098,26,"medium"
0.0467071533203125,"motorcycle",38829,True,0.9416086077690125,0.03066621534526348,0.02865995652973652,0.2793528735637665,0.020045636221766472,0.3078152537345886,0.02051614038646221,0.6921846270561218,5,1.0,26,"medium"
0.03998565673828125,"person",38829,True,0.8009640574455261,0.12297792732715607,0.2515175938606262,0.6470189094543457,0.10084857791662216,0.7696652412414551,0.1114761233329773,0.2303347885608673,6,0.16962411999702454,26,"medium"
0.03417205810546875,"person",38829,True,0.8991823792457581,0.06526723504066467,0.07031930238008499,0.5152413249015808,0.04203455150127411,0.5805085301399231,0.044025540351867676,0.41949141025543213,7,0.7999553680419922,26,"medium"
0.02999114990234375,"bicycle",38829,True,0.14122135937213898,0.19866222143173218,0.27572330832481384,0.7566890716552734,0.07914023101329803,0.9551132321357727,0.09290816634893417,0.044886812567710876,8,0.0,26,"small"
0.02500152587890625,"wall-other-merged",38829,False,0.3120732009410858,0.09839276969432831,0.25117984414100647,0.8572534918785095,0.1639278382062912,0.9550442695617676,0.17000344395637512,0.04495570808649063,9,0.0,26,"small"
0.02677154541015625,"tree-merged",38829,False,0.717496931552887,0.22175244987010956,0.3658906817436218,0.6100949048995972,0.07555396854877472,0.8287644386291504,0.09552471339702606,0.1712356060743332,10,0.7295525670051575,26,"small"
0.01889801025390625,"pavement-merged",38829,False,0.6775445342063904,0.10465686023235321,0.17897732555866241,0.7858003973960876,0.10003776103258133,0.8898696303367615,0.10545302927494049,0.11013036966323853,11,0.8784820437431335,26,"small"
0.01921844482421875,"stairs",38829,False,0.813370943069458,0.15720298886299133,0.15078656375408173,0.6096895933151245,0.04352380335330963,0.7602887749671936,0.05055040493607521,0.23971129953861237,12,0.8209607005119324,26,"small"
0.01056671142578125,"person",38829,True,0.9144001603126526,0.1382083296775818,0.10761826485395432,0.6822499632835388,0.03918847441673279,0.8174810409545898,0.04373805224895477,0.18251891434192657,13,1.0,26,"small"
0.01154327392578125,"motorcycle",38829,True,0.8679028153419495,0.17698371410369873,0.12760914862155914,0.6207834482192993,0.03305309638381004,0.7956215143203735,0.0394560769200325,0.20437844097614288,14,0.8460013270378113,26,"small"
0.004547119140625,"person",38829,True,0.9551993608474731,0.15770214796066284,0.08675133436918259,0.7437121868133545,0.029966769739985466,0.8838617205619812,0.033206164836883545,0.11613824963569641,15,0.9614093899726868,26,"tiny"
0.0068359375,"backpack",38829,True,0.9572228193283081,0.1657213717699051,0.0719907134771347,0.6127159595489502,0.019559064880013466,0.7784373164176941,0.0231481920927763,0.2215627133846283,16,1.0,26,"tiny"
0.00298309326171875,"person",38829,True,0.0879126563668251,0.09357885271310806,0.0634385198354721,0.9019355773925781,0.04472072049975395,0.9943098425865173,0.045963287353515625,0.005690184887498617,17,0.0,26,"tiny"
0.001953125,"grass-merged",38829,False,0.9781943559646606,0.15221770107746124,0.051487069576978683,0.7647006511688232,0.018907295539975166,0.9169182777404785,0.021126581355929375,0.08308175206184387,18,1.0,26,"tiny"
0.2222890853881836,"umbrella",40083,True,0.9761353731155396,0.11159329861402512,0.12033319473266602,0.17596912384033203,0.10798634588718414,0.2868348956108093,0.11221524327993393,0.7131651639938354,0,0.9857907295227051,27,"large"
0.14580917358398438,"building-other-merged",40083,False,0.838141143321991,0.23482342064380646,0.22694161534309387,0.3205156922340393,0.15248405933380127,0.5518344044685364,0.17616407573223114,0.448165625333786,1,0.9429401159286499,27,"large"
0.10632610321044922,"pavement-merged",40083,False,0.8059924244880676,0.3897404968738556,0.3598380982875824,0.28737738728523254,0.12197427451610565,0.671035885810852,0.19560909271240234,0.32896408438682556,2,0.8825196623802185,27,"large"
0.0917654037475586,"tree-merged",40083,False,0.8253414034843445,0.1862153708934784,0.08678527176380157,0.2379661351442337,0.04997886344790459,0.424041211605072,0.06139475479722023,0.5759587287902832,3,0.9045654535293579,27,"medium"
0.042362213134765625,"road",40083,False,0.74941086769104,0.24930237233638763,0.12696655094623566,0.5342556238174438,0.11349347233772278,0.7790749073028564,0.11690458655357361,0.22092507779598236,4,0.781427264213562,27,"medium"
0.03880023956298828,"car",40083,True,0.7796618938446045,0.22549819946289062,0.044312216341495514,0.23201875388622284,0.01893821731209755,0.4544059932231903,0.02621208317577839,0.5455939769744873,5,0.8745483756065369,27,"medium"
0.027556419372558594,"chair",40083,True,0.921789288520813,0.4602600634098053,0.13437213003635406,0.24123792350292206,0.028752492740750313,0.6916401982307434,0.05858851224184036,0.3083598017692566,6,0.8936840295791626,27,"small"
0.023858070373535156,"tent",40083,False,0.5123850107192993,0.14506877958774567,0.07886240631341934,0.7768645286560059,0.17160065472126007,0.9203023314476013,0.14461201429367065,0.07969754189252853,7,0.0,27,"small"
0.011180877685546875,"wall-stone",40083,False,0.9517839550971985,0.500447690486908,0.19279414415359497,0.4027923345565796,0.06194615736603737,0.9020987749099731,0.09916607290506363,0.09790128469467163,8,0.8342715501785278,27,"small"
0.009171485900878906,"bicycle",40083,True,0.9366589188575745,0.3393464982509613,0.030456557869911194,0.32765886187553406,0.011705830693244934,0.6607710123062134,0.016888095065951347,0.339229017496109,9,0.8935219049453735,27,"tiny"
0.001953125,"car",40083,True,0.6200280785560608,0.2767847776412964,0.0378759503364563,0.6918513774871826,0.03731458634138107,0.968636155128479,0.03747329115867615,0.031363844871520996,11,0.0,27,"tiny"
0.55615234375,"bus",42070,True,0.7771279215812683,0.015343262813985348,0.0647398978471756,0.061545584350824356,0.08543099462985992,0.07382359355688095,0.07761646062135696,0.9261764287948608,0,0.976294994354248,28,"large"
0.13134765625,"sky-other-merged",42070,False,0.6961521506309509,0.037496671080589294,0.03972770646214485,0.18644550442695618,0.028782611712813377,0.21965357661247253,0.02962997741997242,0.7803463935852051,1,0.9312267899513245,28,"large"
0.126953125,"road",42070,False,0.697777271270752,0.03172948211431503,0.04065879434347153,0.35125991702079773,0.06512312591075897,0.37492743134498596,0.060861047357320786,0.6250725984573364,2,0.9538461565971375,28,"large"
0.048583984375,"pavement-merged",42070,False,0.8993769288063049,0.059403158724308014,0.06211203336715698,0.5656178593635559,0.07772240787744522,0.6221404671669006,0.07561752200126648,0.37785956263542175,3,0.8542713522911072,28,"medium"
0.01513671875,"tree-merged",42070,False,0.8680400252342224,0.09530650079250336,0.03717891871929169,0.6325074434280396,0.031160663813352585,0.6954496502876282,0.030465073883533478,0.30455029010772705,4,1.0,28,"small"
0.014404296875,"grass-merged",42070,False,0.8789036870002747,0.19463415443897247,0.05916555970907211,0.44615036249160767,0.017127659171819687,0.6234304308891296,0.021265586838126183,0.3765695095062256,5,0.8983050584793091,28,"small"
0.00048828125,"building-other-merged",42070,False,0.7666244506835938,0.61027991771698,0.4597606062889099,0.38972005248069763,0.03650854155421257,0.9955072999000549,0.08298459649085999,0.00449274480342865,6,0.0,28,"tiny"
0.0009765625,"car",42070,True,0.9719870090484619,0.19398164749145508,0.01481549721211195,0.6936442255973816,0.006594903767108917,0.8876258730888367,0.007504954934120178,0.1123742163181305,7,1.0,28,"tiny"
0.332794189453125,"snow",43314,False,0.9219931960105896,0.2025797814130783,0.3188807964324951,0.09702745079994202,0.10871856659650803,0.29834339022636414,0.1955399066209793,0.701656699180603,0,0.9868179559707642,29,"large"
0.27230072021484375,"mountain-merged",43314,False,0.6115966439247131,0.17444448173046112,0.15156415104866028,0.13902604579925537,0.07429932057857513,0.31003338098526,0.10283531248569489,0.6899666786193848,1,0.883359968662262,29,"large"
0.06932830810546875,"sky-other-merged",43314,False,0.7120224237442017,0.2957227826118469,0.12534837424755096,0.28678974509239197,0.051698002964258194,0.5807976126670837,0.07348670810461044,0.41920241713523865,2,0.9604930281639099,29,"medium"
0.02918243408203125,"person",43314,True,0.9217742681503296,0.0990767851471901,0.01793830469250679,0.3683871328830719,0.02673286385834217,0.46520164608955383,0.024102365598082542,0.5347983241081238,3,0.8996078372001648,29,"small"
0.02051544189453125,"skis",43314,True,0.7865475416183472,0.06845958530902863,0.01282605342566967,0.6311769485473633,0.04676997289061546,0.6899722814559937,0.0366639606654644,0.31002771854400635,4,0.6366679072380066,29,"small"
0.18201446533203125,"person",44279,True,0.933811366558075,0.05491184815764427,0.039511702954769135,0.16091328859329224,0.06738714128732681,0.2152627855539322,0.0569985955953598,0.7847371697425842,0,0.9931676387786865,30,"large"
0.1435546875,"ceiling-merged",44279,False,0.9543054103851318,0.10521775484085083,0.10717357695102692,0.44797009229660034,0.2472836822271347,0.5531878471374512,0.1980399489402771,0.44681215286254883,1,0.9523809552192688,30,"large"
0.08965301513671875,"shelf",44279,False,0.8820943832397461,0.420815646648407,0.424028605222702,0.31886008381843567,0.15861506760120392,0.7392672300338745,0.24630820751190186,0.2607327401638031,2,0.48395881056785583,30,"medium"
0.0664520263671875,"person",44279,True,0.7305972576141357,0.1155928447842598,0.02609201706945896,0.17629508674144745,0.01891511306166649,0.2854568660259247,0.020775986835360527,0.7145431041717529,3,0.8039035797119141,30,"medium"
0.0574951171875,"wall-other-merged",44279,False,0.1672821044921875,0.24020329117774963,0.13209189474582672,0.7034671306610107,0.18141403794288635,0.9418964982032776,0.16542376577854156,0.05810347571969032,4,0.07829087227582932,30,"medium"
0.04296112060546875,"oven",44279,True,0.7266993522644043,0.5995568037033081,0.24157565832138062,0.14383238554000854,0.026575427502393723,0.7425894141197205,0.0941072627902031,0.25741058588027954,5,0.6045107245445251,30,"medium"
0.03497314453125,"paper-merged",44279,False,0.8201486468315125,0.4014931619167328,0.1675206571817398,0.37020763754844666,0.07002090662717819,0.77162104845047,0.1004236489534378,0.22837887704372406,6,0.44109946489334106,30,"medium"
0.02099609375,"oven",44279,True,0.6997560262680054,0.5807502865791321,0.240053191781044,0.3011670410633087,0.05526890978217125,0.8819173574447632,0.11208374053239822,0.11808262020349503,7,1.0,30,"small"
0.014892578125,"counter",44279,False,0.814950704574585,0.5807194113731384,0.23062731325626373,0.31785330176353455,0.05554240569472313,0.8984743356704712,0.10903039574623108,0.10152564197778702,8,0.7213114500045776,30,"small"
0.01171875,"light",44279,False,0.9244620203971863,0.18670083582401276,0.07291872054338455,0.7211489677429199,0.12335897982120514,0.9078498482704163,0.10799591988325119,0.0921502411365509,9,0.3333333432674408,30,"small"
0.00844573974609375,"floor-other-merged",44279,False,0.932529866695404,0.5642813444137573,0.09238487482070923,0.2824246287345886,0.020145663991570473,0.8401862382888794,0.041758548468351364,0.1598137468099594,10,1.0,30,"tiny"
0.00608062744140625,"cardboard",44279,False,0.2508188486099243,0.2639866769313812,0.07556655257940292,0.7188394069671631,0.08936050534248352,0.9822997450828552,0.08515724539756775,0.01770026795566082,11,0.0,30,"tiny"
0.0068206787109375,"food-other-merged",44279,False,0.8718173503875732,0.5168812870979309,0.17632003128528595,0.4253403842449188,0.06309671700000763,0.9420889616012573,0.09739938378334045,0.05791101232171059,12,0.2863534688949585,30,"tiny"
0.0039825439453125,"bowl",44279,True,0.8292389512062073,0.5335701107978821,0.11041297018527985,0.4134109914302826,0.037051208317279816,0.9469811916351318,0.05922214314341545,0.053018879145383835,13,0.49042144417762756,30,"tiny"
0.001953125,"bowl",44279,True,0.8754098415374756,0.5553194284439087,0.14052507281303406,0.4222339391708374,0.04614127054810524,0.9775534272193909,0.07460734993219376,0.022446539252996445,14,0.0,30,"tiny"
0.00390625,"bowl",44279,True,0.1481788456439972,0.5495398640632629,0.13075481355190277,0.44237837195396423,0.04558232054114342,0.9919182658195496,0.07132064551115036,0.008081773295998573,15,0.0,30,"tiny"
0.0029296875,"bowl",44279,True,0.9788246750831604,0.5387888550758362,0.10796457529067993,0.41366860270500183,0.035846732556819916,0.9524574875831604,0.05761871859431267,0.04754254221916199,16,0.0,30,"tiny"
0.0009765625,"bowl",44279,True,0.9965943098068237,0.5250983834266663,0.10907255858182907,0.45933598279953003,0.041145529597997665,0.9844344854354858,0.061612244695425034,0.015565481036901474,17,0.0,30,"tiny"
4.57763671875e-05,"bowl",44279,True,0.5718841552734375,0.5151845812797546,0.09103570133447647,0.4843233525753021,0.036857254803180695,0.9995078444480896,0.053166259080171585,0.0004921748186461627,18,0.0,30,"tiny"
0.0005035400390625,"knife",44279,True,0.9047650098800659,0.5423212051391602,0.09236323088407516,0.4487919509410858,0.03293902799487114,0.9911131858825684,0.05083532631397247,0.00888681598007679,19,0.0,30,"tiny"
0.32666015625,"sky-other-merged",50165,False,0.7076327800750732,0.0103105204179883,0.12695060670375824,0.09145781397819519,0.035942140966653824,0.0996316522359848,0.03798804432153702,0.9003682732582092,0,0.9999532699584961,31,"large"
0.30242156982421875,"grass-merged",50165,False,0.785472571849823,0.01142855267971754,0.14778916537761688,0.11014875769615173,0.04380564019083977,0.11902663111686707,0.04600787162780762,0.8809732794761658,1,0.9468957185745239,31,"large"
0.1917266845703125,"mountain-merged",50165,False,0.6098769307136536,0.035933952778577805,0.3442322015762329,0.38453757762908936,0.0972985327243805,0.41460561752319336,0.10245971381664276,0.5853943824768066,2,0.8495821952819824,31,"large"
0.0707855224609375,"train",50165,True,0.8969944715499878,0.01141869556158781,0.05226143077015877,0.32732245326042175,0.034369245171546936,0.33466610312461853,0.034370847046375275,0.6653339862823486,3,0.9862039089202881,31,"medium"
0.0608062744140625,"tree-merged",50165,False,0.7784850001335144,0.05316690728068352,0.4110974073410034,0.6580008864402771,0.1153564453125,0.7063935995101929,0.12126196920871735,0.2936064600944519,4,0.7944793105125427,31,"medium"
0.02106475830078125,"railroad",50165,False,0.7644490599632263,0.021887565031647682,0.08245448768138885,0.7758670449256897,0.06357678025960922,0.7949978709220886,0.06379087269306183,0.20500217378139496,5,0.9272003173828125,31,"small"
0.00693511962890625,"building-other-merged",50165,False,0.9465476870536804,0.010457041673362255,0.018373344093561172,0.8116458058357239,0.030582256615161896,0.8208208680152893,0.0302816703915596,0.1791791319847107,6,0.9856985807418823,31,"tiny"
0.00202178955078125,"roof",50165,False,0.399305135011673,0.009801986627280712,0.008779851719737053,0.948238730430603,0.018123367801308632,0.9567747712135315,0.0179057065397501,0.043225303292274475,7,0.0,31,"tiny"
0.37744140625,"grass-merged",51309,False,0.7610365748405457,0.05422879010438919,0.2568396031856537,0.13007831573486328,0.08256670087575912,0.17946197092533112,0.10091332346200943,0.8205381035804749,0,0.832147479057312,32,"large"
0.13848876953125,"sky-other-merged",51309,False,0.6945916414260864,0.013971030712127686,0.024112917482852936,0.23536469042301178,0.03808422386646271,0.24595263600349426,0.03641967475414276,0.7540472745895386,1,0.9762009978294373,32,"large"
0.134033203125,"horse",51309,True,0.8851919174194336,0.04168510437011719,0.0935487449169159,0.24861034750938416,0.05197291076183319,0.28473231196403503,0.054540202021598816,0.7152676582336426,2,0.874772310256958,32,"large"
0.11041259765625,"tree-merged",51309,False,0.587012529373169,0.0387183278799057,0.07372536510229111,0.5064347386360168,0.08724682033061981,0.5394874811172485,0.08535271137952805,0.46051251888275146,3,0.9436152577400208,32,"large"
0.066650390625,"horse",51309,True,0.11646798998117447,0.5893068909645081,0.5604510307312012,0.3021337389945984,0.024699611589312553,0.8895695805549622,0.06699708104133606,0.11043047904968262,4,0.04029304161667824,32,"medium"
0.05938720703125,"horse",51309,True,0.7739990949630737,0.14322222769260406,0.27637508511543274,0.545028030872345,0.08947969228029251,0.6777294278144836,0.10276804119348526,0.32227063179016113,5,0.9516957998275757,32,"medium"
0.02178955078125,"wall-other-merged",51309,False,0.9748086333274841,0.11733262240886688,0.1917489916086197,0.7107809782028198,0.09489183127880096,0.824155330657959,0.10176894813776016,0.17584463953971863,6,1.0,32,"small"
0.02264404296875,"house",51309,False,0.8763285279273987,0.08640999346971512,0.04680925980210304,0.4215211868286133,0.01867767982184887,0.5044026374816895,0.02066410332918167,0.49559730291366577,7,0.8706199526786804,32,"small"
0.2890625,"pavement-merged",52007,False,0.628200352191925,0.09248380362987518,0.354879766702652,0.28917038440704346,0.13284632563591003,0.3787309527397156,0.15570752322673798,0.6212690472602844,0,0.7432432174682617,33,"large"
0.2265625,"bus",52007,True,0.8891797065734863,0.020135879516601562,0.06443706899881363,0.1546042412519455,0.05401059240102768,0.17354781925678253,0.054695770144462585,0.8264521956443787,1,0.9870689511299133,33,"large"
0.189453125,"sky-other-merged",52007,False,0.7137212157249451,0.022062521427869797,0.0516885481774807,0.22023873031139374,0.05351920798420906,0.24230125546455383,0.05334717035293579,0.757698655128479,2,0.9793814420700073,33,"large"
0.10888671875,"flower",52007,False,0.8604416251182556,0.019844885915517807,0.030664566904306412,0.1873120814561844,0.027037225663661957,0.203999325633049,0.02694503217935562,0.7960006594657898,3,0.8878923654556274,33,"large"
0.06103515625,"building-other-merged",52007,False,0.7586107850074768,0.24809344112873077,0.3591267764568329,0.33633533120155334,0.042958322912454605,0.5800747871398926,0.06811799108982086,0.41992518305778503,4,0.7919999957084656,33,"medium"
0.0166015625,"person",52007,True,0.9779510498046875,0.2132817804813385,0.13900958001613617,0.45969358086586,0.02515580877661705,0.6729753613471985,0.03397466987371445,0.3270246386528015,5,1.0,33,"small"
0.01171875,"person",52007,True,0.8942317366600037,0.06377971917390823,0.02919693849980831,0.6356942057609558,0.024302484467625618,0.6994739770889282,0.024679725989699364,0.3005259931087494,6,0.5833333134651184,33,"small"
0.01123046875,"tree-merged",52007,False,0.6508288383483887,0.041182976216077805,0.014468385837972164,0.6935549378395081,0.02032666653394699,0.7268710136413574,0.019672486931085587,0.2731289267539978,7,0.52173912525177,33,"small"
0.00634765625,"road",52007,False,0.09695756435394287,0.020263560116291046,0.015280951745808125,0.9693412780761719,0.060656603425741196,0.9892857670783997,0.05718953534960747,0.010714349336922169,8,0.0,33,"tiny"
0.0048828125,"person",52007,True,0.326726496219635,0.05427303537726402,0.015200168825685978,0.8709452748298645,0.020219022408127785,0.9252182841300964,0.01983484998345375,0.07478172332048416,9,0.0,33,"tiny"
0.28857421875,"dirt-merged",53624,False,0.5739062428474426,0.07898477464914322,0.3019345700740814,0.5095454454421997,0.3315434455871582,0.5831323862075806,0.32564014196395874,0.41686755418777466,0,0.8439350724220276,34,"large"
0.16750335693359375,"water-other",53624,False,0.7520078420639038,0.06582486629486084,0.1143004521727562,0.24116559326648712,0.05958900228142738,0.30199751257896423,0.06546508520841599,0.6980025172233582,1,0.8873605132102966,34,"large"
0.14159393310546875,"grass-merged",53624,False,0.574162483215332,0.10819557309150696,0.19091570377349854,0.45482754707336426,0.11020118743181229,0.5566809177398682,0.11892597377300262,0.4433189928531647,2,0.05517538636922836,34,"large"
0.09752655029296875,"elephant",53624,True,0.8547523617744446,0.06033959612250328,0.05933379754424095,0.13649144768714905,0.017419127747416496,0.18429608643054962,0.02086951769888401,0.815703809261322,3,0.9382774233818054,34,"medium"
0.09372711181640625,"rock-merged",53624,False,0.8783101439476013,0.06172575801610947,0.06825083494186401,0.2329501509666443,0.03329246863722801,0.2836246192455292,0.03596312552690506,0.7163753509521484,4,0.9812780022621155,34,"medium"
0.05403900146484375,"pavement-merged",53624,False,0.42723312973976135,0.11411336064338684,0.12705232203006744,0.689558744430542,0.09470462054014206,0.8004760146141052,0.0979156643152237,0.19952401518821716,5,0.3490046560764313,34,"medium"
0.05510711669921875,"fence-merged",53624,False,0.7621711492538452,0.4775281250476837,0.5703551769256592,0.1875816285610199,0.027668043971061707,0.6616368889808655,0.08691895753145218,0.3383629620075226,6,0.667312741279602,34,"medium"
0.00048828125,"person",53624,True,0.8858508467674255,0.4271574914455414,0.11722402274608612,0.5728425979614258,0.01823273114860058,0.9848340153694153,0.028101837262511253,0.01516600139439106,7,1.0,34,"tiny"
0.00244140625,"person",53624,True,0.9754273295402527,0.40513986349105835,0.09904242306947708,0.5011281967163086,0.014247474260628223,0.9062680602073669,0.023081576451659203,0.09373196959495544,8,0.800000011920929,34,"tiny"
0.00146484375,"person",53624,True,0.9436078071594238,0.37944096326828003,0.07893552631139755,0.5566262602806091,0.013452108018100262,0.9360672235488892,0.020267628133296967,0.06393277645111084,9,0.0,34,"tiny"
0.34017181396484375,"person",54654,True,0.9268877506256104,0.037960316985845566,0.13879312574863434,0.08445688337087631,0.0538296215236187,0.12086082249879837,0.06569352000951767,0.8791391849517822,0,0.9068114161491394,35,"large"
0.1724395751953125,"wall-other-merged",54654,False,0.8465099930763245,0.06334251165390015,0.18147751688957214,0.4230149984359741,0.16244438290596008,0.48058822751045227,0.16320395469665527,0.5194117426872253,1,0.886072039604187,35,"large"
0.1624603271484375,"oven",54654,True,0.7633413076400757,0.08198904246091843,0.1190892681479454,0.047609586268663406,0.009173456579446793,0.12959863245487213,0.02204659767448902,0.8704013228416443,2,0.9579223990440369,35,"large"
0.053009033203125,"paper-merged",54654,False,0.9508211016654968,0.02557596005499363,0.029854755848646164,0.5345709323883057,0.07206786423921585,0.5598129034042358,0.06768748164176941,0.4401872158050537,3,0.9395509362220764,35,"medium"
0.0507049560546875,"wall-wood",54654,False,0.8050869107246399,0.07223187386989594,0.06576447933912277,0.4719640016555786,0.04948301985859871,0.5429108738899231,0.051076311618089676,0.4570891857147217,4,0.7323201894760132,35,"medium"
0.03920745849609375,"cabinet-merged",54654,False,0.1311589777469635,0.08479238301515579,0.0780647024512291,0.8612428307533264,0.08989879488945007,0.943057119846344,0.08864126354455948,0.05694284290075302,5,0.0,35,"medium"
0.0390625,"window-other",54654,False,0.7935690879821777,0.013787071220576763,0.006205632351338863,0.28410953283309937,0.014537712559103966,0.2978966236114502,0.013687185943126678,0.702103316783905,6,0.7250000238418579,35,"medium"
0.037994384765625,"rug-merged",54654,False,0.9424509406089783,0.031122133135795593,0.017695792019367218,0.327727735042572,0.02115604281425476,0.3579810857772827,0.020754525437951088,0.6420189142227173,7,0.9506024122238159,35,"medium"
0.005859375,"table-merged",54654,False,0.8849535584449768,0.12500986456871033,0.07568402588367462,0.7876764535903931,0.052204206585884094,0.9126864075660706,0.054520949721336365,0.08731364458799362,8,1.0,35,"tiny"
0.00450897216796875,"food-other-merged",54654,False,0.9256821274757385,0.18224646151065826,0.08693225681781769,0.7300167083740234,0.03805773705244064,0.910795271396637,0.04280899092555046,0.08920472860336304,9,1.0,35,"tiny"
0.375762939453125,"floor-wood",61418,False,0.8847652077674866,0.0530581958591938,0.4196684956550598,0.2583005726337433,0.2162998914718628,0.30279427766799927,0.23130184412002563,0.6972057819366455,0,0.8751319646835327,36,"large"
0.18719482421875,"sky-other-merged",61418,False,0.8296689391136169,0.021591288968920708,0.06765498965978622,0.16380345821380615,0.041002094745635986,0.17785140872001648,0.041335124522447586,0.8221485614776611,1,0.9671503305435181,36,"large"
0.09857177734375,"sea",61418,False,0.6670787334442139,0.1143353283405304,0.3434169292449951,0.5261251926422119,0.1130867749452591,0.6368706226348877,0.12793472409248352,0.36312931776046753,2,0.8030959963798523,36,"medium"
0.0367889404296875,"fence-merged",61418,False,0.6542598009109497,0.1441076248884201,0.37467846274375916,0.7059705853462219,0.12236985564231873,0.8464434146881104,0.13774482905864716,0.15355665981769562,3,0.740771472454071,36,"medium"
0.0326995849609375,"chair",61418,True,0.9406552910804749,0.058140985667705536,0.0947781652212143,0.6431270241737366,0.06957332789897919,0.6870177388191223,0.06980067491531372,0.3129822611808777,4,0.9104059934616089,36,"medium"
0.03369140625,"person",61418,True,0.4359450340270996,0.07873356342315674,0.11303811520338058,0.7540754675865173,0.07196158915758133,0.8303090333938599,0.07437312602996826,0.16969098150730133,5,0.0,36,"medium"
0.0292205810546875,"person",61418,True,0.028023919090628624,0.2010953575372696,0.2145938128232956,0.7862152457237244,0.05554835498332977,0.9872714877128601,0.06542719155550003,0.012728448957204819,6,0.0,36,"small"
0.0265045166015625,"wall-wood",61418,False,0.9544190764427185,0.13461986184120178,0.14877721667289734,0.4980051815509796,0.03630108758807182,0.6203314065933228,0.04245650768280029,0.37966853380203247,7,0.9631548523902893,36,"small"
0.022674560546875,"mountain-merged",61418,False,0.866549551486969,0.08341677486896515,0.1298583745956421,0.7225416302680969,0.07381902635097504,0.790642499923706,0.07592497020959854,0.20935754477977753,8,0.9569313526153564,36,"small"
0.02392578125,"chair",61418,True,0.8467558026313782,0.06366752088069916,0.10359466820955276,0.7334843277931213,0.07852564752101898,0.7934725284576416,0.07974355667829514,0.206527441740036,9,0.6122449040412903,36,"small"
0.0220794677734375,"boat",61418,True,0.5199530720710754,0.10636349022388458,0.10500846803188324,0.7041902542114258,0.045656152069568634,0.8071170449256897,0.04912377893924713,0.1928829699754715,10,0.707671046257019,36,"small"
0.01806640625,"boat",61418,True,0.6980544328689575,0.14954598248004913,0.2428252100944519,0.7234976887702942,0.07680492103099823,0.8711705803871155,0.08684947341680527,0.12882938981056213,11,0.6486486196517944,36,"small"
0.0095977783203125,"person",61418,True,0.7486611604690552,0.2660539746284485,0.24149222671985626,0.615790843963623,0.036194633692502975,0.8686907291412354,0.04799700155854225,0.13130930066108704,12,0.0,36,"tiny"
0.0098114013671875,"chair",61418,True,0.5228449702262878,0.10596156120300293,0.18251143395900726,0.850256085395813,0.09485217928886414,0.9505991339683533,0.09968924522399902,0.0494009368121624,13,0.0,36,"tiny"
0.0065765380859375,"chair",61418,True,0.9810206294059753,0.09936872124671936,0.10905933380126953,0.8097108006477356,0.05738777294754982,0.9024932384490967,0.0601104274392128,0.09750687330961227,14,0.8515081405639648,36,"tiny"
0.005859375,"person",61418,True,0.6398640871047974,0.22872531414031982,0.22201065719127655,0.7072049975395203,0.04431527480483055,0.9359303116798401,0.05509122088551521,0.06406964361667633,15,0.0,36,"tiny"
0.00347900390625,"chair",61418,True,0.8068158626556396,0.06488499790430069,0.13077963888645172,0.9152255654335022,0.11871679127216339,0.9769002795219421,0.11912056058645248,0.023099703714251518,16,0.0,36,"tiny"
0.00537109375,"person",61418,True,0.4807780385017395,0.3348484933376312,0.15456359088420868,0.590259850025177,0.017561834305524826,0.9072056412696838,0.025382278487086296,0.09279432892799377,17,0.0,36,"tiny"
0.0023193359375,"chair",61418,True,0.8788989186286926,0.11177852004766464,0.183070570230484,0.8724572062492371,0.09184493124485016,0.979354977607727,0.09692500531673431,0.0206450205296278,18,0.0,36,"tiny"
0.3304443359375,"dining table",62554,True,0.8055233955383301,0.004581810906529427,0.7329100370407104,0.5294341444969177,0.44800660014152527,0.5299382209777832,0.4481878876686096,0.4700617492198944,0,0.9750646352767944,37,"large"
0.284271240234375,"broccoli",62554,True,0.6364885568618774,0.00096938043134287,0.05206082761287689,0.04796046018600464,0.012793720699846745,0.048303090035915375,0.012830727733671665,0.9516969323158264,1,0.8897477388381958,37,"large"
0.149688720703125,"wall-other-merged",62554,False,0.8149368762969971,0.0025015459395945072,0.10190901905298233,0.15303541719913483,0.026051612570881844,0.1541353315114975,0.026141857728362083,0.8458645939826965,2,0.9133537411689758,37,"large"
0.11114501953125,"bowl",62554,True,0.7401677966117859,0.004994840826839209,0.1797851324081421,0.3493806719779968,0.050285324454307556,0.3543754816055298,0.05080107972025871,0.6456245183944702,3,0.05271828547120094,37,"large"
0.074188232421875,"bowl",62554,True,0.7335330247879028,0.005181030835956335,0.19020529091358185,0.5809628963470459,0.08172815293073654,0.581264078617096,0.08159532397985458,0.41873589158058167,4,0.7972028255462646,37,"medium"
0.045013427734375,"bowl",62554,True,0.052557140588760376,0.0058977375738322735,0.2289954572916031,0.977383553981781,0.1410944163799286,0.9827883243560791,0.14145301282405853,0.01721172221004963,5,0.0,37,"medium"
0.0048828125,"fork",62554,True,0.7201500535011292,0.010186460800468922,0.041557326912879944,0.7463350892066956,0.010870253667235374,0.756521463394165,0.010979419574141502,0.24347853660583496,6,0.6000000238418579,37,"tiny"
0.70654296875,"fence-merged",64495,False,0.6806983351707458,0.034554507583379745,0.3334388732910156,0.14315100014209747,0.3575955629348755,0.176828995347023,0.3520563840866089,0.8231709003448486,0,0.9412577748298645,38,"large"
0.09375,"gravel",64495,False,0.8594401478767395,0.07149345427751541,0.19704118371009827,0.4456652104854584,0.08793732523918152,0.5171586871147156,0.09522659331560135,0.4828413724899292,1,0.9270833134651184,38,"medium"
0.076171875,"parking meter",64495,True,0.9477073550224304,0.2998901605606079,0.6849860548973083,0.18106599152088165,0.028990136459469795,0.47801560163497925,0.0715586468577385,0.5219845771789551,2,1.0,38,"medium"
0.03662109375,"rock-merged",64495,False,0.35261332988739014,0.03940112516283989,0.08215651661157608,0.8615368604660034,0.12040852010250092,0.8977167010307312,0.1176433265209198,0.10228333622217178,3,0.03999999910593033,38,"medium"
0.02734375,"pavement-merged",64495,False,0.9287368059158325,0.08400487899780273,0.096991166472435,0.5527236461639404,0.04236239939928055,0.6367285251617432,0.045762985944747925,0.36327147483825684,4,0.9285714030265808,38,"small"
0.3896484375,"bed",66523,True,0.9406710863113403,0.03758351132273674,0.8518622517585754,0.1922224462032318,0.1552162915468216,0.22980594635009766,0.17918090522289276,0.7701941132545471,0,1.0,39,"large"
0.341796875,"curtain",66523,False,0.40996053814888,0.0030603965278714895,0.023640716448426247,0.13298937678337097,0.03384993225336075,0.1360497772693634,0.03352426737546921,0.863950252532959,1,0.8114285469055176,39,"large"
0.17724609375,"wall-other-merged",66523,False,0.6512702703475952,0.005377405788749456,0.03380601108074188,0.12320347875356674,0.02027099020779133,0.1254628449678421,0.020128192380070686,0.8745372295379639,2,0.9752066135406494,39,"large"
0.0654296875,"blanket",66523,False,0.6513296961784363,0.01286186370998621,0.11413490027189255,0.7584084272384644,0.15467223525047302,0.7712702751159668,0.15376152098178864,0.2287297397851944,3,0.26865673065185547,39,"medium"
0.00537109375,"ceiling-merged",66523,False,0.9614595770835876,0.028166696429252625,0.028372209519147873,0.7486698031425476,0.01625448279082775,0.7558267712593079,0.016071520745754242,0.24417319893836975,4,1.0,39,"tiny"
0.443359375,"wall-stone",67180,False,0.7213383316993713,0.03492191806435585,0.043022457510232925,0.07720331847667694,0.10399554669857025,0.10946004837751389,0.07061910629272461,0.8905400037765503,0,0.9438325762748718,40,"large"
0.1904296875,"person",67180,True,0.9037358164787292,0.051013313233852386,0.03372233733534813,0.058290887624025345,0.021640930324792862,0.10690505802631378,0.02544615976512432,0.8930948972702026,1,0.9846153855323792,40,"large"
0.0751953125,"bench",67180,True,0.8851776123046875,0.09984349459409714,0.03519393131136894,0.25619855523109436,0.041535962373018265,0.35221806168556213,0.03913397714495659,0.6477819085121155,2,0.948051929473877,40,"medium"
0.0009765625,"grass-merged",67180,False,0.7266931533813477,0.8095725178718567,0.43192607164382935,0.18586447834968567,0.0408560149371624,0.9954370260238647,0.15496590733528137,0.004563027527183294,3,1.0,40,"tiny"
0.58837890625,"playingfield",68387,False,0.6117008924484253,0.0027910415083169937,0.48358333110809326,0.4669029116630554,0.772284984588623,0.4682210087776184,0.769871711730957,0.5317789912223816,0,0.9883817434310913,41,"large"
0.3447265625,"grass-merged",68387,False,0.7270315885543823,0.0054436600767076015,0.40395304560661316,0.13168586790561676,0.05851437896490097,0.13537444174289703,0.0598844438791275,0.8646256327629089,1,0.02266288921236992,41,"large"
0.01953125,"person",68387,True,0.8517749905586243,0.017239706590771675,0.1273414045572281,0.4061862528324127,0.01200120896100998,0.42342594265937805,0.012460730969905853,0.5765740275382996,2,1.0,41,"small"
0.01416015625,"person",68387,True,0.7325659990310669,0.07890727370977402,0.49676066637039185,0.5057632327079773,0.012660167180001736,0.5781824588775635,0.014422773383557796,0.42181748151779175,3,0.9655172228813171,41,"small"
0.0146484375,"person",68387,True,0.9099990725517273,0.023969754576683044,0.23613816499710083,0.6296367645263672,0.02468803897500038,0.6536064743995667,0.025526294484734535,0.3463934063911438,4,1.0,41,"small"
0.0146484375,"person",68387,True,0.8879920840263367,0.016248786821961403,0.10319105535745621,0.4594036638736725,0.011612066067755222,0.4756524860858917,0.011975115165114403,0.5243476033210754,5,0.6000000238418579,41,"small"
0.00146484375,"baseball glove",68387,True,0.9663727283477783,0.04063120484352112,0.1889529526233673,0.8814428448677063,0.016098562628030777,0.922074019908905,0.01677476428449154,0.0779259204864502,7,1.0,41,"tiny"
0.24427032470703125,"zebra",70158,True,0.9068688154220581,0.10840601474046707,0.06294892728328705,0.11667429655790329,0.12529462575912476,0.22303566336631775,0.08414376527070999,0.7769643664360046,0,0.9900053143501282,42,"large"
0.1434326171875,"zebra",70158,True,0.8039976954460144,0.1047525554895401,0.03180355206131935,0.12165439873933792,0.049607500433921814,0.22640693187713623,0.039402008056640625,0.7735930681228638,1,0.9564361572265625,42,"large"
0.12206268310546875,"zebra",70158,True,0.7528923749923706,0.13020078837871552,0.03811485320329666,0.2333780825138092,0.08652083575725555,0.36062440276145935,0.05904068052768707,0.639375627040863,2,0.9537470936775208,42,"large"
0.3548431396484375,"building-other-merged",72281,False,0.682015061378479,0.04087211936712265,0.08028331398963928,0.31023919582366943,0.24976646900177002,0.34596118330955505,0.19842159748077393,0.6540387272834778,0,0.7580520510673523,43,"large"
0.152923583984375,"pavement-merged",72281,False,0.8873170614242554,0.03796127438545227,0.040624018758535385,0.2967401444911957,0.0905313715338707,0.3268955945968628,0.07779600471258163,0.6731044054031372,1,0.9368888735771179,43,"large"
0.08507537841796875,"table-merged",72281,False,0.8350273370742798,0.014694281853735447,0.00771965691819787,0.27242934703826904,0.03705243393778801,0.2821623682975769,0.03052053600549698,0.7178375720977783,2,0.8737332820892334,43,"medium"
0.08858489990234375,"wall-brick",72281,False,0.5873180031776428,0.032010503113269806,0.01777883805334568,0.47410622239112854,0.06855196505784988,0.5027288198471069,0.057710807770490646,0.497271329164505,3,0.36129531264305115,43,"medium"
0.0425872802734375,"sky-other-merged",72281,False,0.845572292804718,0.11415056139230728,0.03804773837327957,0.313313364982605,0.02557738684117794,0.42647674679756165,0.02796892076730728,0.5735233426094055,4,0.8647438287734985,43,"medium"
0.03564453125,"wall-other-merged",72281,False,0.2654726207256317,0.11300311982631683,0.08282668888568878,0.8202607035636902,0.14586055278778076,0.9314664006233215,0.1333640068769455,0.06853367388248444,5,0.054794520139694214,43,"medium"
0.02756500244140625,"roof",72281,False,0.5952931642532349,0.03630340099334717,0.016223208978772163,0.7813380360603333,0.08376184105873108,0.8050734996795654,0.06969363987445831,0.1949264258146286,6,0.28342097997665405,43,"small"
0.02880859375,"skateboard",72281,True,0.9401364922523499,0.1179332435131073,0.027797052636742592,0.280693382024765,0.01591087505221367,0.39001139998435974,0.017830507829785347,0.6099885702133179,7,0.9661017060279846,43,"small"
0.36224365234375,"dining table",74733,True,0.8427857160568237,0.195523202419281,0.4609258472919464,0.261742502450943,0.36473244428634644,0.4551357626914978,0.3998672366142273,0.5448641777038574,0,0.7777801156044006,44,"large"
0.07897567749023438,"pizza",74733,True,0.9578246474266052,0.18075565993785858,0.08354740589857101,0.13943694531917572,0.022372925654053688,0.3114405870437622,0.03714856877923012,0.688559353351593,1,0.9149881601333618,44,"medium"
0.0728759765625,"cup",74733,True,0.8408933877944946,0.19717618823051453,0.0748579353094101,0.12711842358112335,0.01662878878414631,0.3208823502063751,0.031231172382831573,0.6791176795959473,2,0.9868614077568054,44,"medium"
0.041133880615234375,"cup",74733,True,0.5692958235740662,0.4477502405643463,0.16318543255329132,0.283240407705307,0.03400391712784767,0.7296693325042725,0.06591899693012238,0.27033060789108276,3,0.28489288687705994,44,"medium"
0.0382080078125,"floor-other-merged",74733,False,0.8528771996498108,0.24304494261741638,0.15199999511241913,0.5385118126869202,0.11051850765943527,0.7807765603065491,0.12067005783319473,0.21922343969345093,4,0.7156549692153931,44,"medium"
0.024135589599609375,"dining table",74733,True,0.7025133371353149,0.35993680357933044,0.2129404991865158,0.51948082447052,0.09895437210798264,0.8794176578521729,0.12671692669391632,0.12058228999376297,5,0.22095780074596405,44,"small"
0.020854949951171875,"cup",74733,True,0.03399085998535156,0.28869199752807617,0.1366773396730423,0.7050939798355103,0.1069931760430336,0.9937004446983337,0.11420027911663055,0.006299594417214394,6,0.0,44,"small"
0.02227783203125,"cup",74733,True,0.9803832173347473,0.016981299966573715,0.0027459636330604553,0.4187862277030945,0.021744558587670326,0.43173861503601074,0.016971731558442116,0.5682612657546997,7,1.0,44,"small"
0.0205078125,"cup",74733,True,0.9190828204154968,0.159969761967659,0.043043818324804306,0.5453139543533325,0.04701363295316696,0.7052837610244751,0.04605032503604889,0.29471632838249207,8,1.0,44,"small"
0.019733428955078125,"paper-merged",74733,False,0.7640483975410461,0.1329919844865799,0.11326167732477188,0.7928872108459473,0.2160315364599228,0.9255149960517883,0.19111452996730804,0.07448502629995346,9,0.4330175817012787,44,"small"
0.018901824951171875,"cup",74733,True,0.5642400979995728,0.3192821443080902,0.12167990207672119,0.5661594271659851,0.06895175576210022,0.8822593092918396,0.08145634084939957,0.1177406832575798,10,0.2250252217054367,44,"small"
0.017314910888671875,"chair",74733,True,0.8060672283172607,0.26193639636039734,0.09728369116783142,0.5826565623283386,0.06901270896196365,0.841893196105957,0.07562819868326187,0.1581067591905594,11,0.47587573528289795,44,"small"
0.015522003173828125,"chair",74733,True,0.8751936554908752,0.2558589279651642,0.08408665657043457,0.5730074048042297,0.05991223827004433,0.8260884881019592,0.06554567068815231,0.17391157150268555,12,0.0,44,"small"
0.00872802734375,"cup",74733,True,0.8340416550636292,0.17255713045597076,0.03076053597033024,0.6566563844680786,0.036916960030794144,0.8281909227371216,0.03539936989545822,0.17180901765823364,13,0.3356643319129944,44,"tiny"
0.001953125,"cup",74733,True,0.9824289679527283,0.1926717758178711,0.04246583580970764,0.7707003951072693,0.05309849977493286,0.9633721113204956,0.050566352903842926,0.03662795573472977,14,0.0,44,"tiny"
0.001953125,"cup",74733,True,0.9819141030311584,0.3531918227672577,0.07986877858638763,0.6111268997192383,0.04319891706109047,0.9643188118934631,0.051931753754615784,0.035681262612342834,15,0.0,44,"tiny"
0.55224609375,"laptop",78420,True,0.8650121092796326,0.00445485720410943,0.15406395494937897,0.020841151475906372,0.023511763662099838,0.02451741136610508,0.026814552024006844,0.9754825830459595,0,0.977011501789093,45,"large"
0.17041015625,"floor-other-merged",78420,False,0.8832165002822876,0.03211622312664986,0.46781909465789795,0.2412463277578354,0.06091387942433357,0.27030542492866516,0.0672067403793335,0.7296945452690125,1,0.9627507328987122,45,"large"
0.1552734375,"cat",78420,True,0.9752458333969116,0.032977961003780365,0.4048289656639099,0.09586691856384277,0.02006366103887558,0.12884488701820374,0.026513487100601196,0.8711550831794739,2,0.9748427867889404,45,"large"
0.0537109375,"curtain",78420,False,0.7887796759605408,0.014024139381945133,0.06123749539256096,0.3072997033596039,0.02037360891699791,0.3148128092288971,0.020570166409015656,0.6851871609687805,3,0.7636363506317139,45,"medium"
0.03173828125,"chair",78420,True,0.8673250675201416,0.03598090633749962,0.14255638420581818,0.4934597313404083,0.028971664607524872,0.5093377828598022,0.02951180189847946,0.4906623065471649,4,0.8769230842590332,45,"medium"
0.0244140625,"wall-other-merged",78420,False,0.9609886407852173,0.022654391825199127,0.08586638420820236,0.5402066707611084,0.030156642198562622,0.5628610849380493,0.03096524253487587,0.43713894486427307,5,1.0,45,"small"
0.2299346923828125,"rock-merged",79144,False,0.6860491037368774,0.35880059003829956,0.2628903388977051,0.25378289818763733,0.4821034073829651,0.6125834584236145,0.32390615344047546,0.3874166011810303,0,0.996350109577179,46,"large"
0.141754150390625,"wall-wood",79144,False,0.7360948920249939,0.34304240345954895,0.10874135047197342,0.06881604343652725,0.03996319696307182,0.4076715111732483,0.08367690443992615,0.5923284888267517,1,0.6514531970024109,46,"large"
0.03228759765625,"bear",79144,True,0.7440675497055054,0.1999816596508026,0.023583102971315384,0.43343114852905273,0.06894568353891373,0.6334128379821777,0.04289546236395836,0.36658719182014465,2,0.0,46,"medium"
0.0322723388671875,"bear",79144,True,0.5400367379188538,0.2216467559337616,0.02513071522116661,0.5017544627189636,0.0767352283000946,0.7234012484550476,0.047100938856601715,0.27659881114959717,3,0.0,46,"medium"
0.0068359375,"grass-merged",79144,False,0.11198999732732773,0.4666842818260193,0.17369365692138672,0.5296144485473633,0.2504166066646576,0.9962986707687378,0.20748625695705414,0.00370131921954453,4,0.0,46,"tiny"
0.00201416015625,"floor-wood",79144,False,0.27532002329826355,0.5497575402259827,0.12599648535251617,0.44823014736175537,0.12884320318698883,0.9956461191177368,0.12706555426120758,0.004353961441665888,5,0.0,46,"tiny"
0.43929290771484375,"rug-merged",80057,False,0.7936471700668335,0.07842324674129486,0.09790857881307602,0.05225331336259842,0.08678772300481796,0.12912409007549286,0.09219271689653397,0.870875895023346,0,0.9388666152954102,47,"large"
0.24103546142578125,"teddy bear",80057,True,0.9611246585845947,0.15180382132530212,0.15227514505386353,0.12992365658283234,0.09513269364833832,0.2797805070877075,0.11857461929321289,0.7202194929122925,1,0.989934504032135,47,"large"
0.1640625,"dog",81766,True,0.958236038684845,0.07962499558925629,0.022648708894848824,0.02839290164411068,0.023134585469961166,0.10801789164543152,0.022774433717131615,0.8919820785522461,0,0.9940476417541504,48,"large"
0.10009765625,"fence-merged",81766,False,0.8221963047981262,0.45573511719703674,0.12118330597877502,0.044762566685676575,0.026314493268728256,0.5004976987838745,0.0916365385055542,0.4995022714138031,1,0.9609755873680115,48,"large"
0.06982421875,"dirt-merged",81766,False,0.9294479489326477,0.684862494468689,0.250194251537323,0.028438972309231758,0.0207296684384346,0.7133014798164368,0.17358562350273132,0.2866985499858856,2,1.0,48,"medium"
0.02978515625,"dog",81766,True,0.9173049926757812,0.37874600291252136,0.029604660347104073,0.05713602900505066,0.00789331179112196,0.43588200211524963,0.021759290248155594,0.564117968082428,3,1.0,48,"small"
0.013671875,"dog",81766,True,0.9787694215774536,0.20001158118247986,0.00882435217499733,0.31049251556396484,0.023147309198975563,0.5105041265487671,0.014149373397231102,0.4894959628582001,4,1.0,48,"small"
0.0029296875,"sky-other-merged",81766,False,0.7219204902648926,0.9338703751564026,0.09372617304325104,0.03211972862482071,0.005292102694511414,0.9659901261329651,0.06024941802024841,0.03400984779000282,5,1.0,48,"tiny"
0.68994140625,"dining table",85195,True,0.8967680931091309,0.01903623901307583,0.392772376537323,0.07820689678192139,0.19318145513534546,0.09686311334371567,0.2140195369720459,0.9031369090080261,0,0.9851379990577698,49,"large"
0.18603515625,"wall-other-merged",85195,False,0.9717638492584229,0.0066621131263673306,0.04024823382496834,0.09209465235471725,0.02366081438958645,0.09875676035881042,0.024337444454431534,0.9012432098388672,1,1.0,49,"large"
0.09130859375,"cake",85195,True,0.9535644054412842,0.0755968913435936,0.24563300609588623,0.12144595384597778,0.01495726965367794,0.19295096397399902,0.022908270359039307,0.807049036026001,2,0.9893048405647278,49,"medium"
0.3619537353515625,"dirt-merged",88250,False,0.7224632501602173,0.12485596537590027,0.09506159275770187,0.030534109100699425,0.040423210710287094,0.1534213423728943,0.07427371293306351,0.8465786576271057,0,0.9887441396713257,50,"large"
0.2333221435546875,"elephant",88250,True,0.9605246186256409,0.072613924741745,0.045629531145095825,0.05122654512524605,0.036080606281757355,0.12091150134801865,0.04020560160279274,0.8790885210037231,1,0.9867241978645325,50,"large"
0.843109130859375,"fence-merged",89296,False,0.43025943636894226,0.002886743051931262,0.16450878977775574,0.05096135661005974,0.126543328166008,0.05188612639904022,0.12653401494026184,0.9481138586997986,0,0.9472255110740662,51,"large"
0.07720947265625,"person",89296,True,0.8738142251968384,0.036574557423591614,0.5629444122314453,0.3312998116016388,0.03725676238536835,0.3471243679523468,0.038872383534908295,0.6528757214546204,1,1.0,51,"medium"
0.0731353759765625,"person",89296,True,0.846172034740448,0.009781833738088608,0.10525209456682205,0.1430528312921524,0.011220453307032585,0.1433509886264801,0.011172943748533726,0.8566491007804871,2,0.9837262630462646,51,"medium"
0.0027618408203125,"baseball bat",89296,True,0.7477924227714539,0.018709514290094376,0.02649211883544922,0.7787973284721375,0.0074730743654072285,0.7827534079551697,0.007461961358785629,0.21724650263786316,3,1.0,51,"tiny"
0.0009765625,"sports ball",89296,True,0.858912467956543,0.23226405680179596,0.1361140012741089,0.5545515418052673,0.00219881278462708,0.7868155837059021,0.003098780522122979,0.2131844013929367,5,1.0,51,"tiny"
0.47283935546875,"sky-other-merged",90155,False,0.6059618592262268,0.018044359982013702,0.016893628984689713,0.03205753490328789,0.0466904416680336,0.04848048463463783,0.02769269235432148,0.9515195488929749,0,0.9723280072212219,52,"large"
0.092681884765625,"tree-merged",90155,False,0.7829238772392273,0.3980026841163635,0.25097909569740295,0.24687810242176056,0.08535819500684738,0.6422306299209595,0.14356306195259094,0.35776931047439575,1,0.9837833642959595,52,"medium"
0.0560150146484375,"railroad",90155,False,0.7763369679450989,0.37042394280433655,0.15548978745937347,0.3140011131763458,0.06800390034914017,0.6778988838195801,0.09695326536893845,0.32210105657577515,2,0.9208662509918213,52,"medium"
0.04376220703125,"gravel",90155,False,0.7325606346130371,0.5184573531150818,0.1816585212945938,0.20015278458595276,0.03548549488186836,0.7155275344848633,0.08432628214359283,0.2844724953174591,3,0.6846234202384949,52,"medium"
0.01532745361328125,"grass-merged",90155,False,0.8340457677841187,0.607594907283783,0.28834041953086853,0.31044942140579224,0.0714343935251236,0.9162454009056091,0.1420270800590515,0.08375460654497147,4,1.0,52,"small"
0.47393798828125,"curtain",92124,False,0.720992386341095,0.05468035489320755,0.11857122927904129,0.051167652010917664,0.05574759468436241,0.10509210079908371,0.07627935707569122,0.8949078321456909,0,0.9474565386772156,53,"large"
0.12005615234375,"wall-other-merged",92124,False,0.9261416792869568,0.2945379614830017,0.5016359686851501,0.33521464467048645,0.14279025793075562,0.6292436718940735,0.2144554853439331,0.3707563281059265,1,0.982206404209137,53,"large"
0.0667724609375,"rug-merged",92124,False,0.9650254249572754,0.08657807856798172,0.04561182111501694,0.2282412201166153,0.027931081131100655,0.3053903877735138,0.030357299372553825,0.6946096420288086,2,0.9853747487068176,53,"medium"
0.06146240234375,"toilet",92124,True,0.9339024424552917,0.16629056632518768,0.07598096132278442,0.13074444234371185,0.01377351488918066,0.2865755259990692,0.024566905573010445,0.7134244441986084,3,0.9285004734992981,53,"medium"
0.03271484375,"wall-tile",92124,False,0.8106938004493713,0.2734563946723938,0.2885191738605499,0.5849993228912354,0.13728222250938416,0.857245683670044,0.1646505743265152,0.14275431632995605,4,0.1492537260055542,53,"medium"
0.02862548828125,"sink",92124,True,0.8824542760848999,0.2537444531917572,0.08637358993291855,0.33562180399894714,0.02526598982512951,0.5785608887672424,0.03570036590099335,0.4214390814304352,5,0.9381663203239441,53,"small"
0.02081298828125,"ceiling-merged",92124,False,0.9704360961914062,0.22163896262645721,0.0543806366622448,0.3150290250778198,0.01694360002875328,0.5325046181678772,0.023495342582464218,0.4674953818321228,6,1.0,53,"small"
0.01751708984375,"floor-wood",92124,False,0.8663220405578613,0.21371394395828247,0.048948947340250015,0.42936357855796814,0.021439921110868454,0.623725414276123,0.025603821501135826,0.37627464532852173,7,0.6898954510688782,53,"small"
0.0048828125,"bottle",92124,True,0.9001390337944031,0.08678698539733887,0.003293198300525546,0.2554181218147278,0.002083726227283478,0.34220513701438904,0.0022977429907768965,0.6577948927879333,8,0.6000000238418579,53,"tiny"
0.27685546875,"grass-merged",94852,False,0.823366105556488,0.10671616345643997,0.06731582432985306,0.00687352055683732,0.005572651047259569,0.1120603159070015,0.03978225216269493,0.8879396319389343,0,0.9735449552536011,54,"large"
0.1943359375,"sky-other-merged",94852,False,0.6067176461219788,0.19581612944602966,0.07195307314395905,0.015753677114844322,0.0059092482551932335,0.21156981587409973,0.039271388202905655,0.7884301543235779,1,1.0,54,"large"
0.122314453125,"elephant",94852,True,0.8437392115592957,0.291841983795166,0.12082289904356003,0.09731056541204453,0.03479683771729469,0.38749605417251587,0.07438844442367554,0.6125038862228394,2,0.9960079789161682,54,"large"
0.42919921875,"sky-other-merged",98497,False,0.5826665759086609,0.05730334296822548,0.17944195866584778,0.1885845810174942,0.1331491768360138,0.24279896914958954,0.14048506319522858,0.7572010159492493,0,0.80887371301651,55,"large"
0.2998046875,"building-other-merged",98497,False,0.6983425617218018,0.07661066204309464,0.19036026298999786,0.12727420032024384,0.05599140748381615,0.20109334588050842,0.07526436448097229,0.798906683921814,1,0.9462540745735168,55,"large"
0.16845703125,"tree-merged",98497,False,0.6313366889953613,0.02952500432729721,0.0744084045290947,0.5759596824645996,0.2101401537656784,0.5998762845993042,0.19174887239933014,0.4001237452030182,2,0.8115941882133484,55,"large"
0.3010711669921875,"sky-other-merged",99054,False,0.807496964931488,0.005839890334755182,0.02233528532087803,0.08348195254802704,0.03538244962692261,0.08873554319143295,0.03387117758393288,0.9112644791603088,0,0.9870254993438721,56,"large"
0.3018798828125,"airplane",99054,True,0.694845974445343,0.0709630623459816,0.26028579473495483,0.11195593327283859,0.04547400400042534,0.180166095495224,0.06602977216243744,0.8198338747024536,1,0.8788414597511292,56,"large"
0.25714874267578125,"pavement-merged",99054,False,0.5628562569618225,0.11001846939325333,0.327703595161438,0.19665861129760742,0.060578133910894394,0.30339348316192627,0.08485917747020721,0.696606457233429,2,0.8215695023536682,56,"large"
0.053253173828125,"building-other-merged",99054,False,0.858888566493988,0.1222749724984169,0.19445428252220154,0.46892687678337097,0.05928048491477966,0.5876903533935547,0.06886102259159088,0.4123097062110901,3,0.8511461615562439,56,"medium"
0.00876617431640625,"mountain-merged",99054,False,0.8345152139663696,0.05681844428181648,0.052397288382053375,0.8297375440597534,0.05792194604873657,0.8862776160240173,0.0575164332985878,0.11372241377830505,4,0.22280243039131165,56,"tiny"
0.005584716796875,"person",99054,True,0.8221490383148193,0.31481900811195374,0.1471846103668213,0.5587849617004395,0.01969648152589798,0.8592100739479065,0.028178108856081963,0.14078988134860992,5,1.0,56,"tiny"
0.00379180908203125,"road",99054,False,0.4476330578327179,0.1323137730360031,0.16394661366939545,0.8486799597740173,0.07916682958602905,0.9803622961044312,0.08505751192569733,0.019637782126665115,6,0.0,56,"tiny"
0.0009765625,"grass-merged",99054,False,0.615766704082489,0.06022725626826286,0.03179619833827019,0.9234439134597778,0.03659573942422867,0.9836711883544922,0.03626061975955963,0.01632883958518505,7,0.0,56,"tiny"
0.5473480224609375,"sky-other-merged",100489,False,0.5729849338531494,0.0032483432441949844,0.33761197328567505,0.12410120666027069,0.09851175546646118,0.12497123330831528,0.0989532545208931,0.8750287294387817,0,0.8748571276664734,57,"large"
0.3751220703125,"tree-merged",100489,False,0.7817346453666687,0.0036759967915713787,0.4018811881542206,0.22200916707515717,0.1341383457183838,0.22217682003974915,0.13404624164104462,0.7778232097625732,1,0.9889969229698181,57,"large"
0.0769500732421875,"bird",100489,True,0.6301897168159485,0.016646509990096092,0.3357948958873749,0.2949660122394562,0.022291414439678192,0.3028905987739563,0.022826537489891052,0.6971094012260437,2,0.9873091578483582,57,"medium"
0.4697265625,"tree-merged",101780,False,0.8690827488899231,0.051595740020275116,0.2681339383125305,0.034321364015340805,0.03449640050530434,0.08591710776090622,0.0723603144288063,0.914082944393158,0,0.9688149690628052,58,"large"
0.2587890625,"dirt-merged",101780,False,0.8748531937599182,0.0336199626326561,0.11181049048900604,0.17421980202198029,0.07598764449357986,0.20783977210521698,0.08014102280139923,0.7921602725982666,1,0.9509434103965759,58,"large"
0.10546875,"rock-merged",101780,False,0.7316590547561646,0.14849551022052765,0.22972159087657928,0.27105912566185,0.04456612095236778,0.4195546507835388,0.06235398352146149,0.580445408821106,2,0.9537037014961243,58,"large"
0.0439453125,"giraffe",101780,True,0.8738098740577698,0.08171331882476807,0.06572585552930832,0.3627619743347168,0.028818419203162193,0.44447535276412964,0.032135944813489914,0.5555247068405151,3,0.9555555582046509,58,"medium"
0.013671875,"fence-merged",101780,False,0.8736530542373657,0.3122200071811676,0.3065967559814453,0.5462405681610107,0.051196761429309845,0.858460545539856,0.07344943284988403,0.14153946936130524,4,1.0,58,"small"
0.013671875,"giraffe",101780,True,0.7407541275024414,0.22922377288341522,0.22085419297218323,0.6484628915786743,0.05963248014450073,0.8776866793632507,0.07367952167987823,0.1223132386803627,5,0.0714285746216774,58,"small"
0.0087890625,"giraffe",101780,True,0.8608500361442566,0.34323230385780334,0.17991136014461517,0.4888033866882324,0.02432246506214142,0.8320357203483582,0.03781194984912872,0.16796426475048065,6,0.7777777910232544,58,"tiny"
0.397430419921875,"person",102820,True,0.94612056016922,0.04723311960697174,0.051569536328315735,0.03879499435424805,0.07016122341156006,0.08495550602674484,0.057936158031225204,0.9150444865226746,0,0.9785763621330261,59,"large"
0.1573638916015625,"tree-merged",102820,False,0.8501328229904175,0.4622115194797516,0.3505213260650635,0.07127119600772858,0.04352720081806183,0.5312952399253845,0.17996512353420258,0.46870478987693787,1,0.88344806432724,59,"large"
0.05088043212890625,"cake",102820,True,0.9523509740829468,0.23314891755580902,0.04472362995147705,0.09569217264652252,0.012062479741871357,0.32884109020233154,0.025014257058501244,0.6711589097976685,2,0.9788573980331421,59,"medium"
0.01496124267578125,"cardboard",102820,False,0.7402738332748413,0.6636013984680176,0.1270763874053955,0.1827305257320404,0.021637586876749992,0.8463318943977356,0.061924681067466736,0.15366807579994202,3,0.8694543838500977,59,"small"
0.00348663330078125,"window-blind",102820,False,0.7022573947906494,0.49664410948753357,0.09941446781158447,0.4714621901512146,0.05727064609527588,0.9675002694129944,0.07314608246088028,0.03249971196055412,4,0.7002187967300415,59,"tiny"
0.0005950927734375,"wall-other-merged",102820,False,0.31513816118240356,0.5075715184211731,0.07435853034257889,0.4890272915363312,0.04327881708741188,0.9965987801551819,0.05498335137963295,0.0034012089017778635,5,0.0,59,"tiny"
0.240264892578125,"railroad",106281,False,0.5820493698120117,0.5027655959129333,0.2762683928012848,0.04157310724258423,0.06312837451696396,0.5440899729728699,0.21967442333698273,0.4559100270271301,0,0.9624984264373779,60,"large"
0.155426025390625,"bridge",106281,False,0.6708894371986389,0.229811429977417,0.07136517763137817,0.1686621755361557,0.10210202634334564,0.3984736204147339,0.08178655058145523,0.6015263795852661,1,0.3353622555732727,60,"large"
0.04657745361328125,"building-other-merged",106281,False,0.7499256134033203,0.19180461764335632,0.06503602862358093,0.624832034111023,0.29888731241226196,0.8154586553573608,0.16188880801200867,0.18454132974147797,2,0.9330057501792908,60,"medium"
0.2513885498046875,"wall-other-merged",107339,False,0.8318480849266052,0.03747795522212982,0.07795163989067078,0.18020150065422058,0.07678043097257614,0.21240633726119995,0.07533526420593262,0.7875936627388,0,0.9751138091087341,61,"large"
0.218170166015625,"rug-merged",107339,False,0.9676864147186279,0.04927849397063255,0.10913389176130295,0.20924979448318481,0.09019412845373154,0.2532248795032501,0.09156601130962372,0.7467751502990723,1,0.9889494776725769,61,"large"
0.1402130126953125,"window-other",107339,False,0.8389871120452881,0.021068166941404343,0.025243323296308517,0.21745380759239197,0.045311182737350464,0.23089450597763062,0.041075270622968674,0.7691054940223694,2,0.9490695595741272,61,"large"
0.09417724609375,"couch",107339,True,0.6976504325866699,0.30898624658584595,0.2741554379463196,0.11816909164190292,0.017167262732982635,0.41991958022117615,0.05250716209411621,0.5800804495811462,3,0.946208655834198,61,"medium"
0.07720947265625,"table-merged",107339,False,0.8564823865890503,0.1097889095544815,0.08961938321590424,0.2639608085155487,0.03450161591172218,0.36538898944854736,0.041260428726673126,0.6346110105514526,4,0.883992075920105,61,"medium"
0.049560546875,"floor-wood",107339,False,0.896635890007019,0.1369715929031372,0.10217542946338654,0.41817837953567505,0.04823809117078781,0.5333424806594849,0.05343620479106903,0.4666575789451599,5,0.9048645496368408,61,"medium"
0.0461578369140625,"person",107339,True,0.8724808692932129,0.20818501710891724,0.10719418525695801,0.20133234560489655,0.015985028818249702,0.38730868697166443,0.026689497753977776,0.6126912832260132,6,0.932561993598938,61,"medium"
0.0013885498046875,"book",107339,True,0.9653580188751221,0.36174264550209045,0.025583332404494286,0.4897818863391876,0.005076935514807701,0.8515245914459229,0.007698320783674717,0.14847540855407715,7,1.0,61,"tiny"
0.0009765625,"remote",107339,True,0.8838109970092773,0.17620620131492615,0.005392319522798061,0.6028573513031006,0.002702744910493493,0.7790635228157043,0.003046418307349086,0.22093631327152252,8,0.0,61,"tiny"
0.2525787353515625,"wall-other-merged",109118,False,0.8495141267776489,0.2174569070339203,0.19796493649482727,0.08121193200349808,0.06016037240624428,0.2975635826587677,0.12161152064800262,0.7024364471435547,0,0.9169939160346985,62,"large"
0.1985015869140625,"person",109118,True,0.8899582624435425,0.08919394016265869,0.06316672265529633,0.17064353823661804,0.08686240017414093,0.25657814741134644,0.07607033103704453,0.7434218525886536,1,0.9729418158531189,62,"large"
0.1833953857421875,"person",109118,True,0.9370172023773193,0.13304777443408966,0.08619499951601028,0.07642607390880585,0.03453492745757103,0.2094738483428955,0.055761922150850296,0.7905261516571045,2,0.9291122555732727,62,"large"
0.014739990234375,"chair",109118,True,0.9588584899902344,0.38423216342926025,0.11531177908182144,0.47541332244873047,0.07368360459804535,0.8596455454826355,0.08786052465438843,0.14035454392433167,3,1.0,62,"small"
0.015228271484375,"baseball glove",109118,True,0.9780333042144775,0.03810989856719971,0.0026342542842030525,0.342109739780426,0.012210789136588573,0.3578462302684784,0.008428030647337437,0.6421537399291992,4,0.9939879775047302,62,"small"
0.0009765625,"sports ball",109118,True,0.9968572854995728,0.0809827446937561,0.02488592080771923,0.9095760583877563,0.14135655760765076,0.9905588030815125,0.10223771631717682,0.009441184811294079,5,1.0,62,"tiny"
0.438323974609375,"sky-other-merged",110282,False,0.7306382656097412,0.025448571890592575,0.026599524542689323,0.048643890768289566,0.07291221618652344,0.07409247756004333,0.04562661424279213,0.925907552242279,0,0.9955441355705261,63,"large"
0.1892547607421875,"tree-merged",110282,False,0.771221399307251,0.16303114593029022,0.0993395447731018,0.11494167894124985,0.04825268313288689,0.2761397063732147,0.06867767125368118,0.7238603234291077,1,0.9664597511291504,63,"large"
0.0419921875,"traffic light",110282,True,0.9238949418067932,0.06355885416269302,0.009086878038942814,0.12593896687030792,0.009494018740952015,0.17996378242969513,0.008887389674782753,0.820035994052887,2,0.9069767594337463,63,"medium"
0.6726608276367188,"oven",111036,True,0.7730641961097717,0.02225572057068348,0.06604136526584625,0.005077994428575039,0.01833236776292324,0.027220305055379868,0.04445209354162216,0.9727796912193298,0,0.9135617613792419,64,"large"
0.0704193115234375,"floor-other-merged",111036,False,0.7735261917114258,0.19218580424785614,0.12474742531776428,0.3474583625793457,0.054151035845279694,0.5341633558273315,0.06719239801168442,0.46583667397499084,1,0.8793066143989563,64,"medium"
0.05959320068359375,"car",111036,True,0.9587770104408264,0.09767971932888031,0.04438871890306473,0.20662428438663483,0.022242024540901184,0.3020516633987427,0.02629399299621582,0.6979483366012573,2,1.0,64,"medium"
0.0173187255859375,"cardboard",111036,False,0.9810170531272888,0.26512518525123596,0.08241669088602066,0.43607020378112793,0.030418556183576584,0.6966071128845215,0.039697419852018356,0.3033929169178009,3,1.0,64,"small"
0.0009765625,"dirt-merged",111036,False,0.8138701915740967,0.3116743862628937,0.09689880907535553,0.6741345524787903,0.046107061207294464,0.9858089089393616,0.055265896022319794,0.014191065914928913,4,1.0,64,"tiny"
0.29264068603515625,"giraffe",112634,True,0.8489999175071716,0.010692493058741093,0.08934465795755386,0.18806324899196625,0.08659300208091736,0.1962694674730301,0.08577179908752441,0.8037305474281311,0,0.9655343294143677,65,"large"
0.2138519287109375,"tree-merged",112634,False,0.6520041823387146,0.03631778806447983,0.19354461133480072,0.26116320490837097,0.06853162497282028,0.29277172684669495,0.07342242449522018,0.7072282433509827,1,0.8076346516609192,65,"large"
0.20384979248046875,"dirt-merged",112634,False,0.7821074724197388,0.012951613403856754,0.07672075182199478,0.2649621069431305,0.07630162686109543,0.27247917652130127,0.07500142604112625,0.7275208830833435,2,0.987162709236145,65,"large"
0.17555999755859375,"rock-merged",112634,False,0.5856296420097351,0.010331284254789352,0.03558468446135521,0.18372495472431183,0.029721926897764206,0.19314122200012207,0.029851559549570084,0.8068587779998779,3,0.8788840174674988,65,"large"
0.043304443359375,"fence-merged",112634,False,0.8480195999145508,0.2036687284708023,0.45420461893081665,0.3553221523761749,0.031852442771196365,0.5548884272575378,0.04785213991999626,0.44511160254478455,4,0.766737163066864,65,"medium"
0.0301361083984375,"sky-other-merged",112634,False,0.9275758266448975,0.09143073856830597,0.22305382788181305,0.603505551815033,0.05835701897740364,0.6902746558189392,0.06423486769199371,0.30972543358802795,5,1.0,65,"medium"
0.0068359375,"giraffe",112634,True,0.991328775882721,0.12434778362512589,0.05589960142970085,0.46817541122436523,0.008143044076859951,0.5925231575965881,0.00992195401340723,0.4074768126010895,6,1.0,65,"tiny"
0.4124298095703125,"wall-other-merged",114770,False,0.7932519912719727,0.09866011887788773,0.5840272903442383,0.21378852427005768,0.19932185113430023,0.3104872703552246,0.2507281005382538,0.6895126700401306,0,0.978079080581665,66,"large"
0.16394805908203125,"floor-other-merged",114770,False,0.8614152669906616,0.04217234626412392,0.08852305263280869,0.11965618282556534,0.02662033960223198,0.16061200201511383,0.032322194427251816,0.8393880128860474,1,0.9567220211029053,66,"large"
0.1373748779296875,"car",114770,True,0.6657428741455078,0.03934234380722046,0.07936710864305496,0.4001610577106476,0.08254199475049973,0.4344043731689453,0.0814291462302208,0.5655956268310547,2,0.838553786277771,66,"large"
0.1260986328125,"motorcycle",114770,True,0.6318670511245728,0.037958431988954544,0.05038689821958542,0.21475496888160706,0.028775209560990334,0.25114235281944275,0.03057696297764778,0.7488576769828796,3,0.875120997428894,66,"large"
0.08213043212890625,"airplane",114770,True,0.661003589630127,0.009598969481885433,0.012101583182811737,0.456449955701828,0.05501962825655937,0.4627668261528015,0.050947900861501694,0.5372332334518433,4,0.5588481426239014,66,"medium"
0.94482421875,"snow",117645,False,0.9016739130020142,0.0042873285710811615,0.3964357078075409,0.00295078894123435,0.053444866091012955,0.006904873065650463,0.10735365748405457,0.9930951595306396,0,0.9798449873924255,67,"large"
0.04541015625,"tree-merged",117645,False,0.9359632134437561,0.019883649423718452,0.1483307033777237,0.3829220235347748,0.027991171926259995,0.3858802020549774,0.02797655761241913,0.6141198873519897,1,1.0,67,"medium"
0.001953125,"person",117645,True,0.9752773642539978,0.013069583103060722,0.007814228534698486,0.6435226202011108,0.0036100794095546007,0.6565921306610107,0.0036491588689386845,0.3434077799320221,2,1.0,67,"tiny"
0.447265625,"grass-merged",119038,False,0.658030092716217,0.019341174513101578,0.15877854824066162,0.14984260499477386,0.10329176485538483,0.16564752161502838,0.10571343451738358,0.8343524932861328,0,0.9443231225013733,68,"large"
0.36474609375,"sky-other-merged",119038,False,0.67119300365448,0.006112516392022371,0.03767974674701691,0.0710231214761734,0.03173596411943436,0.07573319971561432,0.03157763555645943,0.9242668747901917,1,0.9973226189613342,68,"large"
0.07373046875,"tree-merged",119038,False,0.6670053005218506,0.0489053837954998,0.1810043901205063,0.646990954875946,0.11629341542720795,0.6907632350921631,0.11859789490699768,0.3092367947101593,2,0.6887417435646057,68,"medium"
0.07421875,"mountain-merged",119038,False,0.7105130553245544,0.051106587052345276,0.1157965436577797,0.42071545124053955,0.046294741332530975,0.458355575799942,0.04820205643773079,0.5416444540023804,3,0.9078947305679321,68,"medium"
0.391876220703125,"sky-other-merged",120572,False,0.7194274663925171,0.002954388502985239,0.01000725943595171,0.09395348280668259,0.05664761736989021,0.09533658623695374,0.048855844885110855,0.9046633839607239,0,0.9923487305641174,69,"large"
0.16855621337890625,"wall-stone",120572,False,0.9228933453559875,0.17301452159881592,0.4527306854724884,0.18105103075504303,0.05892559140920639,0.3538437783718109,0.1024560034275055,0.6461562514305115,1,0.9783641695976257,69,"large"
0.170501708984375,"house",120572,False,0.821540355682373,0.007444772869348526,0.015249697491526604,0.253670334815979,0.06466531753540039,0.25673016905784607,0.05832739174365997,0.7432698011398315,2,0.912162184715271,69,"large"
0.12290191650390625,"tree-merged",120572,False,0.6511110663414001,0.13766345381736755,0.22018277645111084,0.3238906264305115,0.06058911979198456,0.4561893939971924,0.07653553038835526,0.5438106060028076,3,0.8759699463844299,69,"large"
0.03910064697265625,"grass-merged",120572,False,0.8356136679649353,0.3546122908592224,0.48555365204811096,0.40077731013298035,0.05796385556459427,0.7406389117240906,0.097098708152771,0.25936099886894226,4,0.9348292946815491,69,"medium"
0.0185546875,"rock-merged",120572,False,0.8165552020072937,0.25452882051467896,0.306928813457489,0.6125490665435791,0.07635973393917084,0.8634358048439026,0.09760364145040512,0.13656428456306458,5,0.6040295958518982,69,"small"
0.8350143432617188,"road",122217,False,0.6820001006126404,0.020162859931588173,0.10268493741750717,0.012885471805930138,0.14944516122341156,0.032055508345365524,0.11431004852056503,0.9679445028305054,0,0.8252670168876648,70,"large"
0.041412353515625,"pavement-merged",122217,False,0.6679483652114868,0.26825714111328125,0.5198208093643188,0.6109918355941772,0.16208042204380035,0.8764345645904541,0.20467431843280792,0.12356547266244888,1,1.0,70,"medium"
0.00931549072265625,"person",122217,True,0.8931043744087219,0.3265918791294098,0.054010599851608276,0.2551872730255127,0.005567946471273899,0.5645272135734558,0.010886704549193382,0.4354728162288666,2,1.0,70,"tiny"
0.4453125,"mirror-stuff",123480,False,0.813399612903595,0.03936012089252472,0.09762111306190491,0.20343337953090668,0.26896047592163086,0.2427935004234314,0.20938384532928467,0.7572064995765686,0,0.9583333134651184,71,"large"
0.26513671875,"wall-other-merged",123480,False,0.8376592397689819,0.0342140756547451,0.04469050467014313,0.08421008288860321,0.039142511785030365,0.11842414736747742,0.04059862717986107,0.8815757632255554,1,0.9079189896583557,71,"large"
0.08837890625,"door-stuff",123480,False,0.7161275148391724,0.09124328941106796,0.07247190922498703,0.49561116099357605,0.10563288629055023,0.5868544578552246,0.09861703962087631,0.4131455421447754,2,0.24861878156661987,71,"medium"
0.00830078125,"cell phone",123480,True,0.8845637440681458,0.5138549208641052,0.06590292602777481,0.1893087923526764,0.005862039048224688,0.703163743019104,0.017539119347929955,0.29683616757392883,3,1.0,71,"tiny"
0.1709585189819336,"dining table",125129,True,0.8776952624320984,0.1390984207391739,0.3017936646938324,0.06657980382442474,0.01694250851869583,0.20540277659893036,0.046786174178123474,0.7945971488952637,0,0.9887595176696777,72,"large"
0.14286136627197266,"person",125129,True,0.9373804926872253,0.11344923079013824,0.2513938248157501,0.19344180822372437,0.048428039997816086,0.30565065145492554,0.06877440959215164,0.6943494081497192,1,0.9802204370498657,72,"large"
0.1447286605834961,"person",125129,True,0.8997641801834106,0.049140363931655884,0.09649939835071564,0.1917782723903656,0.04263957589864731,0.23810100555419922,0.04758204519748688,0.7618990540504456,2,0.9884883165359497,72,"large"
0.1338796615600586,"wall-tile",125129,False,0.5772761106491089,0.06468722224235535,0.11739566922187805,0.44826072454452515,0.09078341722488403,0.5107114911079407,0.09313877671957016,0.4892885386943817,3,0.7148444056510925,72,"large"
0.11039924621582031,"wall-other-merged",125129,False,0.9261505007743835,0.03233732655644417,0.06406395882368088,0.379262238740921,0.08134608715772629,0.4070223271846771,0.07889188826084137,0.5929777026176453,4,0.9314541816711426,72,"large"
0.07998371124267578,"person",125129,True,0.8873258829116821,0.0821629986166954,0.09057698398828506,0.18243853747844696,0.020997459068894386,0.26032063364982605,0.027149025350809097,0.7396793961524963,5,0.9670318961143494,72,"medium"
0.06890869140625,"chair",125129,True,0.8468866944313049,0.16632826626300812,0.1644190549850464,0.15831241011619568,0.01612909510731697,0.32171276211738586,0.029727725312113762,0.6782872080802917,6,0.985828161239624,72,"medium"
0.06271553039550781,"floor-other-merged",125129,False,0.7190579175949097,0.23119135200977325,0.2510697543621063,0.2919676601886749,0.03245602175593376,0.52289217710495,0.05273064970970154,0.47710785269737244,7,0.9303244948387146,72,"medium"
0.0006256103515625,"table-merged",125129,False,0.7850003242492676,0.1762888878583908,0.24811187386512756,0.8197019696235657,0.11005817353725433,0.9959908127784729,0.12208134680986404,0.004009142983704805,8,0.0,72,"tiny"
0.48221588134765625,"cat",125850,True,0.9204124808311462,0.0031330096535384655,0.305044949054718,0.044916607439517975,0.04069120064377785,0.04706277698278427,0.042333927005529404,0.9529371857643127,0,0.9685626029968262,73,"large"
0.40526580810546875,"floor-wood",125850,False,0.7760699987411499,0.0049623423255980015,0.3603751063346863,0.09251951426267624,0.05425695329904556,0.0946527048945427,0.05528862401843071,0.9053472876548767,1,0.9497355222702026,73,"large"
0.11080169677734375,"bowl",125850,True,0.8760062456130981,0.018155040219426155,0.6770829558372498,0.4491928517818451,0.09034720063209534,0.45593440532684326,0.09147576242685318,0.5440656542778015,2,0.9748674631118774,73,"large"
0.4951171875,"sky-other-merged",127624,False,0.7461059093475342,0.0011263372143730521,0.006036493927240372,0.08708510547876358,0.08218839764595032,0.08821144700050354,0.07078621536493301,0.9117885828018188,0,0.9921104311943054,74,"large"
0.18836212158203125,"building-other-merged",127624,False,0.5256654620170593,0.10663136094808578,0.32538101077079773,0.46413108706474304,0.14545989036560059,0.5707623958587646,0.16221770644187927,0.42923763394355774,1,0.5428531169891357,74,"large"
0.13545608520507812,"railroad",127624,False,0.8121964931488037,0.19566506147384644,0.4346694052219391,0.14922252297401428,0.031763605773448944,0.34488755464553833,0.06699375063180923,0.6551124453544617,2,0.8796924948692322,74,"large"
0.0888671875,"train",127624,True,0.5325788855552673,0.3314620554447174,0.5838873982429504,0.3131259083747864,0.049905288964509964,0.6445879340171814,0.09420929104089737,0.35541200637817383,3,0.5604395866394043,74,"medium"
0.0166015625,"sea",127624,False,0.2250734269618988,0.13219456374645233,0.18189182877540588,0.8318821787834167,0.09531646966934204,0.9640767574310303,0.10197170078754425,0.035923250019550323,4,0.0,74,"small"
0.23081207275390625,"food-other-merged",128658,False,0.7764737606048584,0.3549412786960602,0.15573817491531372,0.06610409170389175,0.3166755437850952,0.4205916225910187,0.16913315653800964,0.5794082880020142,0,0.970317006111145,75,"large"
0.06456756591796875,"banana",128658,True,0.900310754776001,0.20037615299224854,0.023864159360527992,0.11105797439813614,0.04039739817380905,0.30761969089508057,0.027609840035438538,0.6923803091049194,1,0.9904289245605469,75,"medium"
0.65087890625,"grass-merged",129756,False,0.6291073560714722,0.027242792770266533,0.2978750467300415,0.14987164735794067,0.24345044791698456,0.17531241476535797,0.24932856857776642,0.8246876001358032,0,0.8769692182540894,76,"large"
0.21484375,"mountain-merged",129756,False,0.8505956530570984,0.011255981400609016,0.059608932584524155,0.2337636649608612,0.07579318434000015,0.24008528888225555,0.07353437691926956,0.7599148154258728,1,0.9681817889213562,76,"large"
0.03369140625,"sky-other-merged",129756,False,0.8582666516304016,0.02094469778239727,0.01810755580663681,0.24680550396442413,0.010516025125980377,0.2634492814540863,0.010703354142606258,0.7365506887435913,2,0.8985507488250732,76,"medium"
0.02734375,"tree-merged",129756,False,0.6802598834037781,0.01701093278825283,0.037271879613399506,0.8043839931488037,0.086131252348423,0.8130494356155396,0.08316943049430847,0.18695056438446045,3,0.9821428656578064,76,"small"
0.01123046875,"sheep",129756,True,0.9168645739555359,0.34769687056541443,0.5203413367271423,0.506324291229248,0.03645586967468262,0.8484826683998108,0.058316100388765335,0.15151739120483398,4,0.695652186870575,76,"small"
0.00927734375,"sheep",129756,True,0.911941647529602,0.36071643233299255,0.47611597180366516,0.5042612552642822,0.03195624798536301,0.8588467836380005,0.0519593171775341,0.1411532461643219,5,0.0,76,"tiny"
0.00634765625,"sheep",129756,True,0.8192716836929321,0.3637593984603882,0.4536830186843872,0.5506154298782349,0.03286978229880333,0.9081772565841675,0.051763955503702164,0.09182269871234894,6,0.0,76,"tiny"
0.0029296875,"dog",129756,True,0.9597687721252441,0.026875169947743416,0.006838682107627392,0.7297846674919128,0.008861087262630463,0.7566598653793335,0.008768980391323566,0.2433401197195053,7,1.0,76,"tiny"
0.001953125,"dog",129756,True,0.96149080991745,0.09295637160539627,0.03740309923887253,0.804267168045044,0.015426039695739746,0.8972235321998596,0.016425974667072296,0.10277648270130157,8,0.5,76,"tiny"
0.234375,"tree-merged",130599,False,0.7040821313858032,0.018960919231176376,0.06415753066539764,0.4294869899749756,0.18805445730686188,0.44511404633522034,0.1728964000940323,0.5548860430717468,0,0.918749988079071,77,"large"
0.203125,"sky-other-merged",130599,False,0.6751356720924377,0.020334679633378983,0.038815803825855255,0.1672641932964325,0.03949878737330437,0.18258881568908691,0.03844127431511879,0.8174113035202026,1,0.8557692170143127,77,"large"
0.18896484375,"person",130599,True,0.865688681602478,0.05536467581987381,0.13417918980121613,0.1819504201412201,0.05348648875951767,0.2320237010717392,0.06093791872262955,0.7679762840270996,2,0.9741601943969727,77,"large"
0.15380859375,"gravel",130599,False,0.3869542181491852,0.06356684118509293,0.10851171612739563,0.5413968563079834,0.10698030889034271,0.6033096313476562,0.10696956515312195,0.39669033885002136,3,0.18730159103870392,77,"large"
0.1328125,"mountain-merged",130599,False,0.48050594329833984,0.04019458591938019,0.0399487167596817,0.2358444333076477,0.026353729888796806,0.26943328976631165,0.027140391990542412,0.730566680431366,4,0.3897058963775635,77,"large"
0.0029296875,"fence-merged",130599,False,0.8157057762145996,0.0451185405254364,0.06608922779560089,0.9363189339637756,0.132584348320961,0.9814375042915344,0.12672288715839386,0.01856250874698162,5,1.0,77,"tiny"
0.56787109375,"person",131444,True,0.9653043150901794,0.05751097574830055,0.0905824676156044,0.032180216163396835,0.3890845477581024,0.08969118446111679,0.12498608976602554,0.9103088974952698,0,1.0,78,"large"
0.0498046875,"tie",131444,True,0.9388002753257751,0.07744761556386948,0.013359961099922657,0.2136041820049286,0.024807840585708618,0.29105180501937866,0.020201629027724266,0.7089481353759766,1,0.9411764740943909,78,"medium"
0.4792022705078125,"stairs",132703,False,0.36968672275543213,0.0015280924271792173,0.07399634271860123,0.012383722700178623,0.00428953068330884,0.013343991711735725,0.004600485321134329,0.9866559505462646,0,0.8681420087814331,79,"large"
0.4534149169921875,"sky-other-merged",132703,False,0.5979670286178589,0.00263591599650681,0.2089720219373703,0.07653558254241943,0.041345927864313126,0.07766184955835342,0.04176696017384529,0.9223380088806152,1,0.964462399482727,79,"large"
0.05419921875,"person",132703,True,0.9582577347755432,0.024066263809800148,0.5861829519271851,0.4192500114440918,0.04010797664523125,0.4249250590801239,0.04057546705007553,0.5750750303268433,2,0.9639639854431152,79,"medium"
0.0126953125,"skateboard",132703,True,0.8899173736572266,0.06312870234251022,0.5046946406364441,0.6070826649665833,0.01825985684990883,0.6188772320747375,0.018581530079245567,0.38112279772758484,3,0.9615384340286255,79,"small"
0.40369415283203125,"elephant",133631,True,0.9447483420372009,0.016546092927455902,0.030544621869921684,0.054306067526340485,0.05955486372113228,0.07064952701330185,0.04862160235643387,0.9293504357337952,0,0.9735603928565979,80,"large"
0.25750732421875,"dirt-merged",133631,False,0.6556419134140015,0.081368088722229,0.07574049383401871,0.10611188411712646,0.04213028773665428,0.18410836160182953,0.05131037160754204,0.8158916234970093,1,0.9573655128479004,80,"large"
0.063140869140625,"wall-other-merged",133631,False,0.8125337362289429,0.48251259326934814,0.3196173310279846,0.16908542811870575,0.03484518080949783,0.6515980362892151,0.10241814702749252,0.34840187430381775,2,1.0,80,"medium"
0.04233551025390625,"fence-merged",133631,False,0.6421882510185242,0.6127115488052368,0.3789418339729309,0.1909646838903427,0.03568055480718613,0.8022571802139282,0.1151772066950798,0.19774286448955536,3,0.7853667140007019,80,"medium"
0.01201629638671875,"rock-merged",133631,False,0.8298021554946899,0.1884305775165558,0.05764766037464142,0.6685806512832642,0.05936340242624283,0.8533896207809448,0.058745916932821274,0.14661049842834473,4,0.2438095211982727,80,"small"
0.34133434295654297,"wall-other-merged",135670,False,0.8178092241287231,0.0789429247379303,0.42975372076034546,0.35739222168922424,0.30861178040504456,0.4332255423069,0.3239445984363556,0.5667744874954224,0,0.9236271381378174,81,"large"
0.1727437973022461,"floor-other-merged",135670,False,0.9320864081382751,0.022460812702775,0.0491943359375,0.16793008148670197,0.045112233608961105,0.18744304776191711,0.04489874467253685,0.8125568628311157,1,0.9816159009933472,81,"large"
0.16297435760498047,"door-stuff",135670,False,0.8963227272033691,0.027879299595952034,0.07262325286865234,0.3550870418548584,0.11196072399616241,0.3801671862602234,0.10703971982002258,0.6198328733444214,2,0.9319859147071838,81,"large"
0.15012359619140625,"ceiling-merged",135670,False,0.8579232096672058,0.015131845138967037,0.027735501527786255,0.2193499207496643,0.04775909334421158,0.22332732379436493,0.04357581213116646,0.7766726016998291,3,0.8687871694564819,81,"large"
0.06985092163085938,"window-other",135670,False,0.901802122592926,0.20165829360485077,0.3104371428489685,0.3489586412906647,0.057843100279569626,0.5477166771888733,0.08201178908348083,0.4522832930088043,4,0.6579651832580566,81,"medium"
0.016420364379882812,"light",135670,False,0.9300227165222168,0.02535935677587986,0.026245975866913795,0.8216992616653442,0.08603684604167938,0.8369064927101135,0.07967226207256317,0.1630934774875641,5,0.42467185854911804,81,"small"
0.49332427978515625,"table-merged",136772,False,0.7663857936859131,0.003823057748377323,0.285132497549057,0.07815668731927872,0.06405514478683472,0.08099951595067978,0.0657682940363884,0.9190003871917725,0,0.9956580996513367,82,"large"
0.3635215759277344,"bowl",136772,True,0.6021301746368408,0.010608409531414509,0.49182912707328796,0.14097321033477783,0.056772854179143906,0.1440897434949875,0.05789509415626526,0.8559101819992065,1,0.9319166541099548,82,"large"
0.14169692993164062,"orange",136772,True,0.6546277403831482,0.010605341754853725,0.2082333117723465,0.14269942045211792,0.01805441826581955,0.14355206489562988,0.018114347010850906,0.8564478754997253,2,0.9113070368766785,82,"large"
0.103515625,"hot dog",138241,True,0.9862912893295288,0.5973195433616638,0.16893301904201508,0.0,0.0,0.5973195433616638,0.16893301904201508,0.4026804566383362,0,1.0,83,"large"
0.3324422836303711,"wall-other-merged",139684,False,0.852405846118927,0.10076510161161423,0.29473692178726196,0.2565486431121826,0.21520692110061646,0.35179296135902405,0.2303813248872757,0.6482070088386536,0,0.9662383794784546,84,"large"
0.18027782440185547,"couch",139684,True,0.9029372930526733,0.04958099499344826,0.0637172982096672,0.10688843578100204,0.030567845329642296,0.1525125950574875,0.035735972225666046,0.8474875092506409,1,0.94466632604599,84,"large"
0.05316162109375,"window-other",139684,False,0.6692314743995667,0.06765259057283401,0.05410068854689598,0.6376598477363586,0.09552890062332153,0.7023323774337769,0.08865632116794586,0.2976676821708679,2,1.0,84,"medium"
0.05649280548095703,"curtain",139684,False,0.6121245622634888,0.05037694796919823,0.026145828887820244,0.5199710130691528,0.05065787211060524,0.554202139377594,0.045563600957393646,0.44579774141311646,3,0.7087461948394775,84,"medium"
0.03937053680419922,"chair",139684,True,0.4807642996311188,0.5989193916320801,0.3016679883003235,0.15018045902252197,0.01393516268581152,0.7485693097114563,0.058662623167037964,0.2514306306838989,4,0.7731996178627014,84,"medium"
0.031882286071777344,"rug-merged",139684,False,0.8324021697044373,0.36392638087272644,0.24484072625637054,0.3784027695655823,0.04643348976969719,0.736070454120636,0.07645147293806076,0.2639295756816864,5,1.0,84,"medium"
0.03406333923339844,"cat",139684,True,0.9735320210456848,0.06869837641716003,0.03481267765164375,0.5036857724189758,0.04667094349861145,0.5621533393859863,0.04407796636223793,0.4378466308116913,6,0.9869813323020935,84,"medium"
0.03165912628173828,"table-merged",139684,False,0.4166167676448822,0.3913550078868866,0.21712733805179596,0.4495825469493866,0.04552571102976799,0.8409375548362732,0.0720117911696434,0.15906241536140442,7,0.8009458780288696,84,"medium"
0.029036521911621094,"shelf",139684,False,0.8249696493148804,0.07913760095834732,0.03902614861726761,0.5999528169631958,0.05379268154501915,0.6749984622001648,0.05123859643936157,0.32500141859054565,8,0.36995434761047363,84,"small"
0.027059555053710938,"mirror-stuff",139684,False,0.8167259097099304,0.19073720276355743,0.07785553485155106,0.46702590584754944,0.034530509263277054,0.6377416849136353,0.0399886891245842,0.36225831508636475,9,0.6105942130088806,84,"small"
0.01953125,"tv",139684,True,0.934229850769043,0.04052654281258583,0.006108650006353855,0.14953215420246124,0.0040537696331739426,0.19005867838859558,0.004367009736597538,0.8099414110183716,10,0.949999988079071,84,"small"
0.0137939453125,"dining table",139684,True,0.6137180924415588,0.42134857177734375,0.1474330723285675,0.41778436303138733,0.026106057688593864,0.8381251096725464,0.04444460943341255,0.1618749052286148,11,0.0,84,"small"
0.006103515625,"light",139684,False,0.7508252859115601,0.17652162909507751,0.02486279420554638,0.6494886875152588,0.0161585733294487,0.782308042049408,0.01656964235007763,0.21769197285175323,12,0.5,84,"tiny"
0.0009765625,"book",139684,True,0.9835766553878784,0.42557236552238464,0.0209796205163002,0.4440630078315735,0.0038512120954692364,0.8696353435516357,0.006413723807781935,0.1303645521402359,13,1.0,84,"tiny"
0.0011444091796875,"book",139684,True,0.8965844511985779,0.40069887042045593,0.030628401786088943,0.5094876289367676,0.006852582097053528,0.9101865291595459,0.010410184040665627,0.08981354534626007,14,0.0,84,"tiny"
0.3566436767578125,"wall-other-merged",140640,False,0.7998571395874023,0.09666438400745392,0.15369339287281036,0.17256997525691986,0.1679028868675232,0.2669495642185211,0.16146960854530334,0.7330503463745117,0,0.6824113130569458,85,"large"
0.1927337646484375,"person",140640,True,0.9236756563186646,0.19194670021533966,0.1909390687942505,0.07815699279308319,0.033804748207330704,0.2687957286834717,0.08106701076030731,0.7312042713165283,1,0.970311164855957,85,"large"
0.09259033203125,"person",140640,True,0.06132935360074043,0.8678690195083618,0.6206580400466919,0.09979575127363205,0.026340551674365997,0.9675577282905579,0.186636283993721,0.032442282885313034,2,0.4957152307033539,85,"medium"
0.048614501953125,"door-stuff",140640,False,0.8548433184623718,0.11661228537559509,0.12888815999031067,0.7312615513801575,0.27973851561546326,0.8463758826255798,0.2406577616930008,0.1536240577697754,3,0.9391086101531982,85,"medium"
0.039794921875,"potted plant",140640,True,0.8731276392936707,0.13136890530586243,0.04241402447223663,0.44450071454048157,0.048958662897348404,0.5602923631668091,0.04610966891050339,0.4397076964378357,4,0.89570552110672,85,"medium"
0.018646240234375,"cake",140640,True,0.9140315055847168,0.36977359652519226,0.063882015645504,0.227152019739151,0.01303918194025755,0.5969255566596985,0.025719452649354935,0.4030745029449463,5,0.9165302515029907,85,"small"
0.0029296875,"cake",140640,True,0.9951420426368713,0.40261852741241455,0.07964794337749481,0.537166953086853,0.034571029245853424,0.9397854804992676,0.04563606530427933,0.060214508324861526,6,0.6666666865348816,85,"tiny"
0.0027313232421875,"knife",140640,True,0.7891491055488586,0.40823784470558167,0.043491262942552567,0.509097695350647,0.01763995923101902,0.9173355102539062,0.02398441918194294,0.08266448974609375,7,0.2849161922931671,85,"tiny"
0.001953125,"cake",140640,True,0.9883475303649902,0.49340108036994934,0.06774614006280899,0.44915664196014404,0.020037388429045677,0.9425578117370605,0.03173700347542763,0.05744216963648796,8,0.0,85,"tiny"
0.0009765625,"cake",140640,True,0.9466942548751831,0.5396609306335449,0.07807083427906036,0.43422842025756836,0.020383665338158607,0.9738894104957581,0.034516457468271255,0.026110639795660973,9,0.0,85,"tiny"
0.21352672576904297,"bus",142585,True,0.8779022693634033,0.12355750799179077,0.08489064872264862,0.09183118492364883,0.049852851778268814,0.21448056399822235,0.06507968157529831,0.7855194211006165,0,0.983300507068634,86,"large"
0.15548324584960938,"sky-other-merged",142585,False,0.678984522819519,0.29710954427719116,0.17157374322414398,0.1777949184179306,0.07168212532997131,0.47366955876350403,0.1124999150633812,0.5263304710388184,1,0.9937191605567932,86,"large"
0.1332263946533203,"car",142585,True,0.8502470850944519,0.07993800938129425,0.029192201793193817,0.027021586894989014,0.006598456762731075,0.10695960372686386,0.015652308240532875,0.8930405378341675,2,0.9623187184333801,86,"large"
0.06494808197021484,"bridge",142585,False,0.6800005435943604,0.3343387246131897,0.16489467024803162,0.411478728055954,0.11975263804197311,0.7421870231628418,0.13597165048122406,0.257813036441803,3,0.6916581988334656,86,"medium"
0.053444862365722656,"tree-merged",142585,False,0.7792645692825317,0.26641806960105896,0.10076252371072769,0.41800957918167114,0.09159978479146957,0.6829667687416077,0.09478504210710526,0.31703320145606995,4,0.7807319760322571,86,"medium"
0.0135040283203125,"building-other-merged",142585,False,0.9632870554924011,0.38252079486846924,0.24196694791316986,0.5582729578018188,0.19190631806850433,0.9407937526702881,0.209532231092453,0.059206217527389526,5,1.0,86,"small"
0.005859375,"car",142585,True,0.9283666014671326,0.5328877568244934,0.08192065358161926,0.3652385175228119,0.030151743441820145,0.8981262445449829,0.04823896661400795,0.10187376290559769,6,1.0,86,"tiny"
0.005859375,"car",142585,True,0.7333294749259949,0.6260102391242981,0.08535579591989517,0.28326037526130676,0.0207403264939785,0.9092705845832825,0.04331593215465546,0.09072940796613693,7,0.0,86,"tiny"
0.00390625,"traffic light",142585,True,0.9691551327705383,0.2907741367816925,0.024226641282439232,0.5784085988998413,0.02580125816166401,0.8691827654838562,0.025252191349864006,0.13081729412078857,8,0.0,86,"tiny"
0.0028963088989257812,"traffic light",142585,True,0.9142162203788757,0.3394683301448822,0.035262107849121094,0.5871422290802002,0.03260209411382675,0.92661052942276,0.03352870047092438,0.07338951528072357,9,0.6743496656417847,86,"tiny"
0.0009765625,"car",142585,True,0.622475266456604,0.4865981936454773,0.044530343264341354,0.4942776560783386,0.0241084024310112,0.9808757901191711,0.031208625063300133,0.019124312326312065,10,0.0,86,"tiny"
0.48388671875,"sky-other-merged",144706,False,0.6263442635536194,0.033072687685489655,0.15108534693717957,0.07606510072946548,0.05804175138473511,0.10609722137451172,0.06969882547855377,0.8939028382301331,0,0.9455096125602722,87,"large"
0.18994140625,"tree-merged",144706,False,0.7167834639549255,0.10286688804626465,0.3115953803062439,0.29494166374206543,0.08993281424045563,0.3944101929664612,0.10946133732795715,0.6055898070335388,1,0.8766067028045654,87,"large"
0.14599609375,"road",144706,False,0.6277884244918823,0.053912412375211716,0.08428577333688736,0.15943530201911926,0.023709196597337723,0.21009409427642822,0.028545202687382698,0.7899059653282166,2,0.953177273273468,87,"large"
0.052734375,"house",144706,False,0.8192733526229858,0.16262447834014893,0.27170172333717346,0.4889559745788574,0.06944680958986282,0.6515803933143616,0.08529357612133026,0.34841954708099365,3,0.9629629850387573,87,"medium"
0.02392578125,"pavement-merged",144706,False,0.8415296673774719,0.20157873630523682,0.19594025611877441,0.5240885019302368,0.041901081800460815,0.7209107875823975,0.05328332260251045,0.27908915281295776,4,0.7346938848495483,87,"small"
0.01953125,"grass-merged",144706,False,0.6923942565917969,0.1359279900789261,0.06592719256877899,0.48839545249938965,0.019399605691432953,0.6243233680725098,0.022921612486243248,0.37567663192749023,5,0.699999988079071,87,"small"
0.0048828125,"traffic light",144706,True,0.6021289825439453,0.22642011940479279,0.0871519222855568,0.6941162347793579,0.021509768441319466,0.8970837593078613,0.025753386318683624,0.10291626304388046,6,0.699999988079071,87,"tiny"
0.0029296875,"truck",144706,True,0.7593548893928528,0.09249010682106018,0.010231145657598972,0.6365383863449097,0.005662854295223951,0.7290285229682922,0.006002903915941715,0.2709713876247406,7,0.0,87,"tiny"
0.0029296875,"traffic light",144706,True,0.9784659743309021,0.24745091795921326,0.0496404729783535,0.5600155591964722,0.009035011753439903,0.807466447353363,0.012057553045451641,0.19253359735012054,8,0.0,87,"tiny"
0.001953125,"car",144706,True,0.9853624105453491,0.0969885066151619,0.014263857156038284,0.726693868637085,0.008585995063185692,0.823682427406311,0.009008225053548813,0.17631761729717255,9,1.0,87,"tiny"
0.40234375,"dog",145781,True,0.9462503790855408,0.07865433394908905,0.14810489118099213,0.07028842717409134,0.08598440140485764,0.14445827901363373,0.10756057500839233,0.8555417060852051,0,0.9963592290878296,88,"large"
0.26318359375,"rug-merged",145781,False,0.7826189398765564,0.07527942210435867,0.08187371492385864,0.12487705051898956,0.0639444887638092,0.1986439973115921,0.06929466873407364,0.8013560771942139,1,0.948051929473877,88,"large"
0.06103515625,"wall-other-merged",145781,False,0.778078019618988,0.0597541481256485,0.016048578545451164,0.2027534693479538,0.018290190026164055,0.2517973780632019,0.017021028324961662,0.7482026815414429,2,0.8240000009536743,88,"medium"
0.03955078125,"bottle",145781,True,0.8819713592529297,0.3260000944137573,0.07576107233762741,0.038865335285663605,0.002947779605165124,0.36486539244651794,0.02086421474814415,0.6351346373558044,3,0.8888888955116272,88,"medium"
0.32861328125,"gravel",147338,False,0.5424761772155762,0.033394068479537964,0.17733854055404663,0.3322916328907013,0.14797429740428925,0.357492595911026,0.14773449301719666,0.6425074338912964,0,0.8974739909172058,89,"large"
0.19287109375,"fire hydrant",147338,True,0.8975418210029602,0.04063570499420166,0.16273291409015656,0.13393522799015045,0.03709845989942551,0.17262881994247437,0.044749874621629715,0.8273712396621704,1,0.9848101139068604,89,"large"
0.08447265625,"truck",147338,True,0.8607456684112549,0.07730816304683685,0.18798819184303284,0.35512775182724,0.05220358446240425,0.4276892840862274,0.059349365532398224,0.5723108053207397,2,0.9826589822769165,89,"medium"
0.08056640625,"pavement-merged",147338,False,0.9414565563201904,0.03923950716853142,0.1446227878332138,0.5708678364753723,0.1265483796596527,0.6060988306999207,0.12693753838539124,0.39390119910240173,3,0.9757575988769531,89,"medium"
0.0537109375,"sky-other-merged",147338,False,0.8092530965805054,0.15449464321136475,0.21590650081634521,0.2501984238624573,0.020433008670806885,0.40469303727149963,0.031225403770804405,0.595306932926178,4,0.9818181991577148,89,"medium"
0.0498046875,"grass-merged",147338,False,0.6297710537910461,0.035601191222667694,0.0928211584687233,0.7373890280723572,0.1117401197552681,0.7697409987449646,0.1103489026427269,0.2302590012550354,5,0.6764705777168274,89,"medium"
0.046875,"car",147338,True,0.7375778555870056,0.10544262826442719,0.12092112004756927,0.3175128102302551,0.021117113530635834,0.4229554533958435,0.02658792771399021,0.5770446062088013,6,0.9375,89,"medium"
0.03662109375,"wall-other-merged",147338,False,0.6187761425971985,0.13899827003479004,0.22274579107761383,0.5983249545097351,0.05489233136177063,0.7293482422828674,0.06338576227426529,0.27065181732177734,7,0.4000000059604645,89,"medium"
0.02783203125,"road",147338,False,0.5594887733459473,0.1247505322098732,0.1912347376346588,0.6941586136817932,0.0603066012263298,0.8055722713470459,0.06636534631252289,0.19442768394947052,8,0.45614033937454224,89,"small"
0.025390625,"tree-merged",147338,False,0.7586328983306885,0.08075203001499176,0.0772426575422287,0.5338162183761597,0.028923267498612404,0.614568293094635,0.03151353448629379,0.3854317367076874,9,0.6538461446762085,89,"small"
0.01416015625,"building-other-merged",147338,False,0.8444315195083618,0.13787448406219482,0.15802492201328278,0.6696423292160034,0.04292925447225571,0.8003188967704773,0.04861297458410263,0.1996811181306839,10,0.7241379022598267,89,"small"
0.009765625,"truck",147338,True,0.8723732829093933,0.06510264426469803,0.09525786340236664,0.8234559893608093,0.06711182743310928,0.8885586857795715,0.06859684735536575,0.11144134402275085,11,0.6000000238418579,89,"tiny"
0.0029296875,"truck",147338,True,0.9315577149391174,0.05904547870159149,0.04570228233933449,0.8734666109085083,0.037385255098342896,0.9325121641159058,0.03782106935977936,0.06748791038990021,12,1.0,89,"tiny"
0.218505859375,"zebra",148783,True,0.8149697780609131,0.21009454131126404,0.10374409705400467,0.034345537424087524,0.026463143527507782,0.24327848851680756,0.07325655221939087,0.756721556186676,0,0.9832402467727661,90,"large"
0.16455078125,"tree-merged",148783,False,0.8183521032333374,0.30544808506965637,0.14252790808677673,0.09016311168670654,0.05579090118408203,0.39443913102149963,0.10498863458633423,0.605560839176178,1,0.9955489635467529,90,"large"
0.140869140625,"fence-merged",148783,False,0.7208319902420044,0.13005876541137695,0.03278269246220589,0.02461349405348301,0.007728390395641327,0.1546722650527954,0.02162608876824379,0.8453277349472046,2,1.0,90,"large"
0.5029296875,"mountain-merged",150726,False,0.46578913927078247,0.012898060493171215,0.6273109316825867,0.34149685502052307,0.24497143924236298,0.34237730503082275,0.24536177515983582,0.6576228141784668,0,0.5611650347709656,91,"large"
0.25439453125,"tree-merged",150726,False,0.6673967242240906,0.005127779208123684,0.234757661819458,0.4893212616443634,0.22209402918815613,0.4936625361442566,0.22201016545295715,0.5063374638557434,1,1.0,91,"large"
0.11669921875,"rock-merged",150726,False,0.9542170763015747,0.018891198560595512,0.49550071358680725,0.41995570063591003,0.09163973480463028,0.4203457534313202,0.09142062067985535,0.5796542167663574,2,0.866108775138855,91,"large"
0.072265625,"giraffe",150726,True,0.793048083782196,0.013101700693368912,0.15932239592075348,0.3562881350517273,0.03440406918525696,0.35654106736183167,0.03422917053103447,0.643458902835846,3,0.8783783912658691,91,"medium"
0.05322265625,"giraffe",150726,True,0.8284217119216919,0.009898870252072811,0.11142745614051819,0.4553150534629822,0.03995809704065323,0.46521395444869995,0.040510982275009155,0.5347861051559448,4,0.9816513657569885,91,"medium"
0.18572998046875,"platform",151857,False,0.8873693943023682,0.09135443717241287,0.036221202462911606,0.07925839722156525,0.050304725766181946,0.17061284184455872,0.041636329144239426,0.8293871879577637,0,1.0,92,"large"
0.17197418212890625,"ceiling-merged",151857,False,0.9829937219619751,0.09487587958574295,0.039003681391477585,0.08492202311754227,0.053522367030382156,0.17951953411102295,0.044669754803180695,0.820480465888977,1,0.9833636283874512,92,"large"
0.06989288330078125,"wall-other-merged",151857,False,0.8911217451095581,0.08825156837701797,0.019223224371671677,0.3417840600013733,0.08697634190320969,0.4294809103012085,0.05040930211544037,0.5705191493034363,2,0.9441109299659729,92,"medium"
0.05078125,"railroad",151857,False,0.8349403738975525,0.3143029510974884,0.04813425987958908,0.13329273462295532,0.022834692150354385,0.4475956857204437,0.03619273006916046,0.5524043440818787,3,1.0,92,"medium"
0.013671875,"sky-other-merged",151857,False,0.9637340903282166,0.14812996983528137,0.008675890974700451,0.40300244092941284,0.024383872747421265,0.5511323809623718,0.01640218310058117,0.448867529630661,4,0.8571428656578064,92,"small"
0.0068359375,"building-other-merged",151857,False,0.8959587812423706,0.1955052763223648,0.026980901136994362,0.7159440517425537,0.10065241903066635,0.9114492535591125,0.06347539275884628,0.08855073899030685,5,0.2857142984867096,92,"tiny"
0.41039562225341797,"motorcycle",153217,True,0.7641298174858093,0.07630330324172974,0.2244756817817688,0.10317394882440567,0.08461908251047134,0.17489291727542877,0.11273818463087082,0.8251070976257324,0,0.977394163608551,93,"large"
0.14391040802001953,"grass-merged",153217,False,0.8347101211547852,0.061604730784893036,0.10577218234539032,0.398930162191391,0.12161341309547424,0.45845213532447815,0.11878614127635956,0.5415478944778442,1,0.9660704731941223,93,"large"
0.09716129302978516,"pavement-merged",153217,False,0.5986397862434387,0.02787361666560173,0.023409824818372726,0.44508177042007446,0.062266986817121506,0.4639314115047455,0.05575477331876755,0.5360686182975769,2,0.7551457285881042,93,"medium"
0.09402084350585938,"wall-brick",153217,False,0.6896734833717346,0.2993062436580658,0.320228636264801,0.23821787536144257,0.042292941361665726,0.5308737754821777,0.0809936597943306,0.4691261947154999,3,0.9480667114257812,93,"medium"
0.06958389282226562,"cat",153217,True,0.9051311016082764,0.02925049513578415,0.021123172715306282,0.30360540747642517,0.035296980291604996,0.32491156458854675,0.032579731196165085,0.6750884056091309,4,0.9249355792999268,93,"medium"
0.06121253967285156,"window-other",153217,False,0.6977463364601135,0.06032058596611023,0.03474976122379303,0.3809245824813843,0.03491855412721634,0.42612385749816895,0.0337822400033474,0.5738760232925415,5,0.6700526475906372,93,"medium"
0.37890625,"truck",154000,True,0.7225227952003479,0.005763234104961157,0.20778605341911316,0.08161281794309616,0.03976278379559517,0.0852251797914505,0.041065763682127,0.9147748351097107,0,0.9652062058448792,94,"large"
0.3779296875,"sky-other-merged",154000,False,0.561072826385498,0.007193883880972862,0.20274318754673004,0.08856824040412903,0.033704206347465515,0.09358218312263489,0.03519294038414955,0.9064177870750427,1,0.9922480583190918,94,"large"
0.19384765625,"dirt-merged",154000,False,0.5688149333000183,0.008000177331268787,0.133348748087883,0.1969417929649353,0.0341317355632782,0.20306429266929626,0.03485175967216492,0.7969356775283813,2,0.984886646270752,94,"large"
0.01953125,"fence-merged",154000,False,0.9670166969299316,0.0997498631477356,0.4751713275909424,0.4226030111312866,0.0171889029443264,0.5223528742790222,0.021066244691610336,0.4776470959186554,3,0.925000011920929,94,"small"
0.01708984375,"truck",154000,True,0.7148904204368591,0.061500996351242065,0.23745429515838623,0.557292103767395,0.018326060846447945,0.6187931299209595,0.02017662487924099,0.38120684027671814,4,0.7428571581840515,94,"small"
0.00390625,"tree-merged",154000,False,0.8305981159210205,0.1851058006286621,0.5376178026199341,0.6803147792816162,0.016604145988821983,0.8654206395149231,0.020945927128195763,0.1345793455839157,5,1.0,94,"tiny"
0.001953125,"truck",154000,True,0.4653239846229553,0.07087425142526627,0.19669164717197418,0.8896737694740295,0.020707296207547188,0.9605481028556824,0.022170964628458023,0.03945200517773628,6,0.0,94,"tiny"
0.27890586853027344,"wall-tile",154718,False,0.7828999757766724,0.21301047503948212,0.14159689843654633,0.10974258929491043,0.14907531440258026,0.32207515835762024,0.1438625156879425,0.6779248714447021,0,0.9774870872497559,95,"large"
0.18355941772460938,"person",154718,True,0.9715796709060669,0.20464059710502625,0.10032420605421066,0.04649544134736061,0.03323005884885788,0.2492220401763916,0.07251124829053879,0.7507780194282532,1,1.0,95,"large"
0.042809486389160156,"paper-merged",154718,False,0.9903788566589355,0.3999458849430084,0.11847355961799622,0.30526766180992126,0.0926852822303772,0.7046128511428833,0.1056579053401947,0.2953871190547943,2,0.9771881699562073,95,"medium"
0.0107421875,"cardboard",154718,False,0.9272072315216064,0.4088250696659088,0.06582645326852798,0.46350839734077454,0.07164757698774338,0.8723334670066833,0.06879638135433197,0.12766651809215546,3,0.6363636255264282,95,"small"
0.25543975830078125,"platform",155443,False,0.8153937458992004,0.03569241240620613,0.12646251916885376,0.21626506745815277,0.08991089463233948,0.24923241138458252,0.09286563098430634,0.7507675886154175,0,0.883396565914154,96,"large"
0.21976470947265625,"building-other-merged",155443,False,0.8022493124008179,0.13538677990436554,0.7082170844078064,0.4384758472442627,0.2547089159488678,0.5695598125457764,0.29899799823760986,0.43044012784957886,1,0.844402015209198,96,"large"
0.12882232666015625,"house",155443,False,0.8156100511550903,0.047093428671360016,0.11099444329738617,0.39176008105278015,0.090858094394207,0.4306643605232239,0.09122996777296066,0.5693356990814209,2,0.8225051760673523,96,"large"
0.1081085205078125,"railroad",155443,False,0.83625727891922,0.021520275622606277,0.03605532646179199,0.2893297076225281,0.04665228724479675,0.31084999442100525,0.04572196677327156,0.6891500353813171,3,0.9638673067092896,96,"large"
0.05820465087890625,"sky-other-merged",155443,False,0.80540931224823,0.058320075273513794,0.07038521021604538,0.4654088020324707,0.050795603543519974,0.5039258003234863,0.05056357756257057,0.4960741698741913,4,0.9705072641372681,96,"medium"
0.0517578125,"train",155443,True,0.9063735604286194,0.006737339776009321,0.004497639834880829,0.09578727185726166,0.005755436606705189,0.10252461582422256,0.005651575047522783,0.8974753022193909,5,0.9433962106704712,96,"medium"
0.04974365234375,"bridge",155443,False,0.6442891359329224,0.06904724985361099,0.07996485382318497,0.5811113119125366,0.06039710342884064,0.6465716361999512,0.061701126396656036,0.35342827439308167,6,0.5487729907035828,96,"medium"
0.02001953125,"wall-brick",155443,False,0.369206964969635,0.0687800720334053,0.06738774478435516,0.8424481153488159,0.07155968993902206,0.9036523699760437,0.07074026018381119,0.09634764492511749,7,0.0,96,"small"
0.01607513427734375,"ceiling-merged",155443,False,0.8356993794441223,0.06456690281629562,0.17655791342258453,0.8744958639144897,0.206611767411232,0.9372574090957642,0.2039569914340973,0.062742680311203,8,0.5443758964538574,96,"small"
0.01123046875,"train",155443,True,0.9200634360313416,0.04067717492580414,0.007707216776907444,0.2896456718444824,0.004717155359685421,0.3035268187522888,0.004554211627691984,0.696473240852356,9,0.9130434989929199,96,"small"
0.0087890625,"fence-merged",155443,False,0.8962737321853638,0.20532041788101196,0.12913833558559418,0.6347253918647766,0.03424089774489403,0.8400458097457886,0.04173729941248894,0.1599542498588562,10,0.8888888955116272,96,"tiny"
0.1258716583251953,"cake",157138,True,0.9144739508628845,0.04568885639309883,0.007031620480120182,0.04130421578884125,0.09477120637893677,0.08699306845664978,0.012546849437057972,0.9130069017410278,0,0.9610186219215393,97,"large"
0.046051025390625,"fork",157138,True,0.7357096672058105,0.08917658776044846,0.004535948392003775,0.1007581502199173,0.031110184267163277,0.18689170479774475,0.008163233287632465,0.8131083846092224,1,0.9950298070907593,97,"medium"
0.0090789794921875,"food-other-merged",157138,False,0.5429002046585083,0.16553544998168945,0.013215898536145687,0.7609490156173706,0.2894730865955353,0.9246346950531006,0.061026282608509064,0.07536526769399643,2,0.805042028427124,97,"tiny"
0.2782135009765625,"dirt-merged",158945,False,0.7869388461112976,0.02440434694290161,0.0919867530465126,0.36107152700424194,0.20447421073913574,0.38433876633644104,0.18935763835906982,0.6156612038612366,0,0.9473482370376587,98,"large"
0.2535552978515625,"elephant",158945,True,0.8674696087837219,0.03954003378748894,0.10521218925714493,0.08652271330356598,0.03324776515364647,0.12384972721338272,0.04165295138955116,0.8761502504348755,1,0.9132214188575745,98,"large"
0.138427734375,"rock-merged",158945,False,0.756395161151886,0.19554048776626587,0.48421943187713623,0.3665907680988312,0.1110275611281395,0.5518255829811096,0.14963561296463013,0.448174387216568,2,0.8951719403266907,98,"large"
0.12347412109375,"building-other-merged",158945,False,0.9070503115653992,0.04546109214425087,0.0889999121427536,0.35918253660202026,0.08454044908285141,0.39362913370132446,0.08294524997472763,0.6063708066940308,3,0.9425358176231384,98,"large"
0.0489349365234375,"grass-merged",158945,False,0.8369588255882263,0.04163064435124397,0.04349410906434059,0.5431642532348633,0.06248485669493675,0.5844852328300476,0.060575906187295914,0.4155147969722748,4,0.778297483921051,98,"medium"
0.04736328125,"chair",158945,True,0.8883339762687683,0.1102873757481575,0.07051979750394821,0.19772394001483917,0.013889350928366184,0.30254927277565,0.019159022718667984,0.6974506974220276,5,0.9278350472450256,98,"medium"
0.0206298828125,"person",158945,True,0.897209107875824,0.10842447727918625,0.027787143364548683,0.14266803860664368,0.0038950685411691666,0.23448339104652405,0.005788967479020357,0.7655165195465088,6,1.0,98,"small"
0.08544921875,"toothbrush",160666,True,0.9123750329017639,0.5269730687141418,0.09496775269508362,0.0,0.0,0.5269730687141418,0.09496775269508362,0.47302699089050293,0,1.0,99,"medium"
0.392486572265625,"snow",161781,False,0.9228663444519043,0.03945091366767883,0.02544001303613186,0.015228059142827988,0.3912445306777954,0.05334874987602234,0.03360021114349365,0.9466512203216553,0,0.979006290435791,100,"large"
0.014892578125,"skis",161781,True,0.8215649724006653,0.32821375131607056,0.0223684199154377,0.3818160593509674,0.03933881223201752,0.69743412733078,0.028629349544644356,0.30256587266921997,1,0.8893442749977112,100,"small"
0.32861328125,"person",162092,True,0.9484426975250244,0.1191837415099144,0.08153767883777618,0.02744535356760025,0.07248450070619583,0.14598912000656128,0.07935614138841629,0.8540108799934387,0,0.9806835055351257,101,"large"
0.041259765625,"person",162092,True,0.8982551097869873,0.525831937789917,0.11243052035570145,0.1492321491241455,0.040022384375333786,0.6750640869140625,0.08031059056520462,0.3249358832836151,1,0.976331353187561,101,"medium"
0.021484375,"table-merged",162092,False,0.8447955846786499,0.8264118432998657,0.41687604784965515,0.10693934559822083,0.06462112814188004,0.9325514435768127,0.2564525008201599,0.06744852662086487,2,0.6590909361839294,101,"small"
0.01953125,"light",162092,False,0.8003860712051392,0.7430081963539124,0.21367131173610687,0.15508918464183807,0.053222738206386566,0.8980973362922668,0.14051859080791473,0.10190264135599136,3,0.6000000238418579,101,"small"
0.015625,"tree-merged",162092,False,0.8423328995704651,0.637800395488739,0.09969588369131088,0.2043585330247879,0.03778937831521034,0.8421589732170105,0.07133742421865463,0.1578410118818283,4,1.0,101,"small"
0.014404296875,"person",162092,True,0.18762266635894775,0.7667104005813599,0.14684829115867615,0.2068691998720169,0.046720705926418304,0.9735485315322876,0.10092247277498245,0.02645137906074524,5,0.0,101,"small"
0.012451171875,"cake",162092,True,0.4968787133693695,0.639731228351593,0.062441423535346985,0.24265456199645996,0.027807937934994698,0.8811787962913513,0.04645925015211105,0.11882118135690689,6,0.23529411852359772,101,"small"
0.0078125,"fruit",162092,False,0.3439665734767914,0.5638871788978577,0.07537275552749634,0.398425817489624,0.06192903220653534,0.9623129963874817,0.06915701925754547,0.037687089294195175,7,0.0,101,"tiny"
0.005859375,"person",162092,True,0.9111630320549011,0.6891071200370789,0.14793887734413147,0.2642742097377777,0.06569463759660721,0.9533812999725342,0.10982618480920792,0.046618711203336716,8,0.8333333134651184,101,"tiny"
0.41059112548828125,"pavement-merged",163257,False,0.5957512259483337,0.07445356994867325,0.1611054688692093,0.09071750193834305,0.05829760432243347,0.16392174363136292,0.08136684447526932,0.8360782265663147,0,0.9811583757400513,102,"large"
0.3081512451171875,"person",163257,True,0.8489622473716736,0.08766338974237442,0.19674216210842133,0.05395037680864334,0.02931882068514824,0.13787472248077393,0.06047215312719345,0.8621252179145813,1,0.9348353743553162,102,"large"
0.14095306396484375,"tree-merged",163257,False,0.7546719312667847,0.21870236098766327,0.25312310457229614,0.10554058104753494,0.02278674952685833,0.32024630904197693,0.05833757296204567,0.6797537207603455,2,0.9660081267356873,102,"large"
0.0071258544921875,"person",163257,True,0.7954677939414978,0.5473239421844482,0.20872189104557037,0.3478544056415558,0.020905418321490288,0.8900657296180725,0.04622258245944977,0.10993430018424988,3,0.5888651013374329,102,"tiny"
0.32958984375,"mirror-stuff",164602,False,0.5752189755439758,0.41287586092948914,0.8372068405151367,0.11234547197818756,0.09454850107431412,0.5248631834983826,0.3123876750469208,0.47513678669929504,0,0.7214815020561218,103,"large"
0.28369140625,"person",164602,True,0.780707597732544,0.01691029593348503,0.021558405831456184,0.10231807827949524,0.04926726594567299,0.11713556945323944,0.041023168712854385,0.8828644752502441,1,0.8554216623306274,103,"large"
0.16455078125,"person",164602,True,0.8458019495010376,0.021906599402427673,0.021317996084690094,0.25795915722846985,0.07716577500104904,0.2731880247592926,0.06261640042066574,0.7268120646476746,2,0.9347180724143982,103,"large"
0.01318359375,"wall-tile",164602,False,0.8343244194984436,0.10390855371952057,0.08352284133434296,0.8265506625175476,0.16548170149326324,0.9304592609405518,0.14913859963417053,0.06954080611467361,3,0.9259259104728699,103,"small"
0.013671875,"sink",164602,True,0.7989007830619812,0.10755720734596252,0.02343101054430008,0.6376457214355469,0.03461991623044014,0.7452029585838318,0.03238767385482788,0.2547970116138458,4,0.9285714030265808,103,"small"
0.00048828125,"toothbrush",164602,True,0.9182206988334656,0.14415141940116882,0.0024087035562843084,0.8558485507965088,0.003503486979752779,0.8636429905891418,0.00284109590575099,0.13635703921318054,5,1.0,103,"tiny"
0.4638671875,"grass-merged",165500,False,0.6366543769836426,0.10700564831495285,0.17496946454048157,0.11316166073083878,0.13914428651332855,0.21799306571483612,0.1535525619983673,0.7820069193840027,0,0.9768421053886414,104,"large"
0.22412109375,"tree-merged",165500,False,0.7712173461914062,0.022720109671354294,0.024116190150380135,0.2814030647277832,0.12580806016921997,0.2949334979057312,0.09318791329860687,0.7050665020942688,1,0.9215686321258545,104,"large"
0.0537109375,"sky-other-merged",165500,False,0.7884196043014526,0.014683160930871964,0.005044060293585062,0.46054941415786743,0.05101148411631584,0.4662618339061737,0.03909290209412575,0.5337381958961487,2,0.9727272987365723,104,"medium"
0.02783203125,"mountain-merged",165500,False,0.6117671728134155,0.01666143164038658,0.004590463824570179,0.72132807970047,0.06188429892063141,0.7324188947677612,0.047939520329236984,0.26758119463920593,3,0.4736842215061188,104,"small"
0.0029296875,"bear",165500,True,0.11459166556596756,0.6638632416725159,0.04436857998371124,0.3143872916698456,0.006334320642054081,0.9782506227493286,0.015144411474466324,0.021749349310994148,4,0.0,104,"tiny"
0.49029541015625,"sky-other-merged",166563,False,0.7339258790016174,0.0587952584028244,0.07265070080757141,0.025984395295381546,0.05297069624066353,0.08421245217323303,0.06491918116807938,0.9157876372337341,0,0.9662641882896423,105,"large"
0.1927490234375,"elephant",166563,True,0.8811466693878174,0.15200714766979218,0.10537507385015488,0.08089999109506607,0.03637326881289482,0.22954249382019043,0.06268248707056046,0.7704575061798096,1,0.9949334859848022,105,"large"
0.7361373901367188,"wall-other-merged",167240,False,0.884052038192749,0.0005999566055834293,0.16400182247161865,0.033418212085962296,0.08605677634477615,0.03391500562429428,0.08658356964588165,0.966084897518158,0,0.9830132722854614,106,"large"
0.19518280029296875,"vase",167240,True,0.9232925772666931,0.008348454721271992,0.6666036248207092,0.07800441980361938,0.019113516435027122,0.08414501696825027,0.020572418347001076,0.9158549904823303,1,0.9949966669082642,106,"large"
0.06689453125,"table-merged",167240,False,0.8707432150840759,0.005981025751680136,0.15616145730018616,0.0933532640337944,0.006450749933719635,0.09470537304878235,0.006530323065817356,0.90529465675354,2,0.8905109763145447,106,"medium"
0.302734375,"refrigerator",168593,True,0.9632452130317688,0.029572391882538795,0.10334023833274841,0.16046859323978424,0.09722208976745605,0.1900409758090973,0.09812609851360321,0.8099590539932251,0,0.9967741966247559,107,"large"
0.21142578125,"window-other",168593,False,0.8466674089431763,0.015881475061178207,0.030272940173745155,0.07584911584854126,0.02169758640229702,0.08850447088479996,0.022041384130716324,0.911495566368103,1,0.9330254197120667,107,"large"
0.20947265625,"wall-other-merged",168593,False,0.7931036353111267,0.019386617466807365,0.038325339555740356,0.16639941930770874,0.04926145821809769,0.18431814014911652,0.047488413751125336,0.8156818151473999,2,0.9510489702224731,107,"large"
0.12158203125,"refrigerator",168593,True,0.794531524181366,0.07237865775823593,0.08592204004526138,0.1399030238389969,0.022053612396121025,0.21016943454742432,0.029262736439704895,0.7898305654525757,3,0.9718875288963318,107,"large"
0.052734375,"chair",168593,True,0.9052611589431763,0.16526898741722107,0.12306202203035355,0.21245571970939636,0.01930583454668522,0.3777247369289398,0.030590659007430077,0.6222752332687378,4,1.0,107,"medium"
0.3846435546875,"bed",170278,True,0.9313973188400269,0.15069237351417542,0.27615925669670105,0.06941451132297516,0.08703453093767166,0.21899227797985077,0.16324511170387268,0.781007707118988,0,0.9657251834869385,108,"large"
0.26385498046875,"dog",170278,True,0.9055326581001282,0.008118420839309692,0.009087998420000076,0.14121825993061066,0.08131217211484909,0.14728690683841705,0.05606183037161827,0.8527129888534546,1,0.9530418515205383,108,"large"
0.09503173828125,"cabinet-merged",170278,False,0.9111984968185425,0.1614282876253128,0.07044045627117157,0.04576144739985466,0.0076347398571670055,0.20718973875045776,0.02500617317855358,0.7928103804588318,2,0.9691714644432068,108,"medium"
0.0069580078125,"window-other",170278,False,0.9930947422981262,0.6582845449447632,0.09975454211235046,0.15954123437404633,0.008147547021508217,0.8178257942199707,0.03123791702091694,0.18217414617538452,3,1.0,108,"tiny"
0.24560546875,"couch",171740,True,0.9761033654212952,0.013848530128598213,0.020102843642234802,0.1271289587020874,0.0628470703959465,0.1393681913614273,0.051461391150951385,0.8606318831443787,0,0.9821073412895203,109,"large"
0.16796875,"wall-other-merged",171740,False,0.8176104426383972,0.3051750361919403,0.5440578460693359,0.29451850056648254,0.15727777779102325,0.5985640287399292,0.2461102157831192,0.4014359414577484,1,0.9360465407371521,109,"large"
0.1650390625,"shelf",171740,False,0.9335311055183411,0.08515261858701706,0.10529724508523941,0.2690943777561188,0.09914512932300568,0.3507172465324402,0.0996718630194664,0.6492828130722046,2,0.9497041702270508,109,"large"
0.091796875,"table-merged",171740,False,0.9474328756332397,0.07816191017627716,0.05906233564019203,0.3220493793487549,0.06519290804862976,0.40021130442619324,0.06389757990837097,0.5997887253761292,3,0.9468085169792175,109,"medium"
0.0400390625,"floor-other-merged",171740,False,0.7171214818954468,0.11002083867788315,0.06501324474811554,0.6406490802764893,0.09452243894338608,0.7467862963676453,0.08821292966604233,0.25321367383003235,4,0.2073170691728592,109,"medium"
0.0380859375,"mirror-stuff",171740,False,0.9268583655357361,0.0696219801902771,0.046448297798633575,0.6615666747093201,0.10985186696052551,0.724264919757843,0.09639337658882141,0.275735080242157,5,0.5256410241127014,109,"medium"
0.025390625,"rug-merged",171740,False,0.961661696434021,0.07027313113212585,0.0312565378844738,0.6436507701873779,0.07018768042325974,0.7139238715171814,0.06252237409353256,0.2860760986804962,6,0.8846153616905212,109,"small"
0.0205078125,"light",171740,False,0.9569665193557739,0.30989617109298706,0.08837340027093887,0.33147260546684265,0.02303091436624527,0.6413687467575073,0.03583230823278427,0.3586312234401703,7,0.9523809552192688,109,"small"
0.0107421875,"ceiling-merged",171740,False,0.6777244806289673,0.25547224283218384,0.07455512881278992,0.6145259141921997,0.04315989464521408,0.8699981570243835,0.049249887466430664,0.13000184297561646,8,0.3636363744735718,109,"small"
0.001953125,"cup",171740,True,0.9982330799102783,0.21142323315143585,0.017869167029857635,0.668364942073822,0.013446547091007233,0.8797881007194519,0.014296883717179298,0.12021198123693466,9,1.0,109,"tiny"
0.0029296875,"clock",171740,True,0.7767984867095947,0.14918933808803558,0.010616938583552837,0.6841605305671692,0.011603564023971558,0.833349883556366,0.011413679458200932,0.16665010154247284,10,0.0,109,"tiny"
0.5237884521484375,"pavement-merged",172617,False,0.7826572060585022,0.07173255831003189,0.08693550527095795,0.032108571380376816,0.1487249732017517,0.10384112596511841,0.09974978119134903,0.8961589336395264,0,0.9840649962425232,110,"large"
0.06905269622802734,"suitcase",172617,True,0.9149858951568604,0.3111562728881836,0.11602630466222763,0.24431803822517395,0.06201649829745293,0.5510939359664917,0.08331822603940964,0.4489061236381531,1,0.906832218170166,110,"medium"
0.017464637756347656,"book",172617,True,0.9263414144515991,0.6098329424858093,0.15778633952140808,0.22633787989616394,0.03651682659983635,0.8343426585197449,0.08293090015649796,0.16565728187561035,2,0.4373396039009094,110,"small"
0.005612373352050781,"book",172617,True,0.823526918888092,0.6597363948822021,0.15096136927604675,0.2923773527145386,0.04089494049549103,0.9464861154556274,0.08220827579498291,0.05351399630308151,3,0.0,110,"tiny"
0.0037107467651367188,"book",172617,True,0.7008715271949768,0.5932475328445435,0.11516489088535309,0.3729385733604431,0.044143762439489365,0.9645061492919922,0.07093577086925507,0.03549392148852348,4,0.0,110,"tiny"
0.00390625,"book",172617,True,0.3095702826976776,0.608807384967804,0.11723656952381134,0.3745556175708771,0.04400700703263283,0.9833630323410034,0.0717560425400734,0.016636978834867477,5,0.0,110,"tiny"
0.3095703125,"sky-other-merged",173183,False,0.5645845532417297,0.44265368580818176,0.20105169713497162,0.0,0.0,0.44265368580818176,0.20105169713497162,0.5573463439941406,0,1.0,111,"large"
0.2439746856689453,"wall-other-merged",174231,False,0.9086437225341797,0.15304715931415558,0.11356312036514282,0.08878586441278458,0.07172150164842606,0.24183303117752075,0.09353039413690567,0.7581670880317688,0,0.981772780418396,112,"large"
0.15569019317626953,"floor-other-merged",174231,False,0.7889550924301147,0.17533588409423828,0.08593771606683731,0.19385911524295807,0.08292729407548904,0.3640264570713043,0.0832732617855072,0.6359735727310181,1,0.8868811130523682,112,"large"
0.14072036743164062,"table-merged",174231,False,0.6359653472900391,0.2480251044034958,0.1201663389801979,0.28710243105888367,0.11750508844852448,0.5312495827674866,0.11803551763296127,0.468750536441803,2,0.9328526258468628,112,"large"
0.06388092041015625,"cat",174231,True,0.9154164791107178,0.29806169867515564,0.0704389363527298,0.07399296015501022,0.012711921706795692,0.37205466628074646,0.03701210021972656,0.6279453039169312,3,0.9847127795219421,112,"medium"
0.0029296875,"light",174231,False,0.6774579882621765,0.7958608269691467,0.19203896820545197,0.1832658052444458,0.02889813482761383,0.9791266918182373,0.09337417781352997,0.02087324485182762,4,0.0,112,"tiny"
0.64697265625,"tree-merged",176701,False,0.8139097690582275,0.04662960022687912,0.19104096293449402,0.039741773158311844,0.10755188763141632,0.08602400124073029,0.1403907984495163,0.9139760732650757,0,0.9683018922805786,113,"large"
0.20166015625,"sky-other-merged",176701,False,0.5142389535903931,0.12833267450332642,0.14296692609786987,0.21142040193080902,0.050320837646722794,0.33805158734321594,0.06633704155683517,0.6619483828544617,1,0.9370459914207458,113,"large"
0.00537109375,"paper-merged",176701,False,0.8431333899497986,0.7209731936454773,0.38617464900016785,0.2189050316810608,0.019307367503643036,0.9398781657218933,0.0711766704916954,0.06012178212404251,2,1.0,113,"tiny"
0.0048828125,"pavement-merged",176701,False,0.8581311106681824,0.49894893169403076,0.10153992474079132,0.3546377718448639,0.011877366341650486,0.8535866737365723,0.024548031389713287,0.14641326665878296,3,1.0,113,"tiny"
0.0009765625,"road",176701,False,0.9410009384155273,0.4660581052303314,0.057456593960523605,0.48093560338020325,0.009713155217468739,0.9469935894012451,0.016433637589216232,0.053006332367658615,4,0.0,113,"tiny"
0.879730224609375,"sea",177357,False,0.7809227108955383,0.0010058743646368384,0.3413045108318329,0.009425577707588673,0.05487316846847534,0.009773780591785908,0.05638054013252258,0.990226149559021,0,0.9773476123809814,114,"large"
0.0802001953125,"surfboard",177357,True,0.729553759098053,0.005366133525967598,0.214509516954422,0.2832137644290924,0.025201255455613136,0.2841489017009735,0.02525007352232933,0.7158511877059937,1,0.9726027250289917,114,"medium"
0.039276123046875,"person",177357,True,0.9199894070625305,0.020160216838121414,0.5982269644737244,0.3950413465499878,0.024981552734971046,0.4044533669948578,0.025542626157402992,0.5955466032028198,2,1.0,114,"medium"
0.429412841796875,"dirt-merged",178618,False,0.8928106427192688,0.009860883466899395,0.32755494117736816,0.08692781627178192,0.06607972085475922,0.09630783647298813,0.07160666584968567,0.9036922454833984,0,0.9869945049285889,115,"large"
0.28466796875,"sky-other-merged",178618,False,0.5776596665382385,0.012251016683876514,0.19581328332424164,0.1919102817773819,0.05549817532300949,0.1944451928138733,0.055488768965005875,0.8055548071861267,1,0.9977487325668335,115,"large"
0.214202880859375,"tree-merged",178618,False,0.6332757472991943,0.053428854793310165,0.7792941331863403,0.2317548543214798,0.05554955452680588,0.27180594205856323,0.06443466246128082,0.728193998336792,2,0.8249750733375549,115,"large"
0.059906005859375,"elephant",178618,True,0.921005368232727,0.009992565959692001,0.05265883356332779,0.17119114100933075,0.0124205332249403,0.18022848665714264,0.012903034687042236,0.8197715282440186,3,0.94549161195755,115,"medium"
0.0031890869140625,"elephant",178618,True,0.9419798851013184,0.2147456705570221,0.6670926809310913,0.7149854302406311,0.02881980501115322,0.9242818355560303,0.03678738325834274,0.07571827620267868,4,1.0,115,"tiny"
0.138671875,"wall-wood",179653,False,0.9134944081306458,0.3211744427680969,0.07967739552259445,0.013586748391389847,0.027596943080425262,0.3347611725330353,0.0740087702870369,0.6652387976646423,0,1.0,116,"large"
0.08935546875,"sky-other-merged",179653,False,0.5732353925704956,0.7495214343070984,0.20658744871616364,0.008369139395654202,0.012376150116324425,0.7578905820846558,0.17607596516609192,0.24210941791534424,1,1.0,116,"medium"
0.00439453125,"road",179653,False,0.9139670133590698,0.6068115830421448,0.016081610694527626,0.19574391841888428,0.017462225630879402,0.8025555610656738,0.01639781892299652,0.19744440913200378,2,0.8888888955116272,116,"tiny"
0.2001953125,"fence-merged",180487,False,0.863929033279419,0.19389115273952484,0.44378429651260376,0.2549990713596344,0.11972051113843918,0.4457838833332062,0.17393752932548523,0.5542160868644714,0,0.9504954218864441,117,"large"
0.2027435302734375,"tree-merged",180487,False,0.6057227849960327,0.08796162903308868,0.11390865594148636,0.22378094494342804,0.059591684490442276,0.30446580052375793,0.06742839515209198,0.6955342292785645,1,0.9861518740653992,117,"large"
0.16876220703125,"person",180487,True,0.9355745315551758,0.06658145040273666,0.0966501533985138,0.13855598866939545,0.03941849619150162,0.20225279033184052,0.04815678298473358,0.7977473139762878,2,0.9677215218544006,117,"large"
0.10677337646484375,"house",180487,False,0.7803924679756165,0.10749132186174393,0.10516584664583206,0.2728823721408844,0.04802732169628143,0.3753513693809509,0.05605528503656387,0.6246486902236938,3,0.8883886933326721,117,"large"
0.07340240478515625,"dining table",180487,True,0.6761137247085571,0.44565218687057495,0.38031941652297974,0.1280001401901245,0.018841266632080078,0.5734807252883911,0.07201434671878815,0.4265192449092865,4,0.918407678604126,117,"medium"
0.05362701416015625,"umbrella",180487,True,0.8985460996627808,0.11639467626810074,0.07682459056377411,0.35823854804039,0.039728838950395584,0.4645512104034424,0.044175080955028534,0.5354487299919128,5,0.9378290176391602,117,"medium"
0.04470062255859375,"person",180487,True,0.9614173769950867,0.19608758389949799,0.09006142616271973,0.12596437335014343,0.009623285382986069,0.3137255012989044,0.020565440878272057,0.6862744688987732,6,0.961256206035614,117,"medium"
0.009246826171875,"cup",180487,True,0.9875977635383606,0.3393669128417969,0.04775546118617058,0.18466219305992126,0.004146723076701164,0.5240290760993958,0.010148045606911182,0.4759708046913147,7,1.0,117,"tiny"
0.0080108642578125,"chair",180487,True,0.8651115894317627,0.4803633391857147,0.16858580708503723,0.3748057186603546,0.020960569381713867,0.8551691174507141,0.04125106334686279,0.14483097195625305,8,0.9752380847930908,117,"tiny"
0.13494873046875,"cat",181859,True,0.9324832558631897,0.10401519387960434,0.02244039997458458,0.09577430039644241,0.10890762507915497,0.19810058176517487,0.03593634068965912,0.8018994331359863,0,0.9911804795265198,118,"large"
0.0845184326171875,"sink",181859,True,0.7692533731460571,0.3021707534790039,0.0645088255405426,0.28071343898773193,0.23133118450641632,0.5813048481941223,0.09860005974769592,0.41869524121284485,1,0.9615454077720642,118,"medium"
0.0296630859375,"wall-other-merged",181859,False,0.9560436010360718,0.6837931275367737,0.10997588187456131,0.07636814564466476,0.03671487048268318,0.7575818300247192,0.09133470058441162,0.24241818487644196,2,0.9876543283462524,118,"small"
0.0241851806640625,"towel",181859,False,0.9140602946281433,0.47187575697898865,0.03406958281993866,0.11375149339437485,0.024009596556425095,0.5790514945983887,0.031163414940238,0.42094844579696655,3,1.0,118,"small"
0.7324066162109375,"sky-other-merged",183500,False,0.5615765452384949,0.11630140244960785,0.4464283883571625,0.019726600497961044,0.06454737484455109,0.13476864993572235,0.23941008746623993,0.8652313947677612,0,0.964957594871521,119,"large"
0.1433258056640625,"airplane",183500,True,0.7282294631004333,0.010150175541639328,0.011637277901172638,0.26011231541633606,0.05029120296239853,0.2648893892765045,0.043902456760406494,0.7351105809211731,1,0.9869051575660706,119,"large"
0.001953125,"person",183500,True,0.9609453678131104,0.0035407720133662224,0.00019541280926205218,0.7218522429466248,0.005643538199365139,0.7253931164741516,0.0049675204791128635,0.27460697293281555,2,0.5,119,"tiny"
0.012969970703125,"orange",184791,True,0.963228702545166,0.3540348708629608,0.018085697665810585,0.3902246356010437,0.6196879148483276,0.7442595362663269,0.0368351973593235,0.2557404637336731,0,1.0,120,"small"
0.011810302734375,"orange",184791,True,0.7857341170310974,0.22338669002056122,0.008784618228673935,0.5298439264297485,0.6241825222969055,0.753230631351471,0.028663750737905502,0.24676938354969025,1,0.0,120,"small"
0.0087890625,"orange",184791,True,0.9838420152664185,0.39291223883628845,0.010109846480190754,0.2556576132774353,0.1800246387720108,0.6485698223114014,0.01609976217150688,0.3514302372932434,2,0.4444444477558136,120,"tiny"
0.0087890625,"bowl",184791,True,0.014109947718679905,0.9906060695648193,0.03669089078903198,0.005892643705010414,0.005972988437861204,0.9964986443519592,0.03560800850391388,0.003501312807202339,3,0.4444444477558136,120,"tiny"
0.001373291015625,"orange",184791,True,0.7906807065010071,0.5457945466041565,0.015010857954621315,0.4129190742969513,0.2563784420490265,0.9587135910987854,0.02524886094033718,0.04128645732998848,4,1.0,120,"tiny"
0.637700080871582,"pavement-merged",185950,False,0.8257974982261658,0.013200361281633377,0.3175865709781647,0.049863364547491074,0.08238311111927032,0.06231820210814476,0.09660091996192932,0.9376817345619202,0,0.9760377407073975,121,"large"
0.14270591735839844,"tree-merged",185950,False,0.8297120332717896,0.05189970135688782,0.43414297699928284,0.3483714461326599,0.08138687908649445,0.39362236857414246,0.0896553322672844,0.6063776016235352,1,0.8641855716705322,121,"large"
0.11017131805419922,"person",185950,True,0.9103773832321167,0.029269903898239136,0.17283160984516144,0.25029659271240234,0.03975836560130119,0.27233776450157166,0.04218534752726555,0.7276622653007507,2,0.9820555448532104,121,"large"
0.08114814758300781,"sky-other-merged",185950,False,0.75638347864151,0.07417778670787811,0.4111139476299286,0.45930778980255127,0.06624191254377365,0.525567889213562,0.07399969547986984,0.4744320511817932,3,0.7261722683906555,121,"medium"
0.007767677307128906,"skateboard",185950,True,0.8350095152854919,0.026081062853336334,0.014639644883573055,0.4809302091598511,0.0065035633742809296,0.5049841403961182,0.006668496411293745,0.4950157701969147,4,0.8800491094589233,121,"tiny"
0.5349159240722656,"river",186873,False,0.9008399248123169,0.11694717407226562,0.16169357299804688,0.03494804725050926,0.3667518198490143,0.15189522504806519,0.18556508421897888,0.8481048345565796,0,1.0,122,"large"
0.043704986572265625,"boat",186873,True,0.950641930103302,0.4427637457847595,0.11125890165567398,0.1548856496810913,0.029327621683478355,0.5976493954658508,0.06453538686037064,0.40235060453414917,1,0.9064327478408813,122,"medium"
0.002414703369140625,"person",186873,True,0.7057311534881592,0.485586941242218,0.022995606064796448,0.4268451929092407,0.014159724116325378,0.9124321341514587,0.01779954880475998,0.08756783604621887,2,0.0,122,"tiny"
0.002162933349609375,"person",186873,True,0.8461516499519348,0.5399981737136841,0.028262201696634293,0.3749082386493683,0.013739120215177536,0.9149064421653748,0.019720202311873436,0.08509362488985062,3,0.0,122,"tiny"
0.0009765625,"person",186873,True,0.9785255789756775,0.5257917642593384,0.030149996280670166,0.43365561962127686,0.017376473173499107,0.95944744348526,0.022630784660577774,0.040552545338869095,4,0.0,122,"tiny"
0.0009765625,"person",186873,True,0.8318955898284912,0.5360376834869385,0.031544748693704605,0.43036866188049316,0.017697649076581,0.9664064049720764,0.02339356765151024,0.03359359875321388,5,0.0,122,"tiny"
0.0009765625,"person",186873,True,0.9701659679412842,0.527130663394928,0.025497863069176674,0.4252064526081085,0.01437237486243248,0.9523370862007141,0.01894877478480339,0.047662846744060516,6,0.0,122,"tiny"
0.0009765625,"person",186873,True,0.9538911581039429,0.5238176584243774,0.026212936267256737,0.4308839440345764,0.015067425556480885,0.9547016024589539,0.01965206116437912,0.04529838263988495,7,1.0,122,"tiny"
0.0009765625,"person",186873,True,0.15839774906635284,0.5358361005783081,0.023313352838158607,0.45551231503486633,0.013848926872015,0.9913484454154968,0.017742060124874115,0.008651584386825562,8,0.0,122,"tiny"
0.0009765625,"person",186873,True,0.9594584703445435,0.5365211963653564,0.025158608332276344,0.41485533118247986,0.013593761250376701,0.9513766169548035,0.018350889906287193,0.0486234612762928,9,0.0,122,"tiny"
0.9716796875,"sky-other-merged",187745,False,0.5427523255348206,0.00222864025272429,0.09300386160612106,0.0027803850825875998,0.09141665697097778,0.004547768272459507,0.08507553488016129,0.9954522848129272,0,0.9894472360610962,123,"large"
0.01611328125,"tree-merged",187745,False,0.8853955268859863,0.008259901776909828,0.02526034228503704,0.6318977475166321,0.02524825930595398,0.6325371265411377,0.024960236623883247,0.3674629330635071,1,1.0,123,"small"
0.3330078125,"ceiling-merged",189310,False,0.959456741809845,0.002811670769006014,0.006457956042140722,0.01480466965585947,0.009164633229374886,0.01761634089052677,0.008590009063482285,0.982383668422699,0,0.9941349029541016,124,"large"
0.23291015625,"wall-other-merged",189310,False,0.7990372180938721,0.07790710777044296,0.13964994251728058,0.19179745018482208,0.07764964550733566,0.26679790019989014,0.08828112483024597,0.7332021594047546,1,0.8867924809455872,124,"large"
0.15380859375,"curtain",189310,False,0.7538410425186157,0.048998937010765076,0.05142951384186745,0.17300544679164886,0.036468371748924255,0.2198706716299057,0.03861824423074722,0.7801292538642883,2,0.8634920716285706,124,"large"
0.03515625,"chair",189310,True,0.9467086791992188,0.03332851082086563,0.009553416632115841,0.14668244123458862,0.0072320494800806046,0.18001094460487366,0.007572735659778118,0.819989025592804,3,1.0,124,"medium"
0.03515625,"mirror-stuff",189310,False,0.9634460806846619,0.12117963284254074,0.05005493387579918,0.29973211884498596,0.02129565365612507,0.4209117889404297,0.02551640011370182,0.5790880918502808,4,0.9722222089767456,124,"medium"
0.02197265625,"window-other",189310,False,0.7229652404785156,0.11612008512020111,0.0832754373550415,0.7365015149116516,0.08931349962949753,0.843569278717041,0.08758855611085892,0.15643082559108734,5,0.7555555701255798,124,"small"
0.02587890625,"floor-wood",189310,False,0.9006181955337524,0.3809322714805603,0.15082459151744843,0.2106214165687561,0.014175744727253914,0.5842863321304321,0.033628325909376144,0.4157135784626007,6,0.9811320900917053,124,"small"
0.02294921875,"door-stuff",189310,False,0.9559359550476074,0.12730295956134796,0.09522929042577744,0.6784448027610779,0.0858684703707695,0.7928921580314636,0.08596012741327286,0.20710788667201996,7,0.8936170339584351,124,"small"
0.439666748046875,"river",190140,False,0.7657214999198914,0.06200878322124481,0.07540129125118256,0.07959258556365967,0.1298476904630661,0.14022652804851532,0.09799280017614365,0.8597735166549683,0,0.944263219833374,125,"large"
0.195220947265625,"boat",190140,True,0.8136917352676392,0.07425489276647568,0.05505181849002838,0.26582449674606323,0.13098087906837463,0.33464276790618896,0.0992741659283638,0.665357232093811,1,0.8785368204116821,125,"large"
0.024444580078125,"person",190140,True,0.9598664045333862,0.08668641000986099,0.016312159597873688,0.5394747257232666,0.049950551241636276,0.6127886772155762,0.03806309401988983,0.38721132278442383,2,0.9200998544692993,125,"small"
0.020843505859375,"dog",190140,True,0.877109706401825,0.12505485117435455,0.011369059793651104,0.2504691779613495,0.011158570647239685,0.37552401423454285,0.011227795854210854,0.6244760155677795,3,0.9062957763671875,125,"small"
0.401763916015625,"tree-merged",191288,False,0.6081892848014832,0.1078074648976326,0.5312576293945312,0.3023954927921295,0.23779267072677612,0.4033004939556122,0.2760642468929291,0.5966994762420654,0,0.8427649140357971,126,"large"
0.213409423828125,"fence-merged",191288,False,0.8031549453735352,0.12434789538383484,0.4384801387786865,0.2944797873497009,0.12237948924303055,0.41507023572921753,0.15462583303451538,0.5849297642707825,1,0.8292578458786011,126,"large"
0.184600830078125,"horse",191288,True,0.7338634133338928,0.0849073976278305,0.20992901921272278,0.2624988555908203,0.07343720644712448,0.34063756465911865,0.08583154529333115,0.6593624353408813,2,0.9113903045654297,126,"large"
0.052276611328125,"sky-other-merged",191288,False,0.5388675928115845,0.026238737627863884,0.06453468650579453,0.8430440425872803,0.19857540726661682,0.8621706962585449,0.18593434989452362,0.13782928884029388,3,0.4296555817127228,126,"medium"
0.035308837890625,"person",191288,True,0.8435007333755493,0.18908895552158356,0.14585570991039276,0.34627392888069153,0.025177188217639923,0.5353628993034363,0.03557254746556282,0.4646371304988861,4,1.0,126,"medium"
0.029510498046875,"grass-merged",191288,False,0.688028872013092,0.05219067260622978,0.0872047021985054,0.8064358830451965,0.12601372599601746,0.8537693023681641,0.12215027213096619,0.14623066782951355,5,0.7104446887969971,126,"small"
0.0068359375,"mountain-merged",191288,False,0.5260792970657349,0.03293142095208168,0.053442005068063736,0.9404011964797974,0.1393512487411499,0.9733327031135559,0.1321631222963333,0.026667317375540733,6,0.0,126,"tiny"
0.3544158935546875,"tree-merged",192699,False,0.6105691194534302,0.32847297191619873,0.5085719227790833,0.038512300699949265,0.03082023374736309,0.36550477147102356,0.1930900514125824,0.634495198726654,0,0.9569251537322998,127,"large"
0.204315185546875,"person",192699,True,0.8313178420066833,0.05495975539088249,0.05088525265455246,0.11435148119926453,0.040486231446266174,0.1671752780675888,0.04284943267703056,0.8328247666358948,1,0.9699029326438904,127,"large"
0.15001678466796875,"person",192699,True,0.854953408241272,0.10599836707115173,0.07151346653699875,0.033084653317928314,0.007797956001013517,0.13696835935115814,0.02394779399037361,0.8630316257476807,2,0.9934903383255005,127,"large"
0.0721893310546875,"motorcycle",192699,True,0.7136552929878235,0.12340699881315231,0.04334517568349838,0.21176189184188843,0.023152239620685577,0.33412355184555054,0.027862217277288437,0.6658763289451599,3,0.959099531173706,127,"medium"
0.5633926391601562,"fence-merged",85772,False,0.5746058225631714,0.09369459748268127,0.1318822056055069,0.022413015365600586,0.046460893005132675,0.11594797670841217,0.09724683314561844,0.884052038192749,0,0.9685828685760498,1020,"large"
0.1590728759765625,"person",85772,True,0.8988018035888672,0.07247023284435272,0.047597840428352356,0.09152309596538544,0.026917563751339912,0.1632402092218399,0.033168673515319824,0.8367596864700317,1,0.9878177642822266,1020,"large"
0.0146484375,"tennis racket",85772,True,0.8553942441940308,0.01033473014831543,0.0009800541447475553,0.4817691147327423,0.016389500349760056,0.49210378527641296,0.01232106238603592,0.5078962445259094,2,1.0,1020,"small"
0.001953125,"sports ball",85772,True,0.9806528687477112,0.08635477721691132,0.00109451066236943,0.33277377486228943,0.0014870362356305122,0.41912856698036194,0.0013847190421074629,0.5808714032173157,3,1.0,1020,"tiny"
0.0009765625,"sports ball",85772,True,0.8915408253669739,0.0490264967083931,0.000566572358366102,0.6613824963569641,0.0026911732275038958,0.7104090452194214,0.00213790824636817,0.289590984582901,4,1.0,1020,"tiny"
0.3662109375,"road",177934,False,0.6603394150733948,0.04062582552433014,0.40678679943084717,0.24949491024017334,0.1395752727985382,0.2831723690032959,0.15072661638259888,0.7168276309967041,0,0.890666663646698,1407,"large"
0.142578125,"sky-other-merged",177934,False,0.7095707654953003,0.030362747609615326,0.13412824273109436,0.29486963152885437,0.053182847797870636,0.3202483057975769,0.0555892214179039,0.6797517538070679,1,0.9349315166473389,1407,"large"
0.10107421875,"tree-merged",177934,False,0.6087230443954468,0.04097094014286995,0.21616631746292114,0.6161723136901855,0.12644736468791962,0.6538782715797424,0.12930172681808472,0.34612175822257996,2,0.9420289993286133,1407,"large"
0.08056640625,"truck",177934,True,0.7721146941184998,0.07534579932689667,0.21142826974391937,0.26961010694503784,0.028761573135852814,0.3420201539993286,0.03516855090856552,0.6579799652099609,3,0.8484848737716675,1407,"medium"
0.068359375,"pavement-merged",177934,False,0.7673476338386536,0.0630376935005188,0.3110225200653076,0.631598174571991,0.11660591512918472,0.6844417452812195,0.1221233606338501,0.3155582547187805,4,0.6857143044471741,1407,"medium"
0.06201171875,"motorcycle",177934,True,0.7017763257026672,0.08147543668746948,0.25177207589149475,0.5040282607078552,0.05799751728773117,0.5820035338401794,0.06459935754537582,0.4179963767528534,5,0.9842519760131836,1407,"medium"
0.02294921875,"building-other-merged",177934,False,0.8504325151443481,0.04913102090358734,0.16355523467063904,0.7768567204475403,0.09236162155866623,0.8259876370429993,0.09481656551361084,0.17401230335235596,6,0.5531914830207825,1407,"small"
0.01904296875,"person",177934,True,0.8608226180076599,0.10182522982358932,0.14951039850711823,0.6020962595939636,0.03137868642807007,0.6686300039291382,0.033718716353178024,0.3313699960708618,7,0.8974359035491943,1407,"small"
0.01318359375,"house",177934,False,0.8733752965927124,0.03511825203895569,0.06822321563959122,0.7938277721405029,0.05448443070054054,0.8240795135498047,0.05465767905116081,0.17592042684555054,8,0.4444444477558136,1407,"small"
0.0126953125,"car",177934,True,0.9310212731361389,0.025243334472179413,0.03066943772137165,0.6860048770904541,0.02944646216928959,0.7112482190132141,0.029488196596503258,0.28875184059143066,9,0.9230769276618958,1407,"small"
0.009765625,"flower",177934,False,0.9529597163200378,0.03306702896952629,0.05594590678811073,0.8036720156669617,0.04789240285754204,0.8367390632629395,0.048166412860155106,0.16326095163822174,10,1.0,1407,"tiny"
0.01025390625,"person",177934,True,0.380210816860199,0.15117189288139343,0.2777085304260254,0.7888234257698059,0.051014188677072525,0.9370092749595642,0.05859457328915596,0.0629907101392746,11,0.0,1407,"small"
0.01416015625,"person",177934,True,0.84303879737854,0.12656821310520172,0.2033398300409317,0.6691233515739441,0.037999097257852554,0.7794541716575623,0.042795803397893906,0.22054573893547058,12,0.2068965584039688,1407,"small"
0.01025390625,"car",177934,True,0.5427502393722534,0.03753186762332916,0.049152761697769165,0.837334930896759,0.03862438723444939,0.8738688826560974,0.038957346230745316,0.12613117694854736,13,0.0,1407,"small"
0.0078125,"person",177934,True,0.8810480833053589,0.13196790218353271,0.303558886051178,0.7792152166366577,0.06300294399261475,0.9111831188201904,0.07117143273353577,0.08881695568561554,14,0.25,1407,"tiny"
0.00634765625,"motorcycle",177934,True,0.7945569753646851,0.2367422878742218,0.2676202356815338,0.6433271169662476,0.02551054209470749,0.8675731420516968,0.03325323015451431,0.1324269026517868,15,0.692307710647583,1407,"tiny"
0.005859375,"truck",177934,True,0.6735914349555969,0.1221260130405426,0.21122533082962036,0.8101425170898438,0.04915231466293335,0.932268500328064,0.05464496463537216,0.06773152947425842,16,0.5,1407,"tiny"
0.00634765625,"person",177934,True,0.9103343486785889,0.12082356959581375,0.2904343605041504,0.8124276399612427,0.06850554794073105,0.9286492466926575,0.07568899542093277,0.07135080546140671,17,0.0,1407,"tiny"
0.0048828125,"car",177934,True,0.8849154710769653,0.07586726546287537,0.11060240119695663,0.836161196231842,0.04271727055311203,0.912028431892395,0.04501563683152199,0.08797161281108856,18,0.0,1407,"tiny"
0.001953125,"car",177934,True,0.779350996017456,0.0705663412809372,0.07461214810609818,0.8867036700248718,0.03275460749864578,0.9572700262069702,0.034167610108852386,0.04272991791367531,19,0.0,1407,"tiny"
0.001953125,"banner",177934,False,0.23255252838134766,0.06425023078918457,0.10004837065935135,0.9270920753479004,0.05043594539165497,0.9913423657417297,0.05211073160171509,0.00865758303552866,20,0.0,1407,"tiny"
0.001953125,"car",177934,True,0.8162357807159424,0.07028497755527496,0.07334171235561371,0.8843691945075989,0.03224067762494087,0.9546541571617126,0.03362813964486122,0.04534589499235153,21,0.0,1407,"tiny"
0.001953125,"car",177934,True,0.7660598754882812,0.06771495938301086,0.05773518607020378,0.8801994323730469,0.02621917612850666,0.9479144215583801,0.027283072471618652,0.052085597068071365,22,0.0,1407,"tiny"
0.00048828125,"person",177934,True,0.9253520965576172,0.10651815682649612,0.1696133017539978,0.8934818506240845,0.049604982137680054,0.9915778636932373,0.05322238430380821,0.008422124199569225,23,0.0,1407,"tiny"
0.00048828125,"mirror-stuff",177934,False,0.23024916648864746,0.07068172842264175,0.07476743310689926,0.9293183088302612,0.03427465632557869,0.9968453049659729,0.03554384037852287,0.0031545953825116158,24,0.0,1407,"tiny"
0.0009765625,"truck",177934,True,0.7884691953659058,0.09873051941394806,0.10094034671783447,0.8789156079292297,0.03136194497346878,0.9776462316513062,0.03370843082666397,0.022353846579790115,25,0.0,1407,"tiny"
