area_frac,category,image_id,is_thing,map_inside_mean,map_neutral_mass_frac,map_neutral_mean,map_other_region_mass_frac,map_other_region_mean,map_outside_mass_frac,map_outside_mean,map_self_mass_frac,object_index,own_gt_patch_win_frac,sample_index,size_bucket
0.7371673583984375,"bear",285,True,0.9744057655334473,0.04411037266254425,0.1261129230260849,0.0,0.0,0.04411037266254425,0.1261129230260849,0.9558895826339722,0,1.0,0,"large"
0.044269561767578125,"person",4765,True,0.7288675308227539,0.17834524810314178,0.007575296796858311,0.011410086415708065,0.02500840090215206,0.18975533545017242,0.00790671817958355,0.810244619846344,0,1.0,1,"medium"
0.018169403076171875,"surfboard",4765,True,0.5731912851333618,0.10255339741706848,0.0012719666119664907,0.0018445622408762574,0.0004845217627007514,0.1043979674577713,0.0012364618014544249,0.8956019878387451,1,0.9462523460388184,1,"small"
0.374542236328125,"motorcycle",7386,True,0.8067439198493958,0.02114942856132984,0.02481888234615326,0.0561014786362648,0.052790652960538864,0.07627690583467484,0.03989236056804657,0.9237232208251953,0,0.9340829253196716,2,"large"
0.142059326171875,"tree-merged",7386,False,0.8593209385871887,0.15121041238307953,0.08894190937280655,0.10617581009864807,0.03003906086087227,0.2554578483104706,0.04882000386714935,0.7445422410964966,1,0.8831363916397095,2,"large"
0.12310791015625,"grass-merged",7386,False,0.8783846497535706,0.013891625218093395,0.008642139844596386,0.37255504727363586,0.1075708419084549,0.37642115354537964,0.074440136551857,0.6235789060592651,2,0.8346554040908813,2,"large"
0.0501708984375,"gravel",7386,False,0.7230643630027771,0.046378448605537415,0.01781775802373886,0.6327254176139832,0.1006120890378952,0.6612487435340881,0.07455337792634964,0.3387512266635895,3,0.610097348690033,2,"medium"
0.02001953125,"truck",7386,True,0.8936272859573364,0.20848558843135834,0.030919495970010757,0.3692096173763275,0.021750831976532936,0.5672441720962524,0.023928752169013023,0.43275579810142517,4,0.9512194991111755,2,"small"
0.009033203125,"sky-other-merged",7386,False,0.7208675742149353,0.09956980496644974,0.003936117980629206,0.30959993600845337,0.004788393620401621,0.40905681252479553,0.004548582248389721,0.5909431576728821,5,0.6486486196517944,2,"tiny"
0.005767822265625,"dog",7386,True,0.7264735102653503,0.00960527453571558,0.00016179065278265625,0.09959910809993744,0.0006535131251439452,0.10756433010101318,0.0005079666734673083,0.8924356698989868,6,0.8465608358383179,2,"tiny"
0.508453369140625,"bowl",8277,True,0.7814919948577881,0.027888771146535873,0.05356297269463539,0.10222163051366806,0.182829812169075,0.12946689128875732,0.12022212147712708,0.8705331087112427,0,0.9653457403182983,3,"large"
0.17689132690429688,"bowl",8277,True,0.9337584972381592,0.11721014231443405,0.11969873309135437,0.20837539434432983,0.0861349105834961,0.31944748759269714,0.09419367462396622,0.6805525422096252,1,0.9639645218849182,3,"large"
0.029693603515625,"fork",8277,True,0.7278295755386353,0.01466312911361456,0.001735169906169176,0.22992165386676788,0.008810783736407757,0.23153848946094513,0.006710961926728487,0.7684615254402161,2,0.807682454586029,3,"small"
0.012165069580078125,"broccoli",8277,True,0.41532281041145325,0.24767498672008514,0.01285402849316597,0.3454861640930176,0.005677036475390196,0.5903734564781189,0.007371479645371437,0.40962663292884827,3,0.48165568709373474,3,"small"
0.010776519775390625,"broccoli",8277,True,0.725330114364624,0.13715733587741852,0.014460648410022259,0.5522350668907166,0.018410347402095795,0.6880460977554321,0.017427975311875343,0.31195390224456787,4,0.7281416058540344,3,"small"
0.0125732421875,"broccoli",8277,True,0.3058077096939087,0.003271648660302162,6.226503319339827e-05,0.14665396511554718,0.0008846360724419355,0.14991377294063568,0.0006867036572657526,0.8500862717628479,5,0.3106796145439148,3,"small"
0.00653076171875,"broccoli",8277,True,0.05679312348365784,0.3359554708003998,0.0018564314814284444,0.39112964272499084,0.000679336953908205,0.7175723314285278,0.0009485572809353471,0.28242769837379456,6,0.0,3,"tiny"
0.0078125,"broccoli",8277,True,0.0002723254729062319,0.07399280369281769,0.00011256298603257164,0.9201226234436035,0.0004408912791404873,0.99411541223526,0.00036224653013050556,0.005884602200239897,7,0.0,3,"tiny"
0.12060546875,"wall-other-merged",9400,False,0.9300748705863953,0.21996743977069855,0.05725296959280968,0.17919990420341492,0.20637691020965576,0.39916738867759705,0.08474279195070267,0.6008325815200806,0,0.9838056564331055,4,"large"
0.04150390625,"wall-wood",9400,False,0.582615852355957,0.39422088861465454,0.0351349338889122,0.23394089937210083,0.06162700057029724,0.6217491626739502,0.041468296200037,0.3782508671283722,1,0.5764706134796143,4,"medium"
0.03515625,"person",9400,True,0.06290148198604584,0.9704159498214722,0.11740385740995407,0.00471479631960392,0.001646233256906271,0.9745172262191772,0.0876493752002716,0.025482801720499992,2,0.1666666716337204,4,"medium"
0.02001953125,"keyboard",9400,True,0.5522468686103821,0.5419220924377441,0.05212340131402016,0.29782751202583313,0.07821682840585709,0.8397495150566101,0.05911804735660553,0.16025051474571228,3,0.04878048598766327,4,"small"
0.02197265625,"keyboard",9400,True,0.46344637870788574,0.346510648727417,0.021357180550694466,0.42315277457237244,0.07174722105264664,0.7696633338928223,0.034791167825460434,0.23033656179904938,4,0.0,4,"small"
0.0126953125,"laptop",9400,True,0.05047556012868881,0.95648592710495,0.08913808315992355,0.03392786160111427,0.008399199694395065,0.9904136657714844,0.06705667078495026,0.009586232714354992,5,0.07692307978868484,4,"small"
0.0078125,"cup",9400,True,0.65071702003479,0.8131475448608398,0.03218371421098709,0.007782140281051397,0.000803672824986279,0.8209297060966492,0.023489343002438545,0.17907029390335083,6,0.875,4,"tiny"
0.005859375,"platform",9400,False,0.0019629965536296368,0.7565900683403015,0.010464235208928585,0.24225056171417236,0.008680612780153751,0.9988406300544739,0.009967518970370293,0.001159396837465465,7,0.0,4,"tiny"
0.0048828125,"counter",9400,False,0.020188795402646065,0.9427940249443054,0.010637899860739708,0.04502592980861664,0.0013116298941895366,0.9878200888633728,0.008034050464630127,0.01218006294220686,8,0.0,4,"tiny"
0.0029296875,"mouse",9400,True,0.9999918937683105,0.5780392289161682,0.008168493397533894,0.13293196260929108,0.004815942142158747,0.7109711766242981,0.00722774351015687,0.2890288829803467,9,1.0,4,"tiny"
0.00439453125,"laptop",9400,True,0.009161319583654404,0.6511204242706299,0.015977106988430023,0.3466144800186157,0.021881103515625,0.9977126121520996,0.01763789914548397,0.002287399023771286,10,0.0,4,"tiny"
0.0029296875,"keyboard",9400,True,0.000862128275912255,0.15044453740119934,0.004254539031535387,0.8494309782981873,0.06158449128270149,0.9998754858970642,0.020341739058494568,0.00012451602378860116,11,0.0,4,"tiny"
0.001953125,"person",9400,True,0.0003079559828620404,0.4556174874305725,0.01062348298728466,0.5443466305732727,0.032426197081804276,0.9999641180038452,0.016756830736994743,3.596336318878457e-05,12,0.0,4,"tiny"
0.0009765625,"keyboard",9400,True,0.9978029131889343,0.24613745510578156,0.008088483475148678,0.7125231623649597,0.05961208790540695,0.9586606621742249,0.022618846967816353,0.04133934527635574,13,1.0,4,"tiny"
0.00048828125,"keyboard",9400,True,0.00017092228517867625,0.09988509863615036,0.0014066332951188087,0.9001065492630005,0.03221573680639267,0.9999917149543762,0.01010602805763483,8.2622191257542e-06,14,0.0,4,"tiny"
0.2021484375,"wall-other-merged",10707,False,0.8803239464759827,0.022017735987901688,0.023059941828250885,0.10477201640605927,0.03513174131512642,0.12346994131803513,0.031418487429618835,0.8765299916267395,0,0.9202898740768433,5,"large"
0.1455078125,"person",10707,True,0.9431828260421753,0.10943753272294998,0.09757087379693985,0.10108386725187302,0.02640504762530327,0.20591366291046143,0.04164774715900421,0.7940863966941833,1,0.9832214713096619,5,"large"
0.13671875,"window-blind",10707,False,0.7273704409599304,0.01516746636480093,0.009309896267950535,0.15543709695339203,0.027587126940488815,0.1642211675643921,0.022634411230683327,0.8357788324356079,2,0.7357142567634583,5,"large"
0.0595703125,"couch",10707,True,0.902572751045227,0.03919423744082451,0.012255136854946613,0.07374045997858047,0.0059866635128855705,0.11293470114469528,0.007278763223439455,0.8870652914047241,3,0.9836065769195557,5,"medium"
0.06103515625,"couch",10707,True,0.8700960874557495,0.057376276701688766,0.02571992389857769,0.3443373739719391,0.04007785767316818,0.3888477683067322,0.0359855480492115,0.6111522316932678,4,0.9440000057220459,5,"medium"
0.0556640625,"blanket",10707,False,0.7128108739852905,0.03287741169333458,0.007623197045177221,0.08434930443763733,0.005051700863987207,0.11722671985626221,0.005579562392085791,0.882773220539093,5,0.7894737124443054,5,"medium"
0.04931640625,"dining table",10707,True,0.5015392303466797,0.12174554914236069,0.02371273562312126,0.23207692801952362,0.011562701314687729,0.34490054845809937,0.013697679154574871,0.6550994515419006,6,0.6534653306007385,5,"medium"
0.04736328125,"floor-wood",10707,False,0.3957346975803375,0.1852683424949646,0.027631493285298347,0.17003856599330902,0.00646624993532896,0.35169076919555664,0.01067326683551073,0.6483092308044434,7,0.6804123520851135,5,"medium"
0.01953125,"window-other",10707,False,0.015198633074760437,0.0011946476297453046,0.00017493822087999433,0.9886348247528076,0.035587605088949203,0.9895424842834473,0.028648778796195984,0.010457530617713928,8,0.0,5,"small"
0.0126953125,"food-other-merged",10707,False,0.0020646112971007824,0.025990808382630348,0.0010179552482441068,0.970556914806366,0.009286820888519287,0.9965476393699646,0.00766330910846591,0.003452329197898507,9,0.07692307978868484,5,"small"
0.00830078125,"backpack",10707,True,0.6081926822662354,0.10690880566835403,0.0035543388221412897,0.20668725669384003,0.0016664830036461353,0.21665285527706146,0.0014079600805416703,0.7833470702171326,10,0.6470588445663452,5,"tiny"
0.00244140625,"cup",10707,True,0.3771715760231018,0.05279425159096718,0.0005031420732848346,0.4999178946018219,0.001148416893556714,0.5015581846237183,0.0009288540459237993,0.49844178557395935,11,0.6000000238418579,5,"tiny"
0.0029296875,"laptop",10707,True,0.9957742094993591,0.00665257079526782,0.00012091651296941563,0.1653566062450409,0.0007253410876728594,0.1720091700553894,0.0006078304722905159,0.8279907703399658,12,1.0,5,"tiny"
0.00146484375,"table-merged",10707,False,0.0294639989733696,0.7206506133079529,0.0064370171166956425,0.2786988615989685,0.0005993284867145121,0.975073516368866,0.0016908085672184825,0.024926571175456047,14,0.0,5,"tiny"
0.001953125,"remote",10707,True,0.040337469428777695,0.3246622383594513,0.0006138465250842273,0.46038156747817993,0.00020981807028874755,0.7850437760353088,0.00028829131042584777,0.21495625376701355,15,0.0,5,"tiny"
0.001953125,"bottle",10707,True,0.027970682829618454,0.03669286146759987,0.00020856941409874707,0.9137275218963623,0.0012519375886768103,0.9504203796386719,0.001049287267960608,0.04957965388894081,16,0.5,5,"tiny"
0.00244140625,"cup",10707,True,0.02079697884619236,0.005142973270267248,1.2270591469132341e-05,0.8850756883621216,0.0005093218060210347,0.8902186751365662,0.0004127338179387152,0.10978133976459503,17,0.6000000238418579,5,"tiny"
0.0009765625,"remote",10707,True,0.007238153368234634,0.032899416983127594,4.880672713625245e-05,0.9425210356712341,0.0003366296587046236,0.975420355796814,0.00028078127070330083,0.02457965724170208,18,0.0,5,"tiny"
0.4838409423828125,"tree-merged",11760,False,0.8505823016166687,0.004278209526091814,0.23569785058498383,0.04283224791288376,0.03622874617576599,0.045693304389715195,0.03817683830857277,0.9543066620826721,0,0.9395912885665894,6,"large"
0.182861328125,"dirt-merged",11760,False,0.9233946204185486,0.01104059163480997,0.34310638904571533,0.30283278226852417,0.0906866043806076,0.30587878823280334,0.09105996787548065,0.6941211819648743,1,0.9446344971656799,6,"large"
0.10765838623046875,"zebra",11760,True,0.01640256494283676,0.006281198933720589,0.08300617337226868,0.9768056273460388,0.1140417754650116,0.9829292297363281,0.11394529044628143,0.017070818692445755,2,0.29027000069618225,6,"large"
0.1038970947265625,"zebra",11760,True,0.8037766218185425,0.007503668777644634,0.08481571078300476,0.05072885751724243,0.005051592364907265,0.0561593696475029,0.005545036867260933,0.9438406825065613,3,0.12578938901424408,6,"large"
0.07556915283203125,"zebra",11760,True,0.8351672887802124,0.008812449872493744,0.0764845460653305,0.07006660848855972,0.0051871356554329395,0.07102598249912262,0.005219841375946999,0.9289739727973938,4,0.9304391741752625,6,"medium"
0.0428924560546875,"grass-merged",11760,False,0.4068690836429596,0.04059692844748497,0.18274591863155365,0.48419857025146484,0.01794101670384407,0.5047282576560974,0.018581843003630638,0.49527186155319214,5,0.45837780833244324,6,"medium"
0.26699066162109375,"fence-merged",13201,False,0.9196442365646362,0.010765415616333485,0.015265321359038353,0.18243803083896637,0.10629062354564667,0.1905534863471985,0.07885607331991196,0.8094465136528015,0,0.9762251973152161,7,"large"
0.22695159912109375,"grass-merged",13201,False,0.8187052011489868,0.0637625902891159,0.061862632632255554,0.04349808022379875,0.01610940881073475,0.10474709421396255,0.02812226675450802,0.8952529430389404,1,0.9254042506217957,7,"large"
0.1447296142578125,"tree-merged",13201,False,0.7719292640686035,0.0010133751202374697,0.000590513925999403,0.10320121049880981,0.020052477717399597,0.10376404225826263,0.015123628079891205,0.896236002445221,2,0.7692145705223083,7,"large"
0.117767333984375,"person",13201,True,0.8640891909599304,0.010387338697910309,0.005314459092915058,0.06113634631037712,0.010005072690546513,0.07022878527641296,0.00871243141591549,0.9297711253166199,3,0.9009458422660828,7,"large"
0.03154754638671875,"sky-other-merged",13201,False,0.1973295658826828,0.0024926955811679363,0.000413905072491616,0.82232666015625,0.03869720920920372,0.8247436881065369,0.030249958857893944,0.17525631189346313,4,0.4024183750152588,7,"medium"
0.38916015625,"bed",14831,True,0.9987837672233582,0.12315880507230759,0.08937519043684006,0.0,0.0,0.12315880507230759,0.08937519043684006,0.8768411874771118,0,1.0,8,"large"
0.3468017578125,"grass-merged",15746,False,0.943237841129303,0.05205206945538521,0.2938944101333618,0.0737091600894928,0.04639323428273201,0.12017146497964859,0.06840074807405472,0.8798285126686096,0,0.9745028018951416,9,"large"
0.23229217529296875,"tree-merged",15746,False,0.9064570665359497,0.08302357792854309,0.3327900767326355,0.12032442539930344,0.045190662145614624,0.20225942134857178,0.06953971087932587,0.7977406978607178,1,0.9558576941490173,9,"large"
0.17742919921875,"fire hydrant",15746,True,0.9324312210083008,0.007961598224937916,0.021663449704647064,0.07246037572622299,0.017125297337770462,0.07665630429983139,0.016697565093636513,0.9233436584472656,2,0.9683952331542969,9,"large"
0.12474822998046875,"house",15746,False,0.5407052040100098,0.11474776268005371,0.15309947729110718,0.12177109718322754,0.013201908208429813,0.2322598397731781,0.02331426925957203,0.7677401304244995,3,0.8732799291610718,9,"large"
0.04175567626953125,"sky-other-merged",15746,False,0.5604363083839417,0.0053057679906487465,0.0022291787900030613,0.14891576766967773,0.00461547402665019,0.15414881706237793,0.004450530279427767,0.8458511829376221,4,0.5613009333610535,9,"medium"
0.01520538330078125,"pavement-merged",15746,False,0.44785258173942566,0.0453149788081646,0.0064656599424779415,0.2388623207807541,0.002438853494822979,0.2752133309841156,0.002625705674290657,0.7247866988182068,5,0.3211239278316498,9,"small"
0.3759765625,"grass-merged",17029,False,0.9313820600509644,0.0015860237181186676,0.06054575741291046,0.16434302926063538,0.1120307669043541,0.16504700481891632,0.11092600226402283,0.8349530100822449,0,0.9461038708686829,10,"large"
0.357666015625,"tree-merged",17029,False,0.7325901985168457,0.010639064013957977,0.2933027446269989,0.13046936690807343,0.06232493370771408,0.13488571345806122,0.06360194087028503,0.8651143312454224,1,0.8962457180023193,10,"large"
0.09765625,"dog",17029,True,0.888588547706604,0.013737833127379417,0.11583004146814346,0.053654007613658905,0.005572729744017124,0.06320355087518692,0.006488211918622255,0.9367964267730713,2,0.949999988079071,10,"medium"
0.077880859375,"dirt-merged",17029,False,0.533193051815033,0.002461170544847846,0.011510089039802551,0.1910778284072876,0.010766366496682167,0.19178719818592072,0.010686170309782028,0.8082128167152405,3,0.6018808484077454,10,"medium"
0.065673828125,"car",17029,True,0.725185215473175,0.035464733839035034,0.18393415212631226,0.1325347125530243,0.008167940191924572,0.1641601175069809,0.010011228732764721,0.8358398079872131,4,0.8624535202980042,10,"medium"
0.0078125,"frisbee",17029,True,0.9926623106002808,0.012124715372920036,0.009624149650335312,0.09857556968927383,0.0008761018980294466,0.11070030182600021,0.0009729678276926279,0.889299750328064,5,1.0,10,"tiny"
0.00732421875,"pavement-merged",17029,False,0.7353236079216003,0.05128013342618942,0.0409722737967968,0.38642194867134094,0.0034535452723503113,0.38645508885383606,0.0034173154272139072,0.6135448813438416,6,0.7333333492279053,10,"tiny"
0.001953125,"wall-brick",17029,False,0.9195504188537598,0.004383735824376345,0.003583483165130019,0.795633852481842,0.007239073980599642,0.8000175356864929,0.007198833394795656,0.19998250901699066,7,1.0,10,"tiny"
0.0009765625,"road",17029,False,0.0008790444117039442,0.05902853235602379,0.027039093896746635,0.9408009648323059,0.004791893996298313,0.9998294711112976,0.005036547780036926,0.00017058000958058983,8,0.0,10,"tiny"
0.4619140625,"floor-other-merged",17714,False,0.9632170796394348,0.07673383504152298,0.07321999222040176,0.0015169588150456548,0.02272125892341137,0.07825078815221786,0.07019556313753128,0.9217492341995239,0,1.0,11,"large"
0.0185546875,"cup",17714,True,0.8690043091773987,0.16968172788619995,0.00653773732483387,0.0030367006547749043,0.00012445008906070143,0.17271842062473297,0.003430004930123687,0.8272815942764282,1,1.0,11,"small"
0.00732421875,"fork",17714,True,0.4686707854270935,0.5869047045707703,0.009660836309194565,0.0008531637722626328,1.459298437112011e-05,0.58775794506073,0.004930239170789719,0.41224205493927,2,1.0,11,"tiny"
0.00341796875,"banana",17714,True,0.04900287836790085,0.9426863193511963,0.005848608911037445,0.00394634110853076,2.5239090973627754e-05,0.9466328024864197,0.0029811488930135965,0.05336720868945122,3,1.0,11,"tiny"
0.0029296875,"banana",17714,True,0.12370923161506653,0.9738381505012512,0.026758084073662758,8.694078132975847e-05,2.460104269630392e-06,0.973924994468689,0.013576810248196125,0.02607506327331066,4,1.0,11,"tiny"
0.3916015625,"person",19402,True,0.8236511945724487,0.06490617990493774,0.049514416605234146,0.02498699724674225,0.060971494764089584,0.08851727098226547,0.05148481950163841,0.9114828109741211,0,0.9900249242782593,12,"large"
0.14501953125,"wall-other-merged",19402,False,0.5332585573196411,0.05016855150461197,0.009164896793663502,0.03724551200866699,0.008059706538915634,0.08741217106580734,0.008663740009069443,0.9125878214836121,1,0.9023569226264954,12,"large"
0.8843173980712891,"dirt-merged",20553,False,0.8949975371360779,0.01551944762468338,0.12853245437145233,0.006158041302114725,0.2664845287799835,0.02163681574165821,0.1513056606054306,0.9783632755279541,0,0.9630540609359741,13,"large"
0.00738525390625,"dining table",20553,True,0.9721100926399231,0.27908045053482056,0.1404615342617035,0.5748836994171143,0.031579744070768356,0.8539641499519348,0.04229414463043213,0.14603587985038757,1,1.0,13,"tiny"
0.0055713653564453125,"teddy bear",20553,True,0.044015876948833466,0.8205603957176208,0.1765468865633011,0.16910003125667572,0.003959872294217348,0.988331139087677,0.020886791869997978,0.011668851599097252,2,0.17528243362903595,13,"tiny"
0.0037841796875,"vase",20553,True,0.06536006182432175,0.2107270509004593,0.003543284023180604,0.6386798620223999,0.001167415757663548,0.8494068384170532,0.0014003653777763247,0.1505931317806244,3,0.22580644488334656,13,"tiny"
0.001953125,"rock-merged",20553,False,0.516050398349762,0.004206053446978331,7.470099808415398e-05,0.4147924482822418,0.0007991989841684699,0.41899847984313965,0.0007282934966497123,0.5810014605522156,4,0.5,13,"tiny"
0.20873260498046875,"sky-other-merged",22479,False,0.8795083165168762,0.007611054927110672,0.005191759672015905,0.09676023572683334,0.03995731100440025,0.10034989565610886,0.025879165157675743,0.8996500968933105,0,0.9519719481468201,14,"large"
0.2021026611328125,"person",22479,True,0.9209780097007751,0.004550062119960785,0.0030910286586731672,0.08212648332118988,0.03338097780942917,0.08409871906042099,0.02141977846622467,0.9159013032913208,1,0.9460928440093994,14,"large"
0.1390533447265625,"tree-merged",22479,False,0.6367843151092529,0.06711501628160477,0.026654507964849472,0.1961834728717804,0.041231315582990646,0.25469180941581726,0.03514606133103371,0.7453082203865051,2,0.827224850654602,14,"large"
0.09830474853515625,"house",22479,False,0.5382940769195557,0.1924869567155838,0.04799164459109306,0.10421477258205414,0.012874247506260872,0.2905157208442688,0.024030406028032303,0.709484338760376,3,0.7261156439781189,14,"medium"
0.0537109375,"skateboard",22479,True,0.9155636429786682,0.0671372041106224,0.013096309266984463,0.09015179425477982,0.008129211142659187,0.15728901326656342,0.009699451737105846,0.8427109718322754,4,0.9818181991577148,14,"medium"
0.001953125,"bench",22479,True,0.6181959509849548,0.4326353967189789,0.011207486502826214,0.41155901551246643,0.004563428461551666,0.8441944122314453,0.006554878316819668,0.15580561757087708,5,0.0,14,"tiny"
0.0009765625,"window-other",22479,False,0.9997813701629639,0.5179331302642822,0.017004046589136124,0.3826548159122467,0.005369727965444326,0.9005879163742065,0.008853519335389137,0.09941218048334122,6,1.0,14,"tiny"
0.168975830078125,"horse",23126,True,0.8760074377059937,0.07519423961639404,0.025197522714734077,0.07969478517770767,0.045197632163763046,0.15446679294109344,0.032540421932935715,0.8455331921577454,0,1.0,15,"large"
0.158447265625,"sky-other-merged",23126,False,0.9420596957206726,0.18893229961395264,0.06730427592992783,0.009774581529200077,0.005692242179065943,0.1979558914899826,0.04377760365605354,0.802044153213501,1,0.9847843050956726,15,"large"
0.075958251953125,"fence-merged",23126,False,0.4180557131767273,0.8431500792503357,0.349000483751297,0.010010616853833199,0.005388966761529446,0.8531548380851746,0.19965760409832,0.14684511721134186,2,0.7738047242164612,15,"medium"
0.074737548828125,"person",23126,True,0.8892723321914673,0.14614292979240417,0.023205731064081192,0.05619702488183975,0.011559578590095043,0.1988244354724884,0.017825869843363762,0.801175594329834,3,0.9608003497123718,15,"medium"
0.8112459182739258,"sky-other-merged",24027,False,0.9829801321029663,0.01847938634455204,0.11659703403711319,0.00764545239508152,0.10319896042346954,0.025029439479112625,0.10845773667097092,0.9749705195426941,0,0.9911150336265564,16,"large"
0.029196739196777344,"building-other-merged",24027,False,0.5422793626785278,0.36332547664642334,0.0933053269982338,0.1610754281282425,0.0063747079111635685,0.5244008898735046,0.017982440069317818,0.47559911012649536,1,0.9331046938896179,16,"small"
0.01674938201904297,"kite",24027,True,0.5719151496887207,0.03521455079317093,0.003732293611392379,0.2952084243297577,0.0047432477585971355,0.3027781546115875,0.004230773542076349,0.6972217559814453,2,0.6774469017982483,16,"small"
0.0146484375,"grass-merged",24027,False,0.6226731538772583,0.10394646227359772,0.008706293068826199,0.0559709258377552,0.000710165302734822,0.15991738438606262,0.0017621134174987674,0.8400827050209045,3,1.0,16,"small"
0.32373046875,"house",25393,False,0.726115882396698,0.05267590656876564,0.03390657529234886,0.06269396096467972,0.06200534105300903,0.11174946278333664,0.04373001679778099,0.8882505297660828,0,0.883861243724823,17,"large"
0.087890625,"person",25393,True,0.9144175052642822,0.12809236347675323,0.03261088579893112,0.11242376267910004,0.023443177342414856,0.23216907680034637,0.02664274536073208,0.7678308486938477,1,1.0,17,"medium"
0.08251953125,"person",25393,True,0.8641299605369568,0.12661081552505493,0.02584940753877163,0.03356955572962761,0.005554205738008022,0.1504794806241989,0.01376709807664156,0.8495205044746399,2,0.9644970297813416,17,"medium"
0.0625,"tree-merged",25393,False,0.8846584558486938,0.0281018428504467,0.005624833516776562,0.30765846371650696,0.04801004379987717,0.3281093239784241,0.028800783678889275,0.6718906760215759,3,0.9453125,17,"medium"
0.02001953125,"sky-other-merged",25393,False,0.9313281774520874,0.04317576438188553,0.0032978805247694254,0.36356261372566223,0.020053382962942123,0.4062829315662384,0.013019316829741001,0.5937172174453735,4,0.9756097793579102,17,"small"
0.00634765625,"tie",25393,True,0.5293670892715454,0.01779879257082939,0.00015830175834707916,0.06348952651023865,0.00039820349775254726,0.08104776591062546,0.00029825238743796945,0.9189522862434387,5,0.4615384638309479,17,"tiny"
0.00048828125,"tie",25393,True,0.015547025948762894,0.029503582045435905,0.00018462503794580698,0.9704965353012085,0.004240085370838642,0.9970493912696838,0.002566414186730981,0.0029506615828722715,6,0.0,17,"tiny"
0.00390625,"car",25393,True,0.7157208919525146,0.08894307911396027,0.0016306486213579774,0.540142834186554,0.006960045546293259,0.6290859580039978,0.004760363604873419,0.37091413140296936,7,1.0,17,"tiny"
0.0048828125,"car",25393,True,0.00018273858586326241,0.9672454595565796,0.0001612364430911839,0.01973496936261654,2.3160282580647618e-06,0.9869805574417114,6.797403329983354e-05,0.013019420206546783,8,0.0,17,"tiny"
0.5626678466796875,"pizza",27696,True,0.9697315692901611,0.052032891660928726,0.08414213359355927,0.004297193605452776,0.031146755442023277,0.056330084800720215,0.07447534054517746,0.943669855594635,0,0.9982644319534302,18,"large"
0.0587310791015625,"person",27696,True,0.5441120862960815,0.6262640953063965,0.16482922434806824,0.03416413441300392,0.005508054047822952,0.6604281067848206,0.06602927297353745,0.33957183361053467,1,1.0,18,"medium"
0.0146484375,"knife",27696,True,0.4948703646659851,0.04020501300692558,0.0009773875353857875,0.1258293092250824,0.0017422093078494072,0.16603431105613708,0.0014646748313680291,0.8339657187461853,2,0.6000000238418579,18,"small"
0.0063934326171875,"fork",27696,True,0.7473328709602356,0.16615888476371765,0.002846288727596402,0.05375092104077339,0.0005176065606065094,0.21990981698036194,0.0013556061312556267,0.7800902128219604,3,0.9236276745796204,18,"tiny"
0.200286865234375,"wall-other-merged",29596,False,0.9126819372177124,0.06296007335186005,0.14785292744636536,0.19862544536590576,0.07017101347446442,0.257009357213974,0.07906845957040787,0.7429906725883484,0,0.9474325776100159,19,"large"
0.201995849609375,"curtain",29596,False,0.7175535559654236,0.018936192616820335,0.028826186433434486,0.07622409611940384,0.0175027959048748,0.09117896854877472,0.018222497776150703,0.9088210463523865,1,0.8878984451293945,19,"large"
0.128082275390625,"couch",29596,True,0.9585182070732117,0.005874778144061565,0.007257849909365177,0.048430994153022766,0.008166274055838585,0.051474448293447495,0.007641112431883812,0.9485254883766174,2,0.9618775248527527,19,"large"
0.096466064453125,"cabinet-merged",29596,False,0.8250669240951538,0.002845565089955926,0.002436599927023053,0.11025584489107132,0.012374823912978172,0.11279457807540894,0.011199104599654675,0.8872054815292358,3,0.8503637909889221,19,"medium"
0.08624267578125,"ceiling-merged",29596,False,0.9069405794143677,0.003076802706345916,0.002578102285042405,0.10864255577325821,0.011784662492573261,0.10900196433067322,0.010471955873072147,0.8909979462623596,4,1.0,19,"medium"
0.07366943359375,"rug-merged",29596,False,0.8688300251960754,0.028787141665816307,0.02000449039041996,0.09304509311914444,0.008237011730670929,0.12083712965250015,0.009497017599642277,0.8791628479957581,5,0.9502899646759033,19,"medium"
0.047882080078125,"tv",29596,True,0.8409521579742432,0.009874394163489342,0.004304657690227032,0.10900794714689255,0.005875314585864544,0.11835797131061554,0.0056775216944515705,0.8816420435905457,6,0.918419361114502,19,"medium"
0.02099609375,"light",29596,False,0.6886764168739319,0.024833770468831062,0.005459723994135857,0.347550630569458,0.009151625446975231,0.3722281754016876,0.00875743106007576,0.6277718544006348,7,0.6511628031730652,19,"small"
0.016510009765625,"chair",29596,True,0.2812561094760895,0.008863375522196293,0.0004456539754755795,0.11006036400794983,0.000659714627545327,0.11849092692136765,0.0006346548907458782,0.8815091252326965,8,0.4731977880001068,19,"small"
0.0107421875,"chair",29596,True,0.22211246192455292,0.0009834276279434562,5.013062764192e-05,0.5522496104240417,0.003334468463435769,0.5532330274581909,0.002986642299219966,0.4467669725418091,9,0.3636363744735718,19,"small"
0.00714111328125,"dining table",29596,True,0.46069684624671936,0.7841843366622925,0.127571702003479,0.022787269204854965,0.0004373149713501334,0.8069716095924377,0.013852584175765514,0.19302836060523987,10,0.8632478713989258,19,"tiny"
0.00390625,"book",29596,True,0.49344369769096375,0.0003560344048310071,2.6817131583811715e-05,0.755383312702179,0.0066876658238470554,0.7557393908500671,0.005987093318253756,0.24426060914993286,11,0.5,19,"tiny"
0.001953125,"flower",29596,False,0.5029957294464111,0.5858893990516663,0.027454346418380737,0.21399785578250885,0.0011760916095227003,0.7998871207237244,0.003934568725526333,0.20011284947395325,12,0.5,19,"tiny"
0.001129150390625,"vase",29596,True,0.7202497720718384,0.4095194935798645,0.02822759933769703,0.4778614938259125,0.003859554883092642,0.8873809576034546,0.006415403913706541,0.11261900514364243,13,1.0,19,"tiny"
0.0009765625,"cup",29596,True,0.0002633991534821689,0.3568737804889679,0.00023237057030200958,0.6393555998802185,4.877200990449637e-05,0.996229350566864,6.802585266996175e-05,0.0037707181181758642,14,0.0,19,"tiny"
0.8733978271484375,"pavement-merged",31093,False,0.9633381962776184,0.003983605653047562,0.567663311958313,0.027298763394355774,0.1931961625814438,0.03019702434539795,0.20693330466747284,0.9698029160499573,0,0.9930990934371948,20,"large"
0.0930633544921875,"person",31093,True,0.7796192169189453,0.0132478978484869,0.17098048329353333,0.07343696802854538,0.006391463801264763,0.07664497941732407,0.006640477571636438,0.9233549237251282,1,0.8458763957023621,20,"medium"
0.01806640625,"fence-merged",31093,False,0.5810482501983643,0.09246639907360077,0.2525854706764221,0.27633413672447205,0.004709457978606224,0.368800550699234,0.006246357224881649,0.6311994194984436,2,0.5405405163764954,20,"small"
0.001953125,"person",31093,True,0.12466838210821152,0.0022281783167272806,0.0008937005186453462,0.8980587124824524,0.0022107835393399,0.9002871513366699,0.0022027497179806232,0.09971289336681366,3,0.0,20,"tiny"
0.0029296875,"person",31093,True,0.003193274838849902,0.002163741970434785,0.00034696058719418943,0.9882535338401794,0.0009735767962411046,0.9904172420501709,0.0009697505738586187,0.009582744911313057,4,0.0,20,"tiny"
0.0030975341796875,"skateboard",31093,True,0.6529875993728638,0.019587956368923187,0.013415778987109661,0.4953629672527313,0.0020843828096985817,0.5149334073066711,0.002153863199055195,0.48506656289100647,5,0.9458128213882446,20,"tiny"
0.0009765625,"building-other-merged",31093,False,0.17446088790893555,0.07872065901756287,0.024440504610538483,0.8311464786529541,0.0015822354471310973,0.9098671078681946,0.001721538370475173,0.09013297408819199,6,0.0,20,"tiny"
0.0009765625,"tree-merged",31093,False,0.9999828934669495,0.0004702724691014737,8.016585343284532e-05,0.05859442800283432,6.124466744950041e-05,0.05906469747424126,6.135997682576999e-05,0.9409353137016296,7,1.0,20,"tiny"
0.0009765625,"sky-other-merged",31093,False,0.0015381000703200698,0.059820663183927536,5.217553916736506e-05,0.6573164463043213,3.515298885758966e-06,0.7171370983123779,3.811844635492889e-06,0.2828628718852997,8,0.0,20,"tiny"
0.0007171630859375,"skateboard",31093,True,0.07294222712516785,0.1983010619878769,0.0057745883241295815,0.6133638620376587,0.00010946099064312875,0.7049416899681091,0.00012507016072049737,0.29505839943885803,9,0.0,20,"tiny"
0.7250766754150391,"playingfield",32081,False,0.9696957468986511,0.004656514618545771,0.5282712578773499,0.07331540435552597,0.20529277622699738,0.07492486387491226,0.20713655650615692,0.9250751733779907,0,0.9858042597770691,21,"large"
0.15199756622314453,"net",32081,False,0.9189542531967163,0.006359557621181011,0.14038753509521484,0.05528395622968674,0.009699872694909573,0.05554240196943283,0.009686694480478764,0.9444575905799866,1,0.8942596912384033,21,"large"
0.10963916778564453,"person",32081,True,0.8864359259605408,0.022179076448082924,0.36419811844825745,0.09999988228082657,0.012429527007043362,0.11656922847032547,0.014403183944523335,0.8834306597709656,2,0.9619797468185425,21,"large"
0.009830474853515625,"tennis racket",32081,True,0.6653005480766296,0.01839076541364193,0.02242974378168583,0.18685941398143768,0.0015520888846367598,0.1995733678340912,0.0016468875110149384,0.8004264831542969,3,0.7838572263717651,21,"tiny"
0.603546142578125,"fence-merged",33005,False,0.8917142748832703,0.0056108091957867146,0.4075353145599365,0.04405304044485092,0.06382474303245544,0.04784812033176422,0.06821851432323456,0.9521517753601074,0,0.9682711958885193,22,"large"
0.2816314697265625,"playingfield",33005,False,0.9719656705856323,0.0002879063249565661,0.010345956310629845,0.021110957488417625,0.008303621783852577,0.02113591693341732,0.008227795362472534,0.9788641333580017,1,0.9778403639793396,22,"large"
0.084197998046875,"sky-other-merged",33005,False,0.8177427649497986,0.030209660530090332,0.3240387439727783,0.14546997845172882,0.013369561173021793,0.1751459836959839,0.01596393622457981,0.8248540759086609,2,0.8582819700241089,22,"medium"
0.0209197998046875,"person",33005,True,0.9133158922195435,0.006106956861913204,0.01840229332447052,0.18363133072853088,0.004431465640664101,0.18521834909915924,0.004436118062585592,0.8147815465927124,3,0.9336251020431519,22,"small"
0.003387451171875,"tennis racket",33005,True,0.8669572472572327,0.061160556972026825,0.04514433443546295,0.431532084941864,0.002505603013560176,0.48873186111450195,0.0028168673161417246,0.5112680792808533,4,0.8648648858070374,22,"tiny"
0.8480911254882812,"food-other-merged",34205,False,0.900800347328186,0.001703306334093213,0.5250024795532227,0.04142392799258232,0.21806249022483826,0.04167523607611656,0.2187022715806961,0.9583247303962708,0,0.9847608208656311,23,"large"
0.078369140625,"broccoli",34205,True,0.6483461856842041,0.011239559389650822,0.45675525069236755,0.5072497725486755,0.05797380581498146,0.5165761709213257,0.058911677449941635,0.48342379927635193,1,0.7384151220321655,23,"medium"
0.02794647216796875,"broccoli",34205,True,0.12675288319587708,0.006233232095837593,0.0820801705121994,0.8959665894508362,0.03142782300710678,0.8959910869598389,0.031392667442560196,0.10400880873203278,2,0.0,23,"small"
0.02410125732421875,"table-merged",34205,False,0.6200534701347351,0.0004898554179817438,0.003249102272093296,0.12869755923748016,0.0022667685989290476,0.12886881828308105,0.0022653136402368546,0.8711313009262085,3,0.6483064293861389,23,"small"
0.0213775634765625,"broccoli",34205,True,0.6736854314804077,0.0003463363682385534,0.002235585357993841,0.13715024292469025,0.002345665590837598,0.13735438883304596,0.0023432050365954638,0.86264568567276,4,0.41113489866256714,23,"small"
0.2099609375,"wall-tile",35770,False,0.7240777015686035,0.061312269419431686,0.035483501851558685,0.09953472018241882,0.037754859775304794,0.16070139408111572,0.036844972521066666,0.839298665523529,0,0.9581395387649536,24,"large"
0.1748046875,"sink",35770,True,0.11117515712976456,0.8494112491607666,0.37802329659461975,0.011286374181509018,0.0030634466093033552,0.860481321811676,0.14524906873703003,0.1395186185836792,1,0.7262569665908813,24,"large"
0.1640625,"floor-other-merged",35770,False,0.8474538922309875,0.06803575903177261,0.037201423197984695,0.12096184492111206,0.03954886272549629,0.18759053945541382,0.038404982537031174,0.8124094605445862,2,0.9464285969734192,24,"large"
0.1044921875,"toilet",35770,True,0.8821908831596375,0.017775991931557655,0.005756394471973181,0.0727262794971466,0.012653936631977558,0.09050226956605911,0.010243182070553303,0.9094976782798767,3,0.9813084006309509,24,"large"
0.02099609375,"toilet",35770,True,0.8525181412696838,0.06507562845945358,0.0044302381575107574,0.09487392753362656,0.003035283414646983,0.15994955599308014,0.0034812516532838345,0.8400503993034363,4,0.9534883499145508,24,"small"
0.013671875,"paper-merged",35770,False,0.04793674871325493,0.7577142715454102,0.0087907575070858,0.061797939240932465,0.00033326412085443735,0.8195121884346008,0.003017052775248885,0.1804877668619156,5,0.2857142984867096,24,"small"
0.392578125,"wall-other-merged",37670,False,0.9210866093635559,0.0360976904630661,0.22665885090827942,0.14666426181793213,0.12022769451141357,0.18096813559532166,0.13153383135795593,0.819031834602356,0,0.9689054489135742,25,"large"
0.37646484375,"toilet",37670,True,0.7052412033081055,0.006440090015530586,0.025761935859918594,0.051255181431770325,0.026035970076918602,0.05606300011277199,0.02528916299343109,0.9439370036125183,1,0.738002598285675,25,"large"
0.0634765625,"floor-wood",37670,False,0.8794267177581787,0.17503754794597626,0.1820947676897049,0.0623428076505661,0.00526158744469285,0.23684227466583252,0.018498621881008148,0.7631576061248779,2,0.9615384340286255,25,"medium"
0.0537109375,"remote",37670,True,0.6384356617927551,0.010584915056824684,0.005499912425875664,0.05196353420615196,0.0021660332567989826,0.061403557658195496,0.0023706676438450813,0.9385964274406433,3,0.7818182110786438,25,"medium"
0.044921875,"person",37670,True,0.5392292141914368,0.214051753282547,0.10208027809858322,0.06355171650648117,0.002408544532954693,0.27760347723960876,0.009746341034770012,0.7223966121673584,4,0.77173912525177,25,"medium"
0.3257904052734375,"building-other-merged",38829,False,0.6742753386497498,0.05690259858965874,0.24540174007415771,0.19938510656356812,0.09606696665287018,0.2507728636264801,0.1090555191040039,0.7492271661758423,0,0.931900143623352,26,"large"
0.14684295654296875,"road",38829,False,0.8516417741775513,0.021622532978653908,0.05685066431760788,0.2812604606151581,0.06395384669303894,0.3003763258457184,0.062933549284935,0.6996238231658936,1,0.8677716255187988,26,"large"
0.06705474853515625,"motorcycle",38829,True,0.7326154112815857,0.022714145481586456,0.019216641783714294,0.12318739295005798,0.008191586472094059,0.14590154588222504,0.008995003998279572,0.8540984988212585,2,0.7573102712631226,26,"medium"
0.062469482421875,"person",38829,True,0.5276580452919006,0.0705491453409195,0.04024913161993027,0.07961566001176834,0.0035481895320117474,0.15015611052513123,0.0062121059745550156,0.8498439192771912,3,0.7004152536392212,26,"medium"
0.0550994873046875,"bicycle",38829,True,0.8469672203063965,0.09435868263244629,0.13706691563129425,0.4405156672000885,0.049556758254766464,0.5274510383605957,0.055126871913671494,0.4725490212440491,4,0.9022431373596191,26,"medium"
0.0467071533203125,"motorcycle",38829,True,0.904504656791687,0.03006722778081894,0.021933753043413162,0.12088044732809067,0.00677059730514884,0.14815977215766907,0.007707970682531595,0.8518401384353638,5,0.9163671731948853,26,"medium"
0.03998565673828125,"person",38829,True,0.6790904402732849,0.05870391055941582,0.033293478190898895,0.23708905279636383,0.010247437283396721,0.29575592279434204,0.011878576129674911,0.704244077205658,6,0.903644323348999,26,"medium"
0.03417205810546875,"person",38829,True,0.7481577396392822,0.008499850519001484,0.0039052183274179697,0.17300941050052643,0.006018942221999168,0.18150927126407623,0.0058701555244624615,0.818490743637085,7,0.8287563920021057,26,"medium"
0.02999114990234375,"bicycle",38829,True,0.16152192652225494,0.11018189787864685,0.03998800367116928,0.6938670873641968,0.01897655427455902,0.8036691546440125,0.020442668348550797,0.19633087515830994,8,0.0,26,"small"
0.02500152587890625,"wall-other-merged",38829,False,0.00012836256064474583,0.0074778953567147255,0.0008567124023102224,0.9921112060546875,0.008514082990586758,0.9995879530906677,0.00798526406288147,0.0004120336379855871,9,0.0,26,"small"
0.02677154541015625,"tree-merged",38829,False,0.6054009795188904,0.18307198584079742,0.06604035198688507,0.16365063190460205,0.004430800210684538,0.3391352891921997,0.00854598730802536,0.6608646512031555,10,0.6565973162651062,26,"small"
0.01889801025390625,"pavement-merged",38829,False,0.2039474993944168,0.035780247300863266,0.0046993037685751915,0.5325747132301331,0.005207054316997528,0.5683540105819702,0.005172630771994591,0.43164604902267456,11,0.0,26,"small"
0.01921844482421875,"stairs",38829,False,0.3638930320739746,0.02342277206480503,0.0026023078244179487,0.05168568342924118,0.00042737278272397816,0.07411918044090271,0.0005708147655241191,0.9258808493614197,12,0.20325526595115662,26,"small"
0.01056671142578125,"person",38829,True,0.6297028064727783,0.035193540155887604,0.00572703592479229,0.3637624680995941,0.004366645123809576,0.398560494184494,0.0044564721174538136,0.6014396548271179,13,0.9241877198219299,26,"small"
0.01154327392578125,"motorcycle",38829,True,0.5332547426223755,0.3103242814540863,0.04176190122961998,0.016883863136172295,0.00016778759891167283,0.32720500230789185,0.0030286095570772886,0.6727949380874634,14,0.7614011764526367,26,"small"
0.004547119140625,"person",38829,True,0.9234761595726013,0.14800740778446198,0.016339212656021118,0.3814978003501892,0.003084865165874362,0.4405030608177185,0.0033211801201105118,0.559497058391571,15,1.0,26,"tiny"
0.0068359375,"backpack",38829,True,0.5796942114830017,0.06805690377950668,0.004286989104002714,0.006605254951864481,3.057459616684355e-05,0.07466214150190353,0.00032194089726544917,0.9253379106521606,16,0.7142857313156128,26,"tiny"
0.00298309326171875,"person",38829,True,0.0029320723842829466,0.0014844854595139623,0.000226643358473666,0.9980364441871643,0.011144776828587055,0.9991573691368103,0.01040195394307375,0.0008426707936450839,17,0.0,26,"tiny"
0.001953125,"grass-merged",38829,False,0.8755190372467041,0.034278351813554764,0.0015029847854748368,0.39207491278648376,0.0012566334335133433,0.4263532757759094,0.0012734144693240523,0.5736466646194458,18,1.0,26,"tiny"
0.2222890853881836,"umbrella",40083,True,0.9706698060035706,0.0063985129818320274,0.0053395843133330345,0.07820501923561096,0.03714052587747574,0.08363068848848343,0.02532017044723034,0.9163692593574524,0,0.9873695373535156,27,"large"
0.14580917358398438,"building-other-merged",40083,False,0.788780927658081,0.08484277874231339,0.05087514966726303,0.2400158941745758,0.07084892690181732,0.32023361325263977,0.0634298324584961,0.6797663569450378,1,0.9094524383544922,27,"large"
0.10632610321044922,"pavement-merged",40083,False,0.5818151235580444,0.13232071697711945,0.04086838662624359,0.16600202023983002,0.02356986328959465,0.2901369631290436,0.02829269878566265,0.7098629474639893,2,0.7545183300971985,27,"large"
0.0917654037475586,"tree-merged",40083,False,0.9046823382377625,0.07126518338918686,0.025144396349787712,0.09485868364572525,0.015082786791026592,0.1660872995853424,0.01820509321987629,0.8339126706123352,3,0.9258493185043335,27,"medium"
0.042362213134765625,"road",40083,False,0.8777141571044922,0.07660865038633347,0.01887775957584381,0.39774295687675476,0.0408821739256382,0.4652283489704132,0.03377755731344223,0.5347716808319092,4,0.9495722651481628,27,"medium"
0.03880023956298828,"car",40083,True,0.883673369884491,0.024608276784420013,0.0033113255631178617,0.07512842863798141,0.004199143033474684,0.0969439446926117,0.0038292917888611555,0.9030560851097107,5,0.90569007396698,27,"medium"
0.027556419372558594,"chair",40083,True,0.520664632320404,0.1647907793521881,0.014056749641895294,0.2667842507362366,0.009290437214076519,0.40387386083602905,0.00999594945460558,0.5961260795593262,6,0.822806715965271,27,"small"
0.023858070373535156,"tent",40083,False,0.01140771433711052,0.07804272323846817,0.002618134953081608,0.8933742642402649,0.012177849188446999,0.9712469577789307,0.009418181143701077,0.02875302918255329,7,0.0,27,"small"
0.011180877685546875,"wall-stone",40083,False,0.6308926343917847,0.15233424305915833,0.0076294029131531715,0.351889431476593,0.007035537157207727,0.5008310079574585,0.007157446350902319,0.4991689622402191,8,0.7851415872573853,27,"small"
0.009171485900878906,"bicycle",40083,True,0.5413380265235901,0.027542702853679657,0.0005354464519768953,0.0711616724729538,0.0005506789893843234,0.09487614035606384,0.0005252411938272417,0.9051238298416138,9,0.6388686895370483,27,"tiny"
0.001953125,"car",40083,True,0.0073385946452617645,0.8374783992767334,0.021174727007746696,0.1605125367641449,0.0015995495487004519,0.9979909062385559,0.007133630570024252,0.0020091296173632145,11,0.0,27,"tiny"
0.55615234375,"bus",42070,True,0.9693487882614136,0.011004301719367504,0.05663266032934189,0.04485257714986801,0.07593747228384018,0.05282312631607056,0.06773808598518372,0.9471769332885742,0,0.984196662902832,28,"large"
0.13134765625,"sky-other-merged",42070,False,0.8929080963134766,0.011755991727113724,0.014241904020309448,0.11832010000944138,0.020885495468974113,0.124649278819561,0.019226083531975746,0.8753505945205688,1,0.9572490453720093,28,"large"
0.126953125,"road",42070,False,0.9330160021781921,0.012565648183226585,0.016415711492300034,0.17166461050510406,0.032446715980768204,0.1801781952381134,0.02981794811785221,0.8198217153549194,2,0.9307692050933838,28,"large"
0.048583984375,"pavement-merged",42070,False,0.8546088933944702,0.024211585521697998,0.010997124016284943,0.1527620404958725,0.009118601679801941,0.17345523834228516,0.009158221073448658,0.8265448212623596,3,0.8643215894699097,28,"medium"
0.01513671875,"tree-merged",42070,False,0.8755232095718384,0.08492543548345566,0.014554324559867382,0.2858492434024811,0.006186686921864748,0.3007911443710327,0.005788708105683327,0.6992087960243225,4,1.0,28,"small"
0.014404296875,"grass-merged",42070,False,0.5551587343215942,0.06330341845750809,0.005463383160531521,0.10240379720926285,0.0011161367874592543,0.16220752894878387,0.001570887048728764,0.8377924561500549,5,0.6101694703102112,28,"small"
0.00048828125,"building-other-merged",42070,False,0.1002754271030426,0.526650071144104,0.007170015946030617,0.4733501076698303,0.0008013449260033667,0.9674817323684692,0.0014574414817616343,0.032518334686756134,6,0.0,28,"tiny"
0.0009765625,"car",42070,True,0.31213250756263733,0.010096622630953789,3.0489572964143008e-05,0.07720872014760971,2.9024031391600147e-05,0.08730533719062805,2.918627069448121e-05,0.9126947522163391,7,0.0,28,"tiny"
0.332794189453125,"snow",43314,False,0.9681402444839478,0.105879046022892,0.15704014897346497,0.1132829338312149,0.1196029782295227,0.21807187795639038,0.1346750110387802,0.7819280624389648,0,0.9937872290611267,29,"large"
0.27230072021484375,"mountain-merged",43314,False,0.782229483127594,0.1597311645746231,0.15752100944519043,0.06563197821378708,0.03981197997927666,0.22252291440963745,0.08377572149038315,0.7774770855903625,1,0.8755148649215698,29,"large"
0.06932830810546875,"sky-other-merged",43314,False,0.8685491681098938,0.3099912703037262,0.1096254363656044,0.07739158719778061,0.011639432050287724,0.38709011673927307,0.04086241498589516,0.6129098534584045,2,0.9296797513961792,29,"medium"
0.02918243408203125,"person",43314,True,0.8098007440567017,0.11435417085886002,0.013477228581905365,0.16736699640750885,0.007905875332653522,0.27822035551071167,0.00938310194760561,0.721779465675354,3,0.9330719113349915,29,"small"
0.02051544189453125,"skis",43314,True,0.40577003359794617,0.0637383982539177,0.002477866131812334,0.19488810002803802,0.0029965341091156006,0.2292073518037796,0.002527284901589155,0.7707927227020264,4,0.4284120500087738,29,"small"
0.18201446533203125,"person",44279,True,0.92966228723526,0.011192766949534416,0.006815832573920488,0.0661110058426857,0.02343044988811016,0.07685799151659012,0.01722288876771927,0.9231420755386353,0,0.9946346879005432,30,"large"
0.1435546875,"ceiling-merged",44279,False,0.5295338034629822,0.03254856914281845,0.013752731494605541,0.36976566910743713,0.08467035740613937,0.4023142158985138,0.05974532663822174,0.597685694694519,1,0.9727891087532043,30,"large"
0.08965301513671875,"shelf",44279,False,0.39513158798217773,0.3761058747768402,0.09508555382490158,0.15843208134174347,0.019773727282881737,0.5344985127449036,0.04468122869729996,0.4655015468597412,2,0.5711003541946411,30,"medium"
0.0664520263671875,"person",44279,True,0.6752890348434448,0.06861431896686554,0.011465839110314846,0.04224122688174248,0.0033552092500030994,0.1078748106956482,0.005812401417642832,0.8921250700950623,3,0.818599283695221,30,"medium"
0.0574951171875,"wall-other-merged",44279,False,0.11902346462011337,0.12427929043769836,0.01628480851650238,0.7090264558792114,0.04356885701417923,0.8265003561973572,0.03458792343735695,0.17349961400032043,4,0.21417197585105896,30,"medium"
0.04296112060546875,"oven",44279,True,0.3880298435688019,0.6878928542137146,0.13368567824363708,0.027233731001615524,0.0024270121939480305,0.7150322794914246,0.0437060184776783,0.2849676311016083,5,0.7583022713661194,30,"medium"
0.03497314453125,"paper-merged",44279,False,0.43477892875671387,0.19938111305236816,0.017206935212016106,0.2154550552368164,0.008428850211203098,0.4146677255630493,0.011162500828504562,0.5853323340415955,6,0.49694588780403137,30,"medium"
0.02099609375,"oven",44279,True,0.02700657583773136,0.5684134364128113,0.020433764904737473,0.37918511033058167,0.006051885895431042,0.9475985765457153,0.010473820380866528,0.05240140110254288,7,0.09302325546741486,30,"small"
0.014892578125,"counter",44279,False,0.15160785615444183,0.5059825778007507,0.018291980028152466,0.2865716218948364,0.004558393731713295,0.7925155162811279,0.008754481561481953,0.20748434960842133,8,0.8524590134620667,30,"small"
0.01171875,"light",44279,False,0.6948564052581787,0.012145252898335457,0.00048544909805059433,0.3110582232475281,0.005445425398647785,0.3232034742832184,0.003934718668460846,0.6767964959144592,9,0.5833333134651184,30,"small"
0.00844573974609375,"floor-other-merged",44279,False,0.7912513613700867,0.09955809265375137,0.002538319444283843,0.05100362002849579,0.0005665582139045,0.12923429906368256,0.0010002582566812634,0.870765745639801,10,1.0,30,"tiny"
0.00608062744140625,"cardboard",44279,False,0.002139942953363061,0.05959215760231018,0.0007720106514170766,0.9371567368507385,0.005272450391203165,0.9966631531715393,0.003910322207957506,0.0033368391450494528,11,0.0,30,"tiny"
0.0068206787109375,"food-other-merged",44279,False,0.2919268310070038,0.12898293137550354,0.001070597441866994,0.07409920543432236,0.0002674649003893137,0.2030584216117859,0.0005108205950818956,0.7969416379928589,12,0.2863534688949585,30,"tiny"
0.0039825439453125,"bowl",44279,True,0.0003412004734855145,0.11605730652809143,0.0029986032750457525,0.8837679624557495,0.00988954957574606,0.9998253583908081,0.007807011716067791,0.00017471998580731452,13,0.0,30,"tiny"
0.001953125,"bowl",44279,True,0.0168423131108284,0.1420011818408966,0.003945016767829657,0.8540652394294739,0.010246449150145054,0.9960663318634033,0.00834594201296568,0.003933632280677557,14,0.0,30,"tiny"
0.00390625,"bowl",44279,True,5.1793318561976776e-05,0.4155728220939636,0.002867663512006402,0.5843296647071838,0.0017461561365053058,0.999902606010437,0.002085065469145775,9.740282985148951e-05,15,0.0,30,"tiny"
0.0029296875,"bowl",44279,True,0.010693763382732868,0.5812188982963562,0.0022438333835452795,0.3918211758136749,0.0006541436305269599,0.9730400443077087,0.0011340623022988439,0.02696000039577484,16,0.0,30,"tiny"
0.0009765625,"bowl",44279,True,0.003726986236870289,0.5845164656639099,0.0011819193605333567,0.4095037579536438,0.00035708071663975716,0.9940202832221985,0.0006056082202121615,0.005979785695672035,17,0.0,30,"tiny"
4.57763671875e-05,"bowl",44279,True,0.011819136328995228,0.6003337502479553,0.0013777513522654772,0.39888322353363037,0.00039424170972779393,0.9992169141769409,0.0006903015892021358,0.0007831912953406572,18,0.0,30,"tiny"
0.0005035400390625,"knife",44279,True,6.0231359384488314e-06,0.8948424458503723,0.003203519620001316,0.10515464842319489,0.00016223048442043364,0.999997079372406,0.0010781504679471254,2.8144579573563533e-06,19,0.0,30,"tiny"
0.32666015625,"sky-other-merged",50165,False,0.9769384860992432,0.009208361618220806,0.1470731645822525,0.034687262028455734,0.0176827572286129,0.04174169525504112,0.020645078271627426,0.958258330821991,0,0.9969637393951416,31,"large"
0.30242156982421875,"grass-merged",50165,False,0.9047996997833252,0.009289128705859184,0.12879326939582825,0.04630785435438156,0.01974567398428917,0.05350719019770622,0.022175172343850136,0.9464927911758423,1,0.9595852494239807,31,"large"
0.1917266845703125,"mountain-merged",50165,False,0.8867809176445007,0.030094429850578308,0.2920759618282318,0.13279764354228973,0.034042466431856155,0.15984484553337097,0.04002024978399277,0.8401551842689514,2,0.9323517680168152,31,"large"
0.0707855224609375,"train",50165,True,0.8526586294174194,0.00806005671620369,0.029883939772844315,0.21223510801792145,0.018052875995635986,0.21928924322128296,0.01824445091187954,0.780710756778717,3,0.9862039089202881,31,"medium"
0.0608062744140625,"tree-merged",50165,False,0.568903923034668,0.07585445046424866,0.16322512924671173,0.1591220498085022,0.007763335946947336,0.2290048599243164,0.010940197855234146,0.7709951400756836,4,0.6381430625915527,31,"medium"
0.02106475830078125,"railroad",50165,False,0.6414949297904968,0.007010226603597403,0.007343135308474302,0.3743038773536682,0.008528412319719791,0.38131365180015564,0.008507609367370605,0.6186863780021667,5,0.6954002380371094,31,"small"
0.00693511962890625,"building-other-merged",50165,False,0.7127200961112976,0.004691921640187502,0.001571770990267396,0.2876991033554077,0.002066810615360737,0.292372465133667,0.0020564922597259283,0.707627534866333,6,0.8448845148086548,31,"tiny"
0.00202178955078125,"roof",50165,False,0.46044257283210754,0.002285434165969491,0.0002550720237195492,0.5983278751373291,0.0014248904772102833,0.599974513053894,0.0013990573352202773,0.4000254273414612,7,0.4830188751220703,31,"tiny"
0.37744140625,"grass-merged",51309,False,0.8401688933372498,0.02787735126912594,0.13516683876514435,0.09011116623878479,0.05855515971779823,0.11514265835285187,0.0662824958562851,0.8848574161529541,0,0.9542367458343506,32,"large"
0.13848876953125,"sky-other-merged",51309,False,0.9345844984054565,0.0029660947620868683,0.005643412470817566,0.0789232850074768,0.014078110456466675,0.07965176552534103,0.013002157211303711,0.9203482866287231,1,0.9590128064155579,32,"large"
0.134033203125,"horse",51309,True,0.7833495140075684,0.02369627356529236,0.03880280628800392,0.11228523403406143,0.01712799444794655,0.1325175017118454,0.018521631136536598,0.8674824237823486,2,0.9139344096183777,32,"large"
0.11041259765625,"tree-merged",51309,False,0.8894802331924438,0.010552152059972286,0.017753133550286293,0.20673714578151703,0.03146865963935852,0.210237056016922,0.02938859350979328,0.7897629737854004,3,0.9220563769340515,32,"large"
0.066650390625,"horse",51309,True,0.468165785074234,0.051765166223049164,0.02595680207014084,0.10715144872665405,0.0046185581013560295,0.15809203684329987,0.006277741398662329,0.8419079184532166,4,0.6263736486434937,32,"medium"
0.05938720703125,"horse",51309,True,0.7201079726219177,0.13623228669166565,0.11024113744497299,0.1552474945783615,0.010688221082091331,0.2850055694580078,0.01812301017343998,0.7149944305419922,5,0.8776978254318237,32,"medium"
0.02178955078125,"wall-other-merged",51309,False,0.0789601057767868,0.08392602950334549,0.030558522790670395,0.8527276515960693,0.025364410132169724,0.9360712766647339,0.02575351484119892,0.06392873823642731,6,0.0,32,"small"
0.02264404296875,"house",51309,False,0.659960925579071,0.007923646830022335,0.001717756618745625,0.06463489681482315,0.0011461442336440086,0.06736554205417633,0.0011044491548091173,0.9326345324516296,7,0.13746631145477295,32,"small"
0.2890625,"pavement-merged",52007,False,0.5592488050460815,0.0668780580163002,0.19880977272987366,0.22277402877807617,0.07928641885519028,0.2860824167728424,0.09111889451742172,0.71391761302948,0,0.8682432174682617,33,"large"
0.2265625,"bus",52007,True,0.9517470002174377,0.031276773661375046,0.09942708909511566,0.07994841039180756,0.027745015919208527,0.10950375348329544,0.034283190965652466,0.8904962539672852,1,0.9612069129943848,33,"large"
0.189453125,"sky-other-merged",52007,False,0.9500282406806946,0.0026411002036184072,0.006710072513669729,0.06731951236724854,0.017740262672305107,0.06996060907840729,0.016703691333532333,0.9300393462181091,2,0.969072163105011,33,"large"
0.10888671875,"flower",52007,False,0.8664382696151733,0.0035441506188362837,0.0047104861587285995,0.06642411649227142,0.008246839046478271,0.06811072677373886,0.007738037034869194,0.9318892955780029,3,0.8878923654556274,33,"large"
0.06103515625,"building-other-merged",52007,False,0.5477641820907593,0.0803149864077568,0.04520745575428009,0.14887027442455292,0.007393733598291874,0.22023171186447144,0.010056309401988983,0.7797682285308838,4,0.6480000019073486,33,"medium"
0.0166015625,"person",52007,True,0.842779278755188,0.01782163977622986,0.004605044145137072,0.27132168412208557,0.005886397324502468,0.28914332389831543,0.0057871462777256966,0.7108566164970398,5,0.8235294222831726,33,"small"
0.01171875,"person",52007,True,0.642903208732605,0.09149912744760513,0.01905168779194355,0.43347665667533875,0.007537545636296272,0.5249757766723633,0.008424999192357063,0.47502419352531433,6,0.75,33,"small"
0.01123046875,"tree-merged",52007,False,0.4083271026611328,0.0018043981399387121,0.0001890924177132547,0.42469730973243713,0.0037128229159861803,0.42552682757377625,0.003435328369960189,0.5744730830192566,7,0.52173912525177,33,"small"
0.00634765625,"road",52007,False,0.0005273065762594342,0.0017573866061866283,0.0003565779188647866,0.9980992674827576,0.01680457778275013,0.9997833967208862,0.015550816431641579,0.00021656826720573008,8,0.0,33,"tiny"
0.0048828125,"person",52007,True,0.00035989214666187763,0.0332413911819458,0.00160975253675133,0.966282308101654,0.0038787247613072395,0.9995235800743103,0.003705044277012348,0.0004763956821989268,9,0.0,33,"tiny"
0.28857421875,"dirt-merged",53624,False,0.6950922012329102,0.01891116425395012,0.06854505836963654,0.45429879426956177,0.2802770733833313,0.4675104022026062,0.24754294753074646,0.532489538192749,0,0.8693158030509949,34,"large"
0.16750335693359375,"water-other",53624,False,0.850253701210022,0.006292480975389481,0.009685377590358257,0.10715016722679138,0.023468228057026863,0.10967928916215897,0.021075008437037468,0.8903206586837769,1,0.8713732361793518,34,"large"
0.14159393310546875,"grass-merged",53624,False,0.37493428587913513,0.11703603714704514,0.08416817337274551,0.1773405224084854,0.01751231588423252,0.28970208764076233,0.025224240496754646,0.7102979421615601,2,0.21725308895111084,34,"large"
0.09752655029296875,"elephant",53624,True,0.9010465741157532,0.017362356185913086,0.015604468993842602,0.0503636933863163,0.005874610505998135,0.05919671803712845,0.006126810796558857,0.9408032894134521,3,0.9432840347290039,34,"medium"
0.09372711181640625,"rock-merged",53624,False,0.8690968751907349,0.011576659046113491,0.009980433620512486,0.08941595256328583,0.00996374525129795,0.09084835648536682,0.008981630206108093,0.9091516733169556,4,0.9318681359291077,34,"medium"
0.05403900146484375,"pavement-merged",53624,False,0.5442314743995667,0.007943256758153439,0.004390927962958813,0.48295679688453674,0.03293212875723839,0.4880797564983368,0.029641911387443542,0.5119202733039856,5,0.4142312705516815,34,"medium"
0.05510711669921875,"fence-merged",53624,False,0.20142295956611633,0.6502681374549866,0.21788527071475983,0.03105662390589714,0.0012850837083533406,0.6812499761581421,0.02510673739016056,0.3187500834465027,6,0.4142323136329651,34,"medium"
0.00048828125,"person",53624,True,0.14835119247436523,0.501308798789978,0.008472361601889133,0.4986911714076996,0.0009775044163689017,0.9587588310241699,0.001684812712483108,0.04124116897583008,7,0.0,34,"tiny"
0.00244140625,"person",53624,True,0.003806748893111944,0.3672982156276703,0.00012621986388694495,0.37247347831726074,1.4885964446875732e-05,0.7397716641426086,2.6484945919946767e-05,0.2602282464504242,8,0.0,34,"tiny"
0.00146484375,"person",53624,True,0.1539761871099472,0.2564937174320221,0.02314274199306965,0.7194530963897705,0.007541174069046974,0.9759467244148254,0.00916498526930809,0.024053364992141724,9,1.0,34,"tiny"
0.34017181396484375,"person",54654,True,0.8654511570930481,0.023190898820757866,0.0745619535446167,0.04411209002137184,0.024723248556256294,0.06650619208812714,0.03178781643509865,0.9334938526153564,0,0.929508626461029,35,"large"
0.1724395751953125,"wall-other-merged",54654,False,0.573889434337616,0.06076052039861679,0.08809562027454376,0.24632540345191956,0.047870006412267685,0.3041709065437317,0.05227337405085564,0.6958291530609131,1,0.7839129567146301,35,"large"
0.1624603271484375,"oven",54654,True,0.7589613795280457,0.04721519351005554,0.06466160714626312,0.03493297100067139,0.006346319802105427,0.08214817196130753,0.013176101259887218,0.9178518652915955,2,0.9879778623580933,35,"large"
0.053009033203125,"paper-merged",54654,False,0.9573023319244385,0.017994696274399757,0.01574566587805748,0.3911502957344055,0.03952891752123833,0.4087749719619751,0.03704969957470894,0.5912249684333801,3,0.9749568104743958,35,"medium"
0.0507049560546875,"wall-wood",54654,False,0.6627740859985352,0.031443625688552856,0.01460200920701027,0.23121319711208344,0.0123645244166255,0.26225510239601135,0.012584398500621319,0.7377448678016663,4,0.7515798807144165,35,"medium"
0.03920745849609375,"cabinet-merged",54654,False,0.0282437726855278,0.23486477136611938,0.007189462427049875,0.4960085451602936,0.0017214646795764565,0.6312065720558167,0.001972650410607457,0.36879339814186096,5,0.037361353635787964,35,"medium"
0.0390625,"window-other",54654,False,0.586961567401886,0.018720446154475212,0.004842888098210096,0.0777304396033287,0.0022859966848045588,0.09645088016986847,0.0025470005348324776,0.9035490155220032,6,0.6000000238418579,35,"medium"
0.037994384765625,"rug-merged",54654,False,0.8139591813087463,0.011721685528755188,0.004015830345451832,0.06803098320960999,0.0026461388915777206,0.07974745333194733,0.002785827498883009,0.9202525615692139,7,0.9248995780944824,35,"medium"
0.005859375,"table-merged",54654,False,0.33856189250946045,0.039603520184755325,0.0025398139841854572,0.6450474262237549,0.004528532270342112,0.6846508979797363,0.004332306794822216,0.3153490424156189,8,0.5,35,"tiny"
0.00450897216796875,"food-other-merged",54654,False,0.4620118737220764,0.0031089645344763994,0.0003158290928695351,0.7879074811935425,0.008747821673750877,0.7909430265426636,0.007917242124676704,0.20905694365501404,9,0.6497461795806885,35,"tiny"
0.375762939453125,"floor-wood",61418,False,0.7724918127059937,0.030516354367136955,0.16978242993354797,0.11132355034351349,0.06557286530733109,0.1345926821231842,0.0723201110959053,0.865407407283783,0,0.9313733577728271,36,"large"
0.18719482421875,"sky-other-merged",61418,False,0.9516705870628357,0.0065190913155674934,0.020376715809106827,0.05178279057145119,0.01292987447232008,0.05462036281824112,0.012663167901337147,0.9453796148300171,1,0.9723671078681946,36,"large"
0.09857177734375,"sea",61418,False,0.6032633781433105,0.08607720583677292,0.12183628976345062,0.21836695075035095,0.02211855910718441,0.3031424880027771,0.028696652501821518,0.6968574523925781,2,0.5653250813484192,36,"medium"
0.0367889404296875,"fence-merged",61418,False,0.6108293533325195,0.13924333453178406,0.1678982824087143,0.5572288036346436,0.04479416832327843,0.6908721923828125,0.0521405003964901,0.30912792682647705,3,0.8108668327331543,36,"medium"
0.0326995849609375,"chair",61418,True,0.8836895227432251,0.0324251614511013,0.030902646481990814,0.4884853661060333,0.03089478425681591,0.4970771372318268,0.029525894671678543,0.502922773361206,4,0.9104059934616089,36,"medium"
0.03369140625,"person",61418,True,0.7574335336685181,0.11711735278367996,0.06037421151995659,0.07116811722517014,0.002438577823340893,0.17888064682483673,0.005753139033913612,0.8211194276809692,5,0.8840579986572266,36,"medium"
0.0292205810546875,"person",61418,True,0.006613199599087238,0.17070691287517548,0.045061662793159485,0.8171610236167908,0.014281650073826313,0.9878572225570679,0.01619410142302513,0.012142755091190338,6,0.30078327655792236,36,"small"
0.0265045166015625,"wall-wood",61418,False,0.7258855700492859,0.044643908739089966,0.01617293804883957,0.11113708466291428,0.0026554870419204235,0.11908450722694397,0.0026716229040175676,0.8809154629707336,7,0.9631548523902893,36,"small"
0.022674560546875,"mountain-merged",61418,False,0.9099022746086121,0.039945635944604874,0.022982249036431313,0.39899685978889465,0.015065430663526058,0.4051830470561981,0.014380115084350109,0.5948169231414795,8,0.9670255780220032,36,"small"
0.02392578125,"chair",61418,True,0.3663853108882904,0.05272289738059044,0.014914141967892647,0.4347142279148102,0.008091035299003124,0.4859822690486908,0.00849109422415495,0.5140177607536316,9,0.2448979616165161,36,"small"
0.0220794677734375,"boat",61418,True,0.7501216530799866,0.009337816387414932,0.004294905811548233,0.395751029253006,0.011953853070735931,0.4027104377746582,0.011418912559747696,0.597289502620697,10,0.7961299419403076,36,"small"
0.01806640625,"boat",61418,True,0.629464328289032,0.015928257256746292,0.0032474701292812824,0.05888133868575096,0.0007848513778299093,0.07479291409254074,0.0009362294222228229,0.9252070188522339,11,0.7027027010917664,36,"small"
0.0095977783203125,"person",61418,True,0.008752391673624516,0.40953126549720764,0.09202399849891663,0.5855029821395874,0.008519629016518593,0.993799090385437,0.013593400828540325,0.006200922653079033,12,0.0,36,"tiny"
0.0098114013671875,"chair",61418,True,0.001921673770993948,0.0399494506418705,0.008287753909826279,0.9593571424484253,0.01289027463644743,0.9984924793243408,0.012611884623765945,0.0015075008850544691,13,0.0,36,"tiny"
0.0065765380859375,"chair",61418,True,0.0041043926030397415,0.08052566647529602,0.0052168057300150394,0.9129438996315002,0.003819360863417387,0.9930889010429382,0.0039043717551976442,0.006911125499755144,14,0.0,36,"tiny"
0.005859375,"person",61418,True,0.010418891906738281,0.3641595244407654,0.046719107776880264,0.6279474496841431,0.005200854502618313,0.9921069741249084,0.007718637585639954,0.007893013767898083,15,0.0,36,"tiny"
0.00347900390625,"chair",61418,True,0.06260348111391068,0.03386472538113594,0.003531045513227582,0.9329434633255005,0.006260359194129705,0.9653527140617371,0.0060895103961229324,0.034647393971681595,16,0.0,36,"tiny"
0.00537109375,"person",61418,True,0.00025738144177012146,0.4786522090435028,0.02866545505821705,0.5210424065589905,0.002011312870308757,0.9996171593666077,0.0036285948008298874,0.0003828900516964495,17,0.0,36,"tiny"
0.0023193359375,"chair",61418,True,0.008387572132050991,0.07210377603769302,0.0009837872348725796,0.9107876420021057,0.0007987506105564535,0.9763500094413757,0.000804978481028229,0.023649917915463448,18,0.0,36,"tiny"
0.3304443359375,"dining table",62554,True,0.7364712357521057,0.0049003856256604195,0.7500985860824585,0.5504111051559448,0.44569140672683716,0.5508846640586853,0.4458308815956116,0.4491153955459595,0,0.9845770001411438,37,"large"
0.284271240234375,"broccoli",62554,True,0.5918231010437012,0.0005117249675095081,0.024992214515805244,0.02664206363260746,0.0064629786647856236,0.02691980078816414,0.006502787582576275,0.9730802178382874,1,0.8622651696205139,37,"large"
0.149688720703125,"wall-other-merged",62554,False,0.4035505950450897,0.0013264690060168505,0.026266954839229584,0.13723862171173096,0.011356054805219173,0.1382794976234436,0.011399886570870876,0.8617204427719116,2,0.28053006529808044,37,"large"
0.11114501953125,"bowl",62554,True,0.4343750476837158,0.0020330199040472507,0.03163553774356842,0.12154501676559448,0.007562772370874882,0.1235780343413353,0.007658646907657385,0.8764218688011169,3,0.07029104977846146,37,"large"
0.074188232421875,"bowl",62554,True,0.6498912572860718,0.011553263291716576,0.20505143702030182,0.2325334995985031,0.015814684331417084,0.23262162506580353,0.015786781907081604,0.7673783302307129,4,0.6684492230415344,37,"medium"
0.045013427734375,"bowl",62554,True,0.8478586673736572,0.007221187464892864,0.15114152431488037,0.48207414150238037,0.037513915449380875,0.48491090536117554,0.03762252256274223,0.5150890350341797,5,0.5206779837608337,37,"medium"
0.0048828125,"fork",62554,True,0.38347816467285156,0.010095901787281036,0.013576926663517952,0.596583902835846,0.002864240203052759,0.6066798567771912,0.0029023499228060246,0.3933202028274536,6,0.4000000059604645,37,"tiny"
0.70654296875,"fence-merged",64495,False,0.41702577471733093,0.04458670690655708,0.30193328857421875,0.23740360140800476,0.4161779582500458,0.2813720703125,0.3931278586387634,0.7186279892921448,0,0.969592273235321,38,"large"
0.09375,"gravel",64495,False,0.7060829997062683,0.03457183390855789,0.052563536912202835,0.24635490775108337,0.026816196739673615,0.28092673420906067,0.02853638306260109,0.7190732359886169,1,0.3020833432674408,38,"medium"
0.076171875,"parking meter",64495,True,0.9342495799064636,0.27039581537246704,0.5438041687011719,0.14773674309253693,0.0208269152790308,0.41558247804641724,0.05477726086974144,0.5844175815582275,2,0.9871794581413269,38,"medium"
0.03662109375,"rock-merged",64495,False,0.005039169918745756,0.02975240908563137,0.000949075270909816,0.881291389465332,0.0018842910649254918,0.9044523239135742,0.0018132546683773398,0.09554766118526459,3,0.0,38,"medium"
0.02734375,"pavement-merged",64495,False,0.6637691855430603,0.02698904275894165,0.00921773910522461,0.09531017392873764,0.002160832053050399,0.12229923158884048,0.0026001175865530968,0.8777008056640625,4,0.7142857313156128,38,"small"
0.3896484375,"bed",66523,True,0.9935308694839478,0.03665686398744583,0.9352664351463318,0.2406802475452423,0.2187669426202774,0.27733710408210754,0.2434145212173462,0.7226628661155701,0,1.0,39,"large"
0.341796875,"curtain",66523,False,0.31283560395240784,0.005631756968796253,0.03205537423491478,0.09964481741189957,0.018688291311264038,0.10527657717466354,0.019114689901471138,0.8947234749794006,1,0.3199999928474426,39,"large"
0.17724609375,"wall-other-merged",66523,False,0.8369154334068298,0.0037271915934979916,0.02734880894422531,0.035837944597005844,0.00688225356861949,0.03714022785425186,0.006954562850296497,0.9628597497940063,2,0.9531680345535278,39,"large"
0.0654296875,"blanket",66523,False,0.13855695724487305,0.00014819111675024033,6.518553709611297e-05,0.018249284476041794,0.00018448862829245627,0.01839747652411461,0.0001818083692342043,0.9816024303436279,3,0.05970149114727974,39,"medium"
0.00537109375,"ceiling-merged",66523,False,0.8944275379180908,0.04124046862125397,0.030412757769227028,0.6800265908241272,0.010808954015374184,0.6897317171096802,0.010737170465290546,0.3102681338787079,4,0.8181818127632141,39,"tiny"
0.443359375,"wall-stone",67180,False,0.9267627596855164,0.02486836165189743,0.03761814907193184,0.045522212982177734,0.07529311627149582,0.06818460673093796,0.05401396378874779,0.9318153858184814,0,0.9548457860946655,40,"large"
0.1904296875,"person",67180,True,0.9332011938095093,0.03872796148061752,0.025691991671919823,0.044150132685899734,0.016449254006147385,0.08104874938726425,0.019360173493623734,0.918951153755188,1,0.971794843673706,40,"large"
0.0751953125,"bench",67180,True,0.8185291290283203,0.1305636167526245,0.03979641571640968,0.17785410583019257,0.024933619424700737,0.30727848410606384,0.02952217124402523,0.6927216053009033,2,0.8896104097366333,40,"medium"
0.0009765625,"grass-merged",67180,False,0.8283219337463379,0.9528711438179016,0.3148820698261261,0.03873160481452942,0.005273332819342613,0.9916026592254639,0.09561369568109512,0.008397327736020088,3,1.0,40,"tiny"
0.58837890625,"playingfield",68387,False,0.9821518063545227,0.0021069436334073544,0.49961331486701965,0.3755083978176117,0.8500543832778931,0.37612926959991455,0.8464096784591675,0.6238706707954407,0,0.9933609962463379,41,"large"
0.3447265625,"grass-merged",68387,False,0.8168200254440308,0.0015937562566250563,0.12492570281028748,0.07912826538085938,0.037140268832445145,0.08037412911653519,0.037556372582912445,0.9196258783340454,1,0.5439093708992004,41,"large"
0.01953125,"person",68387,True,0.7128351330757141,0.019688529893755913,0.08307153731584549,0.13557712733745575,0.002288154559209943,0.155265673995018,0.0026100012473762035,0.8447343111038208,2,0.800000011920929,41,"small"
0.01416015625,"person",68387,True,0.7737609148025513,0.030486905947327614,0.1435612291097641,0.3742307722568512,0.007006890140473843,0.4043503403663635,0.007544584106653929,0.595649778842926,3,0.9655172228813171,41,"small"
0.0146484375,"person",68387,True,0.6336556077003479,0.00041077888454310596,0.0010431924602016807,0.06390725821256638,0.0006459522410295904,0.06431803852319717,0.0006475271075032651,0.9356818795204163,4,0.6000000238418579,41,"small"
0.0146484375,"person",68387,True,0.8696381449699402,0.0018415347440168262,0.006969568785279989,0.13648268580436707,0.0020558787509799004,0.13832423090934753,0.002075358061119914,0.8616757392883301,5,0.8666666746139526,41,"small"
0.00146484375,"baseball glove",68387,True,0.015547274611890316,0.015428226441144943,0.0006051214295439422,0.8359237909317017,0.00012876332039013505,0.8513520359992981,0.00013062682410236448,0.1486479789018631,7,0.0,41,"tiny"
0.24427032470703125,"zebra",70158,True,0.9025934338569641,0.06419391930103302,0.03139843791723251,0.019786931574344635,0.017898429185152054,0.08194301277399063,0.026039864867925644,0.9180569052696228,0,1.0,42,"large"
0.1434326171875,"zebra",70158,True,0.8340997099876404,0.04214632883667946,0.011251583695411682,0.04514358565211296,0.016186704859137535,0.08728992193937302,0.01335782092064619,0.9127100706100464,1,0.9496276378631592,42,"large"
0.12206268310546875,"zebra",70158,True,0.936477780342102,0.07886971533298492,0.023150170221924782,0.1285904496908188,0.04780052229762077,0.2068461924791336,0.03395525738596916,0.793153703212738,2,0.9777486324310303,42,"large"
0.3548431396484375,"building-other-merged",72281,False,0.8531340956687927,0.04520345851778984,0.11293792724609375,0.31692832708358765,0.3245401978492737,0.35678398609161377,0.2602776885032654,0.6432159543037415,0,0.9136314988136292,43,"large"
0.152923583984375,"pavement-merged",72281,False,0.8530601859092712,0.01397147960960865,0.012792129069566727,0.23645678162574768,0.06172098591923714,0.24364621937274933,0.04960966110229492,0.7563537359237671,1,0.8347136378288269,43,"large"
0.08507537841796875,"table-merged",72281,False,0.9440955519676208,0.009782546199858189,0.006163923069834709,0.31761297583580017,0.0518103763461113,0.3233160972595215,0.04194459691643715,0.6766838431358337,2,0.9196484684944153,43,"medium"
0.08858489990234375,"wall-brick",72281,False,0.6182882785797119,0.01711471937596798,0.007757134735584259,0.34482187032699585,0.04068738594651222,0.35850921273231506,0.03358493000268936,0.6414907574653625,3,0.39686504006385803,43,"medium"
0.0425872802734375,"sky-other-merged",72281,False,0.7196483016014099,0.09025904536247253,0.020972393453121185,0.20967552065849304,0.011932500638067722,0.2998127043247223,0.01370682381093502,0.7001872062683105,4,0.704227864742279,43,"medium"
0.03564453125,"wall-other-merged",72281,False,0.02340337075293064,0.046653732657432556,0.006401923019438982,0.9223884344100952,0.0307074673473835,0.9677284955978394,0.025939952582120895,0.032271452248096466,5,0.0,43,"medium"
0.02756500244140625,"roof",72281,False,0.5659506320953369,0.012730870395898819,0.0030187175143510103,0.6482099294662476,0.036872100085020065,0.6507443785667419,0.029891176149249077,0.34925565123558044,6,0.4251314699649811,43,"small"
0.02880859375,"skateboard",72281,True,0.9650586843490601,0.0825284793972969,0.016264844685792923,0.1793736219406128,0.008501664735376835,0.2511395215988159,0.009600304998457432,0.7488605380058289,7,1.0,43,"small"
0.36224365234375,"dining table",74733,True,0.887453019618988,0.19838903844356537,0.4171876013278961,0.16105559468269348,0.20019669830799103,0.35681551694869995,0.27964016795158386,0.6431844234466553,0,0.9476305842399597,44,"large"
0.07897567749023438,"pizza",74733,True,0.9605964422225952,0.24806424975395203,0.12719577550888062,0.13830341398715973,0.024617575109004974,0.37751495838165283,0.04995379596948624,0.6224850416183472,1,0.8778920769691467,44,"medium"
0.0728759765625,"cup",74733,True,0.9017852544784546,0.26554545760154724,0.12032952904701233,0.12611377239227295,0.01969085820019245,0.38982102274894714,0.04528534412384033,0.6101790070533752,2,0.9734610319137573,44,"medium"
0.041133880615234375,"cup",74733,True,0.4795439839363098,0.5591732859611511,0.11288099735975266,0.030585654079914093,0.0020338569302111864,0.5888911485671997,0.02946784533560276,0.4111088216304779,3,0.7359732985496521,44,"medium"
0.0382080078125,"floor-other-merged",74733,False,0.6271263360977173,0.10021891444921494,0.016293086111545563,0.2809533476829529,0.014988930895924568,0.3799041509628296,0.01526312530040741,0.6200958490371704,4,0.8178913593292236,44,"medium"
0.024135589599609375,"dining table",74733,True,0.7839104533195496,0.2317647784948349,0.028892850503325462,0.12970054149627686,0.005206167697906494,0.36146533489227295,0.010975316166877747,0.638534665107727,5,0.7572309374809265,44,"small"
0.020854949951171875,"cup",74733,True,0.5623635053634644,0.14455415308475494,0.02536018192768097,0.5747766494750977,0.03231976553797722,0.7187402248382568,0.030608611181378365,0.28125977516174316,6,0.24291202425956726,44,"small"
0.02227783203125,"cup",74733,True,0.9149143099784851,0.019060933962464333,0.0021611482370644808,0.2297685444355011,0.00836498849093914,0.24366171658039093,0.006715976167470217,0.7563382387161255,7,1.0,44,"small"
0.0205078125,"cup",74733,True,0.4312910735607147,0.047104910016059875,0.0048453654162585735,0.5911250710487366,0.01948247291147709,0.63823002576828,0.015930650755763054,0.36177000403404236,8,0.380952388048172,44,"small"
0.019733428955078125,"paper-merged",74733,False,0.09836210310459137,0.30800265073776245,0.004498700145632029,0.13289093971252441,0.0006209779530763626,0.44088536500930786,0.0015613886062055826,0.5591145753860474,9,0.10574135184288025,44,"small"
0.018901824951171875,"cup",74733,True,0.012497179210186005,0.016619710251688957,0.0008054882637225091,0.9633418321609497,0.014920334331691265,0.9794939756393433,0.011500638909637928,0.020506098866462708,10,0.0,44,"small"
0.017314910888671875,"chair",74733,True,0.7504140734672546,0.0893646702170372,0.012389189563691616,0.5230158567428589,0.02312406711280346,0.6056814789772034,0.02030971832573414,0.3943185806274414,11,0.5487992763519287,44,"small"
0.015522003173828125,"chair",74733,True,0.01672753319144249,0.12341031432151794,0.005939318798482418,0.8543974757194519,0.013081993907690048,0.9773014187812805,0.01135545689612627,0.022698521614074707,12,0.0,44,"small"
0.00872802734375,"cup",74733,True,0.14363236725330353,0.8111162185668945,0.0335867702960968,0.061629023402929306,0.0008048172458074987,0.872624397277832,0.00866396352648735,0.12737563252449036,13,0.559440553188324,44,"tiny"
0.001953125,"cup",74733,True,0.0431218221783638,0.05142549052834511,0.0013539270730689168,0.935115396976471,0.007695858832448721,0.9865409731864929,0.006185544189065695,0.013459019362926483,14,0.0,44,"tiny"
0.001953125,"cup",74733,True,0.004444020800292492,0.4065350890159607,0.01538106333464384,0.5924995541572571,0.007007311563938856,0.9990347623825073,0.009001500904560089,0.0009652079315856099,15,0.0,44,"tiny"
0.55224609375,"laptop",78420,True,0.8893373012542725,0.001618328969925642,0.05664363503456116,0.008274314925074577,0.00944740604609251,0.009061242453753948,0.010029994882643223,0.9909388422966003,0,0.9805482029914856,45,"large"
0.17041015625,"floor-other-merged",78420,False,0.8908876776695251,0.02387918531894684,0.2999812364578247,0.12387224286794662,0.026974331587553024,0.1465546190738678,0.03142525255680084,0.8534454107284546,1,0.8939828276634216,45,"large"
0.1552734375,"cat",78420,True,0.940529465675354,0.023204484954476357,0.2566424608230591,0.04430386424064636,0.008353950455784798,0.06750835478305817,0.012516013346612453,0.9324916005134583,2,0.9685534834861755,45,"large"
0.0537109375,"curtain",78420,False,0.7548213601112366,0.0053850095719099045,0.019584445282816887,0.21146182715892792,0.011676735244691372,0.2127475142478943,0.011578000150620937,0.7872524857521057,3,0.7454545497894287,45,"medium"
0.03173828125,"chair",78420,True,0.9453517198562622,0.03495549038052559,0.14152605831623077,0.46636003255844116,0.02798011526465416,0.4766553044319153,0.028222838416695595,0.5233446359634399,4,0.9076923131942749,45,"medium"
0.0244140625,"wall-other-merged",78420,False,0.9251965284347534,0.0007031850982457399,0.0012505955528467894,0.10236626863479614,0.002681367564946413,0.10306945443153381,0.00266060046851635,0.8969305753707886,5,0.9599999785423279,45,"small"
0.2299346923828125,"rock-merged",79144,False,0.9444219470024109,0.15333789587020874,0.07517076283693314,0.04956532642245293,0.06299902498722076,0.20290321111679077,0.07178287953138351,0.7970967888832092,0,1.0,46,"large"
0.141754150390625,"wall-wood",79144,False,0.7271049618721008,0.3041880428791046,0.08736205101013184,0.05466071143746376,0.02875937893986702,0.35420864820480347,0.06587006896734238,0.6457913517951965,1,0.9655543565750122,46,"large"
0.03228759765625,"bear",79144,True,0.8426482081413269,0.16761182248592377,0.010219785384833813,0.02944495528936386,0.0024217215832322836,0.19705677032470703,0.00689989048987627,0.8029432892799377,2,0.9697542786598206,46,"medium"
0.0322723388671875,"bear",79144,True,0.870011031627655,0.16011954843997955,0.010169591754674911,0.04438793286681175,0.003802630817517638,0.2045074850320816,0.007458908017724752,0.79549241065979,3,0.99858158826828,46,"medium"
0.0068359375,"grass-merged",79144,False,0.0171818844974041,0.941717803478241,0.023425789549946785,0.0497857965528965,0.0015733358450233936,0.9915036559104919,0.013800879940390587,0.00849640928208828,4,0.1428571492433548,46,"tiny"
0.00201416015625,"floor-wood",79144,False,0.0025934320874512196,0.4203214645385742,0.011050266213715076,0.5795589089393616,0.019110057502985,0.9996423721313477,0.01463428232818842,0.0003575343289412558,5,0.0,46,"tiny"
0.43929290771484375,"rug-merged",80057,False,0.8211951851844788,0.022607216611504555,0.026667237281799316,0.025099748745560646,0.03938844054937363,0.04628150537610054,0.031221358105540276,0.9537184834480286,0,0.9455357193946838,47,"large"
0.24103546142578125,"teddy bear",80057,True,0.930949866771698,0.07757634669542313,0.06458104401826859,0.08328821510076523,0.05061212182044983,0.15941423177719116,0.056070029735565186,0.8405858278274536,1,0.9777798652648926,47,"large"
0.1640625,"dog",81766,True,0.9575008153915405,0.03625565022230148,0.009631237015128136,0.00938823539763689,0.0071441116742789745,0.0456438846886158,0.008987664245069027,0.9543560743331909,0,0.988095223903656,48,"large"
0.10009765625,"fence-merged",81766,False,0.9422184824943542,0.322238028049469,0.07596338540315628,0.032083380967378616,0.016720810905098915,0.3543214201927185,0.05751236155629158,0.6456785202026367,1,0.9707317352294922,48,"large"
0.06982421875,"dirt-merged",81766,False,0.6652710437774658,0.3759930729866028,0.047238461673259735,0.02730543166399002,0.006844937335699797,0.4032985270023346,0.03375275433063507,0.596701443195343,2,1.0,48,"medium"
0.02978515625,"dog",81766,True,0.8466156721115112,0.19683223962783813,0.010687080211937428,0.05363328382372856,0.005146765615791082,0.2504655122756958,0.008685094304382801,0.749534547328949,3,1.0,48,"small"
0.013671875,"dog",81766,True,0.9194468855857849,0.17160765826702118,0.00556756928563118,0.20308421552181244,0.011133374646306038,0.3746918737888336,0.007636836264282465,0.6253081560134888,4,1.0,48,"small"
0.0029296875,"sky-other-merged",81766,False,0.8190130591392517,0.6148691177368164,0.0063462033867836,0.009942806325852871,0.00016846993821673095,0.6248118877410889,0.004007619805634022,0.3751881420612335,5,1.0,48,"tiny"
0.68994140625,"dining table",85195,True,0.9436631202697754,0.013050412759184837,0.2697199881076813,0.03859302029013634,0.09549008309841156,0.051229167729616165,0.1133812814950943,0.9487708806991577,0,0.993630588054657,49,"large"
0.18603515625,"wall-other-merged",85195,False,0.9675092101097107,0.006948753725737333,0.039233773946762085,0.0329478494822979,0.007911168970167637,0.03989660367369652,0.009188875555992126,0.960103452205658,1,1.0,49,"large"
0.09130859375,"cake",85195,True,0.9647747278213501,0.03429390862584114,0.10407891124486923,0.09622004628181458,0.011068729683756828,0.1257958859205246,0.013950018212199211,0.8742040991783142,2,0.9679144620895386,49,"medium"
0.3619537353515625,"dirt-merged",88250,False,0.9085308909416199,0.06313525140285492,0.05535939335823059,0.013241064734756947,0.020187944173812866,0.07558362931013107,0.042140599340200424,0.9244163632392883,0,0.968340277671814,50,"large"
0.2333221435546875,"elephant",88250,True,0.9570372700691223,0.09054312855005264,0.05758059024810791,0.04709171876311302,0.033567409962415695,0.13451728224754333,0.045268021523952484,0.8654828071594238,1,0.9916290640830994,50,"large"
0.843109130859375,"fence-merged",89296,False,0.6908622980117798,0.0012891084188595414,0.11449754983186722,0.02271393872797489,0.08790559321641922,0.023222122341394424,0.08826402574777603,0.9767778515815735,0,0.9631701111793518,51,"large"
0.07720947265625,"person",89296,True,0.9044555425643921,0.04048614576458931,0.5458521842956543,0.21100446581840515,0.020785370841622353,0.22853468358516693,0.022417664527893066,0.7714653611183167,1,0.9873517751693726,51,"medium"
0.0731353759765625,"person",89296,True,0.6401874423027039,0.007179202977567911,0.053706567734479904,0.06739541888237,0.0036752340383827686,0.06779643148183823,0.0036737907212227583,0.9322035312652588,2,0.8070102334022522,51,"medium"
0.0027618408203125,"baseball bat",89296,True,0.9575586318969727,0.025015324354171753,0.025144023820757866,0.6077136397361755,0.004139503929764032,0.6081113815307617,0.004115149844437838,0.3918885886669159,3,1.0,51,"tiny"
0.0009765625,"sports ball",89296,True,0.004993876442313194,0.33836591243743896,0.00514319259673357,0.6138461232185364,6.312934419838712e-05,0.9522119760513306,9.72695488599129e-05,0.04778800532221794,5,0.0,51,"tiny"
0.47283935546875,"sky-other-merged",90155,False,0.9153790473937988,0.004537106957286596,0.006191989406943321,0.009644520469009876,0.020476149395108223,0.013939368538558483,0.011606763117015362,0.9860605597496033,0,0.9672453999519348,52,"large"
0.092681884765625,"tree-merged",90155,False,0.956987738609314,0.40929368138313293,0.2369614541530609,0.119209885597229,0.037841301411390305,0.5236799716949463,0.10747533291578293,0.4763199985027313,1,0.9789265990257263,52,"medium"
0.0560150146484375,"railroad",90155,False,0.7847599983215332,0.18044587969779968,0.045799482613801956,0.29254233837127686,0.03830911964178085,0.4615219235420227,0.03991173580288887,0.5384779572486877,2,0.9302642345428467,52,"medium"
0.04376220703125,"gravel",90155,False,0.6777783632278442,0.25099363923072815,0.042899977415800095,0.21550795435905457,0.018638208508491516,0.460448682308197,0.02647094428539276,0.5395513772964478,3,0.7292538285255432,52,"medium"
0.01532745361328125,"grass-merged",90155,False,0.8782473206520081,0.5630959272384644,0.08705124258995056,0.16847926378250122,0.012628859840333462,0.7292711138725281,0.036825574934482574,0.27072882652282715,4,0.9362866878509521,52,"small"
0.47393798828125,"curtain",92124,False,0.9005424976348877,0.04489099234342575,0.11800890415906906,0.03309425339102745,0.04371100291609764,0.07797171175479889,0.0686090812087059,0.9220283627510071,0,0.9701223373413086,53,"large"
0.12005615234375,"wall-other-merged",92124,False,0.8765811324119568,0.22989021241664886,0.26468804478645325,0.2515539526939392,0.07243912667036057,0.48091697692871094,0.11080385744571686,0.5190830230712891,1,0.9562786221504211,53,"large"
0.0667724609375,"rug-merged",92124,False,0.9275676012039185,0.018599938601255417,0.006952375639230013,0.04658742994070053,0.0040449644438922405,0.05898751690983772,0.004160257056355476,0.9410123825073242,2,0.9643509984016418,53,"medium"
0.06146240234375,"toilet",92124,True,0.8948214650154114,0.09189486503601074,0.032904524356126785,0.03732762858271599,0.003081620205193758,0.1277204304933548,0.008580230176448822,0.8722795248031616,3,0.9384309649467468,53,"medium"
0.03271484375,"wall-tile",92124,False,0.3684662878513336,0.060362741351127625,0.005111216567456722,0.1316043585538864,0.002478551585227251,0.19153466820716858,0.0029523922130465508,0.8084653615951538,4,0.23880596458911896,53,"medium"
0.02862548828125,"sink",92124,True,0.8471012115478516,0.2862563133239746,0.05986729636788368,0.06893780082464218,0.003188553499057889,0.34154245257377625,0.012948469258844852,0.6584575176239014,5,0.9616204500198364,53,"small"
0.02081298828125,"ceiling-merged",92124,False,0.45242881774902344,0.014489046297967434,0.0007997757638804615,0.019142979755997658,0.00023163005243986845,0.03120827116072178,0.000309783557895571,0.968791663646698,6,0.37536656856536865,53,"small"
0.01751708984375,"floor-wood",92124,False,0.7040998339653015,0.09368373453617096,0.008291918784379959,0.14446689188480377,0.0027877038810402155,0.20863007009029388,0.003309547435492277,0.7913698554039001,7,0.8327525854110718,53,"small"
0.0048828125,"bottle",92124,True,0.6199919581413269,0.004567361436784267,9.380355913890526e-05,0.1583346575498581,0.0006991262198425829,0.16290201246738434,0.0005920141120441258,0.8370979428291321,8,0.6000000238418579,53,"tiny"
0.27685546875,"grass-merged",94852,False,0.960972785949707,0.11150295287370682,0.0829111710190773,0.01087095309048891,0.010389386676251888,0.12085209786891937,0.05057447776198387,0.8791477680206299,0,0.9894179701805115,54,"large"
0.1943359375,"sky-other-merged",94852,False,0.930275022983551,0.13110852241516113,0.06785020232200623,0.010533309541642666,0.005564607214182615,0.14164184033870697,0.037028271704912186,0.8583582639694214,1,1.0,54,"large"
0.122314453125,"elephant",94852,True,0.9589455127716064,0.15879268944263458,0.05669775232672691,0.034366074949502945,0.010598479770123959,0.19283799827098846,0.031927481293678284,0.8071619868278503,2,0.9880239367485046,54,"large"
0.42919921875,"sky-other-merged",98497,False,0.7583374381065369,0.0182313472032547,0.0663457065820694,0.13541296124458313,0.11110728979110718,0.1519850343465805,0.10219606012105942,0.8480150103569031,0,0.7872582674026489,55,"large"
0.2998046875,"building-other-merged",98497,False,0.9392143487930298,0.04942703992128372,0.16967475414276123,0.17515826225280762,0.10645771771669388,0.2222738415002823,0.11493322253227234,0.7777261734008789,1,0.990227997303009,55,"large"
0.16845703125,"tree-merged",98497,False,0.677684485912323,0.010830570012331009,0.021476542577147484,0.4494810104370117,0.12903554737567902,0.4541417956352234,0.11422038823366165,0.5458582043647766,2,0.695652186870575,55,"large"
0.3010711669921875,"sky-other-merged",99054,False,0.9821812510490417,0.0012583385687321424,0.0055735367350280285,0.04202975332736969,0.020629972219467163,0.04291922226548195,0.01897278241813183,0.9570808410644531,0,0.9763316512107849,56,"large"
0.3018798828125,"airplane",99054,True,0.6898528337478638,0.08190525323152542,0.2897522747516632,0.07631135731935501,0.029895257204771042,0.15608885884284973,0.055174149572849274,0.8439111709594727,1,0.8544530868530273,56,"large"
0.25714874267578125,"pavement-merged",99054,False,0.6770462393760681,0.04639922454953194,0.14098462462425232,0.13343405723571777,0.04192905128002167,0.17858459055423737,0.0509544312953949,0.8214154839515686,2,0.8612075448036194,56,"large"
0.053253173828125,"building-other-merged",99054,False,0.7525150179862976,0.06092623621225357,0.05287584289908409,0.28208690881729126,0.019460884854197502,0.33804434537887573,0.02161581441760063,0.6619556546211243,3,0.8144699335098267,56,"medium"
0.00876617431640625,"mountain-merged",99054,False,0.5824750065803528,0.20712193846702576,0.04251398518681526,0.4364539682865143,0.006781520787626505,0.6433823108673096,0.00929346214979887,0.35661768913269043,4,0.4456048607826233,56,"tiny"
0.005584716796875,"person",99054,True,0.03760802745819092,0.6456811428070068,0.029403263702988625,0.28930655121803284,0.0009932949906215072,0.9338811039924622,0.002983184065669775,0.06611887365579605,5,0.6898906826972961,56,"tiny"
0.00379180908203125,"road",99054,False,9.282385144615546e-05,0.013221961446106434,0.0031916415318846703,0.9867574572563171,0.017932076007127762,0.9999789595603943,0.01690198853611946,2.0903020413243212e-05,6,0.0,56,"tiny"
0.0009765625,"grass-merged",99054,False,0.18988654017448425,0.0050311945378780365,0.0002766452671494335,0.9466225504875183,0.003907210659235716,0.9516536593437195,0.0036537109408527613,0.04834630712866783,7,0.0,56,"tiny"
0.5473480224609375,"sky-other-merged",100489,False,0.8775014877319336,0.0022169898729771376,0.3343898057937622,0.07591840624809265,0.0874565914273262,0.07659216225147247,0.08801116049289703,0.9234078526496887,0,0.9200189709663391,57,"large"
0.3751220703125,"tree-merged",100489,False,0.83079594373703,0.0023876132909208536,0.24098394811153412,0.104587122797966,0.05833938345313072,0.10460570454597473,0.05826568230986595,0.8953943252563477,1,0.9296696782112122,57,"large"
0.0769500732421875,"bird",100489,True,0.87054842710495,0.012451502494513988,0.27162760496139526,0.10398188978433609,0.008498153649270535,0.1095258817076683,0.008926315233111382,0.8904741406440735,2,0.9505254626274109,57,"medium"
0.4697265625,"tree-merged",101780,False,0.9438844919204712,0.03369976952672005,0.18555881083011627,0.029328258708119392,0.031232893466949463,0.06302802264690399,0.056243352591991425,0.9369720220565796,0,0.9771309494972229,58,"large"
0.2587890625,"dirt-merged",101780,False,0.9451014399528503,0.008766439743340015,0.02717588096857071,0.07315218448638916,0.02974047139286995,0.0819186195731163,0.029443128034472466,0.9180814027786255,1,0.9584905505180359,58,"large"
0.10546875,"rock-merged",101780,False,0.8543516993522644,0.04774785041809082,0.06452303379774094,0.17633230984210968,0.025324752554297447,0.2240801751613617,0.029090527445077896,0.7759197354316711,2,0.9166666865348816,58,"large"
0.0439453125,"giraffe",101780,True,0.8232977390289307,0.03300948441028595,0.01722855307161808,0.16035620868206024,0.008266102522611618,0.1933656930923462,0.009071716107428074,0.8066343069076538,3,0.8888888955116272,58,"medium"
0.013671875,"fence-merged",101780,False,0.8802778124809265,0.3500247001647949,0.19281063973903656,0.395741730928421,0.02080634981393814,0.7457664608955383,0.03579286113381386,0.25423353910446167,4,0.9285714030265808,58,"small"
0.013671875,"giraffe",101780,True,0.02674150839447975,0.7557671070098877,0.07989662885665894,0.20398978888988495,0.0020582620054483414,0.9597569704055786,0.008840219117701054,0.04024304449558258,5,0.0,58,"small"
0.0087890625,"giraffe",101780,True,0.39124763011932373,0.39856526255607605,0.09655513614416122,0.4362630248069763,0.01003291830420494,0.8348283171653748,0.017534350976347923,0.16517169773578644,6,0.7777777910232544,58,"tiny"
0.397430419921875,"person",102820,True,0.9183917045593262,0.01806153915822506,0.018052881583571434,0.012086855247616768,0.02001151442527771,0.02976161614060402,0.01858060620725155,0.970238447189331,0,0.9622783064842224,59,"large"
0.1573638916015625,"tree-merged",102820,False,0.8294711709022522,0.442026287317276,0.31412193179130554,0.07176795601844788,0.041072748601436615,0.511980414390564,0.16251081228256226,0.488019734621048,1,0.8918840289115906,59,"large"
0.05088043212890625,"cake",102820,True,0.9589705467224121,0.2271653115749359,0.043106596916913986,0.0896541103720665,0.011179656721651554,0.316819429397583,0.02384028397500515,0.6831806302070618,2,0.9808067083358765,59,"medium"
0.01496124267578125,"cardboard",102820,False,0.5050373077392578,0.7568690776824951,0.07170670479536057,0.031229829415678978,0.0018295689951628447,0.788098931312561,0.028528913855552673,0.21190114319324493,3,0.8694543838500977,59,"small"
0.00348663330078125,"window-blind",102820,False,0.10204359889030457,0.5061359405517578,0.026954248547554016,0.4762628674507141,0.015391740016639233,0.9822494387626648,0.019756842404603958,0.017750605940818787,4,0.0,59,"tiny"
0.0005950927734375,"wall-other-merged",102820,False,0.006312940269708633,0.5932937860488892,0.04027172550559044,0.4065592586994171,0.01667105033993721,0.9998529553413391,0.02555900067090988,0.00014705071225762367,5,0.0,59,"tiny"
0.240264892578125,"railroad",106281,False,0.8330915570259094,0.4579802453517914,0.3128492832183838,0.01717243902385235,0.032416559755802155,0.4750846326351166,0.23845286667346954,0.524915337562561,0,0.9590054750442505,60,"large"
0.155426025390625,"bridge",106281,False,0.4350120425224304,0.174550861120224,0.038898076862096786,0.281931608915329,0.1224762573838234,0.456482470035553,0.06723538786172867,0.543517529964447,1,0.5770665407180786,60,"large"
0.04657745361328125,"building-other-merged",106281,False,0.6743749380111694,0.10361839085817337,0.019368788227438927,0.5967785120010376,0.15737220644950867,0.6989724636077881,0.07649721205234528,0.3010275363922119,2,0.6918919086456299,60,"medium"
0.2513885498046875,"wall-other-merged",107339,False,0.9272857308387756,0.02011962980031967,0.043866097927093506,0.1477309763431549,0.0659816786646843,0.16244731843471527,0.06039528176188469,0.8375526666641235,0,0.9433687329292297,61,"large"
0.218170166015625,"rug-merged",107339,False,0.9832196235656738,0.013554103672504425,0.025228852406144142,0.08946751803159714,0.03241179883480072,0.09722132980823517,0.029547037556767464,0.9027786254882812,1,0.9947544932365417,61,"large"
0.1402130126953125,"window-other",107339,False,0.850720226764679,0.009059878997504711,0.009905841201543808,0.1408495455980301,0.026782002300024033,0.1453896164894104,0.023602034896612167,0.8546103835105896,2,0.907280445098877,61,"large"
0.09417724609375,"couch",107339,True,0.8637279272079468,0.07517752796411514,0.05702058970928192,0.0944119393825531,0.011724923737347126,0.1598798930644989,0.017089610919356346,0.8401200771331787,3,0.9617627859115601,61,"medium"
0.07720947265625,"table-merged",107339,False,0.8678725361824036,0.0408664233982563,0.02524137683212757,0.11571021378040314,0.011443914845585823,0.15015022456645966,0.012829424813389778,0.8498498201370239,4,0.8835968375205994,61,"medium"
0.049560546875,"floor-wood",107339,False,0.6089056134223938,0.03370502218604088,0.009574954397976398,0.14743521809577942,0.00647673150524497,0.1678416132926941,0.006404057610780001,0.8321584463119507,5,0.7059729099273682,61,"medium"
0.0461578369140625,"person",107339,True,0.8677101731300354,0.12529601156711578,0.050631165504455566,0.12085162848234177,0.0075302827171981335,0.22357136011123657,0.012090889737010002,0.7764285802841187,6,0.9117355346679688,61,"medium"
0.0013885498046875,"book",107339,True,0.3585220277309418,0.4051235318183899,0.0033012263011187315,0.1162998378276825,0.0001389019744237885,0.5214232802391052,0.0005431498284451663,0.4785766899585724,7,0.6043956279754639,61,"tiny"
0.0009765625,"remote",107339,True,0.0017635321710258722,0.24748103320598602,5.78534891246818e-05,0.6948081254959106,2.379516081418842e-05,0.9422891139984131,2.8147125703981146e-05,0.05771090090274811,8,0.0,61,"tiny"
0.2525787353515625,"wall-other-merged",109118,False,0.7207419872283936,0.1519065648317337,0.10157747566699982,0.03749322518706322,0.020400896668434143,0.18864591419696808,0.056630201637744904,0.8113541007041931,0,0.882559061050415,62,"large"
0.1985015869140625,"person",109118,True,0.9366958737373352,0.08700031787157059,0.06118618696928024,0.1274397373199463,0.06442083418369293,0.21207524836063385,0.06244032457470894,0.7879247665405273,1,0.9877008199691772,62,"large"
0.1833953857421875,"person",109118,True,0.871912956237793,0.05861970782279968,0.030923666432499886,0.03800351545214653,0.013983427546918392,0.09662321954965591,0.020944129675626755,0.9033767580986023,2,0.9450869560241699,62,"large"
0.014739990234375,"chair",109118,True,0.9411821365356445,0.5414509177207947,0.07807036489248276,0.17180238664150238,0.012793103232979774,0.7132532596588135,0.035023968666791916,0.28674671053886414,3,1.0,62,"small"
0.015228271484375,"baseball glove",109118,True,0.8809309005737305,0.06598455458879471,0.004183792509138584,0.32641056180000305,0.01068686693906784,0.36945027112960815,0.007981665432453156,0.6305497288703918,4,0.8657314777374268,62,"small"
0.0009765625,"sports ball",109118,True,0.7979423999786377,0.18404985964298248,0.0010205103317275643,0.3971136808395386,0.0011135570239275694,0.5811635851860046,0.0010823055636137724,0.418836385011673,5,0.0,62,"tiny"
0.438323974609375,"sky-other-merged",110282,False,0.9811833500862122,0.01155399065464735,0.015634577721357346,0.028002755716443062,0.05433959886431694,0.03955674543976784,0.031536128371953964,0.9604431986808777,0,0.987920343875885,63,"large"
0.1892547607421875,"tree-merged",110282,False,0.9229010343551636,0.1450754553079605,0.09820029884576797,0.07650481909513474,0.0356779620051384,0.2202354371547699,0.060847289860248566,0.7797645330429077,1,0.9793598055839539,63,"large"
0.0419921875,"traffic light",110282,True,0.7948523163795471,0.030009284615516663,0.003296597395092249,0.0584542490541935,0.0033859277609735727,0.08182574808597565,0.0031049225945025682,0.9181742668151855,2,0.8604651093482971,63,"medium"
0.6726608276367188,"oven",111036,True,0.8126469850540161,0.012701591476798058,0.0391775481402874,0.003639632137492299,0.01365804672241211,0.016224175691604614,0.027540171518921852,0.9837757349014282,0,0.9326278567314148,64,"large"
0.0704193115234375,"floor-other-merged",111036,False,0.6981107592582703,0.09659342467784882,0.03523314744234085,0.16199329495429993,0.014187132939696312,0.2518487572669983,0.017802434042096138,0.7481513023376465,1,0.8146262168884277,64,"medium"
0.05959320068359375,"car",111036,True,0.9120358228683472,0.03219934180378914,0.011620941571891308,0.13422946631908417,0.011475375853478909,0.16402864456176758,0.01134021021425724,0.8359714150428772,2,0.9854052066802979,64,"medium"
0.0173187255859375,"cardboard",111036,False,0.6492048501968384,0.05280761048197746,0.006115729454904795,0.4188651740550995,0.01088538859039545,0.46108147501945496,0.009789028204977512,0.5389184951782227,3,0.8872246742248535,64,"small"
0.0009765625,"dirt-merged",111036,False,0.4066621661186218,0.8501779437065125,0.035676177591085434,0.09728789329528809,0.000898112659342587,0.9474657773971558,0.007169339805841446,0.05253424495458603,4,1.0,64,"tiny"
0.29264068603515625,"giraffe",112634,True,0.9381812214851379,0.006089871283620596,0.051452431827783585,0.11757761240005493,0.054740868508815765,0.121622234582901,0.05374189466238022,0.8783778548240662,0,0.9655343294143677,65,"large"
0.2138519287109375,"tree-merged",112634,False,0.7910961508750916,0.01621999777853489,0.08848568052053452,0.14897574484348297,0.040017981082201004,0.16174153983592987,0.04152233153581619,0.8382585048675537,1,0.8714234828948975,65,"large"
0.20384979248046875,"dirt-merged",112634,False,0.7157642841339111,0.0036159218288958073,0.01625869795680046,0.1205432116985321,0.02634938806295395,0.12285514175891876,0.025668902322649956,0.8771448731422424,2,0.8751450181007385,65,"large"
0.17555999755859375,"rock-merged",112634,False,0.8498515486717224,0.0029546639416366816,0.012640977278351784,0.05508521571755409,0.011068979278206825,0.05734262242913246,0.011008630506694317,0.9426572918891907,3,0.8621963262557983,65,"large"
0.043304443359375,"fence-merged",112634,False,0.679306149482727,0.028801972046494484,0.03192758187651634,0.25567886233329773,0.011392837390303612,0.2826816141605377,0.012117411941289902,0.7173183560371399,4,0.7441860437393188,65,"medium"
0.0301361083984375,"sky-other-merged",112634,False,0.7879291772842407,0.050751686096191406,0.04326765611767769,0.20328645408153534,0.006869351025670767,0.24713140726089478,0.008036598563194275,0.75286865234375,5,0.9235442876815796,65,"medium"
0.0068359375,"giraffe",112634,True,0.8894179463386536,0.012053723447024822,0.0037343448493629694,0.4574669897556305,0.005483532790094614,0.4695206582546234,0.005418376065790653,0.5304794311523438,6,0.8571428656578064,65,"tiny"
0.4124298095703125,"wall-other-merged",114770,False,0.9326254725456238,0.09570839256048203,0.6164534687995911,0.16151116788387299,0.16384448111057281,0.2549600899219513,0.22402174770832062,0.7450399994850159,0,0.9638721346855164,66,"large"
0.16394805908203125,"floor-other-merged",114770,False,0.891365647315979,0.011240175925195217,0.022411812096834183,0.07588788121938705,0.01603711023926735,0.08561136573553085,0.01636550761759281,0.9143886566162109,1,0.9507654905319214,66,"large"
0.1373748779296875,"car",114770,True,0.8204948306083679,0.060923174023628235,0.12497244775295258,0.25904542207717896,0.05433347076177597,0.3144739270210266,0.05994069203734398,0.6855260133743286,2,0.8527712821960449,66,"large"
0.1260986328125,"motorcycle",114770,True,0.6444347500801086,0.02690298669040203,0.029242251068353653,0.040860921144485474,0.004483161494135857,0.06727932393550873,0.006707442458719015,0.9327206015586853,3,0.7589545249938965,66,"large"
0.08213043212890625,"airplane",114770,True,0.773380696773529,0.009854938834905624,0.009533359669148922,0.17387047410011292,0.01608143374323845,0.180822491645813,0.01527534332126379,0.8191773295402527,4,0.7847654223442078,66,"medium"
0.94482421875,"snow",117645,False,0.9756573438644409,0.007707836106419563,0.7751460075378418,0.004725152160972357,0.0930783599615097,0.011962012387812138,0.2022695243358612,0.9880380034446716,0,0.9860464930534363,67,"large"
0.04541015625,"tree-merged",117645,False,0.9761354923248291,0.02344866842031479,0.14628784358501434,0.23369498550891876,0.01428615115582943,0.23413997888565063,0.014196211472153664,0.7658600211143494,1,1.0,67,"medium"
0.001953125,"person",117645,True,0.6963781118392944,0.00442001037299633,0.0007915941532701254,0.17697900533676147,0.0002973922237288207,0.18139900267124176,0.0003019860596396029,0.8186008930206299,2,0.5,67,"tiny"
0.447265625,"grass-merged",119038,False,0.9140042662620544,0.00816559698432684,0.08967714756727219,0.1279067099094391,0.11795288324356079,0.13370227813720703,0.11414815485477448,0.866297721862793,0,0.9574235677719116,68,"large"
0.36474609375,"sky-other-merged",119038,False,0.9843025207519531,0.0010154650080949068,0.008712252601981163,0.025893105193972588,0.01610325276851654,0.026129823178052902,0.015163774602115154,0.9738701581954956,1,0.9946452379226685,68,"large"
0.07373046875,"tree-merged",119038,False,0.2808391749858856,0.04358883574604988,0.03501163050532341,0.36797595024108887,0.014354266226291656,0.40005022287368774,0.014906199648976326,0.5999497771263123,2,0.125827819108963,68,"medium"
0.07421875,"mountain-merged",119038,False,0.7079947590827942,0.013401678763329983,0.019509708508849144,0.1514095515012741,0.010704572312533855,0.15996110439300537,0.010808124206960201,0.8400388956069946,3,0.7828947305679321,68,"medium"
0.391876220703125,"sky-other-merged",120572,False,0.984866738319397,0.0015767860459163785,0.006846737116575241,0.03378148376941681,0.026110239326953888,0.03391768038272858,0.022281602025032043,0.9660822749137878,0,0.9948407411575317,69,"large"
0.16855621337890625,"wall-stone",120572,False,0.957182765007019,0.14512376487255096,0.3331334590911865,0.09101472795009613,0.025985851883888245,0.23606131970882416,0.059961576014757156,0.7639387249946594,1,0.9783641695976257,69,"large"
0.170501708984375,"house",120572,False,0.8315208554267883,0.0032931410241872072,0.005774432327598333,0.12020719051361084,0.026231396943330765,0.12117680162191391,0.023567000404000282,0.8788232803344727,2,0.9064345955848694,69,"large"
0.12290191650390625,"tree-merged",120572,False,0.7530303597450256,0.04704834148287773,0.05520332604646683,0.09952199459075928,0.013657511211931705,0.14266838133335114,0.01755908504128456,0.8573316335678101,3,0.8521323204040527,69,"large"
0.03910064697265625,"grass-merged",120572,False,0.7326759696006775,0.21532124280929565,0.10256384313106537,0.14500866830348969,0.007295785937458277,0.3462870717048645,0.0157930925488472,0.6537129878997803,4,0.8556097745895386,69,"medium"
0.0185546875,"rock-merged",120572,False,0.15360917150974274,0.649379551410675,0.37600085139274597,0.2980082929134369,0.017837805673480034,0.9464967846870422,0.051374148577451706,0.0535031296312809,5,0.28824013471603394,69,"small"
0.8350143432617188,"road",122217,False,0.8851690888404846,0.012430978007614613,0.08133769035339355,0.010428044945001602,0.15538759529590607,0.022176947444677353,0.10160508751869202,0.9778231382369995,0,0.9221906661987305,70,"large"
0.041412353515625,"pavement-merged",122217,False,0.3088413178920746,0.1429460346698761,0.15899774432182312,0.7618690729141235,0.11600907891988754,0.9004656076431274,0.12070562690496445,0.09953437745571136,1,0.6580692529678345,70,"medium"
0.00931549072265625,"person",122217,True,0.8197885155677795,0.05843575671315193,0.004814244341105223,0.1524886190891266,0.0016574838664382696,0.1976112574338913,0.0018984496127814054,0.8023887276649475,2,0.8386568427085876,70,"tiny"
0.4453125,"mirror-stuff",123480,False,0.8566948175430298,0.060812678188085556,0.1884140968322754,0.300770103931427,0.49674421548843384,0.36158278584480286,0.3895343542098999,0.6384172439575195,0,0.9978070259094238,71,"large"
0.26513671875,"wall-other-merged",123480,False,0.7025362253189087,0.007729869335889816,0.007899145595729351,0.047201067209243774,0.01716460846364498,0.05493094027042389,0.014732809737324715,0.9450689554214478,1,0.7127071619033813,71,"large"
0.08837890625,"door-stuff",123480,False,0.7281418442726135,0.032891590148210526,0.017411237582564354,0.33680054545402527,0.04784172400832176,0.3696921467781067,0.04140356928110123,0.6303078532218933,2,0.12154696136713028,71,"medium"
0.00830078125,"cell phone",123480,True,0.19031831622123718,0.2016606479883194,0.0028757499530911446,0.22395512461662292,0.00077108945697546,0.4256157875061035,0.0011804153909906745,0.5743841528892517,3,0.11764705926179886,71,"tiny"
0.1709585189819336,"dining table",125129,True,0.9074790477752686,0.09465276449918747,0.19289666414260864,0.03095460683107376,0.007398846559226513,0.125345841050148,0.026817891746759415,0.8746541738510132,0,0.9430612921714783,72,"large"
0.14286136627197266,"person",125129,True,0.9400830864906311,0.04586222767829895,0.07809984683990479,0.04907812178134918,0.00944227073341608,0.09387850761413574,0.016233406960964203,0.906121551990509,1,0.9663286805152893,72,"large"
0.1447286605834961,"person",125129,True,0.8715996742248535,0.014763634651899338,0.02363414131104946,0.0819956362247467,0.014861565083265305,0.09463121742010117,0.015416175127029419,0.9053686857223511,2,0.9682456851005554,72,"large"
0.1338796615600586,"wall-tile",125129,False,0.8748410940170288,0.027813758701086044,0.057104840874671936,0.31853869557380676,0.07298233360052109,0.34456300735473633,0.07108913362026215,0.6554370522499084,3,0.9427922368049622,72,"large"
0.11039924621582031,"wall-other-merged",125129,False,0.7945092916488647,0.005727363284677267,0.007538241799920797,0.2307252734899521,0.03287743031978607,0.2343149185180664,0.030173083767294884,0.7656850814819336,4,0.7314317226409912,72,"large"
0.07998371124267578,"person",125129,True,0.7714552283287048,0.035535041242837906,0.027724415063858032,0.05669976398348808,0.004618440754711628,0.09132803976535797,0.006740835960954428,0.9086719751358032,5,0.9351369142532349,72,"medium"
0.06890869140625,"chair",125129,True,0.32146894931793213,0.43729111552238464,0.23542635142803192,0.09061288833618164,0.005027861800044775,0.5272527933120728,0.02653448097407818,0.472747266292572,6,0.9069973230361938,72,"medium"
0.06271553039550781,"floor-other-merged",125129,False,0.6160231232643127,0.1259668469429016,0.07723717391490936,0.15048988163471222,0.00944528728723526,0.2760603129863739,0.015718180686235428,0.7239397168159485,7,0.8213253617286682,72,"medium"
0.0006256103515625,"table-merged",125129,False,0.023153211921453476,0.12188315391540527,0.02628280408680439,0.8773450255393982,0.018048541620373726,0.9992281794548035,0.01876566931605339,0.0007717694388702512,8,0.0,72,"tiny"
0.48221588134765625,"cat",125850,True,0.9462946057319641,0.0020334788132458925,0.1996486932039261,0.027178293094038963,0.024827925488352776,0.028409196063876152,0.025768829509615898,0.9715908169746399,0,0.985444188117981,73,"large"
0.40526580810546875,"floor-wood",125850,False,0.8627358078956604,0.0029801398050040007,0.2270624190568924,0.039213355630636215,0.024126630276441574,0.0407063290476799,0.024946250021457672,0.9592936635017395,1,0.9481729865074158,73,"large"
0.11080169677734375,"bowl",125850,True,0.7901285886764526,0.019533246755599976,0.49728578329086304,0.2742166519165039,0.03764979913830757,0.28112247586250305,0.038502249866724014,0.7188776135444641,2,0.9280451536178589,73,"large"
0.4951171875,"sky-other-merged",127624,False,0.9808964133262634,0.00048771893489174545,0.003332842607051134,0.05938220024108887,0.07145815342664719,0.0598699189722538,0.061257779598236084,0.9401301145553589,0,0.9881656765937805,74,"large"
0.18836212158203125,"building-other-merged",127624,False,0.7227687239646912,0.04481479898095131,0.11487411707639694,0.2526078522205353,0.06650326400995255,0.2974226176738739,0.07100851833820343,0.7025774121284485,1,0.7761553525924683,74,"large"
0.13545608520507812,"railroad",127624,False,0.7641820311546326,0.13078416883945465,0.2233084887266159,0.06726571172475815,0.011005083099007607,0.1980498731136322,0.029568923637270927,0.8019500374794006,2,0.9062772989273071,74,"large"
0.0888671875,"train",127624,True,0.42402464151382446,0.10926031321287155,0.07241789996623993,0.13868212699890137,0.008316418156027794,0.24794243276119232,0.013634859584271908,0.7520574927330017,3,0.38461539149284363,74,"medium"
0.0166015625,"sea",127624,False,0.004531179089099169,0.0214286670088768,0.007862914353609085,0.9758594036102295,0.029818253591656685,0.9972881078720093,0.02813050150871277,0.002711901208385825,4,0.0,74,"small"
0.23081207275390625,"food-other-merged",128658,False,0.8782011866569519,0.25410521030426025,0.09972309321165085,0.013386845588684082,0.057359855622053146,0.267330139875412,0.09615229815244675,0.7326698899269104,0,0.9787789583206177,75,"large"
0.06456756591796875,"banana",128658,True,0.783036470413208,0.03974311426281929,0.0031195860356092453,0.0514187216758728,0.012327070347964764,0.08630909025669098,0.005105534568428993,0.9136909246444702,1,0.937374472618103,75,"medium"
0.65087890625,"grass-merged",129756,False,0.7542480230331421,0.018234536051750183,0.21547046303749084,0.06835131347179413,0.11999095976352692,0.08511123806238174,0.130814790725708,0.914888858795166,0,0.8807201981544495,76,"large"
0.21484375,"mountain-merged",129756,False,0.8804541230201721,0.005193354096263647,0.025396039709448814,0.14732182025909424,0.044107284396886826,0.1481591761112213,0.041902847588062286,0.8518407344818115,1,0.9681817889213562,76,"large"
0.03369140625,"sky-other-merged",129756,False,0.8707071542739868,0.007135623600333929,0.004917472135275602,0.06118284910917282,0.0020780249033123255,0.06259278953075409,0.002027082722634077,0.9374071359634399,2,0.8985507488250732,76,"medium"
0.02734375,"tree-merged",129756,False,0.5756350159645081,0.004899472463876009,0.003482748055830598,0.5103476047515869,0.01772894896566868,0.5123822689056396,0.017004365101456642,0.4876177906990051,3,0.6964285969734192,76,"small"
0.01123046875,"sheep",129756,True,0.06088435649871826,0.41692203283309937,0.19215834140777588,0.5565134286880493,0.012340453453361988,0.967330276966095,0.02047562226653099,0.032669778913259506,4,0.0,76,"small"
0.00927734375,"sheep",129756,True,0.004248567391186953,0.44681212306022644,0.1491093635559082,0.5506383776664734,0.008822663687169552,0.9973990321159363,0.015256320126354694,0.0026009571738541126,5,0.0,76,"tiny"
0.00634765625,"sheep",129756,True,0.860192060470581,0.3170238137245178,0.06692703813314438,0.16243110597133636,0.0016413042321801186,0.4304313063621521,0.00415271520614624,0.5695686936378479,6,0.8461538553237915,76,"tiny"
0.0029296875,"dog",129756,True,0.03177093341946602,0.016750136390328407,0.0035507625434547663,0.973580539226532,0.009847959503531456,0.9903307557106018,0.009561163373291492,0.00966930016875267,7,0.0,76,"tiny"
0.001953125,"dog",129756,True,0.03051856905221939,0.042973943054676056,0.00108418520539999,0.9049972891807556,0.0010883565992116928,0.9479711651802063,0.001088166725821793,0.05202869325876236,8,0.0,76,"tiny"
0.234375,"tree-merged",130599,False,0.8313135504722595,0.010214395821094513,0.032979510724544525,0.3071790039539337,0.1283418983221054,0.3134027123451233,0.11616110056638718,0.6865972876548767,0,0.9312499761581421,77,"large"
0.203125,"sky-other-merged",130599,False,0.8528783321380615,0.0039967941120266914,0.008494038134813309,0.0720551460981369,0.018944229930639267,0.0725180059671402,0.016998108476400375,0.927482008934021,1,0.8725961446762085,77,"large"
0.18896484375,"person",130599,True,0.8906517028808594,0.036715615540742874,0.07750565558671951,0.06021915748715401,0.015418988652527332,0.09288199990987778,0.021247949451208115,0.907118022441864,2,0.961240291595459,77,"large"
0.15380859375,"gravel",130599,False,0.36503392457962036,0.019135456532239914,0.015595699660480022,0.1972276121377945,0.01860697939991951,0.21620012819766998,0.018301889300346375,0.783799946308136,3,0.48253968358039856,77,"large"
0.1328125,"mountain-merged",130599,False,0.3163206875324249,0.015943655744194984,0.008583464659750462,0.10217604786157608,0.0061845057643949986,0.11213023215532303,0.006118247285485268,0.8878697752952576,4,0.375,77,"large"
0.0029296875,"fence-merged",130599,False,0.8159038424491882,0.019839437678456306,0.016209492459893227,0.9468732476234436,0.07478676736354828,0.9667127132415771,0.06962324678897858,0.033287227153778076,5,1.0,77,"tiny"
0.56787109375,"person",131444,True,0.9679004549980164,0.07290532439947128,0.11512154340744019,0.01665481925010681,0.20188260078430176,0.0895601436495781,0.1251211166381836,0.9104398488998413,0,1.0,78,"large"
0.0498046875,"tie",131444,True,0.7998194694519043,0.08507756143808365,0.010016325861215591,0.029935283586382866,0.002372787334024906,0.11501283198595047,0.005448270123451948,0.8849871754646301,1,0.8823529481887817,78,"medium"
0.4792022705078125,"stairs",132703,False,0.307651162147522,0.0003788936010096222,0.015212425030767918,0.00953361764550209,0.0027380213141441345,0.009692763909697533,0.0027706779073923826,0.9903072118759155,0,0.796815812587738,79,"large"
0.4534149169921875,"sky-other-merged",132703,False,0.9392412304878235,0.000919745652936399,0.11420013755559921,0.07473309338092804,0.06323020905256271,0.07498734444379807,0.0631619319319725,0.9250127077102661,1,0.9816927313804626,79,"large"
0.05419921875,"person",132703,True,0.923912525177002,0.022433841601014137,0.3699813485145569,0.17511044442653656,0.011342830024659634,0.18111790716648102,0.011710197664797306,0.8188821077346802,2,0.954954981803894,79,"medium"
0.0126953125,"skateboard",132703,True,0.8252466917037964,0.049789607524871826,0.2583511173725128,0.44234517216682434,0.008635363541543484,0.4554608464241028,0.00887560285627842,0.5445392727851868,3,0.807692289352417,79,"small"
0.40369415283203125,"elephant",133631,True,0.9621255993843079,0.016082819551229477,0.030179299414157867,0.05300555378198624,0.05908781662583351,0.06891904026269913,0.04821331053972244,0.9310809373855591,0,0.9711412787437439,80,"large"
0.25750732421875,"dirt-merged",133631,False,0.9423792362213135,0.04344065487384796,0.05348058044910431,0.07313761860132217,0.03840581327676773,0.11332236975431442,0.0417708195745945,0.886677622795105,1,0.9656909108161926,80,"large"
0.063140869140625,"wall-other-merged",133631,False,0.6115139722824097,0.30952516198158264,0.09803107380867004,0.14207243919372559,0.013998854905366898,0.4515976011753082,0.033938679844141006,0.5484023690223694,2,0.9381343722343445,80,"medium"
0.04233551025390625,"fence-merged",133631,False,0.7226544618606567,0.5680850744247437,0.21920430660247803,0.07542826235294342,0.008792893961071968,0.6433436274528503,0.057625558227300644,0.35665637254714966,3,0.7853667140007019,80,"medium"
0.01201629638671875,"rock-merged",133631,False,0.8439406752586365,0.020046541467308998,0.0013282028958201408,0.308692991733551,0.005935898050665855,0.31149396300315857,0.00464381230995059,0.6885060667991638,4,0.650158703327179,80,"small"
0.34133434295654297,"wall-other-merged",135670,False,0.8584182262420654,0.08466878533363342,0.3756267726421356,0.18867701292037964,0.13277404010295868,0.2699872553348541,0.16452303528785706,0.7300127148628235,0,0.9553050398826599,81,"large"
0.1727437973022461,"floor-other-merged",135670,False,0.9563509225845337,0.01124811451882124,0.021765347570180893,0.04748623073101044,0.011270151473581791,0.05633332580327988,0.011921378783881664,0.9436666965484619,1,0.9872691631317139,81,"large"
0.16297435760498047,"door-stuff",135670,False,0.9378286004066467,0.013029242865741253,0.028348352760076523,0.2144269347190857,0.05647094547748566,0.22354039549827576,0.05257038399577141,0.7764595746994019,2,0.9937796592712402,81,"large"
0.15012359619140625,"ceiling-merged",135670,False,0.6804189682006836,0.012189177796244621,0.015546370297670364,0.11390873789787292,0.017257826402783394,0.1147712767124176,0.015582865104079247,0.8852287530899048,3,0.7125704884529114,81,"large"
0.06985092163085938,"window-other",135670,False,0.42642349004745483,0.0675932914018631,0.02887601964175701,0.16240990161895752,0.007470785174518824,0.22933733463287354,0.00952952355146408,0.7706626057624817,4,0.44825515151023865,81,"medium"
0.016420364379882812,"light",135670,False,0.49037474393844604,0.03431302309036255,0.006553712300956249,0.5168929696083069,0.00998794287443161,0.5340200662612915,0.009381919167935848,0.46597999334335327,5,0.35683587193489075,81,"small"
0.49332427978515625,"table-merged",136772,False,0.9762217998504639,0.002794314408674836,0.25999030470848083,0.059701137244701385,0.06104027479887009,0.0616372786462307,0.062434349209070206,0.938362717628479,0,0.9956697225570679,82,"large"
0.3635215759277344,"bowl",136772,True,0.5653155446052551,0.010656977072358131,0.5014228224754333,0.20442691445350647,0.0835503414273262,0.2081868201494217,0.08489222824573517,0.7918131351470947,1,0.9000419974327087,82,"large"
0.14169692993164062,"orange",136772,True,0.548089325428009,0.007466999348253012,0.11754171550273895,0.10538272559642792,0.010689345188438892,0.10558821260929108,0.010681912302970886,0.8944118022918701,2,0.7650962471961975,82,"large"
0.103515625,"hot dog",138241,True,0.8125246167182922,0.3873165547847748,0.05931023880839348,0.0,0.0,0.3873165547847748,0.05931023880839348,0.6126833558082581,0,1.0,83,"large"
0.3324422836303711,"wall-other-merged",139684,False,0.8495647311210632,0.07685735076665878,0.1864631474018097,0.14781995117664337,0.10284963250160217,0.22110193967819214,0.12009801715612411,0.7788980603218079,0,0.9206606149673462,84,"large"
0.18027782440185547,"couch",139684,True,0.890464723110199,0.03259149566292763,0.03999660164117813,0.09519161283969879,0.02599617838859558,0.12478291988372803,0.027921052649617195,0.8752169609069824,1,0.96647709608078,84,"large"
0.05316162109375,"window-other",139684,False,0.9697901010513306,0.022246068343520164,0.020510010421276093,0.6062347888946533,0.1047082245349884,0.6258559226989746,0.09108264744281769,0.374144047498703,2,1.0,84,"medium"
0.05649280548095703,"curtain",139684,False,0.7731344103813171,0.0743003860116005,0.033809371292591095,0.30642572045326233,0.026173900812864304,0.35778915882110596,0.02579006738960743,0.642210841178894,3,0.6374394297599792,84,"medium"
0.03937053680419922,"chair",139684,True,0.10037707537412643,0.8251156806945801,0.2899932265281677,0.09966161102056503,0.006452658679336309,0.924767017364502,0.050567787140607834,0.07523299008607864,4,0.5499600172042847,84,"medium"
0.031882286071777344,"rug-merged",139684,False,0.7732115387916565,0.2612326741218567,0.09418977051973343,0.28778940439224243,0.01892596110701561,0.5425464510917664,0.030200181528925896,0.45745354890823364,5,0.9258173704147339,84,"medium"
0.03406333923339844,"cat",139684,True,0.6914364099502563,0.027781227603554726,0.005447829607874155,0.17222800850868225,0.006175495684146881,0.19639456272125244,0.005959055386483669,0.8036054968833923,6,0.6307184100151062,84,"medium"
0.03165912628173828,"table-merged",139684,False,0.04376283660531044,0.4032406210899353,0.07976739853620529,0.5498976707458496,0.01985394023358822,0.9531382918357849,0.029101360589265823,0.04686177894473076,7,0.06169231981039047,84,"medium"
0.029036521911621094,"shelf",139684,False,0.38178181648254395,0.08646485209465027,0.010004399344325066,0.27381986379623413,0.0057603600434958935,0.3589617908000946,0.006393243558704853,0.6410382390022278,8,0.2690577208995819,84,"small"
0.027059555053710938,"mirror-stuff",139684,False,0.4896179437637329,0.11466864496469498,0.012811456806957722,0.11920580267906189,0.0024124544579535723,0.20658642053604126,0.003545633517205715,0.7934136390686035,9,0.6641643643379211,84,"small"
0.01953125,"tv",139684,True,0.8352915048599243,0.002368058543652296,0.0002617038553580642,0.009930052794516087,0.00019737314141821116,0.01229811180382967,0.00020717954612337053,0.9877018928527832,10,0.8999999761581421,84,"small"
0.0137939453125,"dining table",139684,True,0.026400696486234665,0.5116055607795715,0.012010344304144382,0.38467875123023987,0.0016127020353451371,0.8962091207504272,0.0031884999480098486,0.10379087179899216,11,0.0,84,"small"
0.006103515625,"light",139684,False,0.3273942172527313,0.016877269372344017,0.00023452728055417538,0.035374775528907776,8.682889892952517e-05,0.03786629065871239,7.912747969385237e-05,0.9621335864067078,12,0.3199999928474426,84,"tiny"
0.0009765625,"book",139684,True,0.7321697473526001,0.5291939377784729,0.005507803056389093,0.011159823276102543,2.0433815734577365e-05,0.5403537750244141,0.0008413768955506384,0.4596463143825531,13,1.0,84,"tiny"
0.0011444091796875,"book",139684,True,0.001288815401494503,0.5778136849403381,7.223452121252194e-05,0.34324756264686584,7.550554528279463e-06,0.9210612177848816,1.7229285731445998e-05,0.0789388120174408,14,0.0,84,"tiny"
0.3566436767578125,"wall-other-merged",140640,False,0.7176506519317627,0.04868289455771446,0.058657579123973846,0.08540701121091843,0.06297170370817184,0.13208851218223572,0.06054602935910225,0.8679114580154419,0,0.820776104927063,85,"large"
0.1927337646484375,"person",140640,True,0.8832457065582275,0.11500673741102219,0.09647992998361588,0.05730823054909706,0.020903855562210083,0.17091086506843567,0.04347013682126999,0.8290891051292419,1,0.9753780364990234,85,"large"
0.09259033203125,"person",140640,True,0.04004807397723198,0.8950162529945374,0.6130349040031433,0.08293045312166214,0.020964425057172775,0.9778808355331421,0.1806596964597702,0.022119155153632164,2,0.771423876285553,85,"medium"
0.048614501953125,"door-stuff",140640,False,0.7204163670539856,0.06573615968227386,0.030197300016880035,0.6255609393119812,0.09945903718471527,0.6884977221488953,0.08136436343193054,0.31150224804878235,3,0.876020073890686,85,"medium"
0.039794921875,"potted plant",140640,True,0.7156181931495667,0.0479649119079113,0.008292154408991337,0.2849142551422119,0.01680343598127365,0.3269599974155426,0.014407835900783539,0.6730400323867798,4,0.8343558311462402,85,"medium"
0.018646240234375,"cake",140640,True,0.6944124698638916,0.06299986690282822,0.003880044212564826,0.07801172882318497,0.0015964232152327895,0.14101159572601318,0.0021659613121300936,0.8589884042739868,5,0.8641571402549744,85,"small"
0.0029296875,"cake",140640,True,0.9999573826789856,0.41181638836860657,0.019887208938598633,0.34032267332077026,0.005346669349819422,0.7521390318870544,0.008915937505662441,0.24786095321178436,6,1.0,85,"tiny"
0.0027313232421875,"knife",140640,True,0.030119964852929115,0.03182968124747276,0.0002615473640616983,0.9272645115852356,0.002478160196915269,0.9590941667556763,0.0019341562874615192,0.04090581834316254,7,0.0,85,"tiny"
0.001953125,"cake",140640,True,0.022794604301452637,0.8288142085075378,0.0019027082016691566,0.09194960445165634,6.858414417365566e-05,0.9207639694213867,0.0005183663452044129,0.07923602312803268,8,0.0,85,"tiny"
0.0009765625,"cake",140640,True,0.05441390722990036,0.41373851895332336,0.0021623224020004272,0.5447190999984741,0.0009237687918357551,0.9584576487541199,0.0012272023595869541,0.04154234752058983,9,0.0,85,"tiny"
0.21352672576904297,"bus",142585,True,0.9456031918525696,0.028579626232385635,0.017443062737584114,0.01922629028558731,0.00927194394171238,0.04754561930894852,0.012815735302865505,0.9524544477462769,0,0.9971192479133606,86,"large"
0.15548324584960938,"sky-other-merged",142585,False,0.5589391589164734,0.09589825570583344,0.03036198578774929,0.11576036363840103,0.02558801881968975,0.20972567796707153,0.027309488505125046,0.7902743816375732,1,0.9622169137001038,86,"large"
0.1332263946533203,"car",142585,True,0.8878489136695862,0.047485463321208954,0.017246367409825325,0.014862614683806896,0.0036095259711146355,0.062348078936338425,0.009074131958186626,0.9376519322395325,2,0.9637289047241211,86,"large"
0.06494808197021484,"bridge",142585,False,0.7390820384025574,0.3245619535446167,0.08057909458875656,0.12130434811115265,0.017771286889910698,0.4433484375476837,0.040886979550123215,0.5566515326499939,3,0.9359352588653564,86,"medium"
0.053444862365722656,"tree-merged",142585,False,0.42097848653793335,0.16906185448169708,0.017513351514935493,0.20577529072761536,0.012350646778941154,0.374695748090744,0.014243188314139843,0.6253043413162231,4,0.5481700897216797,86,"medium"
0.0135040283203125,"building-other-merged",142585,False,0.9891344904899597,0.26400429010391235,0.025838835164904594,0.34307408332824707,0.018247002735733986,0.6070783138275146,0.02092001959681511,0.39292168617248535,5,1.0,86,"small"
0.005859375,"car",142585,True,0.8623536229133606,0.5536864995956421,0.022372817620635033,0.0862913504242897,0.0018724153051152825,0.6399778127670288,0.009034927003085613,0.36002209782600403,6,1.0,86,"tiny"
0.005859375,"car",142585,True,0.10235600918531418,0.6529724597930908,0.01259875763207674,0.2575361132621765,0.002668389119207859,0.9105085730552673,0.006137900520116091,0.0894913375377655,7,0.1666666716337204,86,"tiny"
0.00390625,"traffic light",142585,True,0.201323464512825,0.012479530647397041,7.50106482882984e-05,0.6108348369598389,0.001965699950233102,0.623314380645752,0.0013064186787232757,0.37668555974960327,8,0.5,86,"tiny"
0.0028963088989257812,"traffic light",142585,True,0.2996061146259308,0.13064146041870117,0.0005140658468008041,0.23445607721805573,0.0004931651637889445,0.3650975227355957,0.0005004458362236619,0.6349024772644043,9,0.33717483282089233,86,"tiny"
0.0009765625,"car",142585,True,0.0007458630716428161,0.04737385734915733,0.0002505462325643748,0.9522296786308289,0.0026841252110898495,0.9996034502983093,0.0018380272667855024,0.0003965146606788039,10,0.0,86,"tiny"
0.48388671875,"sky-other-merged",144706,False,0.8457687497138977,0.0233665332198143,0.1363542675971985,0.03407778590917587,0.03321605548262596,0.05505351349711418,0.0461985245347023,0.9449465274810791,0,0.9334006309509277,87,"large"
0.18994140625,"tree-merged",144706,False,0.9038952589035034,0.06758356839418411,0.21833331882953644,0.2195225954055786,0.07138792425394058,0.2839468717575073,0.08404524624347687,0.7160531282424927,1,0.974293053150177,87,"large"
0.14599609375,"road",144706,False,0.8778411746025085,0.03269658610224724,0.06319519132375717,0.076705202460289,0.014101757667958736,0.1065671369433403,0.01790023408830166,0.8934329152107239,2,0.953177273273468,87,"large"
0.052734375,"house",144706,False,0.6566006541252136,0.2599942684173584,0.20722563564777374,0.15467435121536255,0.010480308905243874,0.41466858983039856,0.02589540369808674,0.585331380367279,3,0.8148148059844971,87,"medium"
0.02392578125,"pavement-merged",144706,False,0.5852056741714478,0.13170954585075378,0.03396618366241455,0.1402324140071869,0.002974538132548332,0.2684710919857025,0.0052645085379481316,0.7315289378166199,4,0.6122449040412903,87,"small"
0.01953125,"grass-merged",144706,False,0.44018903374671936,0.14717309176921844,0.02471485175192356,0.16302244365215302,0.0022420361638069153,0.31019553542137146,0.003943165298551321,0.6898044943809509,5,0.6499999761581421,87,"small"
0.0048828125,"traffic light",144706,True,0.6905496716499329,0.17032569646835327,0.012046637944877148,0.3420919179916382,0.0019479154143482447,0.35765892267227173,0.0018866622122004628,0.6423410177230835,6,0.5,87,"tiny"
0.0029296875,"truck",144706,True,0.05645940825343132,0.004190735053271055,0.0001182121122837998,0.9168010354042053,0.002079833997413516,0.9209917783737183,0.0019338170532137156,0.07900820672512054,7,0.0,87,"tiny"
0.0029296875,"traffic light",144706,True,0.6328759789466858,0.3164437413215637,0.01688593626022339,0.215392604470253,0.000924360123462975,0.5318363904953003,0.0021124891936779022,0.4681636095046997,8,0.6666666865348816,87,"tiny"
0.001953125,"car",144706,True,0.18021026253700256,0.07277341187000275,0.002405474428087473,0.7837544679641724,0.0020812801085412502,0.8565278649330139,0.0021053883247077465,0.14347223937511444,9,0.0,87,"tiny"
0.40234375,"dog",145781,True,0.9505028128623962,0.029226316139101982,0.049961064010858536,0.02770051173865795,0.030763408169150352,0.05337563529610634,0.03607983514666557,0.9466243386268616,0,0.987864077091217,88,"large"
0.26318359375,"rug-merged",145781,False,0.9474133849143982,0.08653832972049713,0.10453268885612488,0.04123072326183319,0.02344859577715397,0.12654753029346466,0.049029041081666946,0.8734524846076965,1,0.9777365326881409,88,"large"
0.06103515625,"wall-other-merged",145781,False,0.7699893116950989,0.028568154200911522,0.006325804628431797,0.07667503505945206,0.005702548194676638,0.10191849619150162,0.0056800562888383865,0.8980815410614014,2,0.9200000166893005,88,"medium"
0.03955078125,"bottle",145781,True,0.7813333868980408,0.04385900869965553,0.006048544310033321,0.007975790649652481,0.00035897979978471994,0.051834799349308014,0.0017589540220797062,0.9481651782989502,3,0.8395061492919922,88,"medium"
0.32861328125,"gravel",147338,False,0.9079678654670715,0.014547065831720829,0.11293823271989822,0.25634118914604187,0.16688492894172668,0.2644093632698059,0.15974360704421997,0.7355906367301941,0,0.95839524269104,89,"large"
0.19287109375,"fire hydrant",147338,True,0.9501925110816956,0.015327139757573605,0.05775032937526703,0.0547073669731617,0.014257146045565605,0.0690387710928917,0.01683826372027397,0.9309612512588501,1,0.9898734092712402,89,"large"
0.08447265625,"truck",147338,True,0.7528224587440491,0.04461585357785225,0.0663657933473587,0.14150692522525787,0.012724574655294418,0.18172407150268555,0.01542588323354721,0.8182759881019592,2,0.9537572264671326,89,"medium"
0.08056640625,"pavement-merged",147338,False,0.8300856351852417,0.0066963364370167255,0.009820864535868168,0.12416437268257141,0.010952601209282875,0.12720832228660583,0.010601356625556946,0.8727916479110718,3,0.8242424130439758,89,"medium"
0.0537109375,"sky-other-merged",147338,False,0.9133864045143127,0.06333546340465546,0.0688675120472908,0.07309764623641968,0.004644792061299086,0.13643312454223633,0.008190629072487354,0.8635669946670532,4,0.9818181991577148,89,"medium"
0.0498046875,"grass-merged",147338,False,0.43254920840263367,0.02832941524684429,0.021821998059749603,0.4459931254386902,0.019967103376984596,0.464702844619751,0.019682180136442184,0.5352972149848938,5,0.38235294818878174,89,"medium"
0.046875,"car",147338,True,0.6644111275672913,0.07132307440042496,0.05227860063314438,0.11541488021612167,0.004906175658106804,0.18673795461654663,0.00750292232260108,0.8132620453834534,6,0.9791666865348816,89,"medium"
0.03662109375,"wall-other-merged",147338,False,0.010402178391814232,0.025554532185196877,0.0026572986971586943,0.9050040245056152,0.005387626122683287,0.9298821091651917,0.005243931896984577,0.07011796534061432,7,0.0,89,"medium"
0.02783203125,"road",147338,False,0.05992606654763222,0.1120084598660469,0.009043017402291298,0.5227936506271362,0.002392074093222618,0.60459303855896,0.002623240929096937,0.39540696144104004,8,0.0,89,"small"
0.025390625,"tree-merged",147338,False,0.4577319920063019,0.004544696770608425,0.0010490642162039876,0.03177344799041748,0.00041544478153809905,0.03631814569234848,0.0004494113672990352,0.9636818170547485,9,0.6538461446762085,89,"small"
0.01416015625,"building-other-merged",147338,False,0.5829757452011108,0.022628657519817352,0.005814781878143549,0.3636162281036377,0.00522620789706707,0.3851204514503479,0.005244676023721695,0.6148795485496521,10,0.6896551847457886,89,"small"
0.009765625,"truck",147338,True,0.42990678548812866,0.000627891335170716,5.8338097005616874e-05,0.13449832797050476,0.0006960510509088635,0.1351262331008911,0.0006624045199714601,0.8648737668991089,11,0.5,89,"tiny"
0.0029296875,"truck",147338,True,0.9817180633544922,9.959052476915531e-06,5.488731176228612e-07,0.0011399239301681519,3.4740223782137036e-06,0.0011498830281198025,3.320745690871263e-06,0.9988501071929932,12,1.0,89,"tiny"
0.218505859375,"zebra",148783,True,0.8800995349884033,0.10532136261463165,0.04849691689014435,0.01898140460252762,0.01363793108612299,0.12365050613880157,0.034720636904239655,0.8763495087623596,0,0.9877095222473145,90,"large"
0.16455078125,"tree-merged",148783,False,0.5844160318374634,0.19023339450359344,0.04975021257996559,0.03934750705957413,0.013645750470459461,0.2283967137336731,0.034072015434503555,0.7716032862663269,1,0.9718101024627686,90,"large"
0.140869140625,"fence-merged",148783,False,0.6375108361244202,0.03888604789972305,0.007654894143342972,0.0038357325829565525,0.000940599013119936,0.04272177815437317,0.004665038548409939,0.9572782516479492,2,0.9930675625801086,90,"large"
0.5029296875,"mountain-merged",150726,False,0.31546854972839355,0.015380487777292728,0.586313784122467,0.4315170645713806,0.24262093007564545,0.43174654245376587,0.24251148104667664,0.5682534575462341,0,0.5786407589912415,91,"large"
0.25439453125,"tree-merged",150726,False,0.9732984900474548,0.004378438927233219,0.24356670677661896,0.3890627920627594,0.2145708054304123,0.3922935128211975,0.214368999004364,0.6077064871788025,1,1.0,91,"large"
0.11669921875,"rock-merged",150726,False,0.8558101654052734,0.017277829349040985,0.32924869656562805,0.2837464213371277,0.044984281063079834,0.2844346761703491,0.044943831861019135,0.7155652642250061,2,0.10878661274909973,91,"large"
0.072265625,"giraffe",150726,True,0.7520413994789124,0.007222900632768869,0.06064790487289429,0.11602191627025604,0.007735769264400005,0.11629348248243332,0.007708985358476639,0.8837064504623413,3,0.837837815284729,91,"medium"
0.05322265625,"giraffe",150726,True,0.8325269222259521,0.006027847994118929,0.04582759365439415,0.1982365995645523,0.011749916709959507,0.20426444709300995,0.012013539671897888,0.7957355976104736,4,0.9449541568756104,91,"medium"
0.18572998046875,"platform",151857,False,0.9725243449211121,0.07522048056125641,0.030718117952346802,0.042252495884895325,0.027621110901236534,0.11747297644615173,0.029527317732572556,0.8825270533561707,0,1.0,92,"large"
0.17197418212890625,"ceiling-merged",151857,False,0.9810537695884705,0.08597099035978317,0.03375862166285515,0.0570363849401474,0.034336019307374954,0.1427108198404312,0.03391890227794647,0.85728919506073,1,0.9886429309844971,92,"large"
0.06989288330078125,"wall-other-merged",151857,False,0.9380246996879578,0.04286493733525276,0.00654095271602273,0.10055907070636749,0.017926916480064392,0.14274020493030548,0.01173675712198019,0.8572598099708557,2,0.9571007490158081,92,"medium"
0.05078125,"railroad",151857,False,0.9321386814117432,0.3071575462818146,0.049961671233177185,0.1121954396367073,0.020414268597960472,0.41935300827026367,0.03601514548063278,0.5806470513343811,3,0.9807692170143127,92,"medium"
0.013671875,"sky-other-merged",151857,False,0.9215084910392761,0.03306915983557701,0.0013803248293697834,0.36468571424484253,0.01572536490857601,0.39775487780570984,0.008436225354671478,0.6022452116012573,4,0.8571428656578064,92,"small"
0.0068359375,"building-other-merged",151857,False,0.1927889883518219,0.1076735407114029,0.0012104781344532967,0.6584230661392212,0.007540499791502953,0.7660966515541077,0.004346167203038931,0.23390334844589233,5,0.1428571492433548,92,"tiny"
0.41039562225341797,"motorcycle",153217,True,0.937860906124115,0.02346213534474373,0.07523808628320694,0.05229290574789047,0.046750400215387344,0.07095393538475037,0.04985625296831131,0.9290462136268616,0,0.9723445177078247,93,"large"
0.14391040802001953,"grass-merged",153217,False,0.959740161895752,0.0875421091914177,0.14412295818328857,0.2659425437450409,0.07773760706186295,0.3506241738796234,0.08711087703704834,0.649375855922699,1,0.9592845439910889,93,"large"
0.09716129302978516,"pavement-merged",153217,False,0.7693410515785217,0.02058490365743637,0.016039691865444183,0.2472851276397705,0.03209654614329338,0.2574402391910553,0.02870430424809456,0.7425597906112671,2,0.7350438237190247,93,"medium"
0.09402084350585938,"wall-brick",153217,False,0.9044390916824341,0.21200083196163177,0.20145529508590698,0.10297314822673798,0.01623731665313244,0.30732622742652893,0.04164435714483261,0.6926737427711487,3,0.9490708708763123,93,"medium"
0.06958389282226562,"cat",153217,True,0.8505637049674988,0.026292039081454277,0.015965469181537628,0.2257830798625946,0.02207246981561184,0.24556030333042145,0.0207048449665308,0.7544397115707397,4,0.8968669772148132,93,"medium"
0.06121253967285156,"window-other",153217,False,0.7247031331062317,0.0502631701529026,0.020436668768525124,0.11850855499505997,0.0076672728173434734,0.1554863005876541,0.008699988014996052,0.8445137143135071,5,0.8241516947746277,93,"medium"
0.37890625,"truck",154000,True,0.8747780323028564,0.003398546716198325,0.13884921371936798,0.020413348451256752,0.011270228773355484,0.022626658901572227,0.012354706414043903,0.9773733019828796,0,0.967783510684967,94,"large"
0.3779296875,"sky-other-merged",154000,False,0.9568180441856384,0.002424015663564205,0.10795420408248901,0.02061633951961994,0.012397635728120804,0.021823426708579063,0.0129690021276474,0.9781765341758728,1,0.9909560680389404,94,"large"
0.19384765625,"dirt-merged",154000,False,0.953741729259491,0.0034115384332835674,0.08043888211250305,0.05363795906305313,0.013149800710380077,0.055381011217832565,0.01344554778188467,0.9446188807487488,2,0.994962215423584,94,"large"
0.01953125,"fence-merged",154000,False,0.6574188470840454,0.04126310348510742,0.07626582682132721,0.12181472778320312,0.0019224078860133886,0.16307781636714935,0.002551809186115861,0.8369222283363342,3,0.7749999761581421,94,"small"
0.01708984375,"truck",154000,True,0.7112532258033752,0.022270968183875084,0.03914044797420502,0.14451469480991364,0.0021631522104144096,0.16678564250469208,0.002475429093465209,0.833214282989502,4,0.7428571581840515,94,"small"
0.00390625,"tree-merged",154000,False,0.7120628952980042,0.3514328598976135,0.4404596984386444,0.38120773434638977,0.004014935344457626,0.7326405644416809,0.007651974447071552,0.26735949516296387,5,0.75,94,"tiny"
0.001953125,"truck",154000,True,0.0010264357551932335,0.022712642326951027,0.0016305928584188223,0.9739233255386353,0.0005864052218385041,0.9966359734535217,0.0005950897466391325,0.0033640696201473475,6,0.0,94,"tiny"
0.27890586853027344,"wall-tile",154718,False,0.8313649892807007,0.16206127405166626,0.09987778961658478,0.06155524402856827,0.07752334326505661,0.22352036833763123,0.09256450086832047,0.7764796614646912,0,0.9774870872497559,95,"large"
0.18355941772460938,"person",154718,True,0.8994382619857788,0.1636725217103958,0.06731529533863068,0.009974002838134766,0.005980180110782385,0.17152300477027893,0.041866376996040344,0.8284769654273987,1,0.9717419147491455,95,"large"
0.042809486389160156,"paper-merged",154718,False,0.9690901637077332,0.2378157079219818,0.03656863048672676,0.20653511583805084,0.03255155682563782,0.44319069385528564,0.034497689455747604,0.5568092465400696,2,0.9543763399124146,95,"medium"
0.0107421875,"cardboard",154718,False,0.9327516555786133,0.28596845269203186,0.016407577320933342,0.3536165952682495,0.019477803260087967,0.639585018157959,0.017974000424146652,0.36041495203971863,3,0.7272727489471436,95,"small"
0.25543975830078125,"platform",155443,False,0.8890333771705627,0.015080506913363934,0.05042542144656181,0.11918380111455917,0.04676176235079765,0.1326216608285904,0.04663506895303726,0.867378294467926,0,0.8948657512664795,96,"large"
0.21976470947265625,"building-other-merged",155443,False,0.7538455128669739,0.15750841796398163,0.6835135221481323,0.35838809609413147,0.17270515859127045,0.5124349594116211,0.22316235303878784,0.4875650107860565,1,0.893455982208252,96,"large"
0.12882232666015625,"house",155443,False,0.71477872133255,0.025602739304304123,0.03937522694468498,0.21308541297912598,0.03224726393818855,0.23535168170928955,0.032532062381505966,0.7646482586860657,2,0.7808113694190979,96,"large"
0.1081085205078125,"railroad",155443,False,0.9245703816413879,0.006130452733486891,0.008914069272577763,0.11595550924539566,0.016226809471845627,0.12208597362041473,0.015584813430905342,0.8779141306877136,3,0.9458009600639343,96,"large"
0.05820465087890625,"sky-other-merged",155443,False,0.5632317662239075,0.024059133604168892,0.013017193414270878,0.2237877994775772,0.0109496945515275,0.2261744886636734,0.010173932649195194,0.773825466632843,4,0.6852798461914062,96,"medium"
0.0517578125,"train",155443,True,0.8171104788780212,0.0005965423188172281,0.00033211911795660853,0.029251843690872192,0.0014658182626590133,0.029848385602235794,0.0013722038129344583,0.9701517224311829,5,0.9056603908538818,96,"medium"
0.04974365234375,"bridge",155443,False,0.4274342656135559,0.02392200008034706,0.008249164558947086,0.19060540199279785,0.005898637231439352,0.21253715455532074,0.006039082538336515,0.7874628901481628,6,0.2542944848537445,96,"medium"
0.02001953125,"wall-brick",155443,False,0.04726145789027214,0.02431853860616684,0.007206259295344353,0.9378959536552429,0.02409539744257927,0.959222137928009,0.022711122408509254,0.04077783599495888,7,0.0,96,"small"
0.01607513427734375,"ceiling-merged",155443,False,0.01095679309219122,0.013018404133617878,0.001531061832793057,0.9680622220039368,0.009836900047957897,0.9808732867240906,0.009180162101984024,0.019126640632748604,8,0.0,96,"small"
0.01123046875,"train",155443,True,0.8603869080543518,0.005845827050507069,0.000864164438098669,0.16102810204029083,0.0020460605155676603,0.1652107685804367,0.0019340072758495808,0.8347892165184021,9,0.8695651888847351,96,"small"
0.0087890625,"fence-merged",155443,False,0.9232900142669678,0.295695424079895,0.0730256661772728,0.2846563458442688,0.006029593292623758,0.5803517699241638,0.011321932077407837,0.4196482002735138,10,1.0,96,"tiny"
0.1258716583251953,"cake",157138,True,0.8790360689163208,0.022502606734633446,0.0032207381445914507,0.03380180522799492,0.07212725281715393,0.05630440264940262,0.007552136667072773,0.9436956644058228,0,1.0,97,"large"
0.046051025390625,"fork",157138,True,0.7726199626922607,0.08293040096759796,0.0040235696360468864,0.023037467151880264,0.006784808821976185,0.10478497296571732,0.004365678410977125,0.8952150940895081,1,0.9748177528381348,97,"medium"
0.0090789794921875,"food-other-merged",157138,False,0.03664664179086685,0.1759798377752304,0.0003095413849223405,0.5970394611358643,0.005003867205232382,0.7690939903259277,0.0011183462338522077,0.23090605437755585,2,0.10756302624940872,97,"tiny"
0.2782135009765625,"dirt-merged",158945,False,0.9488234519958496,0.010785267688333988,0.035832479596138,0.14858102798461914,0.07416456937789917,0.15783268213272095,0.06854147464036942,0.842167317867279,0,0.9684089422225952,98,"large"
0.2535552978515625,"elephant",158945,True,0.8775434494018555,0.03595530241727829,0.09146299213171005,0.037481531500816345,0.01376902125775814,0.07287226617336273,0.023429682478308678,0.9271277189254761,1,0.897815465927124,98,"large"
0.138427734375,"rock-merged",158945,False,0.6232226490974426,0.05243354290723801,0.06342018395662308,0.20057418942451477,0.029671333730220795,0.24398796260356903,0.032315757125616074,0.7560120224952698,2,0.874448835849762,98,"large"
0.12347412109375,"building-other-merged",158945,False,0.8284586071968079,0.022491654381155968,0.03301217034459114,0.2518218457698822,0.044437095522880554,0.2612886428833008,0.041278865188360214,0.7387113571166992,3,0.9583539366722107,98,"large"
0.0489349365234375,"grass-merged",158945,False,0.6871091723442078,0.014342625625431538,0.007841917686164379,0.33397215604782104,0.020106207579374313,0.34817373752593994,0.0188842061907053,0.6518262028694153,4,0.778297483921051,98,"medium"
0.04736328125,"chair",158945,True,0.792102038860321,0.05053403973579407,0.02262311801314354,0.06136580929160118,0.0030180911999195814,0.11175007373094559,0.004954596050083637,0.8882498741149902,5,0.8659793734550476,98,"medium"
0.0206298828125,"person",158945,True,0.8354208469390869,0.02458087168633938,0.004815545864403248,0.051006123423576355,0.0010644920403137803,0.06753068417310715,0.001274447189643979,0.9324692487716675,6,0.8742603659629822,98,"small"
0.08544921875,"toothbrush",160666,True,0.9080702662467957,0.26534125208854675,0.030643530189990997,0.0,0.0,0.26534125208854675,0.030643530189990997,0.7346587777137756,0,1.0,99,"medium"
0.392486572265625,"snow",161781,False,0.9604187607765198,0.03220028430223465,0.021347301080822945,0.010852021165192127,0.28664034605026245,0.04172786325216293,0.027018850669264793,0.9582720398902893,0,0.9875592589378357,100,"large"
0.014892578125,"skis",161781,True,0.7306737899780273,0.12212281674146652,0.003828982589766383,0.3072492778301239,0.01456350740045309,0.41508403420448303,0.007838849909603596,0.5849159955978394,1,0.6557376980781555,100,"small"
0.32861328125,"person",162092,True,0.9380441308021545,0.09099452942609787,0.05867142602801323,0.013463995419442654,0.033513542264699936,0.10379866510629654,0.05317675694823265,0.8962012529373169,0,1.0,101,"large"
0.041259765625,"person",162092,True,0.8008671998977661,0.15776334702968597,0.013185803778469563,0.10110516101121902,0.010599298402667046,0.2588685154914856,0.012038442306220531,0.7411314845085144,1,1.0,101,"medium"
0.021484375,"table-merged",162092,False,0.8336953520774841,0.6793599128723145,0.09864512085914612,0.08986509591341019,0.015631236135959625,0.7687601447105408,0.06085415929555893,0.23123997449874878,2,0.9886363744735718,101,"small"
0.01953125,"light",162092,False,0.7464295029640198,0.6446384191513062,0.06510648876428604,0.08476690948009491,0.010216391645371914,0.7294052243232727,0.04008064419031143,0.27059465646743774,3,0.8999999761581421,101,"small"
0.015625,"tree-merged",162092,False,0.5783862471580505,0.5500152707099915,0.026924820616841316,0.10391117632389069,0.006017621606588364,0.6539264917373657,0.017347540706396103,0.34607356786727905,4,0.8125,101,"small"
0.014404296875,"person",162092,True,0.0010665934532880783,0.9717833995819092,0.06581464409828186,0.027794932946562767,0.0022197021171450615,0.9995747804641724,0.0366404689848423,0.0004252520448062569,5,0.0,101,"small"
0.012451171875,"cake",162092,True,7.435098086716607e-05,0.8424475789070129,0.028520021587610245,0.15750184655189514,0.006260336376726627,0.9999487400054932,0.018285954371094704,5.126234464114532e-05,6,0.0,101,"small"
0.0078125,"fruit",162092,False,0.002433084649965167,0.3953024744987488,0.001373673789203167,0.5944432020187378,0.0024020890705287457,0.9897457361221313,0.0018491640221327543,0.010254197753965855,7,0.0,101,"tiny"
0.005859375,"person",162092,True,0.008000514470040798,0.9905932545661926,0.028843455016613007,0.006388651207089424,0.0002153974783141166,0.9969819784164429,0.015576967038214207,0.003018045797944069,8,0.0,101,"tiny"
0.41059112548828125,"pavement-merged",163257,False,0.949499785900116,0.031093325465917587,0.09551968425512314,0.030567264184355736,0.02788798324763775,0.06140991672873497,0.04327632114291191,0.9385899901390076,0,0.9604771733283997,102,"large"
0.3081512451171875,"person",163257,True,0.9082068800926208,0.027406273409724236,0.061594534665346146,0.05593562498688698,0.030440624803304672,0.07901250571012497,0.03470401465892792,0.9209874272346497,1,0.9642238020896912,102,"large"
0.14095306396484375,"tree-merged",163257,False,0.8974896669387817,0.1489083468914032,0.17232747375965118,0.04464982822537422,0.009639174677431583,0.19152669608592987,0.034885961562395096,0.8084732890129089,2,0.9708795547485352,102,"large"
0.0071258544921875,"person",163257,True,0.019203318282961845,0.8150866031646729,0.1248912513256073,0.17834262549877167,0.004306467715650797,0.9933949112892151,0.020728066563606262,0.0066051422618329525,3,0.0,102,"tiny"
0.32958984375,"mirror-stuff",164602,False,0.7969234585762024,0.31144076585769653,0.7004837989807129,0.09517470002174377,0.08884438872337341,0.40653830766677856,0.26838523149490356,0.5934616923332214,0,0.9185185432434082,103,"large"
0.28369140625,"person",164602,True,0.8200234174728394,0.011221221648156643,0.014434327371418476,0.07077079266309738,0.03438358008861542,0.08094625920057297,0.028604088351130486,0.9190537929534912,1,0.8605852127075195,103,"large"
0.16455078125,"person",164602,True,0.8806361556053162,0.022535528987646103,0.02145911008119583,0.21048490703105927,0.06161227822303772,0.22664774954319,0.05083354562520981,0.773352324962616,2,0.9109792113304138,103,"large"
0.01318359375,"wall-tile",164602,False,0.7768038511276245,0.17047923803329468,0.033036503940820694,0.5609570741653442,0.027075640857219696,0.7314362525939941,0.028264272958040237,0.26856380701065063,3,0.8148148059844971,103,"small"
0.013671875,"sink",164602,True,0.6817039251327515,0.05309497192502022,0.007462197914719582,0.6099007725715637,0.021363262087106705,0.6629956960678101,0.0185899306088686,0.33700427412986755,4,0.2142857164144516,103,"small"
0.00048828125,"toothbrush",164602,True,0.975023627281189,0.3294719457626343,0.0024825239088386297,0.670527994632721,0.0012377448147162795,0.6789037585258484,0.0010070949792861938,0.32109612226486206,5,1.0,103,"tiny"
0.4638671875,"grass-merged",165500,False,0.9043771624565125,0.06864872574806213,0.1401030719280243,0.042224884033203125,0.0648028552532196,0.10998593270778656,0.09669658541679382,0.8900140523910522,0,0.9684210419654846,104,"large"
0.22412109375,"tree-merged",165500,False,0.7938273549079895,0.010627763345837593,0.010215609334409237,0.196527898311615,0.07956608384847641,0.19858916103839874,0.05682182312011719,0.8014108538627625,1,0.9041394591331482,104,"large"
0.0537109375,"sky-other-merged",165500,False,0.8296414017677307,0.007443170063197613,0.0018537577707320452,0.22493582963943481,0.018062785267829895,0.22531190514564514,0.013695772737264633,0.7746881246566772,2,0.918181836605072,104,"medium"
0.02783203125,"mountain-merged",165500,False,0.47851938009262085,0.019948815926909447,0.0023027609568089247,0.4983963966369629,0.017914719879627228,0.5004470348358154,0.013723970390856266,0.4995529055595398,3,0.5087719559669495,104,"small"
0.0029296875,"bear",165500,True,0.007753198500722647,0.815176784992218,0.036069709807634354,0.18260054290294647,0.0024357407819479704,0.9977772831916809,0.010226566344499588,0.002222696552053094,4,0.0,104,"tiny"
0.49029541015625,"sky-other-merged",166563,False,0.9269083142280579,0.0830402746796608,0.13158518075942993,0.015212074853479862,0.03976786136627197,0.09809942543506622,0.09698038548231125,0.9019005298614502,0,0.9708701372146606,105,"large"
0.1927490234375,"elephant",166563,True,0.9424975514411926,0.15012012422084808,0.10967759788036346,0.071636863052845,0.033944979310035706,0.21805615723133087,0.06275619566440582,0.7819439172744751,1,0.9813172817230225,105,"large"
0.7361373901367188,"wall-other-merged",167240,False,0.9690719246864319,0.0007425239309668541,0.22478973865509033,0.04311281070113182,0.12295477837324142,0.04378340393304825,0.12379134446382523,0.95621657371521,0,0.9830132722854614,106,"large"
0.19518280029296875,"vase",167240,True,0.9829858541488647,0.009382485412061214,0.8010554313659668,0.08147547394037247,0.02134673111140728,0.08809098601341248,0.02302880957722664,0.9119090437889099,1,0.9949966669082642,106,"large"
0.06689453125,"table-merged",167240,False,0.6600867509841919,0.002621659077703953,0.05007390305399895,0.059892114251852036,0.0030275224708020687,0.061868369579315186,0.0031207986176013947,0.9381317496299744,2,0.6423357725143433,106,"medium"
0.302734375,"refrigerator",168593,True,0.9626912474632263,0.023106230422854424,0.06901092827320099,0.029768289998173714,0.015414680354297161,0.05287452042102814,0.023334015160799026,0.9471254348754883,0,0.9967741966247559,107,"large"
0.21142578125,"window-other",168593,False,0.8093430995941162,0.008505681529641151,0.014998966827988625,0.05202367156744003,0.013767351396381855,0.058141130954027176,0.013395090587437153,0.9418588876724243,1,0.9330254197120667,107,"large"
0.20947265625,"wall-other-merged",168593,False,0.819851279258728,0.006419733166694641,0.011472099460661411,0.062108609825372696,0.0166206955909729,0.0672098696231842,0.015652891248464584,0.9327901601791382,2,0.9044288992881775,107,"large"
0.12158203125,"refrigerator",168593,True,0.8490967154502869,0.04241636395454407,0.04756014421582222,0.06438744813203812,0.009586707688868046,0.10635659843683243,0.01398702897131443,0.8936435580253601,3,0.9317269325256348,107,"large"
0.052734375,"chair",168593,True,0.884896457195282,0.0986335352063179,0.05565115436911583,0.09860926866531372,0.006789765786379576,0.19724281132221222,0.01210407167673111,0.8027571439743042,4,1.0,107,"medium"
0.3846435546875,"bed",170278,True,0.9321183562278748,0.13482289016246796,0.23943376541137695,0.05923027545213699,0.07196785509586334,0.1934375762939453,0.139735147356987,0.8065623044967651,0,0.9660425186157227,108,"large"
0.26385498046875,"dog",170278,True,0.9355533123016357,0.0014153379015624523,0.0014955115038901567,0.0664352998137474,0.03610742837190628,0.06667178869247437,0.023954009637236595,0.9333281517028809,1,0.9535045027732849,108,"large"
0.09503173828125,"cabinet-merged",170278,False,0.8998637199401855,0.05313185974955559,0.01987016201019287,0.033324696123600006,0.004765018355101347,0.08645655959844589,0.008942950516939163,0.9135434031486511,2,0.9794476628303528,108,"medium"
0.0069580078125,"window-other",170278,False,0.8911551833152771,0.25218117237091064,0.009774921461939812,0.10872035473585129,0.0014201896265149117,0.36090153455734253,0.003526075044646859,0.6390985250473022,3,1.0,108,"tiny"
0.24560546875,"couch",171740,True,0.9227617979049683,0.007211623713374138,0.009258567355573177,0.07378599047660828,0.03226051852107048,0.08007095009088516,0.026148678734898567,0.919929027557373,0,0.9781312346458435,109,"large"
0.16796875,"wall-other-merged",171740,False,0.7370127439498901,0.31378838419914246,0.3805333375930786,0.15451891720294952,0.05613015219569206,0.4680326282978058,0.13090460002422333,0.5319674015045166,1,0.9505813717842102,109,"large"
0.1650390625,"shelf",171740,False,0.7613007426261902,0.05447119101881981,0.0514291450381279,0.25705769658088684,0.07231374084949493,0.30651357769966125,0.06651025265455246,0.6934863924980164,2,0.9142012000083923,109,"large"
0.091796875,"table-merged",171740,False,0.8628091812133789,0.018038110807538033,0.00896359235048294,0.1513674259185791,0.020150503143668175,0.1694055199623108,0.017786815762519836,0.8305944800376892,3,0.957446813583374,109,"medium"
0.0400390625,"floor-other-merged",171740,False,0.391764760017395,0.0707734003663063,0.011230814270675182,0.41878482699394226,0.016592809930443764,0.48488354682922363,0.015381109900772572,0.5151165127754211,4,0.40243902802467346,109,"medium"
0.0380859375,"mirror-stuff",171740,False,0.8042542934417725,0.09606856107711792,0.026518311351537704,0.3394068777561188,0.023318234831094742,0.42172980308532715,0.02322336845099926,0.5782702565193176,5,0.5,109,"medium"
0.025390625,"rug-merged",171740,False,0.7236576676368713,0.006196173839271069,0.0009232563897967339,0.35119709372520447,0.012829468585550785,0.3573932647705078,0.010485208593308926,0.6426067352294922,6,0.807692289352417,109,"small"
0.0205078125,"light",171740,False,0.8543391227722168,0.021718915551900864,0.0022865491919219494,0.11103042215108871,0.002848017029464245,0.13274933397769928,0.0027380185201764107,0.8672506213188171,7,0.9523809552192688,109,"small"
0.0107421875,"ceiling-merged",171740,False,0.3656894564628601,0.0847441554069519,0.0033709474373608828,0.40061962604522705,0.0038351365365087986,0.48536378145217896,0.0037450939416885376,0.514636218547821,8,0.3636363744735718,109,"small"
0.001953125,"cup",171740,True,0.9999958276748657,0.2798801362514496,0.006382509600371122,0.2738000452518463,0.0014862724347040057,0.5536802411079407,0.002427672501653433,0.4463198781013489,9,1.0,109,"tiny"
0.0029296875,"clock",171740,True,0.2520323693752289,0.004647042602300644,2.9247441489133053e-05,0.3839834928512573,0.0005759643972851336,0.3886305093765259,0.0004707441257778555,0.6113695502281189,10,0.3333333432674408,109,"tiny"
0.5237884521484375,"pavement-merged",172617,False,0.8797879815101624,0.034588299691677094,0.04436579719185829,0.013595040887594223,0.06664715707302094,0.048183340579271317,0.04898663982748985,0.9518166184425354,0,0.9896582961082458,110,"large"
0.06905269622802734,"suitcase",172617,True,0.7456093430519104,0.14336949586868286,0.026778291910886765,0.12748396396636963,0.01620897278189659,0.26969510316848755,0.020423758774995804,0.7303049564361572,1,0.8559669852256775,110,"medium"
0.017464637756347656,"book",172617,True,0.4560413658618927,0.41645172238349915,0.016879122704267502,0.06415227055549622,0.0016213415656238794,0.4793846011161804,0.007464190479367971,0.5206153988838196,2,0.6610058546066284,110,"small"
0.005612373352050781,"book",172617,True,0.012265142053365707,0.9135789275169373,0.009111013263463974,0.07091707736253738,0.0004323165921960026,0.9817131757736206,0.003716302802786231,0.01828676648437977,3,0.09685641527175903,110,"tiny"
0.0037107467651367188,"book",172617,True,0.0003959472815040499,0.2811589241027832,0.003499829676002264,0.718529224395752,0.005453651305288076,0.9996871948242188,0.004714496899396181,0.0003127101808786392,4,0.0,110,"tiny"
0.00390625,"book",172617,True,1.3979627055960009e-06,0.8297346830368042,0.02460896223783493,0.17026470601558685,0.003081065835431218,0.9999995231628418,0.01123867742717266,4.877979336015414e-07,5,0.0,110,"tiny"
0.3095703125,"sky-other-merged",173183,False,0.8810423016548157,0.24073298275470734,0.125249981880188,0.0,0.0,0.24073298275470734,0.125249981880188,0.7592670321464539,0,1.0,111,"large"
0.2439746856689453,"wall-other-merged",174231,False,0.9387085437774658,0.09638785570859909,0.06554990261793137,0.0490092970430851,0.03628454729914665,0.1453971564769745,0.0515383817255497,0.8546028733253479,0,0.9798535108566284,112,"large"
0.15569019317626953,"floor-other-merged",174231,False,0.8035972118377686,0.10737865418195724,0.0459420345723629,0.15677672624588013,0.05854261294007301,0.25792810320854187,0.051505133509635925,0.7420718669891357,1,0.8994260430335999,112,"large"
0.14072036743164062,"table-merged",174231,False,0.8215704560279846,0.10129684209823608,0.034800946712493896,0.04998626187443733,0.014507027342915535,0.14602507650852203,0.023006444796919823,0.8539749979972839,2,0.9189731478691101,112,"large"
0.06388092041015625,"cat",174231,True,0.8730006814002991,0.07226426899433136,0.011357075534760952,0.02724052220582962,0.0031122358050197363,0.09950479865074158,0.006582899484783411,0.9004952311515808,3,0.9847127795219421,112,"medium"
0.0029296875,"light",174231,False,0.0004788789665326476,0.9712957143783569,0.1417442113161087,0.028679898008704185,0.002735064597800374,0.9999755620956421,0.057673849165439606,2.4396736989729106e-05,4,0.0,112,"tiny"
0.64697265625,"tree-merged",176701,False,0.9440244436264038,0.06193818151950836,0.29669758677482605,0.03153882548213005,0.09979460388422012,0.09332623332738876,0.17807933688163757,0.906673789024353,0,0.9894339442253113,113,"large"
0.20166015625,"sky-other-merged",176701,False,0.8197043538093567,0.052265796810388565,0.0686255544424057,0.05408371984958649,0.015171811915934086,0.10474564135074615,0.02422584965825081,0.8952544927597046,1,0.9079903364181519,113,"large"
0.00537109375,"paper-merged",176701,False,0.905912458896637,0.806178629398346,0.29804009199142456,0.10022842884063721,0.00610150583088398,0.9064070582389832,0.04737706482410431,0.09359292685985565,2,1.0,113,"tiny"
0.0048828125,"pavement-merged",176701,False,0.5793218612670898,0.5406222343444824,0.03094756230711937,0.10798334330320358,0.0010172876063734293,0.6486056447029114,0.00524688558652997,0.3513944149017334,3,0.800000011920929,113,"tiny"
0.0009765625,"road",176701,False,0.6527739763259888,0.4850156605243683,0.007074777502566576,0.20421117544174194,0.00048798913485370576,0.6892270445823669,0.0014151619980111718,0.3107730448246002,4,0.0,113,"tiny"
0.879730224609375,"sea",177357,False,0.9808306694030762,0.0011128876358270645,0.4738897681236267,0.008655962534248829,0.06324047595262527,0.008956627920269966,0.06483939290046692,0.9910433888435364,0,0.9854303002357483,114,"large"
0.0802001953125,"surfboard",177357,True,0.9362283945083618,0.0036267417017370462,0.15624967217445374,0.14627283811569214,0.01402777899056673,0.14762663841247559,0.014138351194560528,0.8523733615875244,1,0.9809741377830505,114,"medium"
0.039276123046875,"person",177357,True,0.8848927021026611,0.01849607191979885,0.3997478485107422,0.2010733038187027,0.009261197410523891,0.213519886136055,0.009821351617574692,0.7864800691604614,2,0.9494949579238892,114,"medium"
0.429412841796875,"dirt-merged",178618,False,0.951783299446106,0.003220888553187251,0.10819241404533386,0.04424586892127991,0.03401222079992294,0.04732128232717514,0.035579606890678406,0.9526786804199219,0,0.9938170909881592,115,"large"
0.28466796875,"sky-other-merged",178618,False,0.9912423491477966,0.008656828664243221,0.20915457606315613,0.08546189963817596,0.03735867887735367,0.08554066717624664,0.0368993766605854,0.9144592881202698,1,1.0,115,"large"
0.214202880859375,"tree-merged",178618,False,0.8086950182914734,0.024133091792464256,0.3593882620334625,0.07227000594139099,0.017686227336525917,0.08921978622674942,0.021594703197479248,0.9107803106307983,2,0.8837441205978394,115,"large"
0.059906005859375,"elephant",178618,True,0.8836144208908081,0.0015733494656160474,0.0069940765388309956,0.0662616491317749,0.0040553854778409,0.06764252483844757,0.004085067193955183,0.9323574900627136,3,0.9291900396347046,115,"medium"
0.0031890869140625,"elephant",178618,True,0.0006462951423600316,0.9369775652885437,0.3021934926509857,0.0625302866101265,0.00026168476324528456,0.9994996190071106,0.00413020234555006,0.0005003752303309739,4,0.0,115,"tiny"
0.138671875,"wall-wood",179653,False,0.8265356421470642,0.1906595379114151,0.035426560789346695,0.005709076765924692,0.008685356937348843,0.19636860489845276,0.03251595050096512,0.8036314249038696,0,1.0,116,"large"
0.08935546875,"sky-other-merged",179653,False,0.7459886074066162,0.39402151107788086,0.05651998519897461,0.0005697896704077721,0.0004385121283121407,0.3945913016796112,0.047709327191114426,0.6054086685180664,1,1.0,116,"medium"
0.00439453125,"road",179653,False,0.657904863357544,0.4834195077419281,0.0042259953916072845,0.08570856600999832,0.0025221139658242464,0.5691280364990234,0.0038357486482709646,0.43087196350097656,2,0.6666666865348816,116,"tiny"
0.2001953125,"fence-merged",180487,False,0.9308959245681763,0.14821003377437592,0.30951759219169617,0.20073600113391876,0.08599021285772324,0.34550192952156067,0.12300229072570801,0.6544980406761169,0,0.96025151014328,117,"large"
0.2027435302734375,"tree-merged",180487,False,0.9354031085968018,0.0315130390226841,0.050392333418130875,0.10508501529693604,0.03455525264143944,0.1301734298467636,0.03559896722435951,0.86982661485672,1,0.9776096940040588,117,"large"
0.16876220703125,"person",180487,True,0.9163000583648682,0.04839953035116196,0.06087731942534447,0.05048241838812828,0.01244457345455885,0.09830516576766968,0.020281702280044556,0.9016948342323303,2,0.9677215218544006,117,"large"
0.10677337646484375,"house",180487,False,0.7949630618095398,0.03772934898734093,0.02788398414850235,0.12361118197441101,0.01643405854701996,0.15764443576335907,0.017784081399440765,0.8423556089401245,3,0.810646653175354,117,"large"
0.07340240478515625,"dining table",180487,True,0.8507234454154968,0.31330010294914246,0.22095145285129547,0.037506040185689926,0.004562309477478266,0.35058337450027466,0.036381062120199203,0.6494166851043701,4,0.933167040348053,117,"medium"
0.05362701416015625,"umbrella",180487,True,0.6710802912712097,0.04737477004528046,0.0133108114823699,0.021980829536914825,0.0010376906720921397,0.06057572364807129,0.002452068729326129,0.9394242167472839,5,0.7557262778282166,117,"medium"
0.04470062255859375,"person",180487,True,0.8655049800872803,0.04081673547625542,0.01265669334679842,0.047291744500398636,0.002439238131046295,0.08491336554288864,0.0037580057978630066,0.9150866866111755,6,0.9394094347953796,117,"medium"
0.009246826171875,"cup",180487,True,0.9022574424743652,0.16415393352508545,0.013576109893620014,0.09596791118383408,0.0012665536487475038,0.26012182235717773,0.002960562938824296,0.7398781180381775,7,0.9752475023269653,117,"tiny"
0.0080108642578125,"chair",180487,True,0.741073489189148,0.415913850069046,0.03732990846037865,0.0989673063158989,0.0014154384844005108,0.5148811340332031,0.006351737771183252,0.4851188361644745,8,0.7314285635948181,117,"tiny"
0.13494873046875,"cat",181859,True,0.9749544262886047,0.08818475902080536,0.0189470537006855,0.0717741996049881,0.08128155022859573,0.1581224501132965,0.028566429391503334,0.8418774008750916,0,0.9984170198440552,118,"large"
0.0845184326171875,"sink",181859,True,0.6924817562103271,0.22088408470153809,0.02335442788898945,0.018608344718813896,0.007594808004796505,0.23897510766983032,0.020075390115380287,0.7610248923301697,1,0.8765119910240173,118,"medium"
0.0296630859375,"wall-other-merged",181859,False,0.9243596792221069,0.32953882217407227,0.01967018097639084,0.04234589636325836,0.007555620279163122,0.36846205592155457,0.016486484557390213,0.6315379738807678,2,0.9881687164306641,118,"small"
0.0241851806640625,"towel",181859,False,0.8921072483062744,0.21397876739501953,0.008144707418978214,0.013272110372781754,0.0014768398832529783,0.2206985205411911,0.006261709611862898,0.7793014645576477,3,0.9602523446083069,118,"small"
0.7324066162109375,"sky-other-merged",183500,False,0.9570156335830688,0.12134461104869843,0.802055835723877,0.023527519777417183,0.13256220519542694,0.14370161294937134,0.4395745098590851,0.8562982678413391,0,0.9856871962547302,119,"large"
0.1433258056640625,"airplane",183500,True,0.8553740382194519,0.0092284195125103,0.010248791426420212,0.1029723510146141,0.01928498037159443,0.10859918594360352,0.017434854060411453,0.8914008140563965,1,0.9361226558685303,119,"large"
0.001953125,"person",183500,True,0.5761756896972656,0.0009575606673024595,1.4248987099563237e-05,0.38837435841560364,0.0008186839986592531,0.3893319368362427,0.0007188675808720291,0.6106680035591125,2,0.5,119,"tiny"
0.012969970703125,"orange",184791,True,0.4612586796283722,0.40870028734207153,0.015707097947597504,0.4285152554512024,0.5119487047195435,0.8372155427932739,0.03117293305695057,0.1627843976020813,0,1.0,120,"small"
0.011810302734375,"orange",184791,True,0.7185514569282532,0.0810203030705452,0.0009924471378326416,0.1945011019706726,0.07137294113636017,0.2755213975906372,0.003265940584242344,0.7244786620140076,1,0.0,120,"small"
0.0087890625,"orange",184791,True,0.642771303653717,0.23137617111206055,0.0017955288058146834,0.007341952994465828,0.001559227705001831,0.23871812224388123,0.0017871984746307135,0.7612819671630859,2,0.6666666865348816,120,"tiny"
0.0087890625,"bowl",184791,True,0.0012506195344030857,0.9988752603530884,0.020545469596982002,0.0005658442969433963,0.00031851211679168046,0.9994410872459412,0.019832419231534004,0.0005588344647549093,3,0.0,120,"tiny"
0.001373291015625,"orange",184791,True,0.034100715070962906,0.4329691529273987,0.0013772250385954976,0.551635205745697,0.03961322084069252,0.9846043586730957,0.002999067772179842,0.015395661816000938,4,0.6666666865348816,120,"tiny"
0.637700080871582,"pavement-merged",185950,False,0.8248087167739868,0.0019069096306338906,0.0437486432492733,0.016173820942640305,0.02548164129257202,0.0178519319742918,0.026388199999928474,0.9821480512619019,0,0.9684481620788574,121,"large"
0.14270591735839844,"tree-merged",185950,False,0.7314298748970032,0.01875445619225502,0.10379863530397415,0.18121983110904694,0.02801152691245079,0.19207832217216492,0.02894635871052742,0.8079216480255127,1,0.8852564096450806,121,"large"
0.11017131805419922,"person",185950,True,0.9113830924034119,0.014514927752315998,0.0732409730553627,0.14088590443134308,0.01912398636341095,0.1475437730550766,0.019530437886714935,0.8524561524391174,2,0.9824450612068176,121,"large"
0.08114814758300781,"sky-other-merged",185950,False,0.5387570261955261,0.0189178679138422,0.04404385760426521,0.18406102061271667,0.011151050217449665,0.19554801285266876,0.011565898545086384,0.8044519424438477,3,0.6248207688331604,121,"medium"
0.007767677307128906,"skateboard",185950,True,0.768254280090332,0.005930090788751841,0.0018174366559833288,0.16021712124347687,0.001182962441816926,0.16585804522037506,0.00119585741776973,0.8341419100761414,4,0.7543278336524963,121,"tiny"
0.5349159240722656,"river",186873,False,0.9972097277641296,0.08544351160526276,0.12398622184991837,0.02002205140888691,0.22052064538002014,0.10546555370092392,0.1352241188287735,0.8945344090461731,0,1.0,122,"large"
0.043704986572265625,"boat",186873,True,0.9014303684234619,0.3053843677043915,0.04587579146027565,0.05643179640173912,0.006387981120496988,0.3618161678314209,0.023356808349490166,0.6381837725639343,1,0.8965697884559631,122,"medium"
0.002414703369140625,"person",186873,True,0.0694153681397438,0.21632859110832214,0.00023380872153211385,0.4062800407409668,0.0003075946879107505,0.6226086616516113,0.000277199549600482,0.37739142775535583,2,0.40442338585853577,122,"tiny"
0.002162933349609375,"person",186873,True,0.001128645264543593,0.633281409740448,0.002353426767513156,0.36512014269828796,0.0009500795276835561,0.9984015226364136,0.001528023974969983,0.0015985125210136175,3,0.0,122,"tiny"
0.0009765625,"person",186873,True,0.00437838863581419,0.3465568423271179,6.617783947149292e-05,0.5989557504653931,7.992378959897906e-05,0.9455127120018005,7.42694828659296e-05,0.05448734387755394,4,0.0,122,"tiny"
0.0009765625,"person",186873,True,0.000514351180754602,0.2820306718349457,1.2161013728473336e-05,0.6896223425865173,2.077915814879816e-05,0.9716531038284302,1.7234140614164062e-05,0.028346911072731018,5,0.0,122,"tiny"
0.0009765625,"person",186873,True,0.0015364161226898432,0.5829980373382568,3.818763798335567e-05,0.36126112937927246,1.653560684644617e-05,0.9442592263221741,2.5442035621381365e-05,0.05574072152376175,6,0.0,122,"tiny"
0.0009765625,"person",186873,True,0.04655478894710541,0.044783104211091995,2.851921999535989e-05,0.7814927101135254,0.00034776958636939526,0.8262758255004883,0.00021644793741870672,0.1737242043018341,7,0.0,122,"tiny"
0.0009765625,"person",186873,True,0.0028518480248749256,0.19987502694129944,0.0004056858306284994,0.7967860102653503,0.001130098244175315,0.9966610074043274,0.0008321157074533403,0.003338985377922654,8,0.0,122,"tiny"
0.0009765625,"person",186873,True,0.0005950636113993824,0.3203764259815216,0.00014149553317110986,0.6764216423034668,0.00020875789050478488,0.9967981576919556,0.00018108995573129505,0.003201847430318594,9,0.0,122,"tiny"
0.9716796875,"sky-other-merged",187745,False,0.9946160316467285,0.002584981033578515,0.1977773755788803,0.0027491410728543997,0.16572029888629913,0.005016394425183535,0.17205063998699188,0.9949835538864136,0,0.9974874258041382,123,"large"
0.01611328125,"tree-merged",187745,False,0.9485008716583252,0.019398752599954605,0.033098749816417694,0.2905574142932892,0.00647724000737071,0.29442912340164185,0.006482116878032684,0.7055707573890686,1,0.939393937587738,123,"small"
0.3330078125,"ceiling-merged",189310,False,0.9946281909942627,0.0026695793494582176,0.0064521171152591705,0.029525600373744965,0.01923285983502865,0.03219518065452576,0.01651952601969242,0.9678047299385071,0,1.0,124,"large"
0.23291015625,"wall-other-merged",189310,False,0.8405387997627258,0.04038572683930397,0.06755032390356064,0.13711664080619812,0.05179915577173233,0.17343194782733917,0.053548891097307205,0.826568067073822,1,0.9266247153282166,124,"large"
0.15380859375,"curtain",189310,False,0.8541473746299744,0.011396384797990322,0.011522123590111732,0.07245682179927826,0.014712128788232803,0.08234404772520065,0.013931474648416042,0.9176560640335083,2,0.9460317492485046,124,"large"
0.03515625,"chair",189310,True,0.925464391708374,0.015269971452653408,0.003953204955905676,0.09719986468553543,0.004328298382461071,0.11246984452009201,0.004273249767720699,0.8875302076339722,3,0.9722222089767456,124,"medium"
0.03515625,"mirror-stuff",189310,False,0.9234996438026428,0.08101347088813782,0.024441683664917946,0.15901483595371246,0.008251860737800598,0.2400282919406891,0.010627897456288338,0.7599716186523438,4,1.0,124,"medium"
0.02197265625,"window-other",189310,False,0.5109869837760925,0.0385107584297657,0.011525184847414494,0.7063122391700745,0.03574344515800476,0.7350532412528992,0.03184942901134491,0.26494672894477844,5,0.6000000238418579,124,"small"
0.02587890625,"floor-wood",189310,False,0.7792357802391052,0.3532945513725281,0.08608522266149521,0.06396842002868652,0.0026495750062167645,0.41553959250450134,0.01471835095435381,0.584460437297821,6,0.9433962106704712,124,"small"
0.02294921875,"door-stuff",189310,False,0.6793131232261658,0.04890488460659981,0.009155199863016605,0.39610669016838074,0.012546280398964882,0.4118958115577698,0.011175164021551609,0.5881041288375854,7,0.5957446694374084,124,"small"
0.439666748046875,"river",190140,False,0.904802680015564,0.033933043479919434,0.04779864847660065,0.0903378576040268,0.17072559893131256,0.12299946695566177,0.09957136958837509,0.8770005106925964,0,0.9422503113746643,125,"large"
0.195220947265625,"boat",190140,True,0.8015214800834656,0.05383289232850075,0.03170134127140045,0.12596110999584198,0.04929839074611664,0.17486150562763214,0.0412033312022686,0.8251384496688843,1,0.8547756671905518,125,"large"
0.024444580078125,"person",190140,True,0.7751405239105225,0.04921113699674606,0.004122089594602585,0.26622653007507324,0.010972714982926846,0.29753580689430237,0.008226709440350533,0.7024641633033752,2,0.8963795304298401,125,"small"
0.020843505859375,"dog",190140,True,0.7823214530944824,0.085623599588871,0.005055128131061792,0.05668226256966591,0.001639895373955369,0.1423058658838272,0.0027630848344415426,0.857694149017334,3,0.8125914931297302,125,"small"
0.401763916015625,"tree-merged",191288,False,0.853456437587738,0.06564247608184814,0.36056602001190186,0.19171962141990662,0.1680479496717453,0.24880145490169525,0.18983569741249084,0.7511985301971436,0,0.8801367282867432,126,"large"
0.213409423828125,"fence-merged",191288,False,0.7591655254364014,0.11223671585321426,0.3065498471260071,0.1777585744857788,0.057218752801418304,0.2861841320991516,0.08257730305194855,0.7138159275054932,1,0.8545688390731812,126,"large"
0.184600830078125,"horse",191288,True,0.8474092483520508,0.055656470358371735,0.1299157440662384,0.14562241733074188,0.038462378084659576,0.19353970885276794,0.04604088515043259,0.8064603209495544,2,0.9113903045654297,126,"large"
0.052276611328125,"sky-other-merged",191288,False,0.23375703394412994,0.01679457724094391,0.004622295498847961,0.4501638114452362,0.011865448206663132,0.46569928526878357,0.011238550767302513,0.5343007445335388,3,0.18680676817893982,126,"medium"
0.035308837890625,"person",191288,True,0.9494135975837708,0.18713849782943726,0.1178692877292633,0.17238442599773407,0.010234477929770947,0.3595229387283325,0.019506238400936127,0.640477180480957,4,1.0,126,"medium"
0.029510498046875,"grass-merged",191288,False,0.361025333404541,0.011737218126654625,0.002787688048556447,0.4537184536457062,0.010077816434204578,0.4601942300796509,0.009358948096632957,0.5398057699203491,5,0.3971044421195984,126,"small"
0.0068359375,"mountain-merged",191288,False,0.6845695376396179,0.005226949695497751,0.0009757974185049534,0.6931207776069641,0.011815326288342476,0.6983476877212524,0.010908368043601513,0.30165228247642517,6,0.8571428656578064,126,"tiny"
0.3544158935546875,"tree-merged",192699,False,0.9525964260101318,0.3016376197338104,0.7056252360343933,0.044118642807006836,0.05334509164094925,0.34481102228164673,0.27522245049476624,0.6551889777183533,0,0.9631463289260864,127,"large"
0.204315185546875,"person",192699,True,0.7633287906646729,0.03329894319176674,0.025625402107834816,0.048187144100666046,0.014180443249642849,0.07996336370706558,0.0170355886220932,0.9200366139411926,1,0.9066094160079956,127,"large"
0.15001678466796875,"person",192699,True,0.892068088054657,0.046774573624134064,0.03023357130587101,0.013639266602694988,0.0030798970256000757,0.06007921323180199,0.01006376463919878,0.9399208426475525,2,0.9689264297485352,127,"large"
0.0721893310546875,"motorcycle",192699,True,0.9181894063949585,0.04185357317328453,0.015711193904280663,0.15771065652370453,0.01842815801501274,0.19839277863502502,0.01768113300204277,0.8016073703765869,3,0.945571780204773,127,"medium"
0.5633926391601562,"fence-merged",85772,False,0.9623803496360779,0.0985017791390419,0.2309989184141159,0.012821008451282978,0.04427959397435188,0.111289381980896,0.15551069378852844,0.8887105584144592,0,0.9754485487937927,1020,"large"
0.1590728759765625,"person",85772,True,0.9451476335525513,0.06449266523122787,0.04229644685983658,0.0553421713411808,0.01625276356935501,0.11880815029144287,0.024105334654450417,0.8811919093132019,1,0.9660911560058594,1020,"large"
0.0146484375,"tennis racket",85772,True,0.9973613619804382,0.0014485707506537437,0.00012746834545396268,0.36036214232444763,0.011375687085092068,0.36181074380874634,0.008405907079577446,0.6381892561912537,2,1.0,1020,"small"
0.001953125,"sports ball",85772,True,0.9944130182266235,0.11064846068620682,0.001121279550716281,0.15264160931110382,0.0005453563062474132,0.26329007744789124,0.0006954786367714405,0.7367100119590759,3,1.0,1020,"tiny"
0.0009765625,"sports ball",85772,True,0.9997855424880981,0.07027307897806168,0.00034841266460716724,0.17277158796787262,0.00030160718597471714,0.2430446594953537,0.0003137957537546754,0.7569553256034851,4,1.0,1020,"tiny"
0.3662109375,"road",177934,False,0.8627252578735352,0.01140673365443945,0.11828920245170593,0.08796374499797821,0.05096472054719925,0.09572437405586243,0.05276922881603241,0.9042757153511047,0,0.8986666798591614,1407,"large"
0.142578125,"sky-other-merged",177934,False,0.9003431797027588,0.012458285316824913,0.052472375333309174,0.08427067846059799,0.014491433277726173,0.09537332504987717,0.0157842505723238,0.9046266078948975,1,0.8938356041908264,1407,"large"
0.10107421875,"tree-merged",177934,False,0.8973155617713928,0.015758024528622627,0.05527850240468979,0.22451171278953552,0.03063296154141426,0.2326173335313797,0.030583830550312996,0.7673826217651367,2,0.95652174949646,1407,"large"
0.08056640625,"truck",177934,True,0.845696747303009,0.05740641802549362,0.1304044872522354,0.05481003224849701,0.004733306355774403,0.10973892360925674,0.009134641848504543,0.890261173248291,3,0.8787878751754761,1407,"medium"
0.068359375,"pavement-merged",177934,False,0.5529227256774902,0.038689058274030685,0.08100314438343048,0.4441434442996979,0.03479566425085068,0.4641667604446411,0.035144589841365814,0.5358332395553589,4,0.6357142925262451,1407,"medium"
0.06201171875,"motorcycle",177934,True,0.9235287308692932,0.06501919776201248,0.16078872978687286,0.24980208277702332,0.02300295978784561,0.312629371881485,0.027769338339567184,0.6873707175254822,5,0.9763779640197754,1407,"medium"
0.02294921875,"building-other-merged",177934,False,0.6034851670265198,0.009917336516082287,0.009739065542817116,0.5714885592460632,0.02004341408610344,0.5814058780670166,0.019688092172145844,0.4185941517353058,6,0.5744680762290955,1407,"small"
0.01904296875,"person",177934,True,0.6478276252746582,0.07900767028331757,0.04137265682220459,0.29137253761291504,0.0054155876860022545,0.3007526695728302,0.005409072153270245,0.6992473602294922,7,0.692307710647583,1407,"small"
0.01318359375,"house",177934,False,0.7096278071403503,0.012468340806663036,0.007026107050478458,0.500357985496521,0.009961707517504692,0.5072358846664429,0.009758854284882545,0.4927642345428467,8,0.8518518805503845,1407,"small"
0.0126953125,"car",177934,True,0.6937260031700134,0.004332380369305611,0.0015410871710628271,0.2607957422733307,0.0032775397412478924,0.26512810587882996,0.0032182838767766953,0.7348718643188477,9,0.8461538553237915,1407,"small"
0.009765625,"flower",177934,False,0.6842232942581177,0.00045445075375027955,0.00013625164865516126,0.33805471658706665,0.003569904249161482,0.3385091722011566,0.0034530789125710726,0.6614908576011658,10,0.6000000238418579,1407,"tiny"
0.01025390625,"person",177934,True,0.002759697148576379,0.07687055319547653,0.013800768181681633,0.9196990132331848,0.005812754854559898,0.9953217506408691,0.006082779727876186,0.004678303375840187,11,0.0,1407,"small"
0.01416015625,"person",177934,True,0.15703293681144714,0.022523969411849976,0.001758945407345891,0.133859321475029,0.0003695092455018312,0.15485303103923798,0.00041327576036565006,0.845146894454956,12,0.0,1407,"small"
0.01025390625,"car",177934,True,0.7863709330558777,0.0006036204285919666,0.00016897714522201568,0.1444748491048813,0.0014245277270674706,0.14506404101848602,0.0013823535991832614,0.8549360632896423,13,0.8571428656578064,1407,"small"
0.0078125,"person",177934,True,0.5454906225204468,0.022709647193551064,0.007076241075992584,0.571346640586853,0.006257785949856043,0.5940561890602112,0.006285576615482569,0.4059438407421112,14,1.0,1407,"tiny"
0.00634765625,"motorcycle",177934,True,0.3802051544189453,0.17005296051502228,0.019235456362366676,0.30545467138290405,0.0012120199389755726,0.36672264337539673,0.0014065030263736844,0.633277416229248,15,0.38461539149284363,1407,"tiny"
0.005859375,"truck",177934,True,0.7851531505584717,0.08042619377374649,0.015264361165463924,0.20011593401432037,0.001332316780462861,0.2805421054363251,0.0018044734606519341,0.7194579243659973,16,1.0,1407,"tiny"
0.00634765625,"person",177934,True,0.421003133058548,0.014183499850332737,0.001791896647773683,0.3609524965286255,0.001599647686816752,0.3721585273742676,0.001594197703525424,0.6278415322303772,17,0.1538461595773697,1407,"tiny"
0.0048828125,"car",177934,True,0.3938896656036377,0.0002642899053171277,1.8350425307289697e-05,0.1775689423084259,0.0004320519510656595,0.17783325910568237,0.0004180454125162214,0.8221668004989624,18,0.800000011920929,1407,"tiny"
0.001953125,"car",177934,True,0.01713894121348858,0.027871808037161827,0.00023219588911160827,0.8528652191162109,0.00024822857812978327,0.8807370662689209,0.00024768736329860985,0.1192629411816597,19,0.0,1407,"tiny"
0.001953125,"banner",177934,False,0.00013869893155060709,0.1294981837272644,0.0007778198923915625,0.8691632151603699,0.00018238901975564659,0.9986613392829895,0.00020248917280696332,0.0013386550126597285,20,0.0,1407,"tiny"
0.001953125,"car",177934,True,0.03561122342944145,0.01962653174996376,0.00019219556997995824,0.7695602178573608,0.0002632839896250516,0.7891867160797119,0.0002608842041809112,0.21081328392028809,21,0.0,1407,"tiny"
0.001953125,"car",177934,True,0.008419599384069443,0.05044516175985336,0.0005470358300954103,0.9045451283454895,0.0003426955663599074,0.9549902677536011,0.0003495935525279492,0.04500969499349594,22,0.0,1407,"tiny"
0.00048828125,"person",177934,True,0.0004763790057040751,0.05595410615205765,0.000344643194694072,0.944045901298523,0.00020273751579225063,0.9988791346549988,0.0002073871874017641,0.0011208972427994013,23,0.0,1407,"tiny"
0.00048828125,"mirror-stuff",177934,False,0.000967186875641346,0.05783425271511078,8.329559932462871e-05,0.9421657919883728,4.73115942440927e-05,0.9902675747871399,4.807516233995557e-05,0.009732498787343502,24,0.0,1407,"tiny"
0.0009765625,"truck",177934,True,0.009359042160212994,0.06006232276558876,0.0018451103242114186,0.9311070442199707,0.0009983027121052146,0.991169273853302,0.0010268606711179018,0.008830638602375984,25,0.0,1407,"tiny"
