image_id,dataset_idx,object_idx,layer,distance_bin,patch_count,cosine_distance,relative_l2
139,0,5,0,inside,24,0.03215768560767174,0.24725590646266937
139,0,5,0,ring_1,16,7.450580596923828e-09,0.0
139,0,5,0,near_2_4,56,-1.3836792156496358e-08,0.0
139,0,5,0,mid_5_8,122,2.9313760308014025e-09,0.0
139,0,5,0,far_gt8,806,5.250533341438768e-09,0.0
139,0,5,1,inside,24,0.044811200350522995,0.2850549519062042
139,0,5,1,ring_1,16,3.8370490074157715e-05,0.008601806126534939
139,0,5,1,near_2_4,56,2.9230755899334326e-05,0.007335260510444641
139,0,5,1,mid_5_8,122,2.9780336262774654e-05,0.00729435496032238
139,0,5,1,far_gt8,806,2.1600175386993214e-05,0.006240873131901026
139,0,5,2,inside,24,0.12985976040363312,0.4935319721698761
139,0,5,2,ring_1,16,0.0011957921087741852,0.04369970038533211
139,0,5,2,near_2_4,56,0.00024241741630248725,0.02087477222084999
139,0,5,2,mid_5_8,122,0.00012201754725538194,0.014578020200133324
139,0,5,2,far_gt8,806,4.306302434997633e-05,0.009017211385071278
139,0,5,3,inside,24,0.21659402549266815,0.644707202911377
139,0,5,3,ring_1,16,0.02057613432407379,0.16650104522705078
139,0,5,3,near_2_4,56,0.0010303929448127747,0.041095443069934845
139,0,5,3,mid_5_8,122,0.00040565847302787006,0.024309754371643066
139,0,5,3,far_gt8,806,7.385081698885188e-05,0.011466044932603836
139,0,5,4,inside,24,0.3072489798069,0.7714061141014099
139,0,5,4,ring_1,16,0.02249736338853836,0.17751392722129822
139,0,5,4,near_2_4,56,0.002108273794874549,0.05730670690536499
139,0,5,4,mid_5_8,122,0.0006601507775485516,0.030727632343769073
139,0,5,4,far_gt8,806,0.00011060469842050225,0.013640199787914753
139,0,5,5,inside,24,0.3130926787853241,0.7809253334999084
139,0,5,5,ring_1,16,0.029164496809244156,0.20084337890148163
139,0,5,5,near_2_4,56,0.0026402759831398726,0.06487088650465012
139,0,5,5,mid_5_8,122,0.0009020860306918621,0.03702133148908615
139,0,5,5,far_gt8,806,0.00014175743854139,0.015325414948165417
139,0,5,6,inside,24,0.4204358160495758,0.9034662246704102
139,0,5,6,ring_1,16,0.04730444401502609,0.25367727875709534
139,0,5,6,near_2_4,56,0.003626640420407057,0.07587609440088272
139,0,5,6,mid_5_8,122,0.0011907092994078994,0.04260138049721718
139,0,5,6,far_gt8,806,0.0001857215684140101,0.017420858144760132
139,0,5,7,inside,24,0.47385868430137634,0.9573397040367126
139,0,5,7,ring_1,16,0.05783465504646301,0.2749748229980469
139,0,5,7,near_2_4,56,0.0042416187934577465,0.08293437957763672
139,0,5,7,mid_5_8,122,0.001444774097763002,0.04743720591068268
139,0,5,7,far_gt8,806,0.000212374230613932,0.01840309426188469
139,0,5,8,inside,24,0.47145846486091614,0.9508821368217468
139,0,5,8,ring_1,16,0.06428918987512589,0.2791663110256195
139,0,5,8,near_2_4,56,0.004635652061551809,0.08618026971817017
139,0,5,8,mid_5_8,122,0.0015457096742466092,0.04956755042076111
139,0,5,8,far_gt8,806,0.00024248100817203522,0.019476525485515594
139,0,5,9,inside,24,0.515467643737793,0.9927165508270264
139,0,5,9,ring_1,16,0.07768665254116058,0.2995776832103729
139,0,5,9,near_2_4,56,0.005900118965655565,0.09536433964967728
139,0,5,9,mid_5_8,122,0.0015615307493135333,0.05019545927643776
139,0,5,9,far_gt8,806,0.0002912684576585889,0.02069784142076969
139,0,5,10,inside,24,0.5271159410476685,1.0061115026474
139,0,5,10,ring_1,16,0.09381094574928284,0.3222157657146454
139,0,5,10,near_2_4,56,0.0061888257041573524,0.0949360728263855
139,0,5,10,mid_5_8,122,0.0015954355476424098,0.050732940435409546
139,0,5,10,far_gt8,806,0.00038983250851742923,0.023764366284012794
139,0,5,11,inside,24,0.5466112494468689,1.026898741722107
139,0,5,11,ring_1,16,0.10680976510047913,0.3423687219619751
139,0,5,11,near_2_4,56,0.00720678037032485,0.1024799793958664
139,0,5,11,mid_5_8,122,0.001891489839181304,0.055017780512571335
139,0,5,11,far_gt8,806,0.000507825636304915,0.026667805388569832
139,0,5,12,inside,24,0.5454747080802917,1.023347020149231
139,0,5,12,ring_1,16,0.11139705777168274,0.34612417221069336
139,0,5,12,near_2_4,56,0.00954526662826538,0.11487326771020889
139,0,5,12,mid_5_8,122,0.0023618971463292837,0.06011933460831642
139,0,5,12,far_gt8,806,0.0007855009753257036,0.03137487918138504
139,0,5,13,inside,24,0.5733047127723694,1.0464915037155151
139,0,5,13,ring_1,16,0.1221528947353363,0.37428686022758484
139,0,5,13,near_2_4,56,0.013177071698009968,0.12890419363975525
139,0,5,13,mid_5_8,122,0.002950908150523901,0.06558945775032043
139,0,5,13,far_gt8,806,0.0010123738320544362,0.0344509482383728
139,0,5,14,inside,24,0.5706838965415955,1.048066258430481
139,0,5,14,ring_1,16,0.12031171470880508,0.3710485100746155
139,0,5,14,near_2_4,56,0.015820801258087158,0.13591085374355316
139,0,5,14,mid_5_8,122,0.003847097745165229,0.07153753191232681
139,0,5,14,far_gt8,806,0.0016257866518571973,0.03921005502343178
139,0,5,15,inside,24,0.6379954814910889,1.1078201532363892
139,0,5,15,ring_1,16,0.12884020805358887,0.3862389326095581
139,0,5,15,near_2_4,56,0.01909448392689228,0.145167738199234
139,0,5,15,mid_5_8,122,0.005282001104205847,0.07961858063936234
139,0,5,15,far_gt8,806,0.002378562930971384,0.04366227611899376
139,0,5,16,inside,24,0.6605374813079834,1.128514051437378
139,0,5,16,ring_1,16,0.1353970617055893,0.39469581842422485
139,0,5,16,near_2_4,56,0.022879723459482193,0.15536601841449738
139,0,5,16,mid_5_8,122,0.007127222139388323,0.08806966990232468
139,0,5,16,far_gt8,806,0.0034076215233653784,0.04909919947385788
139,0,5,17,inside,24,0.6545161604881287,1.12199866771698
139,0,5,17,ring_1,16,0.12905168533325195,0.38721054792404175
139,0,5,17,near_2_4,56,0.023523107171058655,0.1606830507516861
139,0,5,17,mid_5_8,122,0.007710628677159548,0.09255405515432358
139,0,5,17,far_gt8,806,0.0038230831269174814,0.05135975778102875
139,0,5,18,inside,24,0.6734543442726135,1.1395312547683716
139,0,5,18,ring_1,16,0.1447862684726715,0.41262295842170715
139,0,5,18,near_2_4,56,0.02673269249498844,0.1707083135843277
139,0,5,18,mid_5_8,122,0.00905875489115715,0.0986778661608696
139,0,5,18,far_gt8,806,0.004555441439151764,0.05477815493941307
139,0,5,19,inside,24,0.6936423182487488,1.1543220281600952
139,0,5,19,ring_1,16,0.1496286690235138,0.42523521184921265
139,0,5,19,near_2_4,56,0.03130968660116196,0.1840108335018158
139,0,5,19,mid_5_8,122,0.010018019936978817,0.1053679808974266
139,0,5,19,far_gt8,806,0.00505584292113781,0.05917178839445114
139,0,5,20,inside,24,0.6722277998924255,1.1365340948104858
139,0,5,20,ring_1,16,0.15098190307617188,0.430456280708313
139,0,5,20,near_2_4,56,0.036309245973825455,0.20595583319664001
139,0,5,20,mid_5_8,122,0.012571790255606174,0.11991894990205765
139,0,5,20,far_gt8,806,0.00650746887549758,0.07050228863954544
139,0,5,21,inside,24,0.6524738073348999,1.1210706233978271
139,0,5,21,ring_1,16,0.15023285150527954,0.4291723966598511
139,0,5,21,near_2_4,56,0.0384637713432312,0.21032612025737762
139,0,5,21,mid_5_8,122,0.013260146602988243,0.12300541996955872
139,0,5,21,far_gt8,806,0.006669014226645231,0.0722072422504425
139,0,5,22,inside,24,0.6248263716697693,1.0965100526809692
139,0,5,22,ring_1,16,0.15547601878643036,0.4387929141521454
139,0,5,22,near_2_4,56,0.041379354894161224,0.21553336083889008
139,0,5,22,mid_5_8,122,0.013621535152196884,0.12695568799972534
139,0,5,22,far_gt8,806,0.0072052632458508015,0.07726596295833588
139,0,5,23,inside,24,0.5913296937942505,1.0670052766799927
139,0,5,23,ring_1,16,0.15024875104427338,0.4333220422267914
139,0,5,23,near_2_4,56,0.04273739457130432,0.2186974436044693
139,0,5,23,mid_5_8,122,0.014980497770011425,0.13075792789459229
139,0,5,23,far_gt8,806,0.007856372743844986,0.0807589590549469
139,0,5,24,inside,24,0.6103501319885254,1.0825042724609375
139,0,5,24,ring_1,16,0.16175556182861328,0.4431445002555847
139,0,5,24,near_2_4,56,0.049459781497716904,0.23075102269649506
139,0,5,24,mid_5_8,122,0.01803121156990528,0.14125651121139526
139,0,5,24,far_gt8,806,0.009763780049979687,0.08937909454107285
139,0,5,25,inside,24,0.5629855990409851,1.0403908491134644
139,0,5,25,ring_1,16,0.15742582082748413,0.43970251083374023
139,0,5,25,near_2_4,56,0.053652334958314896,0.23888613283634186
139,0,5,25,mid_5_8,122,0.019867490977048874,0.1470385640859604
139,0,5,25,far_gt8,806,0.011290826834738255,0.09671618044376373
139,0,5,26,inside,24,0.5634517073631287,1.0346548557281494
139,0,5,26,ring_1,16,0.15780770778656006,0.43540239334106445
139,0,5,26,near_2_4,56,0.05591592192649841,0.24597613513469696
139,0,5,26,mid_5_8,122,0.025108221918344498,0.1646842062473297
139,0,5,26,far_gt8,806,0.014766082167625427,0.11553185433149338
139,0,5,27,inside,24,0.6151396036148071,1.0802520513534546
139,0,5,27,ring_1,16,0.17250977456569672,0.45877236127853394
139,0,5,27,near_2_4,56,0.06645027548074722,0.2670767605304718
139,0,5,27,mid_5_8,122,0.030718326568603516,0.1835784614086151
139,0,5,27,far_gt8,806,0.018329938873648643,0.13034744560718536
632,2,0,0,inside,215,0.021954432129859924,0.2004244476556778
632,2,0,0,ring_1,54,8.830317810293309e-09,0.0
632,2,0,0,near_2_4,93,3.2045508469025208e-09,0.0
632,2,0,0,mid_5_8,155,1.5381843354589364e-08,0.0
632,2,0,0,far_gt8,507,8.699691633751172e-09,0.0
632,2,0,1,inside,215,0.10806845873594284,0.44271254539489746
632,2,0,1,ring_1,54,0.00029745808569714427,0.024184036999940872
632,2,0,1,near_2_4,93,0.0003074715205002576,0.024482671171426773
632,2,0,1,mid_5_8,155,0.00028280133847147226,0.023062266409397125
632,2,0,1,far_gt8,507,0.00023097163648344576,0.02091614343225956
632,2,0,2,inside,215,0.23650242388248444,0.6777986884117126
632,2,0,2,ring_1,54,0.012297036126255989,0.15191181004047394
632,2,0,2,near_2_4,93,0.004519341979175806,0.0927371233701706
632,2,0,2,mid_5_8,155,0.002718390664085746,0.07137372344732285
632,2,0,2,far_gt8,507,0.0018639195477589965,0.05937253311276436
632,2,0,3,inside,215,0.35513269901275635,0.8371928334236145
632,2,0,3,ring_1,54,0.027357758954167366,0.22756876051425934
632,2,0,3,near_2_4,93,0.007645772770047188,0.119865283370018
632,2,0,3,mid_5_8,155,0.004098386969417334,0.08679281920194626
632,2,0,3,far_gt8,507,0.0027035027742385864,0.07061801850795746
632,2,0,4,inside,215,0.3982383906841278,0.8883035182952881
632,2,0,4,ring_1,54,0.0346795953810215,0.2552291452884674
632,2,0,4,near_2_4,93,0.008786308579146862,0.12823747098445892
632,2,0,4,mid_5_8,155,0.004703818820416927,0.09269532561302185
632,2,0,4,far_gt8,507,0.0031039428431540728,0.07533774524927139
632,2,0,5,inside,215,0.40084683895111084,0.8916348218917847
632,2,0,5,ring_1,54,0.04389822855591774,0.2850586175918579
632,2,0,5,near_2_4,93,0.009179724380373955,0.1300777792930603
632,2,0,5,mid_5_8,155,0.005047555547207594,0.09594016522169113
632,2,0,5,far_gt8,507,0.0034889201633632183,0.0798453539609909
632,2,0,6,inside,215,0.4786573648452759,0.9746528267860413
632,2,0,6,ring_1,54,0.06955523043870926,0.35599830746650696
632,2,0,6,near_2_4,93,0.010939500294625759,0.1410229355096817
632,2,0,6,mid_5_8,155,0.005731010343879461,0.10071122646331787
632,2,0,6,far_gt8,507,0.0036785127595067024,0.08151769638061523
632,2,0,7,inside,215,0.5069774985313416,1.0024453401565552
632,2,0,7,ring_1,54,0.08962147682905197,0.3977518081665039
632,2,0,7,near_2_4,93,0.01149357296526432,0.14456681907176971
632,2,0,7,mid_5_8,155,0.006185334175825119,0.10401372611522675
632,2,0,7,far_gt8,507,0.003940010908991098,0.08427105098962784
632,2,0,8,inside,215,0.47962936758995056,0.9737181067466736
632,2,0,8,ring_1,54,0.10154552012681961,0.4191568195819855
632,2,0,8,near_2_4,93,0.011165955103933811,0.14332462847232819
632,2,0,8,mid_5_8,155,0.006086733192205429,0.10194426774978638
632,2,0,8,far_gt8,507,0.0037754259537905455,0.08170314878225327
632,2,0,9,inside,215,0.5021064281463623,0.9939965605735779
632,2,0,9,ring_1,54,0.11999932676553726,0.4476081132888794
632,2,0,9,near_2_4,93,0.011739312671124935,0.14509738981723785
632,2,0,9,mid_5_8,155,0.00651974743232131,0.1026875302195549
632,2,0,9,far_gt8,507,0.00416520843282342,0.08343618363142014
632,2,0,10,inside,215,0.5004163384437561,0.9853920936584473
632,2,0,10,ring_1,54,0.13009290397167206,0.459232360124588
632,2,0,10,near_2_4,93,0.012204429134726524,0.1459985375404358
632,2,0,10,mid_5_8,155,0.006976122967898846,0.10230587422847748
632,2,0,10,far_gt8,507,0.004507921636104584,0.08306477963924408
632,2,0,11,inside,215,0.5256019830703735,1.0078010559082031
632,2,0,11,ring_1,54,0.15295951068401337,0.48835089802742004
632,2,0,11,near_2_4,93,0.012956816703081131,0.14889471232891083
632,2,0,11,mid_5_8,155,0.008030705153942108,0.10719550400972366
632,2,0,11,far_gt8,507,0.005313252564519644,0.08678127825260162
632,2,0,12,inside,215,0.5311712026596069,1.0102500915527344
632,2,0,12,ring_1,54,0.1703033745288849,0.5065243244171143
632,2,0,12,near_2_4,93,0.013386338949203491,0.14991290867328644
632,2,0,12,mid_5_8,155,0.0095299631357193,0.11126956343650818
632,2,0,12,far_gt8,507,0.006637541111558676,0.09186867624521255
632,2,0,13,inside,215,0.5634205341339111,1.037042498588562
632,2,0,13,ring_1,54,0.18891409039497375,0.528476893901825
632,2,0,13,near_2_4,93,0.015123294666409492,0.15781228244304657
632,2,0,13,mid_5_8,155,0.011787308380007744,0.11792326718568802
632,2,0,13,far_gt8,507,0.008343139663338661,0.09779780358076096
632,2,0,14,inside,215,0.5915446281433105,1.063320517539978
632,2,0,14,ring_1,54,0.205370232462883,0.5439983606338501
632,2,0,14,near_2_4,93,0.015879051759839058,0.1583077609539032
632,2,0,14,mid_5_8,155,0.016118504106998444,0.1250697672367096
632,2,0,14,far_gt8,507,0.010734089650213718,0.10367695987224579
632,2,0,15,inside,215,0.6121322512626648,1.0803169012069702
632,2,0,15,ring_1,54,0.21098768711090088,0.5499590039253235
632,2,0,15,near_2_4,93,0.017787914723157883,0.16524645686149597
632,2,0,15,mid_5_8,155,0.018598565831780434,0.13108772039413452
632,2,0,15,far_gt8,507,0.012280148454010487,0.10855366289615631
632,2,0,16,inside,215,0.6321441531181335,1.09776771068573
632,2,0,16,ring_1,54,0.214322030544281,0.5552405714988708
632,2,0,16,near_2_4,93,0.019092902541160583,0.17059054970741272
632,2,0,16,mid_5_8,155,0.022229410707950592,0.1388673484325409
632,2,0,16,far_gt8,507,0.014026033692061901,0.11392346024513245
632,2,0,17,inside,215,0.6217395663261414,1.087682843208313
632,2,0,17,ring_1,54,0.20794934034347534,0.5444576144218445
632,2,0,17,near_2_4,93,0.01873060129582882,0.16950859129428864
632,2,0,17,mid_5_8,155,0.022213753312826157,0.1396208256483078
632,2,0,17,far_gt8,507,0.014331493526697159,0.1159587949514389
632,2,0,18,inside,215,0.6359038352966309,1.09989595413208
632,2,0,18,ring_1,54,0.21440398693084717,0.5563347339630127
632,2,0,18,near_2_4,93,0.020963523536920547,0.17817677557468414
632,2,0,18,mid_5_8,155,0.02495940402150154,0.1460948884487152
632,2,0,18,far_gt8,507,0.015993474051356316,0.12272068858146667
632,2,0,19,inside,215,0.6587255001068115,1.1202384233474731
632,2,0,19,ring_1,54,0.22923080623149872,0.5769123435020447
632,2,0,19,near_2_4,93,0.02340266853570938,0.18843956291675568
632,2,0,19,mid_5_8,155,0.02671073190867901,0.15447276830673218
632,2,0,19,far_gt8,507,0.017582973465323448,0.13202886283397675
632,2,0,20,inside,215,0.659792423248291,1.1208405494689941
632,2,0,20,ring_1,54,0.2266082465648651,0.5722399950027466
632,2,0,20,near_2_4,93,0.025126203894615173,0.19224001467227936
632,2,0,20,mid_5_8,155,0.02828550897538662,0.1580289602279663
632,2,0,20,far_gt8,507,0.019426705315709114,0.13776160776615143
632,2,0,21,inside,215,0.6370328664779663,1.1017322540283203
632,2,0,21,ring_1,54,0.2277049422264099,0.574131429195404
632,2,0,21,near_2_4,93,0.025938857346773148,0.19648218154907227
632,2,0,21,mid_5_8,155,0.028724348172545433,0.16259317100048065
632,2,0,21,far_gt8,507,0.020688258111476898,0.14381085336208344
632,2,0,22,inside,215,0.6134214401245117,1.0806758403778076
632,2,0,22,ring_1,54,0.22807753086090088,0.5769687294960022
632,2,0,22,near_2_4,93,0.026943037286400795,0.2011222243309021
632,2,0,22,mid_5_8,155,0.028758591040968895,0.16526614129543304
632,2,0,22,far_gt8,507,0.021114559844136238,0.14734674990177155
632,2,0,23,inside,215,0.5867673754692078,1.0564446449279785
632,2,0,23,ring_1,54,0.21862676739692688,0.5655239224433899
632,2,0,23,near_2_4,93,0.027564112097024918,0.20269399881362915
632,2,0,23,mid_5_8,155,0.02795575000345707,0.16633613407611847
632,2,0,23,far_gt8,507,0.02096155472099781,0.1496739685535431
632,2,0,24,inside,215,0.5996190905570984,1.0687578916549683
632,2,0,24,ring_1,54,0.21992062032222748,0.5663025379180908
632,2,0,24,near_2_4,93,0.03015236370265484,0.2103613317012787
632,2,0,24,mid_5_8,155,0.030056504532694817,0.1753554344177246
632,2,0,24,far_gt8,507,0.02249259501695633,0.1579103171825409
632,2,0,25,inside,215,0.5697752833366394,1.0422507524490356
632,2,0,25,ring_1,54,0.2113157957792282,0.5588286519050598
632,2,0,25,near_2_4,93,0.03296728432178497,0.21930699050426483
632,2,0,25,mid_5_8,155,0.03131943941116333,0.1819591522216797
632,2,0,25,far_gt8,507,0.024760287255048752,0.16834323108196259
632,2,0,26,inside,215,0.6031826138496399,1.0736981630325317
632,2,0,26,ring_1,54,0.2246473878622055,0.5727185606956482
632,2,0,26,near_2_4,93,0.036735255271196365,0.22883032262325287
632,2,0,26,mid_5_8,155,0.037413615733385086,0.19772371649742126
632,2,0,26,far_gt8,507,0.030006367713212967,0.18494777381420135
632,2,0,27,inside,215,0.651655375957489,1.116126537322998
632,2,0,27,ring_1,54,0.2382986694574356,0.5880854725837708
632,2,0,27,near_2_4,93,0.04131319373846054,0.2431701272726059
632,2,0,27,mid_5_8,155,0.041297104209661484,0.21167497336864471
632,2,0,27,far_gt8,507,0.034681644290685654,0.20092087984085083
724,3,0,0,inside,124,0.031766340136528015,0.23842617869377136
724,3,0,0,ring_1,54,-1.3245476715439963e-08,0.0
724,3,0,0,near_2_4,111,6.443745537154655e-09,0.0
724,3,0,0,mid_5_8,218,8.202474255369907e-09,0.0
724,3,0,0,far_gt8,517,1.2681838912342869e-09,0.0
724,3,0,1,inside,124,0.06671316921710968,0.34276828169822693
724,3,0,1,ring_1,54,0.00019974510360043496,0.018820572644472122
724,3,0,1,near_2_4,111,0.000233475147979334,0.020268354564905167
724,3,0,1,mid_5_8,218,0.00019188020087312907,0.018265394493937492
724,3,0,1,far_gt8,517,0.0001803066988941282,0.01799200102686882
724,3,0,2,inside,124,0.1887335628271103,0.5997875332832336
724,3,0,2,ring_1,54,0.006438242271542549,0.10182341188192368
724,3,0,2,near_2_4,111,0.0019202447729185224,0.060478322207927704
724,3,0,2,mid_5_8,218,0.0015526695642620325,0.05429074540734291
724,3,0,2,far_gt8,517,0.000793514889664948,0.038524504750967026
724,3,0,3,inside,124,0.3011096715927124,0.7701564431190491
724,3,0,3,ring_1,54,0.017774004489183426,0.17049811780452728
724,3,0,3,near_2_4,111,0.003117613960057497,0.07716705650091171
724,3,0,3,mid_5_8,218,0.002513542305678129,0.0694492906332016
724,3,0,3,far_gt8,517,0.0016298599075526,0.0552326925098896
724,3,0,4,inside,124,0.3454672396183014,0.8270894885063171
724,3,0,4,ring_1,54,0.025796590372920036,0.20578782260417938
724,3,0,4,near_2_4,111,0.0035340157337486744,0.08210141956806183
724,3,0,4,mid_5_8,218,0.0028521730564534664,0.07406863570213318
724,3,0,4,far_gt8,517,0.0018544120248407125,0.05891840159893036
724,3,0,5,inside,124,0.3553204834461212,0.838456392288208
724,3,0,5,ring_1,54,0.03279652073979378,0.23348493874073029
724,3,0,5,near_2_4,111,0.004432596731930971,0.09222159534692764
724,3,0,5,mid_5_8,218,0.0034635879565030336,0.081828773021698
724,3,0,5,far_gt8,517,0.0022554819006472826,0.064862459897995
724,3,0,6,inside,124,0.4287310540676117,0.9206072092056274
724,3,0,6,ring_1,54,0.046344440430402756,0.277294397354126
724,3,0,6,near_2_4,111,0.0049687158316373825,0.09670768678188324
724,3,0,6,mid_5_8,218,0.0033872907515615225,0.0807466208934784
724,3,0,6,far_gt8,517,0.002659102203324437,0.06835480779409409
724,3,0,7,inside,124,0.45803216099739075,0.9517673254013062
724,3,0,7,ring_1,54,0.05551743134856224,0.30295607447624207
724,3,0,7,near_2_4,111,0.006546406541019678,0.1106109470129013
724,3,0,7,mid_5_8,218,0.004126606043428183,0.08805916458368301
724,3,0,7,far_gt8,517,0.0030181393958628178,0.07153529673814774
724,3,0,8,inside,124,0.4333130717277527,0.9243274331092834
724,3,0,8,ring_1,54,0.06165673956274986,0.3214450180530548
724,3,0,8,near_2_4,111,0.007512030191719532,0.1180790364742279
724,3,0,8,mid_5_8,218,0.004771322477608919,0.093051478266716
724,3,0,8,far_gt8,517,0.0034084573853760958,0.07544920593500137
724,3,0,9,inside,124,0.4352348744869232,0.9236435890197754
724,3,0,9,ring_1,54,0.0656745433807373,0.3312622010707855
724,3,0,9,near_2_4,111,0.009326224215328693,0.13014285266399384
724,3,0,9,mid_5_8,218,0.005687798839062452,0.09861724078655243
724,3,0,9,far_gt8,517,0.004236710723489523,0.08168402314186096
724,3,0,10,inside,124,0.4422861933708191,0.9300916790962219
724,3,0,10,ring_1,54,0.07307381182909012,0.34091058373451233
724,3,0,10,near_2_4,111,0.010346979834139347,0.13432912528514862
724,3,0,10,mid_5_8,218,0.006612841039896011,0.10360722988843918
724,3,0,10,far_gt8,517,0.004794288892298937,0.08367586135864258
724,3,0,11,inside,124,0.4674685597419739,0.9549671411514282
724,3,0,11,ring_1,54,0.08747206628322601,0.367395281791687
724,3,0,11,near_2_4,111,0.014687521383166313,0.15237322449684143
724,3,0,11,mid_5_8,218,0.008834073320031166,0.11569194495677948
724,3,0,11,far_gt8,517,0.005770854651927948,0.09102794528007507
724,3,0,12,inside,124,0.49586930871009827,0.984752893447876
724,3,0,12,ring_1,54,0.10813223570585251,0.4043472409248352
724,3,0,12,near_2_4,111,0.024087833240628242,0.1850162297487259
724,3,0,12,mid_5_8,218,0.014184908010065556,0.13925272226333618
724,3,0,12,far_gt8,517,0.007632543332874775,0.10479143261909485
724,3,0,13,inside,124,0.5085203051567078,0.9963904023170471
724,3,0,13,ring_1,54,0.13039015233516693,0.44894900918006897
724,3,0,13,near_2_4,111,0.03753064572811127,0.22810278832912445
724,3,0,13,mid_5_8,218,0.02333124354481697,0.1722593754529953
724,3,0,13,far_gt8,517,0.011276431381702423,0.12587985396385193
724,3,0,14,inside,124,0.5490444898605347,1.0367451906204224
724,3,0,14,ring_1,54,0.16144944727420807,0.496140718460083
724,3,0,14,near_2_4,111,0.057461224496364594,0.2712835967540741
724,3,0,14,mid_5_8,218,0.0332312136888504,0.1970377266407013
724,3,0,14,far_gt8,517,0.015519469045102596,0.14206279814243317
724,3,0,15,inside,124,0.5986947417259216,1.0841954946517944
724,3,0,15,ring_1,54,0.1805243343114853,0.522994875907898
724,3,0,15,near_2_4,111,0.07531576603651047,0.30236488580703735
724,3,0,15,mid_5_8,218,0.041176050901412964,0.2108319252729416
724,3,0,15,far_gt8,517,0.019182072952389717,0.15339204668998718
724,3,0,16,inside,124,0.6672190427780151,1.1452394723892212
724,3,0,16,ring_1,54,0.19738808274269104,0.5465529561042786
724,3,0,16,near_2_4,111,0.09054722636938095,0.32529956102371216
724,3,0,16,mid_5_8,218,0.04544295743107796,0.2181953489780426
724,3,0,16,far_gt8,517,0.022104734554886818,0.16165010631084442
724,3,0,17,inside,124,0.6612991094589233,1.141540765762329
724,3,0,17,ring_1,54,0.205122172832489,0.5567420721054077
724,3,0,17,near_2_4,111,0.1006138026714325,0.3412612974643707
724,3,0,17,mid_5_8,218,0.05240027233958244,0.2329121232032776
724,3,0,17,far_gt8,517,0.026861893013119698,0.17754723131656647
724,3,0,18,inside,124,0.6577514410018921,1.137923240661621
724,3,0,18,ring_1,54,0.216560497879982,0.5727559328079224
724,3,0,18,near_2_4,111,0.11079896986484528,0.35489076375961304
724,3,0,18,mid_5_8,218,0.05806606635451317,0.24296972155570984
724,3,0,18,far_gt8,517,0.03033357672393322,0.18757060170173645
724,3,0,19,inside,124,0.7009218335151672,1.174672245979309
724,3,0,19,ring_1,54,0.22988261282444,0.5914646983146667
724,3,0,19,near_2_4,111,0.11855622380971909,0.36957216262817383
724,3,0,19,mid_5_8,218,0.06402865052223206,0.256155788898468
724,3,0,19,far_gt8,517,0.03443430736660957,0.2027861326932907
724,3,0,20,inside,124,0.683495819568634,1.159290075302124
724,3,0,20,ring_1,54,0.2291254997253418,0.5901708006858826
724,3,0,20,near_2_4,111,0.12450117617845535,0.37784674763679504
724,3,0,20,mid_5_8,218,0.06963721662759781,0.2655602991580963
724,3,0,20,far_gt8,517,0.0381319597363472,0.21231353282928467
724,3,0,21,inside,124,0.6872864961624146,1.1611559391021729
724,3,0,21,ring_1,54,0.23546048998832703,0.5977051258087158
724,3,0,21,near_2_4,111,0.1297885775566101,0.3858015835285187
724,3,0,21,mid_5_8,218,0.07720311731100082,0.27797242999076843
724,3,0,21,far_gt8,517,0.041289933025836945,0.2225184291601181
724,3,0,22,inside,124,0.6465480327606201,1.1231895685195923
724,3,0,22,ring_1,54,0.2328496128320694,0.5972980856895447
724,3,0,22,near_2_4,111,0.13080430030822754,0.39112985134124756
724,3,0,22,mid_5_8,218,0.0829266905784607,0.2880639433860779
724,3,0,22,far_gt8,517,0.044177889823913574,0.23072488605976105
724,3,0,23,inside,124,0.6231415867805481,1.1015714406967163
724,3,0,23,ring_1,54,0.22517281770706177,0.5909516215324402
724,3,0,23,near_2_4,111,0.13506686687469482,0.40351417660713196
724,3,0,23,mid_5_8,218,0.08660108596086502,0.3020998537540436
724,3,0,23,far_gt8,517,0.04936717823147774,0.24765120446681976
724,3,0,24,inside,124,0.6285109519958496,1.1066735982894897
724,3,0,24,ring_1,54,0.24223196506500244,0.6137089133262634
724,3,0,24,near_2_4,111,0.1489776223897934,0.4256289303302765
724,3,0,24,mid_5_8,218,0.09435007721185684,0.3199426531791687
724,3,0,24,far_gt8,517,0.05756717920303345,0.2689599394798279
724,3,0,25,inside,124,0.5892860889434814,1.070669412612915
724,3,0,25,ring_1,54,0.24926196038722992,0.6244350671768188
724,3,0,25,near_2_4,111,0.15380649268627167,0.43571871519088745
724,3,0,25,mid_5_8,218,0.09931141883134842,0.33051735162734985
724,3,0,25,far_gt8,517,0.06406795233488083,0.2843826413154602
724,3,0,26,inside,124,0.6221097111701965,1.1008844375610352
724,3,0,26,ring_1,54,0.27366676926612854,0.6577032804489136
724,3,0,26,near_2_4,111,0.1742955595254898,0.46888232231140137
724,3,0,26,mid_5_8,218,0.11200594156980515,0.3559364676475525
724,3,0,26,far_gt8,517,0.07620380073785782,0.31172844767570496
724,3,0,27,inside,124,0.681056559085846,1.1526038646697998
724,3,0,27,ring_1,54,0.3105745017528534,0.7081509232521057
724,3,0,27,near_2_4,111,0.19808197021484375,0.5140424370765686
724,3,0,27,mid_5_8,218,0.12573398649692535,0.38987886905670166
724,3,0,27,far_gt8,517,0.09081408381462097,0.3487418293952942
776,4,2,0,inside,188,0.01882404275238514,0.18378202617168427
776,4,2,0,ring_1,36,6.622738357719982e-09,0.0
776,4,2,0,near_2_4,85,-2.8049245148764612e-09,0.0
776,4,2,0,mid_5_8,145,3.2885321132880563e-09,0.0
776,4,2,0,far_gt8,570,-3.869073506024279e-09,0.0
776,4,2,1,inside,188,0.09531557559967041,0.4270412027835846
776,4,2,1,ring_1,36,5.2486855565803126e-05,0.009795201011002064
776,4,2,1,near_2_4,85,5.818535282742232e-05,0.010118232108652592
776,4,2,1,mid_5_8,145,5.9610400057863444e-05,0.010056239552795887
776,4,2,1,far_gt8,570,5.023646735935472e-05,0.009494958445429802
776,4,2,2,inside,188,0.25156164169311523,0.702921986579895
776,4,2,2,ring_1,36,0.006660224869847298,0.1110805869102478
776,4,2,2,near_2_4,85,0.001915670814923942,0.06014447659254074
776,4,2,2,mid_5_8,145,0.0014482465339824557,0.052436113357543945
776,4,2,2,far_gt8,570,0.0012958826264366508,0.049636974930763245
776,4,2,3,inside,188,0.3833576738834381,0.8699044585227966
776,4,2,3,ring_1,36,0.0194561630487442,0.18662691116333008
776,4,2,3,near_2_4,85,0.0038103945553302765,0.08312845975160599
776,4,2,3,mid_5_8,145,0.002548273652791977,0.06832096725702286
776,4,2,3,far_gt8,570,0.0020706395152956247,0.06159570440649986
776,4,2,4,inside,188,0.39726537466049194,0.8851693272590637
776,4,2,4,ring_1,36,0.026769548654556274,0.2201661318540573
776,4,2,4,near_2_4,85,0.0049850912764668465,0.0954589992761612
776,4,2,4,mid_5_8,145,0.003451409051194787,0.07984043657779694
776,4,2,4,far_gt8,570,0.002589466981589794,0.06956163793802261
776,4,2,5,inside,188,0.4057169556617737,0.8935603499412537
776,4,2,5,ring_1,36,0.03410343453288078,0.24858839809894562
776,4,2,5,near_2_4,85,0.006826508790254593,0.11097852885723114
776,4,2,5,mid_5_8,145,0.004775031935423613,0.0939510241150856
776,4,2,5,far_gt8,570,0.00329600996337831,0.0787121057510376
776,4,2,6,inside,188,0.48087984323501587,0.971916675567627
776,4,2,6,ring_1,36,0.0509537011384964,0.3006235659122467
776,4,2,6,near_2_4,85,0.009947622194886208,0.13179607689380646
776,4,2,6,mid_5_8,145,0.0064476835541427135,0.10819443315267563
776,4,2,6,far_gt8,570,0.004244920797646046,0.08943604677915573
776,4,2,7,inside,188,0.5230676531791687,1.012461543083191
776,4,2,7,ring_1,36,0.06704780459403992,0.3432796001434326
776,4,2,7,near_2_4,85,0.013556934893131256,0.15491844713687897
776,4,2,7,mid_5_8,145,0.00787354726344347,0.12049596011638641
776,4,2,7,far_gt8,570,0.005011504981666803,0.09709832817316055
776,4,2,8,inside,188,0.4865252375602722,0.9750362038612366
776,4,2,8,ring_1,36,0.07328514754772186,0.35803598165512085
776,4,2,8,near_2_4,85,0.01645251177251339,0.169833704829216
776,4,2,8,mid_5_8,145,0.009464913047850132,0.13215747475624084
776,4,2,8,far_gt8,570,0.005918988958001137,0.10588972270488739
776,4,2,9,inside,188,0.5108142495155334,0.9973131418228149
776,4,2,9,ring_1,36,0.09674599021673203,0.41539132595062256
776,4,2,9,near_2_4,85,0.023057451471686363,0.20149777829647064
776,4,2,9,mid_5_8,145,0.012703555636107922,0.15311038494110107
776,4,2,9,far_gt8,570,0.007733343169093132,0.12064065784215927
776,4,2,10,inside,188,0.5128715634346008,0.9984378218650818
776,4,2,10,ring_1,36,0.10496487468481064,0.43303966522216797
776,4,2,10,near_2_4,85,0.026222428306937218,0.21678951382637024
776,4,2,10,mid_5_8,145,0.015247303992509842,0.16788089275360107
776,4,2,10,far_gt8,570,0.009576980955898762,0.1330132782459259
776,4,2,11,inside,188,0.5170196294784546,1.0011392831802368
776,4,2,11,ring_1,36,0.1259162425994873,0.4756879210472107
776,4,2,11,near_2_4,85,0.03139704093337059,0.23790007829666138
776,4,2,11,mid_5_8,145,0.019601674750447273,0.19007693231105804
776,4,2,11,far_gt8,570,0.012969999574124813,0.1535758227109909
776,4,2,12,inside,188,0.5294029712677002,1.0121114253997803
776,4,2,12,ring_1,36,0.1318352222442627,0.4866860806941986
776,4,2,12,near_2_4,85,0.03647828847169876,0.2573196291923523
776,4,2,12,mid_5_8,145,0.024920746684074402,0.2125973254442215
776,4,2,12,far_gt8,570,0.017274927347898483,0.17547085881233215
776,4,2,13,inside,188,0.5636522173881531,1.044228434562683
776,4,2,13,ring_1,36,0.1528128683567047,0.5244248509407043
776,4,2,13,near_2_4,85,0.04396117478609085,0.2830473482608795
776,4,2,13,mid_5_8,145,0.032596293836832047,0.2415914386510849
776,4,2,13,far_gt8,570,0.023065779358148575,0.20160657167434692
776,4,2,14,inside,188,0.6138103008270264,1.0897544622421265
776,4,2,14,ring_1,36,0.16014772653579712,0.5328817963600159
776,4,2,14,near_2_4,85,0.052333101630210876,0.30679798126220703
776,4,2,14,mid_5_8,145,0.038693055510520935,0.2598952353000641
776,4,2,14,far_gt8,570,0.029658645391464233,0.22328531742095947
776,4,2,15,inside,188,0.6572020649909973,1.1275770664215088
776,4,2,15,ring_1,36,0.17465029656887054,0.5513510704040527
776,4,2,15,near_2_4,85,0.05941508337855339,0.31931936740875244
776,4,2,15,mid_5_8,145,0.04313590005040169,0.27169346809387207
776,4,2,15,far_gt8,570,0.03571237623691559,0.24282759428024292
776,4,2,16,inside,188,0.7018132209777832,1.1652883291244507
776,4,2,16,ring_1,36,0.18530279397964478,0.5670038461685181
776,4,2,16,near_2_4,85,0.07479579001665115,0.3539039194583893
776,4,2,16,mid_5_8,145,0.053576115518808365,0.299955815076828
776,4,2,16,far_gt8,570,0.0445115752518177,0.26888373494148254
776,4,2,17,inside,188,0.6968215107917786,1.1601548194885254
776,4,2,17,ring_1,36,0.1831107884645462,0.5626901388168335
776,4,2,17,near_2_4,85,0.0776115134358406,0.3596983850002289
776,4,2,17,mid_5_8,145,0.05731995776295662,0.30953148007392883
776,4,2,17,far_gt8,570,0.046538107097148895,0.27646517753601074
776,4,2,18,inside,188,0.6923576593399048,1.157637357711792
776,4,2,18,ring_1,36,0.18768154084682465,0.5659356117248535
776,4,2,18,near_2_4,85,0.08076499402523041,0.36056065559387207
776,4,2,18,mid_5_8,145,0.06103840470314026,0.3151554465293884
776,4,2,18,far_gt8,570,0.051207054406404495,0.2893983721733093
776,4,2,19,inside,188,0.7285804152488708,1.1884181499481201
776,4,2,19,ring_1,36,0.20054322481155396,0.5874647498130798
776,4,2,19,near_2_4,85,0.09383266419172287,0.3904198110103607
776,4,2,19,mid_5_8,145,0.07080818712711334,0.3413526713848114
776,4,2,19,far_gt8,570,0.06022045761346817,0.3147232234477997
776,4,2,20,inside,188,0.6820793747901917,1.1506516933441162
776,4,2,20,ring_1,36,0.1904856264591217,0.5722916126251221
776,4,2,20,near_2_4,85,0.09433738142251968,0.38831570744514465
776,4,2,20,mid_5_8,145,0.07290121912956238,0.34616535902023315
776,4,2,20,far_gt8,570,0.06262236833572388,0.32024022936820984
776,4,2,21,inside,188,0.671478807926178,1.1425586938858032
776,4,2,21,ring_1,36,0.1900157630443573,0.5693770051002502
776,4,2,21,near_2_4,85,0.09601934254169464,0.39420458674430847
776,4,2,21,mid_5_8,145,0.07819459587335587,0.3582501709461212
776,4,2,21,far_gt8,570,0.06777137517929077,0.3319976329803467
776,4,2,22,inside,188,0.6417791247367859,1.1174333095550537
776,4,2,22,ring_1,36,0.18465924263000488,0.5608017444610596
776,4,2,22,near_2_4,85,0.0951085016131401,0.3945291042327881
776,4,2,22,mid_5_8,145,0.08174150437116623,0.36733102798461914
776,4,2,22,far_gt8,570,0.07081937789916992,0.33943504095077515
776,4,2,23,inside,188,0.6267286539077759,1.1042137145996094
776,4,2,23,ring_1,36,0.18859350681304932,0.5638760924339294
776,4,2,23,near_2_4,85,0.0988788828253746,0.3988135755062103
776,4,2,23,mid_5_8,145,0.08373913913965225,0.37075138092041016
776,4,2,23,far_gt8,570,0.07364583015441895,0.345954567193985
776,4,2,24,inside,188,0.6164974570274353,1.095963954925537
776,4,2,24,ring_1,36,0.19503560662269592,0.5705907940864563
776,4,2,24,near_2_4,85,0.10302397608757019,0.4080497622489929
776,4,2,24,mid_5_8,145,0.09299840033054352,0.388271301984787
776,4,2,24,far_gt8,570,0.08188105374574661,0.3633961081504822
776,4,2,25,inside,188,0.5796791911125183,1.0635963678359985
776,4,2,25,ring_1,36,0.18654918670654297,0.5506699085235596
776,4,2,25,near_2_4,85,0.10369560867547989,0.4083596169948578
776,4,2,25,mid_5_8,145,0.09882800281047821,0.3984559178352356
776,4,2,25,far_gt8,570,0.09113916009664536,0.38114649057388306
776,4,2,26,inside,188,0.6087597012519836,1.0903100967407227
776,4,2,26,ring_1,36,0.20044906437397003,0.5707293152809143
776,4,2,26,near_2_4,85,0.12051858007907867,0.4390862286090851
776,4,2,26,mid_5_8,145,0.11394284665584564,0.4272320568561554
776,4,2,26,far_gt8,570,0.10369224101305008,0.4067721366882324
776,4,2,27,inside,188,0.6352847814559937,1.1144052743911743
776,4,2,27,ring_1,36,0.21834400296211243,0.6037928462028503
776,4,2,27,near_2_4,85,0.1301722675561905,0.462991327047348
776,4,2,27,mid_5_8,145,0.126760333776474,0.4535314738750458
776,4,2,27,far_gt8,570,0.11591202765703201,0.4307597279548645
785,5,0,0,inside,166,0.12342418730258942,0.4872523248195648
785,5,0,0,ring_1,112,1.596553000915435e-09,0.0
785,5,0,0,near_2_4,215,2.772309048992838e-09,0.0
785,5,0,0,mid_5_8,228,6.797020724036429e-09,0.0
785,5,0,0,far_gt8,303,1.1212755168799049e-08,0.0
785,5,0,1,inside,166,0.19106818735599518,0.5951525568962097
785,5,0,1,ring_1,112,0.0007505209068767726,0.03782406821846962
785,5,0,1,near_2_4,215,0.0009826096938923001,0.04282516613602638
785,5,0,1,mid_5_8,228,0.0010061654029414058,0.043415848165750504
785,5,0,1,far_gt8,303,0.0010103726526722312,0.043064191937446594
785,5,0,2,inside,166,0.31425684690475464,0.7775458693504333
785,5,0,2,ring_1,112,0.011688172817230225,0.14208568632602692
785,5,0,2,near_2_4,215,0.0036781791131943464,0.08469804376363754
785,5,0,2,mid_5_8,228,0.0032816082239151,0.0798451155424118
785,5,0,2,far_gt8,303,0.0032180682756006718,0.07887286692857742
785,5,0,3,inside,166,0.442869633436203,0.9320173859596252
785,5,0,3,ring_1,112,0.03725166991353035,0.253471702337265
785,5,0,3,near_2_4,215,0.00913636852055788,0.1319991499185562
785,5,0,3,mid_5_8,228,0.007116895169019699,0.11634485423564911
785,5,0,3,far_gt8,303,0.006982984486967325,0.11523991078138351
785,5,0,4,inside,166,0.48154008388519287,0.9757689237594604
785,5,0,4,ring_1,112,0.0650051161646843,0.3377089500427246
785,5,0,4,near_2_4,215,0.015053297393023968,0.16720007359981537
785,5,0,4,mid_5_8,228,0.012259255163371563,0.1466110795736313
785,5,0,4,far_gt8,303,0.01132533885538578,0.14285801351070404
785,5,0,5,inside,166,0.4870695471763611,0.9822800159454346
785,5,0,5,ring_1,112,0.08639847487211227,0.3917422294616699
785,5,0,5,near_2_4,215,0.02232796885073185,0.19830040633678436
785,5,0,5,mid_5_8,228,0.017645295709371567,0.17086917161941528
785,5,0,5,far_gt8,303,0.019163431599736214,0.17636971175670624
785,5,0,6,inside,166,0.5598843693733215,1.0542716979980469
785,5,0,6,ring_1,112,0.12452279031276703,0.47336843609809875
785,5,0,6,near_2_4,215,0.04261597618460655,0.25790831446647644
785,5,0,6,mid_5_8,228,0.03435126692056656,0.2195858210325241
785,5,0,6,far_gt8,303,0.04168672859668732,0.2377469688653946
785,5,0,7,inside,166,0.5920084118843079,1.0846627950668335
785,5,0,7,ring_1,112,0.1523846536874771,0.5260342955589294
785,5,0,7,near_2_4,215,0.06490595638751984,0.30899322032928467
785,5,0,7,mid_5_8,228,0.05127007141709328,0.25895392894744873
785,5,0,7,far_gt8,303,0.06145748123526573,0.28195223212242126
785,5,0,8,inside,166,0.5728113055229187,1.0674989223480225
785,5,0,8,ring_1,112,0.16444389522075653,0.5489020347595215
785,5,0,8,near_2_4,215,0.07816268503665924,0.3367713689804077
785,5,0,8,mid_5_8,228,0.06142129749059677,0.28310903906822205
785,5,0,8,far_gt8,303,0.073553167283535,0.30848270654678345
785,5,0,9,inside,166,0.5711015462875366,1.0652925968170166
785,5,0,9,ring_1,112,0.17711906135082245,0.5740796327590942
785,5,0,9,near_2_4,215,0.09649361670017242,0.3747686445713043
785,5,0,9,mid_5_8,228,0.0790732353925705,0.3260664641857147
785,5,0,9,far_gt8,303,0.09478476643562317,0.35409846901893616
785,5,0,10,inside,166,0.5843313932418823,1.0774279832839966
785,5,0,10,ring_1,112,0.1968616545200348,0.6059767603874207
785,5,0,10,near_2_4,215,0.11236158013343811,0.40558356046676636
785,5,0,10,mid_5_8,228,0.09418998658657074,0.35868459939956665
785,5,0,10,far_gt8,303,0.11009499430656433,0.3857690393924713
785,5,0,11,inside,166,0.6082624197006226,1.0995713472366333
785,5,0,11,ring_1,112,0.22836065292358398,0.654970645904541
785,5,0,11,near_2_4,215,0.12662340700626373,0.4349917769432068
785,5,0,11,mid_5_8,228,0.10853299498558044,0.39016690850257874
785,5,0,11,far_gt8,303,0.1255941390991211,0.41766461730003357
785,5,0,12,inside,166,0.6152158975601196,1.1055465936660767
785,5,0,12,ring_1,112,0.24792137742042542,0.6841575503349304
785,5,0,12,near_2_4,215,0.14950913190841675,0.4772723615169525
785,5,0,12,mid_5_8,228,0.12912990152835846,0.4309063255786896
785,5,0,12,far_gt8,303,0.14571146667003632,0.455206036567688
785,5,0,13,inside,166,0.6595696806907654,1.1441103219985962
785,5,0,13,ring_1,112,0.2686026692390442,0.7128070592880249
785,5,0,13,near_2_4,215,0.17260408401489258,0.5168737173080444
785,5,0,13,mid_5_8,228,0.15574310719966888,0.4754978120326996
785,5,0,13,far_gt8,303,0.172402486205101,0.4966631233692169
785,5,0,14,inside,166,0.673441469669342,1.1553409099578857
785,5,0,14,ring_1,112,0.27047625184059143,0.7145408391952515
785,5,0,14,near_2_4,215,0.18577063083648682,0.536044716835022
785,5,0,14,mid_5_8,228,0.17338894307613373,0.505750298500061
785,5,0,14,far_gt8,303,0.19671879708766937,0.5350480079650879
785,5,0,15,inside,166,0.7175203561782837,1.1915005445480347
785,5,0,15,ring_1,112,0.2835080921649933,0.7299492955207825
785,5,0,15,near_2_4,215,0.20020341873168945,0.5551555752754211
785,5,0,15,mid_5_8,228,0.1878749281167984,0.5261097550392151
785,5,0,15,far_gt8,303,0.2145863175392151,0.5583364367485046
785,5,0,16,inside,166,0.74742591381073,1.2159610986709595
785,5,0,16,ring_1,112,0.30008649826049805,0.750378429889679
785,5,0,16,near_2_4,215,0.21342425048351288,0.5710200071334839
785,5,0,16,mid_5_8,228,0.20198021829128265,0.5444966554641724
785,5,0,16,far_gt8,303,0.2324230819940567,0.5801557302474976
785,5,0,17,inside,166,0.7639409899711609,1.2283523082733154
785,5,0,17,ring_1,112,0.2961079478263855,0.7432442307472229
785,5,0,17,near_2_4,215,0.21169422566890717,0.5644082427024841
785,5,0,17,mid_5_8,228,0.2072468101978302,0.5492826700210571
785,5,0,17,far_gt8,303,0.23978766798973083,0.5876960158348083
785,5,0,18,inside,166,0.754258394241333,1.2209206819534302
785,5,0,18,ring_1,112,0.3106178641319275,0.7578757405281067
785,5,0,18,near_2_4,215,0.21601849794387817,0.5725498199462891
785,5,0,18,mid_5_8,228,0.21277335286140442,0.5608097314834595
785,5,0,18,far_gt8,303,0.24545948207378387,0.597420334815979
785,5,0,19,inside,166,0.7894911170005798,1.2487891912460327
785,5,0,19,ring_1,112,0.32711857557296753,0.7750020027160645
785,5,0,19,near_2_4,215,0.22764034569263458,0.5895817279815674
785,5,0,19,mid_5_8,228,0.22547680139541626,0.5789881944656372
785,5,0,19,far_gt8,303,0.2570928633213043,0.6139715909957886
785,5,0,20,inside,166,0.7730260491371155,1.235626459121704
785,5,0,20,ring_1,112,0.3234734535217285,0.7686987519264221
785,5,0,20,near_2_4,215,0.23032906651496887,0.5897263288497925
785,5,0,20,mid_5_8,228,0.23319661617279053,0.587157666683197
785,5,0,20,far_gt8,303,0.2636321783065796,0.6210618615150452
785,5,0,21,inside,166,0.746004581451416,1.2132173776626587
785,5,0,21,ring_1,112,0.31523093581199646,0.7588926553726196
785,5,0,21,near_2_4,215,0.23157843947410583,0.5910312533378601
785,5,0,21,mid_5_8,228,0.2405311018228531,0.5974146723747253
785,5,0,21,far_gt8,303,0.2669185698032379,0.6258800029754639
785,5,0,22,inside,166,0.7267791628837585,1.1965070962905884
785,5,0,22,ring_1,112,0.3028402030467987,0.7414351105690002
785,5,0,22,near_2_4,215,0.22147242724895477,0.5772759914398193
785,5,0,22,mid_5_8,228,0.23633648455142975,0.5921972990036011
785,5,0,22,far_gt8,303,0.25917211174964905,0.619674026966095
785,5,0,23,inside,166,0.6973685622215271,1.1725190877914429
785,5,0,23,ring_1,112,0.2910996973514557,0.7229300737380981
785,5,0,23,near_2_4,215,0.2169291228055954,0.5679224133491516
785,5,0,23,mid_5_8,228,0.234895259141922,0.5917533040046692
785,5,0,23,far_gt8,303,0.25505155324935913,0.6177668571472168
785,5,0,24,inside,166,0.6871805787086487,1.1631783246994019
785,5,0,24,ring_1,112,0.2847651541233063,0.7151259779930115
785,5,0,24,near_2_4,215,0.2231488674879074,0.5790995955467224
785,5,0,24,mid_5_8,228,0.24617089331150055,0.6115928292274475
785,5,0,24,far_gt8,303,0.2653072774410248,0.6354959607124329
785,5,0,25,inside,166,0.6376799941062927,1.1204077005386353
785,5,0,25,ring_1,112,0.2699473798274994,0.6959436535835266
785,5,0,25,near_2_4,215,0.2222105711698532,0.5815187692642212
785,5,0,25,mid_5_8,228,0.253064900636673,0.6284838914871216
785,5,0,25,far_gt8,303,0.2725047171115875,0.6516347527503967
785,5,0,26,inside,166,0.6626126170158386,1.142228126525879
785,5,0,26,ring_1,112,0.2885562479496002,0.7184838652610779
785,5,0,26,near_2_4,215,0.23773913085460663,0.6046980023384094
785,5,0,26,mid_5_8,228,0.2730802595615387,0.6592588424682617
785,5,0,26,far_gt8,303,0.29294294118881226,0.6828179359436035
785,5,0,27,inside,166,0.7195756435394287,1.1897705793380737
785,5,0,27,ring_1,112,0.31390681862831116,0.7477143406867981
785,5,0,27,near_2_4,215,0.258095383644104,0.6335500478744507
785,5,0,27,mid_5_8,228,0.3004704415798187,0.6937942504882812
785,5,0,27,far_gt8,303,0.31709152460098267,0.7131226062774658
802,6,1,0,inside,150,0.019010469317436218,0.17172569036483765
802,6,1,0,ring_1,58,3.0829989672298552e-09,0.0
802,6,1,0,near_2_4,132,1.806201410659014e-09,0.0
802,6,1,0,mid_5_8,154,1.935215765414e-09,0.0
802,6,1,0,far_gt8,530,4.161079036890669e-09,0.0
802,6,1,1,inside,150,0.0628240555524826,0.3015230596065521
802,6,1,1,ring_1,58,2.252541708003264e-05,0.006636195350438356
802,6,1,1,near_2_4,132,1.8416028979117982e-05,0.005966949742287397
802,6,1,1,mid_5_8,154,1.4681707398267463e-05,0.0053554680198431015
802,6,1,1,far_gt8,530,1.5703462850069627e-05,0.005514875520020723
802,6,1,2,inside,150,0.1695002168416977,0.5488097071647644
802,6,1,2,ring_1,58,0.003359828609973192,0.0747838243842125
802,6,1,2,near_2_4,132,0.0006056640413589776,0.034092821180820465
802,6,1,2,mid_5_8,154,0.00042025416041724384,0.02860436774790287
802,6,1,2,far_gt8,530,0.000305323104839772,0.0241844542324543
802,6,1,3,inside,150,0.3031696379184723,0.7613534331321716
802,6,1,3,ring_1,58,0.018517177551984787,0.17876669764518738
802,6,1,3,near_2_4,132,0.002393829170614481,0.06593640893697739
802,6,1,3,mid_5_8,154,0.0014795521274209023,0.05256432294845581
802,6,1,3,far_gt8,530,0.0010247599566355348,0.04250234365463257
802,6,1,4,inside,150,0.37473028898239136,0.8556731939315796
802,6,1,4,ring_1,58,0.03573032096028328,0.25118863582611084
802,6,1,4,near_2_4,132,0.004963539075106382,0.08930352330207825
802,6,1,4,mid_5_8,154,0.0026627774350345135,0.06971314549446106
802,6,1,4,far_gt8,530,0.0023541548289358616,0.06135060265660286
802,6,1,5,inside,150,0.3937399387359619,0.8797134160995483
802,6,1,5,ring_1,58,0.04808611050248146,0.2916388213634491
802,6,1,5,near_2_4,132,0.0075258538126945496,0.10895082354545593
802,6,1,5,mid_5_8,154,0.003988977055996656,0.08540964871644974
802,6,1,5,far_gt8,530,0.0036876839585602283,0.07576341181993484
802,6,1,6,inside,150,0.4969240725040436,0.9895887970924377
802,6,1,6,ring_1,58,0.08482489734888077,0.385679692029953
802,6,1,6,near_2_4,132,0.014626345597207546,0.13987374305725098
802,6,1,6,mid_5_8,154,0.005825534928590059,0.10261546075344086
802,6,1,6,far_gt8,530,0.005691474303603172,0.09001779556274414
802,6,1,7,inside,150,0.5349244475364685,1.0275282859802246
802,6,1,7,ring_1,58,0.10146035999059677,0.4195355176925659
802,6,1,7,near_2_4,132,0.02041153609752655,0.16106610000133514
802,6,1,7,mid_5_8,154,0.007034890819340944,0.11336033046245575
802,6,1,7,far_gt8,530,0.007250848226249218,0.09680646657943726
802,6,1,8,inside,150,0.5228176116943359,1.015562891960144
802,6,1,8,ring_1,58,0.12089326232671738,0.451178640127182
802,6,1,8,near_2_4,132,0.02782062441110611,0.18481436371803284
802,6,1,8,mid_5_8,154,0.008755785413086414,0.12702341377735138
802,6,1,8,far_gt8,530,0.0088692307472229,0.10627847909927368
802,6,1,9,inside,150,0.5529168844223022,1.045119047164917
802,6,1,9,ring_1,58,0.1376635879278183,0.47873932123184204
802,6,1,9,near_2_4,132,0.03724202886223793,0.21058841049671173
802,6,1,9,mid_5_8,154,0.010044500231742859,0.13602668046951294
802,6,1,9,far_gt8,530,0.01236689742654562,0.12068342417478561
802,6,1,10,inside,150,0.5635653734207153,1.0550369024276733
802,6,1,10,ring_1,58,0.1601116955280304,0.5085263252258301
802,6,1,10,near_2_4,132,0.04558786004781723,0.22709326446056366
802,6,1,10,mid_5_8,154,0.0119157824665308,0.14765508472919464
802,6,1,10,far_gt8,530,0.014723747037351131,0.12994714081287384
802,6,1,11,inside,150,0.5977916717529297,1.0864101648330688
802,6,1,11,ring_1,58,0.1802343726158142,0.5411902070045471
802,6,1,11,near_2_4,132,0.05397229641675949,0.24673262238502502
802,6,1,11,mid_5_8,154,0.013697070069611073,0.15719331800937653
802,6,1,11,far_gt8,530,0.01752912998199463,0.14196735620498657
802,6,1,12,inside,150,0.5947302579879761,1.082956314086914
802,6,1,12,ring_1,58,0.19612309336662292,0.5574107766151428
802,6,1,12,near_2_4,132,0.06234065815806389,0.26754897832870483
802,6,1,12,mid_5_8,154,0.016197293996810913,0.1695135533809662
802,6,1,12,far_gt8,530,0.021743889898061752,0.15825515985488892
802,6,1,13,inside,150,0.6359895467758179,1.1186131238937378
802,6,1,13,ring_1,58,0.21412606537342072,0.5817419290542603
802,6,1,13,near_2_4,132,0.07351302355527878,0.29403069615364075
802,6,1,13,mid_5_8,154,0.01990417391061783,0.18524153530597687
802,6,1,13,far_gt8,530,0.02761838398873806,0.17333650588989258
802,6,1,14,inside,150,0.6546888947486877,1.1345759630203247
802,6,1,14,ring_1,58,0.22809693217277527,0.5953788161277771
802,6,1,14,near_2_4,132,0.083579421043396,0.3129804730415344
802,6,1,14,mid_5_8,154,0.022369617596268654,0.192790687084198
802,6,1,14,far_gt8,530,0.033642690628767014,0.1863871067762375
802,6,1,15,inside,150,0.687340497970581,1.1628310680389404
802,6,1,15,ring_1,58,0.2528720796108246,0.6253629922866821
802,6,1,15,near_2_4,132,0.09209902584552765,0.32861778140068054
802,6,1,15,mid_5_8,154,0.02629484422504902,0.20734454691410065
802,6,1,15,far_gt8,530,0.0378606915473938,0.1956002116203308
802,6,1,16,inside,150,0.7163305878639221,1.1873735189437866
802,6,1,16,ring_1,58,0.2693926990032196,0.6433921456336975
802,6,1,16,near_2_4,132,0.09882650524377823,0.34044259786605835
802,6,1,16,mid_5_8,154,0.02778637781739235,0.21337519586086273
802,6,1,16,far_gt8,530,0.04379604756832123,0.20875027775764465
802,6,1,17,inside,150,0.717210054397583,1.1880043745040894
802,6,1,17,ring_1,58,0.2667121887207031,0.6386661529541016
802,6,1,17,near_2_4,132,0.09791020303964615,0.33839818835258484
802,6,1,17,mid_5_8,154,0.028224729001522064,0.21397261321544647
802,6,1,17,far_gt8,530,0.04637719690799713,0.2132570445537567
802,6,1,18,inside,150,0.7373939752578735,1.205562710762024
802,6,1,18,ring_1,58,0.2843638062477112,0.6606811285018921
802,6,1,18,near_2_4,132,0.1044304370880127,0.3476394712924957
802,6,1,18,mid_5_8,154,0.028763752430677414,0.21457555890083313
802,6,1,18,far_gt8,530,0.04868599399924278,0.2183983325958252
802,6,1,19,inside,150,0.7706989049911499,1.232209324836731
802,6,1,19,ring_1,58,0.2907699942588806,0.66831374168396
802,6,1,19,near_2_4,132,0.11308474838733673,0.36155691742897034
802,6,1,19,mid_5_8,154,0.030897527933120728,0.22408702969551086
802,6,1,19,far_gt8,530,0.054044146090745926,0.23199614882469177
802,6,1,20,inside,150,0.7571045756340027,1.221399188041687
802,6,1,20,ring_1,58,0.2828880846500397,0.6607086062431335
802,6,1,20,near_2_4,132,0.11350709199905396,0.3640925884246826
802,6,1,20,mid_5_8,154,0.030493877828121185,0.22270400822162628
802,6,1,20,far_gt8,530,0.056133680045604706,0.2367704063653946
802,6,1,21,inside,150,0.721428632736206,1.191960096359253
802,6,1,21,ring_1,58,0.27506348490715027,0.651343047618866
802,6,1,21,near_2_4,132,0.11255654692649841,0.3667512834072113
802,6,1,21,mid_5_8,154,0.03261701017618179,0.23035572469234467
802,6,1,21,far_gt8,530,0.05627475678920746,0.23996159434318542
802,6,1,22,inside,150,0.7061991095542908,1.1787029504776
802,6,1,22,ring_1,58,0.2705688774585724,0.6454174518585205
802,6,1,22,near_2_4,132,0.1136133000254631,0.369354248046875
802,6,1,22,mid_5_8,154,0.03246060386300087,0.2295290231704712
802,6,1,22,far_gt8,530,0.0559723824262619,0.24191349744796753
802,6,1,23,inside,150,0.6679732203483582,1.1459479331970215
802,6,1,23,ring_1,58,0.2604929506778717,0.6325153112411499
802,6,1,23,near_2_4,132,0.11365963518619537,0.37280893325805664
802,6,1,23,mid_5_8,154,0.03252338990569115,0.23017704486846924
802,6,1,23,far_gt8,530,0.055448535829782486,0.24316804111003876
802,6,1,24,inside,150,0.6636378765106201,1.1420347690582275
802,6,1,24,ring_1,58,0.25634118914604187,0.6281298995018005
802,6,1,24,near_2_4,132,0.11535300314426422,0.379678338766098
802,6,1,24,mid_5_8,154,0.033934734761714935,0.23466162383556366
802,6,1,24,far_gt8,530,0.05782945454120636,0.2506314218044281
802,6,1,25,inside,150,0.6200607419013977,1.1036040782928467
802,6,1,25,ring_1,58,0.24271546304225922,0.6123791337013245
802,6,1,25,near_2_4,132,0.11530625820159912,0.3869873285293579
802,6,1,25,mid_5_8,154,0.035854388028383255,0.2398301661014557
802,6,1,25,far_gt8,530,0.056152235716581345,0.25049880146980286
802,6,1,26,inside,150,0.6240097284317017,1.1069661378860474
802,6,1,26,ring_1,58,0.24232611060142517,0.6104996204376221
802,6,1,26,near_2_4,132,0.12284450978040695,0.40195512771606445
802,6,1,26,mid_5_8,154,0.03979926183819771,0.2501804232597351
802,6,1,26,far_gt8,530,0.060891781002283096,0.26307082176208496
802,6,1,27,inside,150,0.6752081513404846,1.1512693166732788
802,6,1,27,ring_1,58,0.2598399221897125,0.6304972171783447
802,6,1,27,near_2_4,132,0.13648326694965363,0.4231547713279724
802,6,1,27,mid_5_8,154,0.04607426002621651,0.26658445596694946
802,6,1,27,far_gt8,530,0.06915588676929474,0.2825199365615845
872,7,0,0,inside,129,0.05741528794169426,0.32363253831863403
872,7,0,0,ring_1,88,1.3546510579942606e-09,0.0
872,7,0,0,near_2_4,169,-3.5269021037009907e-10,0.0
872,7,0,0,mid_5_8,293,7.933723900066525e-09,0.0
872,7,0,0,far_gt8,345,3.4553418459815077e-10,0.0
872,7,0,1,inside,129,0.0997345820069313,0.43051213026046753
872,7,0,1,ring_1,88,0.00047590379836037755,0.029669256880879402
872,7,0,1,near_2_4,169,0.0004538706853054464,0.028728177770972252
872,7,0,1,mid_5_8,293,0.00034252795740030706,0.02469373680651188
872,7,0,1,far_gt8,345,0.00024968868819996715,0.020431693643331528
872,7,0,2,inside,129,0.26876890659332275,0.722202718257904
872,7,0,2,ring_1,88,0.009859125129878521,0.13177050650119781
872,7,0,2,near_2_4,169,0.00295594846829772,0.07461604475975037
872,7,0,2,mid_5_8,293,0.0028643084224313498,0.07322757691144943
872,7,0,2,far_gt8,345,0.0018422795692458749,0.058551184833049774
872,7,0,3,inside,129,0.3977479636669159,0.8839938640594482
872,7,0,3,ring_1,88,0.02474096603691578,0.20670528709888458
872,7,0,3,near_2_4,169,0.005290701054036617,0.09861880540847778
872,7,0,3,mid_5_8,293,0.004669563844799995,0.09330503642559052
872,7,0,3,far_gt8,345,0.002896068850532174,0.07307292520999908
872,7,0,4,inside,129,0.4595211148262024,0.9523302316665649
872,7,0,4,ring_1,88,0.03945871815085411,0.26110953092575073
872,7,0,4,near_2_4,169,0.0068635898642241955,0.11219958961009979
872,7,0,4,mid_5_8,293,0.005803631152957678,0.1044105663895607
872,7,0,4,far_gt8,345,0.0037966493982821703,0.08383727818727493
872,7,0,5,inside,129,0.4714781939983368,0.9659308195114136
872,7,0,5,ring_1,88,0.051208458840847015,0.2982009947299957
872,7,0,5,near_2_4,169,0.008695311844348907,0.1272476315498352
872,7,0,5,mid_5_8,293,0.007391604129225016,0.11794702708721161
872,7,0,5,far_gt8,345,0.004992067813873291,0.09563301503658295
872,7,0,6,inside,129,0.5451784133911133,1.039804220199585
872,7,0,6,ring_1,88,0.07647530734539032,0.3643874228000641
872,7,0,6,near_2_4,169,0.010800900869071484,0.14027023315429688
872,7,0,6,mid_5_8,293,0.009232444688677788,0.12566687166690826
872,7,0,6,far_gt8,345,0.00594989163801074,0.09965508431196213
872,7,0,7,inside,129,0.5652562975883484,1.058994174003601
872,7,0,7,ring_1,88,0.09162846207618713,0.4003297984600067
872,7,0,7,near_2_4,169,0.013900868594646454,0.1582539975643158
872,7,0,7,mid_5_8,293,0.014128460548818111,0.14407989382743835
872,7,0,7,far_gt8,345,0.007694997824728489,0.10807962715625763
872,7,0,8,inside,129,0.54249107837677,1.0377757549285889
872,7,0,8,ring_1,88,0.10668634623289108,0.4339134991168976
872,7,0,8,near_2_4,169,0.016594594344496727,0.17150548100471497
872,7,0,8,mid_5_8,293,0.019794447347521782,0.16044680774211884
872,7,0,8,far_gt8,345,0.009730552323162556,0.11648374795913696
872,7,0,9,inside,129,0.5331022143363953,1.0286839008331299
872,7,0,9,ring_1,88,0.11686236411333084,0.45706847310066223
872,7,0,9,near_2_4,169,0.020120641216635704,0.18737828731536865
872,7,0,9,mid_5_8,293,0.029257019981741905,0.18335247039794922
872,7,0,9,far_gt8,345,0.01332917995750904,0.1313997209072113
872,7,0,10,inside,129,0.5483049750328064,1.043135643005371
872,7,0,10,ring_1,88,0.12699876725673676,0.4764680862426758
872,7,0,10,near_2_4,169,0.024306265637278557,0.2015513777732849
872,7,0,10,mid_5_8,293,0.034744225442409515,0.19593481719493866
872,7,0,10,far_gt8,345,0.016331711784005165,0.1388629674911499
872,7,0,11,inside,129,0.57796311378479,1.071986198425293
872,7,0,11,ring_1,88,0.1438443809747696,0.507391095161438
872,7,0,11,near_2_4,169,0.032246917486190796,0.228488489985466
872,7,0,11,mid_5_8,293,0.04222016781568527,0.21970520913600922
872,7,0,11,far_gt8,345,0.019548149779438972,0.1537780612707138
872,7,0,12,inside,129,0.5837721824645996,1.0774720907211304
872,7,0,12,ring_1,88,0.1655132919549942,0.5434858798980713
872,7,0,12,near_2_4,169,0.043215442448854446,0.26250919699668884
872,7,0,12,mid_5_8,293,0.05558918043971062,0.25804951786994934
872,7,0,12,far_gt8,345,0.02574114315211773,0.17818424105644226
872,7,0,13,inside,129,0.6222842931747437,1.1126859188079834
872,7,0,13,ring_1,88,0.18397293984889984,0.573893129825592
872,7,0,13,near_2_4,169,0.052147723734378815,0.28652745485305786
872,7,0,13,mid_5_8,293,0.06869536638259888,0.2882996201515198
872,7,0,13,far_gt8,345,0.031725138425827026,0.19840948283672333
872,7,0,14,inside,129,0.6263783574104309,1.1159608364105225
872,7,0,14,ring_1,88,0.19700069725513458,0.5923547148704529
872,7,0,14,near_2_4,169,0.05854837968945503,0.2984309494495392
872,7,0,14,mid_5_8,293,0.08143738657236099,0.31265977025032043
872,7,0,14,far_gt8,345,0.03957897797226906,0.22114741802215576
872,7,0,15,inside,129,0.6776275634765625,1.1601920127868652
872,7,0,15,ring_1,88,0.22443746030330658,0.6317793130874634
872,7,0,15,near_2_4,169,0.06881386786699295,0.3179939091205597
872,7,0,15,mid_5_8,293,0.09744150191545486,0.3395799696445465
872,7,0,15,far_gt8,345,0.046742092818021774,0.23670493066310883
872,7,0,16,inside,129,0.7110251784324646,1.1886296272277832
872,7,0,16,ring_1,88,0.24369396269321442,0.6608035564422607
872,7,0,16,near_2_4,169,0.07673832029104233,0.3356177508831024
872,7,0,16,mid_5_8,293,0.11297981441020966,0.36487746238708496
872,7,0,16,far_gt8,345,0.054256074130535126,0.25143668055534363
872,7,0,17,inside,129,0.7120264172554016,1.1889985799789429
872,7,0,17,ring_1,88,0.24214091897010803,0.657947301864624
872,7,0,17,near_2_4,169,0.07695555686950684,0.3358454406261444
872,7,0,17,mid_5_8,293,0.1198909729719162,0.3762609660625458
872,7,0,17,far_gt8,345,0.06084972247481346,0.2661033868789673
872,7,0,18,inside,129,0.7233555316925049,1.198352336883545
872,7,0,18,ring_1,88,0.2627166211605072,0.6835163831710815
872,7,0,18,near_2_4,169,0.08742695301771164,0.35455241799354553
872,7,0,18,mid_5_8,293,0.13293546438217163,0.3952520489692688
872,7,0,18,far_gt8,345,0.06650514900684357,0.27743369340896606
872,7,0,19,inside,129,0.7580989599227905,1.2266852855682373
872,7,0,19,ring_1,88,0.27133503556251526,0.6948829889297485
872,7,0,19,near_2_4,169,0.0926089808344841,0.3655487596988678
872,7,0,19,mid_5_8,293,0.14014790952205658,0.40765494108200073
872,7,0,19,far_gt8,345,0.07090698182582855,0.28834104537963867
872,7,0,20,inside,129,0.7426115870475769,1.2137374877929688
872,7,0,20,ring_1,88,0.2702292203903198,0.6921119093894958
872,7,0,20,near_2_4,169,0.09538809955120087,0.3696203827857971
872,7,0,20,mid_5_8,293,0.1465207189321518,0.4159759283065796
872,7,0,20,far_gt8,345,0.07798415422439575,0.30022281408309937
872,7,0,21,inside,129,0.710210382938385,1.186785101890564
872,7,0,21,ring_1,88,0.2685529291629791,0.689755380153656
872,7,0,21,near_2_4,169,0.09848891198635101,0.37598663568496704
872,7,0,21,mid_5_8,293,0.14902670681476593,0.421360045671463
872,7,0,21,far_gt8,345,0.08070474117994308,0.3074601888656616
872,7,0,22,inside,129,0.693160891532898,1.172149896621704
872,7,0,22,ring_1,88,0.27366912364959717,0.6975207924842834
872,7,0,22,near_2_4,169,0.10747821629047394,0.3920038938522339
872,7,0,22,mid_5_8,293,0.15477707982063293,0.4306607246398926
872,7,0,22,far_gt8,345,0.08265343308448792,0.3124285340309143
872,7,0,23,inside,129,0.6627042293548584,1.1460521221160889
872,7,0,23,ring_1,88,0.2673167288303375,0.6880922913551331
872,7,0,23,near_2_4,169,0.10621153563261032,0.390022873878479
872,7,0,23,mid_5_8,293,0.15286745131015778,0.42887333035469055
872,7,0,23,far_gt8,345,0.08119991421699524,0.3108832836151123
872,7,0,24,inside,129,0.6552172303199768,1.139617681503296
872,7,0,24,ring_1,88,0.26985952258110046,0.6916234493255615
872,7,0,24,near_2_4,169,0.1107494905591011,0.4005184769630432
872,7,0,24,mid_5_8,293,0.1595686376094818,0.4439820647239685
872,7,0,24,far_gt8,345,0.08718451857566833,0.3270692825317383
872,7,0,25,inside,129,0.6218370795249939,1.1102395057678223
872,7,0,25,ring_1,88,0.262431800365448,0.6825118064880371
872,7,0,25,near_2_4,169,0.11544451862573624,0.41354650259017944
872,7,0,25,mid_5_8,293,0.16442108154296875,0.4569186568260193
872,7,0,25,far_gt8,345,0.09402629733085632,0.34449151158332825
872,7,0,26,inside,129,0.6276085376739502,1.1157844066619873
872,7,0,26,ring_1,88,0.27610090374946594,0.6995697617530823
872,7,0,26,near_2_4,169,0.12840083241462708,0.44507983326911926
872,7,0,26,mid_5_8,293,0.18022002279758453,0.49132004380226135
872,7,0,26,far_gt8,345,0.1103782206773758,0.3853279948234558
872,7,0,27,inside,129,0.6884084939956665,1.1681543588638306
872,7,0,27,ring_1,88,0.2988915741443634,0.7265347242355347
872,7,0,27,near_2_4,169,0.14525005221366882,0.47524377703666687
872,7,0,27,mid_5_8,293,0.20014896988868713,0.5226872563362122
872,7,0,27,far_gt8,345,0.12494508922100067,0.4161686897277832
885,8,0,0,inside,61,0.060969747602939606,0.3244878351688385
885,8,0,0,ring_1,65,-3.6679781434401093e-09,0.0
885,8,0,0,near_2_4,137,-3.480563171009976e-09,0.0
885,8,0,0,mid_5_8,248,-9.613652096618353e-10,0.0
885,8,0,0,far_gt8,513,4.87991247410946e-09,0.0
885,8,0,1,inside,61,0.14261463284492493,0.510003387928009
885,8,0,1,ring_1,65,3.2785304938443005e-05,0.008016020059585571
885,8,0,1,near_2_4,137,2.584622779977508e-05,0.007134297862648964
885,8,0,1,mid_5_8,248,2.000961649173405e-05,0.006233497057110071
885,8,0,1,far_gt8,513,1.4636251762567554e-05,0.005242759361863136
885,8,0,2,inside,61,0.29300960898399353,0.7473645806312561
885,8,0,2,ring_1,65,0.006525814533233643,0.10005688667297363
885,8,0,2,near_2_4,137,0.0007173645426519215,0.03716062381863594
885,8,0,2,mid_5_8,248,0.0005400170921348035,0.03253930062055588
885,8,0,2,far_gt8,513,0.0003749624884221703,0.02710896171629429
885,8,0,3,inside,61,0.40371865034103394,0.8850162029266357
885,8,0,3,ring_1,65,0.023741858080029488,0.19315941631793976
885,8,0,3,near_2_4,137,0.001862759585492313,0.05990048497915268
885,8,0,3,mid_5_8,248,0.0013149979058653116,0.05091080814599991
885,8,0,3,far_gt8,513,0.0009337154915556312,0.04240117967128754
885,8,0,4,inside,61,0.4440835118293762,0.9316524267196655
885,8,0,4,ring_1,65,0.0435887835919857,0.26808997988700867
885,8,0,4,near_2_4,137,0.0033292348962277174,0.0798838660120964
885,8,0,4,mid_5_8,248,0.002193327294662595,0.06529248505830765
885,8,0,4,far_gt8,513,0.0020642196759581566,0.05850871279835701
885,8,0,5,inside,61,0.44932717084884644,0.9394668340682983
885,8,0,5,ring_1,65,0.057685427367687225,0.3120400011539459
885,8,0,5,near_2_4,137,0.004853533580899239,0.09638390690088272
885,8,0,5,mid_5_8,248,0.0032626015599817038,0.07851113379001617
885,8,0,5,far_gt8,513,0.00393834849819541,0.07477251440286636
885,8,0,6,inside,61,0.49223461747169495,0.9847707748413086
885,8,0,6,ring_1,65,0.08641103655099869,0.3858928978443146
885,8,0,6,near_2_4,137,0.007992359809577465,0.121955007314682
885,8,0,6,mid_5_8,248,0.0063701714389026165,0.1028200313448906
885,8,0,6,far_gt8,513,0.010265886783599854,0.10374204814434052
885,8,0,7,inside,61,0.5122388601303101,1.0060362815856934
885,8,0,7,ring_1,65,0.10518816858530045,0.42672523856163025
885,8,0,7,near_2_4,137,0.010896326042711735,0.14056545495986938
885,8,0,7,mid_5_8,248,0.00945055577903986,0.12067505717277527
885,8,0,7,far_gt8,513,0.015571932308375835,0.11947408318519592
885,8,0,8,inside,61,0.5098614692687988,1.0045758485794067
885,8,0,8,ring_1,65,0.11503820866346359,0.452251672744751
885,8,0,8,near_2_4,137,0.013139162212610245,0.1534131020307541
885,8,0,8,mid_5_8,248,0.012115898542106152,0.1331370770931244
885,8,0,8,far_gt8,513,0.018958698958158493,0.12984025478363037
885,8,0,9,inside,61,0.4997512996196747,0.9950992465019226
885,8,0,9,ring_1,65,0.11952247470617294,0.4638572037220001
885,8,0,9,near_2_4,137,0.01863994263112545,0.17972473800182343
885,8,0,9,mid_5_8,248,0.018497798591852188,0.1603855937719345
885,8,0,9,far_gt8,513,0.025595569983124733,0.14991900324821472
885,8,0,10,inside,61,0.5264346599578857,1.0218210220336914
885,8,0,10,ring_1,65,0.13259059190750122,0.4872615337371826
885,8,0,10,near_2_4,137,0.020579231902956963,0.18760286271572113
885,8,0,10,mid_5_8,248,0.023963412269949913,0.17649365961551666
885,8,0,10,far_gt8,513,0.031509317457675934,0.16303695738315582
885,8,0,11,inside,61,0.5751160979270935,1.06873619556427
885,8,0,11,ring_1,65,0.15020236372947693,0.518402099609375
885,8,0,11,near_2_4,137,0.026197193190455437,0.21043036878108978
885,8,0,11,mid_5_8,248,0.030284933745861053,0.1977611631155014
885,8,0,11,far_gt8,513,0.038436826318502426,0.1788356453180313
885,8,0,12,inside,61,0.5775619149208069,1.0711500644683838
885,8,0,12,ring_1,65,0.1638413816690445,0.5422008037567139
885,8,0,12,near_2_4,137,0.03661777451634407,0.24525631964206696
885,8,0,12,mid_5_8,248,0.040844593197107315,0.2291760891675949
885,8,0,12,far_gt8,513,0.047231052070856094,0.1999392956495285
885,8,0,13,inside,61,0.6188212633132935,1.1090350151062012
885,8,0,13,ring_1,65,0.18435777723789215,0.574177622795105
885,8,0,13,near_2_4,137,0.04807145893573761,0.27921926975250244
885,8,0,13,mid_5_8,248,0.05178673565387726,0.2610515058040619
885,8,0,13,far_gt8,513,0.058239080011844635,0.22357049584388733
885,8,0,14,inside,61,0.6229904294013977,1.1123292446136475
885,8,0,14,ring_1,65,0.19338087737560272,0.5853573083877563
885,8,0,14,near_2_4,137,0.06252589076757431,0.3134460151195526
885,8,0,14,mid_5_8,248,0.06458598375320435,0.29170823097229004
885,8,0,14,far_gt8,513,0.06693557649850845,0.24654416739940643
885,8,0,15,inside,61,0.6870665550231934,1.1674126386642456
885,8,0,15,ring_1,65,0.22504538297653198,0.6299212574958801
885,8,0,15,near_2_4,137,0.07900451868772507,0.3479394316673279
885,8,0,15,mid_5_8,248,0.07894489914178848,0.32218247652053833
885,8,0,15,far_gt8,513,0.07652394473552704,0.262726753950119
885,8,0,16,inside,61,0.7227729558944702,1.1973501443862915
885,8,0,16,ring_1,65,0.24573814868927002,0.6565329432487488
885,8,0,16,near_2_4,137,0.0934736579656601,0.3738015592098236
885,8,0,16,mid_5_8,248,0.09179411083459854,0.34751442074775696
885,8,0,16,far_gt8,513,0.08397677540779114,0.27852585911750793
885,8,0,17,inside,61,0.7392386794090271,1.2103381156921387
885,8,0,17,ring_1,65,0.25254592299461365,0.6631768941879272
885,8,0,17,near_2_4,137,0.09808949381113052,0.3790516257286072
885,8,0,17,mid_5_8,248,0.09966347366571426,0.3592320680618286
885,8,0,17,far_gt8,513,0.08719285577535629,0.2850256860256195
885,8,0,18,inside,61,0.7615126967430115,1.2281275987625122
885,8,0,18,ring_1,65,0.2747120261192322,0.6907274723052979
885,8,0,18,near_2_4,137,0.11811237037181854,0.4120960235595703
885,8,0,18,mid_5_8,248,0.10411874949932098,0.3673407733440399
885,8,0,18,far_gt8,513,0.09149809926748276,0.2922082543373108
885,8,0,19,inside,61,0.7995808124542236,1.2582879066467285
885,8,0,19,ring_1,65,0.2883453071117401,0.709150493144989
885,8,0,19,near_2_4,137,0.12671519815921783,0.4278727173805237
885,8,0,19,mid_5_8,248,0.11417126655578613,0.38686156272888184
885,8,0,19,far_gt8,513,0.09737425297498703,0.30419427156448364
885,8,0,20,inside,61,0.790627658367157,1.2508792877197266
885,8,0,20,ring_1,65,0.28351151943206787,0.7007770538330078
885,8,0,20,near_2_4,137,0.13706032931804657,0.44082245230674744
885,8,0,20,mid_5_8,248,0.12357714772224426,0.4006376564502716
885,8,0,20,far_gt8,513,0.10306469351053238,0.31401997804641724
885,8,0,21,inside,61,0.7496383190155029,1.218003273010254
885,8,0,21,ring_1,65,0.2752576470375061,0.6925352811813354
885,8,0,21,near_2_4,137,0.1386740654706955,0.4468429386615753
885,8,0,21,mid_5_8,248,0.12519171833992004,0.40803056955337524
885,8,0,21,far_gt8,513,0.10532794147729874,0.3244323432445526
885,8,0,22,inside,61,0.7237318158149719,1.195501685142517
885,8,0,22,ring_1,65,0.26814451813697815,0.6822677850723267
885,8,0,22,near_2_4,137,0.13801926374435425,0.44173523783683777
885,8,0,22,mid_5_8,248,0.11898395419120789,0.39938315749168396
885,8,0,22,far_gt8,513,0.10182628780603409,0.322322815656662
885,8,0,23,inside,61,0.6869230270385742,1.1644134521484375
885,8,0,23,ring_1,65,0.255969762802124,0.6671153903007507
885,8,0,23,near_2_4,137,0.1408820003271103,0.44657716155052185
885,8,0,23,mid_5_8,248,0.11782368272542953,0.3975518047809601
885,8,0,23,far_gt8,513,0.10206679999828339,0.32417699694633484
885,8,0,24,inside,61,0.6898922324180603,1.1670482158660889
885,8,0,24,ring_1,65,0.26156529784202576,0.6752570867538452
885,8,0,24,near_2_4,137,0.1538093537092209,0.46610790491104126
885,8,0,24,mid_5_8,248,0.12811847031116486,0.4153813123703003
885,8,0,24,far_gt8,513,0.1110760048031807,0.3411951959133148
885,8,0,25,inside,61,0.650021493434906,1.1328355073928833
885,8,0,25,ring_1,65,0.2606840133666992,0.6763430833816528
885,8,0,25,near_2_4,137,0.1659812480211258,0.48292598128318787
885,8,0,25,mid_5_8,248,0.12807506322860718,0.41826197504997253
885,8,0,25,far_gt8,513,0.11032482236623764,0.3450888693332672
885,8,0,26,inside,61,0.6690266728401184,1.1499680280685425
885,8,0,26,ring_1,65,0.27307677268981934,0.6951910853385925
885,8,0,26,near_2_4,137,0.18253441154956818,0.5136997103691101
885,8,0,26,mid_5_8,248,0.1456250548362732,0.4518152177333832
885,8,0,26,far_gt8,513,0.12497735023498535,0.37486985325813293
885,8,0,27,inside,61,0.7421802282333374,1.2116862535476685
885,8,0,27,ring_1,65,0.3003460168838501,0.7271047830581665
885,8,0,27,near_2_4,137,0.20640221238136292,0.5513318181037903
885,8,0,27,mid_5_8,248,0.17097784578800201,0.4913617968559265
885,8,0,27,far_gt8,513,0.14150013029575348,0.40242090821266174
1000,9,0,0,inside,79,0.07154032588005066,0.36027976870536804
1000,9,0,0,ring_1,54,2.2075793637554852e-08,0.0
1000,9,0,0,near_2_4,107,-2.7852637973779792e-09,0.0
1000,9,0,0,mid_5_8,138,6.478765524065011e-09,0.0
1000,9,0,0,far_gt8,646,1.937612292834956e-09,0.0
1000,9,0,1,inside,79,0.135778546333313,0.4919639229774475
1000,9,0,1,ring_1,54,8.94875411177054e-05,0.01301522646099329
1000,9,0,1,near_2_4,107,8.576885738875717e-05,0.01264188252389431
1000,9,0,1,mid_5_8,138,7.957911293487996e-05,0.012164350599050522
1000,9,0,1,far_gt8,646,7.292803638847545e-05,0.011350318789482117
1000,9,0,2,inside,79,0.2785493731498718,0.7272037267684937
1000,9,0,2,ring_1,54,0.005370076280087233,0.0934358686208725
1000,9,0,2,near_2_4,107,0.0012543251505121589,0.04759520664811134
1000,9,0,2,mid_5_8,138,0.0008643248002044857,0.03998959809541702
1000,9,0,2,far_gt8,646,0.0006662267842330039,0.0350351557135582
1000,9,0,3,inside,79,0.40771493315696716,0.8909615874290466
1000,9,0,3,ring_1,54,0.014782215468585491,0.16059423983097076
1000,9,0,3,near_2_4,107,0.00294817378744483,0.07295746356248856
1000,9,0,3,mid_5_8,138,0.0023397121112793684,0.06501301378011703
1000,9,0,3,far_gt8,646,0.0015579871833324432,0.05314267799258232
1000,9,0,4,inside,79,0.4523937404155731,0.941239058971405
1000,9,0,4,ring_1,54,0.022839020937681198,0.19464431703090668
1000,9,0,4,near_2_4,107,0.0036463274154812098,0.08130790293216705
1000,9,0,4,mid_5_8,138,0.0027027565520256758,0.06974944472312927
1000,9,0,4,far_gt8,646,0.0016845325008034706,0.055427391082048416
1000,9,0,5,inside,79,0.4479201138019562,0.9378011226654053
1000,9,0,5,ring_1,54,0.027815477922558784,0.21584975719451904
1000,9,0,5,near_2_4,107,0.004329766612499952,0.08860547095537186
1000,9,0,5,mid_5_8,138,0.003148011164739728,0.07507281005382538
1000,9,0,5,far_gt8,646,0.0020136672537773848,0.06052980199456215
1000,9,0,6,inside,79,0.5190651416778564,1.010779857635498
1000,9,0,6,ring_1,54,0.039815906435251236,0.2583010792732239
1000,9,0,6,near_2_4,107,0.005257134325802326,0.09740592539310455
1000,9,0,6,mid_5_8,138,0.0033499577548354864,0.07650014758110046
1000,9,0,6,far_gt8,646,0.0018026948673650622,0.056797049939632416
1000,9,0,7,inside,79,0.5447730422019958,1.0357235670089722
1000,9,0,7,ring_1,54,0.04464983567595482,0.27250543236732483
1000,9,0,7,near_2_4,107,0.006805486045777798,0.1111222356557846
1000,9,0,7,mid_5_8,138,0.003847643965855241,0.08150991052389145
1000,9,0,7,far_gt8,646,0.0018505939515307546,0.05708647146821022
1000,9,0,8,inside,79,0.5314713716506958,1.02387535572052
1000,9,0,8,ring_1,54,0.051575202494859695,0.2914554178714752
1000,9,0,8,near_2_4,107,0.0074628316797316074,0.1169026792049408
1000,9,0,8,mid_5_8,138,0.003967562224715948,0.08327016979455948
1000,9,0,8,far_gt8,646,0.001900200848467648,0.05712262913584709
1000,9,0,9,inside,79,0.5526391267776489,1.0432519912719727
1000,9,0,9,ring_1,54,0.052792105823755264,0.2961924076080322
1000,9,0,9,near_2_4,107,0.008200663141906261,0.12292669713497162
1000,9,0,9,mid_5_8,138,0.004156053066253662,0.0829913318157196
1000,9,0,9,far_gt8,646,0.002048450754955411,0.05803966149687767
1000,9,0,10,inside,79,0.5558667778968811,1.0465507507324219
1000,9,0,10,ring_1,54,0.05537717416882515,0.29961666464805603
1000,9,0,10,near_2_4,107,0.008694766089320183,0.12547920644283295
1000,9,0,10,mid_5_8,138,0.004353673662990332,0.08252260088920593
1000,9,0,10,far_gt8,646,0.0021910173818469048,0.05830295756459236
1000,9,0,11,inside,79,0.5890563726425171,1.0777829885482788
1000,9,0,11,ring_1,54,0.06257177889347076,0.3165592551231384
1000,9,0,11,near_2_4,107,0.010264533571898937,0.13575920462608337
1000,9,0,11,mid_5_8,138,0.004951194394379854,0.08719056099653244
1000,9,0,11,far_gt8,646,0.0026780448388308287,0.062199730426073074
1000,9,0,12,inside,79,0.5952991247177124,1.0834592580795288
1000,9,0,12,ring_1,54,0.06953064352273941,0.3308502435684204
1000,9,0,12,near_2_4,107,0.011873099952936172,0.14405515789985657
1000,9,0,12,mid_5_8,138,0.005569604225456715,0.09174960851669312
1000,9,0,12,far_gt8,646,0.003507917048409581,0.06812478601932526
1000,9,0,13,inside,79,0.6189489960670471,1.1053354740142822
1000,9,0,13,ring_1,54,0.08148626238107681,0.35899657011032104
1000,9,0,13,near_2_4,107,0.016524238511919975,0.16901634633541107
1000,9,0,13,mid_5_8,138,0.0064632645808160305,0.09921107441186905
1000,9,0,13,far_gt8,646,0.0048614079132676125,0.0750703439116478
1000,9,0,14,inside,79,0.6445411443710327,1.128621220588684
1000,9,0,14,ring_1,54,0.08875033259391785,0.36981797218322754
1000,9,0,14,near_2_4,107,0.017348729074001312,0.17251437902450562
1000,9,0,14,mid_5_8,138,0.007035466842353344,0.10095568746328354
1000,9,0,14,far_gt8,646,0.007078910246491432,0.08459001779556274
1000,9,0,15,inside,79,0.6861382126808167,1.164045810699463
1000,9,0,15,ring_1,54,0.09602302312850952,0.38538944721221924
1000,9,0,15,near_2_4,107,0.02002296783030033,0.1832713931798935
1000,9,0,15,mid_5_8,138,0.008812112733721733,0.10714996606111526
1000,9,0,15,far_gt8,646,0.008727406151592731,0.08977915346622467
1000,9,0,16,inside,79,0.7096393704414368,1.1835172176361084
1000,9,0,16,ring_1,54,0.10182007402181625,0.3942395746707916
1000,9,0,16,near_2_4,107,0.02068978361785412,0.18693724274635315
1000,9,0,16,mid_5_8,138,0.009876814670860767,0.11169786006212234
1000,9,0,16,far_gt8,646,0.010487869381904602,0.09668362885713577
1000,9,0,17,inside,79,0.726170539855957,1.1969009637832642
1000,9,0,17,ring_1,54,0.10345140844583511,0.3939874768257141
1000,9,0,17,near_2_4,107,0.020650770515203476,0.18661080300807953
1000,9,0,17,mid_5_8,138,0.010830420069396496,0.11353534460067749
1000,9,0,17,far_gt8,646,0.011511129327118397,0.10047958791255951
1000,9,0,18,inside,79,0.7515106201171875,1.2171097993850708
1000,9,0,18,ring_1,54,0.10658428072929382,0.4007846415042877
1000,9,0,18,near_2_4,107,0.02191590890288353,0.19229818880558014
1000,9,0,18,mid_5_8,138,0.011469501070678234,0.11736730486154556
1000,9,0,18,far_gt8,646,0.012854363769292831,0.10614164918661118
1000,9,0,19,inside,79,0.7877258062362671,1.2460763454437256
1000,9,0,19,ring_1,54,0.11857837438583374,0.41984277963638306
1000,9,0,19,near_2_4,107,0.023602113127708435,0.20021556317806244
1000,9,0,19,mid_5_8,138,0.013628525659441948,0.12697461247444153
1000,9,0,19,far_gt8,646,0.01407479215413332,0.1123766377568245
1000,9,0,20,inside,79,0.7799333930015564,1.2400132417678833
1000,9,0,20,ring_1,54,0.12552282214164734,0.43080469965934753
1000,9,0,20,near_2_4,107,0.026783714070916176,0.21096958220005035
1000,9,0,20,mid_5_8,138,0.01566470041871071,0.1333954781293869
1000,9,0,20,far_gt8,646,0.01685350202023983,0.12083607167005539
1000,9,0,21,inside,79,0.7630916833877563,1.2260371446609497
1000,9,0,21,ring_1,54,0.12998312711715698,0.43740347027778625
1000,9,0,21,near_2_4,107,0.027202889323234558,0.21243570744991302
1000,9,0,21,mid_5_8,138,0.017755666747689247,0.14073783159255981
1000,9,0,21,far_gt8,646,0.018501272425055504,0.12772074341773987
1000,9,0,22,inside,79,0.7462764978408813,1.2111376523971558
1000,9,0,22,ring_1,54,0.12785354256629944,0.43327364325523376
1000,9,0,22,near_2_4,107,0.027836229652166367,0.21467992663383484
1000,9,0,22,mid_5_8,138,0.018337195739150047,0.1442481428384781
1000,9,0,22,far_gt8,646,0.019986458122730255,0.1343993842601776
1000,9,0,23,inside,79,0.7041698694229126,1.1763626337051392
1000,9,0,23,ring_1,54,0.1318819224834442,0.4389144480228424
1000,9,0,23,near_2_4,107,0.028801700100302696,0.21776284277439117
1000,9,0,23,mid_5_8,138,0.01996215246617794,0.14960944652557373
1000,9,0,23,far_gt8,646,0.022252097725868225,0.14361178874969482
1000,9,0,24,inside,79,0.7105202674865723,1.1818476915359497
1000,9,0,24,ring_1,54,0.13332995772361755,0.4449208080768585
1000,9,0,24,near_2_4,107,0.029811391606926918,0.2214372754096985
1000,9,0,24,mid_5_8,138,0.022638827562332153,0.1589900404214859
1000,9,0,24,far_gt8,646,0.026646386831998825,0.15840643644332886
1000,9,0,25,inside,79,0.6650949120521545,1.1426242589950562
1000,9,0,25,ring_1,54,0.1355406641960144,0.4475271999835968
1000,9,0,25,near_2_4,107,0.03094874508678913,0.22637797892093658
1000,9,0,25,mid_5_8,138,0.025691479444503784,0.16857938468456268
1000,9,0,25,far_gt8,646,0.027904661372303963,0.16603626310825348
1000,9,0,26,inside,79,0.6564275026321411,1.1344150304794312
1000,9,0,26,ring_1,54,0.1403542459011078,0.458125501871109
1000,9,0,26,near_2_4,107,0.03300521895289421,0.23277157545089722
1000,9,0,26,mid_5_8,138,0.029339326545596123,0.18124455213546753
1000,9,0,26,far_gt8,646,0.032413192093372345,0.18204662203788757
1000,9,0,27,inside,79,0.714147686958313,1.183839201927185
1000,9,0,27,ring_1,54,0.1584804654121399,0.48724058270454407
1000,9,0,27,near_2_4,107,0.037141576409339905,0.24738800525665283
1000,9,0,27,mid_5_8,138,0.03436572477221489,0.1977308839559555
1000,9,0,27,far_gt8,646,0.036099873483181,0.19442836940288544
1268,10,1,0,inside,23,0.01166644785553217,0.14999409019947052
1268,10,1,0,ring_1,28,-2.554484801464696e-08,0.0
1268,10,1,0,near_2_4,85,-6.3110801029608865e-09,0.0
1268,10,1,0,mid_5_8,189,3.1536848688062946e-09,0.0
1268,10,1,0,far_gt8,699,2.899224416097468e-09,0.0
1268,10,1,1,inside,23,0.029981685802340508,0.2393907606601715
1268,10,1,1,ring_1,28,5.349516868591309e-06,0.003212438430637121
1268,10,1,1,near_2_4,85,2.576323140601744e-06,0.002235925290733576
1268,10,1,1,mid_5_8,189,1.582834443070169e-06,0.001749627641402185
1268,10,1,1,far_gt8,699,1.9098215489066206e-06,0.0017623318126425147
1268,10,1,2,inside,23,0.2009975165128708,0.623081386089325
1268,10,1,2,ring_1,28,0.00223629386164248,0.05662745237350464
1268,10,1,2,near_2_4,85,0.0001465117238694802,0.016115577891469002
1268,10,1,2,mid_5_8,189,6.615043093916029e-05,0.010980118066072464
1268,10,1,2,far_gt8,699,3.356014349265024e-05,0.007649119943380356
1268,10,1,3,inside,23,0.3481162190437317,0.82419753074646
1268,10,1,3,ring_1,28,0.01799234375357628,0.15799550712108612
1268,10,1,3,near_2_4,85,0.0007856565644033253,0.03670801967382431
1268,10,1,3,mid_5_8,189,0.00039405483403243124,0.025543000549077988
1268,10,1,3,far_gt8,699,0.00011747546523110941,0.013506845571100712
1268,10,1,4,inside,23,0.41930603981018066,0.907267689704895
1268,10,1,4,ring_1,28,0.03648229315876961,0.23740802705287933
1268,10,1,4,near_2_4,85,0.0013852511765435338,0.04783345386385918
1268,10,1,4,mid_5_8,189,0.0006767079466953874,0.03303717449307442
1268,10,1,4,far_gt8,699,0.00017878724611364305,0.01663885824382305
1268,10,1,5,inside,23,0.43309250473976135,0.9246906042098999
1268,10,1,5,ring_1,28,0.05223545804619789,0.2931584417819977
1268,10,1,5,near_2_4,85,0.0022145966067910194,0.061864279210567474
1268,10,1,5,mid_5_8,189,0.0010120979277417064,0.04131627455353737
1268,10,1,5,far_gt8,699,0.00026679609436541796,0.020793385803699493
1268,10,1,6,inside,23,0.4922564625740051,0.9871990084648132
1268,10,1,6,ring_1,28,0.0808749869465828,0.3696577250957489
1268,10,1,6,near_2_4,85,0.004032771568745375,0.08152283728122711
1268,10,1,6,mid_5_8,189,0.001417533727362752,0.04835755378007889
1268,10,1,6,far_gt8,699,0.0003460526349954307,0.023695291951298714
1268,10,1,7,inside,23,0.5086774826049805,1.0037823915481567
1268,10,1,7,ring_1,28,0.09065719693899155,0.3915805518627167
1268,10,1,7,near_2_4,85,0.005836362484842539,0.0969170406460762
1268,10,1,7,mid_5_8,189,0.002054759068414569,0.057160891592502594
1268,10,1,7,far_gt8,699,0.00044103420805186033,0.026311591267585754
1268,10,1,8,inside,23,0.5153059959411621,1.010520100593567
1268,10,1,8,ring_1,28,0.09965265542268753,0.41355207562446594
1268,10,1,8,near_2_4,85,0.007279531564563513,0.10641176253557205
1268,10,1,8,mid_5_8,189,0.002818523906171322,0.0651916116476059
1268,10,1,8,far_gt8,699,0.0006128483219072223,0.03135232999920845
1268,10,1,9,inside,23,0.5047478675842285,0.9991501569747925
1268,10,1,9,ring_1,28,0.10559170693159103,0.4285983741283417
1268,10,1,9,near_2_4,85,0.010033953934907913,0.12049353867769241
1268,10,1,9,mid_5_8,189,0.004485392011702061,0.07611819356679916
1268,10,1,9,far_gt8,699,0.0008896198123693466,0.03652677685022354
1268,10,1,10,inside,23,0.5254896283149719,1.020157814025879
1268,10,1,10,ring_1,28,0.11653313785791397,0.44588717818260193
1268,10,1,10,near_2_4,85,0.012630016542971134,0.130638986825943
1268,10,1,10,mid_5_8,189,0.006618821993470192,0.08552253246307373
1268,10,1,10,far_gt8,699,0.0010972705204039812,0.04010453075170517
1268,10,1,11,inside,23,0.550084114074707,1.0442405939102173
1268,10,1,11,ring_1,28,0.1393149048089981,0.48340901732444763
1268,10,1,11,near_2_4,85,0.014632325619459152,0.14222070574760437
1268,10,1,11,mid_5_8,189,0.008590050972998142,0.09536182135343552
1268,10,1,11,far_gt8,699,0.001450911397114396,0.04501922428607941
1268,10,1,12,inside,23,0.572813868522644,1.0650732517242432
1268,10,1,12,ring_1,28,0.15341699123382568,0.5043321251869202
1268,10,1,12,near_2_4,85,0.01790066622197628,0.15638604760169983
1268,10,1,12,mid_5_8,189,0.010459487326443195,0.10739704966545105
1268,10,1,12,far_gt8,699,0.0021100668236613274,0.054044533520936966
1268,10,1,13,inside,23,0.5796647071838379,1.0702311992645264
1268,10,1,13,ring_1,28,0.18108642101287842,0.5465877056121826
1268,10,1,13,near_2_4,85,0.023084117099642754,0.17475849390029907
1268,10,1,13,mid_5_8,189,0.014090310782194138,0.12259605526924133
1268,10,1,13,far_gt8,699,0.002719165524467826,0.05939442291855812
1268,10,1,14,inside,23,0.5879787802696228,1.0778019428253174
1268,10,1,14,ring_1,28,0.19273461401462555,0.5629745721817017
1268,10,1,14,near_2_4,85,0.031217163428664207,0.19250008463859558
1268,10,1,14,mid_5_8,189,0.020147664472460747,0.14061731100082397
1268,10,1,14,far_gt8,699,0.004201526287943125,0.06982842087745667
1268,10,1,15,inside,23,0.6645734310150146,1.1441270112991333
1268,10,1,15,ring_1,28,0.2217998504638672,0.6039373278617859
1268,10,1,15,near_2_4,85,0.04183819144964218,0.21745020151138306
1268,10,1,15,mid_5_8,189,0.028172587975859642,0.15864956378936768
1268,10,1,15,far_gt8,699,0.00526405218988657,0.07563447952270508
1268,10,1,16,inside,23,0.6968438625335693,1.1716337203979492
1268,10,1,16,ring_1,28,0.23882773518562317,0.627477765083313
1268,10,1,16,near_2_4,85,0.04699400067329407,0.22737330198287964
1268,10,1,16,mid_5_8,189,0.0330270379781723,0.17105045914649963
1268,10,1,16,far_gt8,699,0.006385271903127432,0.0835966244339943
1268,10,1,17,inside,23,0.7240030169487,1.1949687004089355
1268,10,1,17,ring_1,28,0.24464713037014008,0.634222686290741
1268,10,1,17,near_2_4,85,0.05178288370370865,0.23669913411140442
1268,10,1,17,mid_5_8,189,0.036213066428899765,0.18009920418262482
1268,10,1,17,far_gt8,699,0.007314491551369429,0.08903591334819794
1268,10,1,18,inside,23,0.7431640028953552,1.2104097604751587
1268,10,1,18,ring_1,28,0.27240806818008423,0.6661408543586731
1268,10,1,18,near_2_4,85,0.05821622535586357,0.2494441121816635
1268,10,1,18,mid_5_8,189,0.04029848054051399,0.1895522028207779
1268,10,1,18,far_gt8,699,0.008464908227324486,0.09404782205820084
1268,10,1,19,inside,23,0.7798721194267273,1.2394620180130005
1268,10,1,19,ring_1,28,0.2844141125679016,0.683467447757721
1268,10,1,19,near_2_4,85,0.06500953435897827,0.26747894287109375
1268,10,1,19,mid_5_8,189,0.04611150547862053,0.20609429478645325
1268,10,1,19,far_gt8,699,0.01006496511399746,0.10342060029506683
1268,10,1,20,inside,23,0.7697920799255371,1.231258511543274
1268,10,1,20,ring_1,28,0.28888100385665894,0.6880730390548706
1268,10,1,20,near_2_4,85,0.07242332398891449,0.2815232574939728
1268,10,1,20,mid_5_8,189,0.052688807249069214,0.21946413815021515
1268,10,1,20,far_gt8,699,0.014645926654338837,0.11906897276639938
1268,10,1,21,inside,23,0.7353009581565857,1.2035889625549316
1268,10,1,21,ring_1,28,0.28163671493530273,0.6789820790290833
1268,10,1,21,near_2_4,85,0.07252543419599533,0.2851458489894867
1268,10,1,21,mid_5_8,189,0.054242245852947235,0.225724995136261
1268,10,1,21,far_gt8,699,0.016184568405151367,0.12628164887428284
1268,10,1,22,inside,23,0.7080026865005493,1.1806495189666748
1268,10,1,22,ring_1,28,0.27237001061439514,0.6663148999214172
1268,10,1,22,near_2_4,85,0.07253447920084,0.2864646315574646
1268,10,1,22,mid_5_8,189,0.0538337379693985,0.22838537395000458
1268,10,1,22,far_gt8,699,0.017651062458753586,0.13162080943584442
1268,10,1,23,inside,23,0.6710324287414551,1.1496028900146484
1268,10,1,23,ring_1,28,0.25992923974990845,0.6507750153541565
1268,10,1,23,near_2_4,85,0.07933159172534943,0.2966669499874115
1268,10,1,23,mid_5_8,189,0.05845162644982338,0.23628748953342438
1268,10,1,23,far_gt8,699,0.02022923156619072,0.139510840177536
1268,10,1,24,inside,23,0.6663655042648315,1.1444823741912842
1268,10,1,24,ring_1,28,0.26511213183403015,0.6577417254447937
1268,10,1,24,near_2_4,85,0.08652390539646149,0.31044548749923706
1268,10,1,24,mid_5_8,189,0.06326749920845032,0.2461831271648407
1268,10,1,24,far_gt8,699,0.023893307894468307,0.1516362428665161
1268,10,1,25,inside,23,0.6141536235809326,1.0989632606506348
1268,10,1,25,ring_1,28,0.2570534646511078,0.6478832960128784
1268,10,1,25,near_2_4,85,0.08941623568534851,0.31693074107170105
1268,10,1,25,mid_5_8,189,0.06748227030038834,0.2543453574180603
1268,10,1,25,far_gt8,699,0.029708916321396828,0.1643429696559906
1268,10,1,26,inside,23,0.627530574798584,1.110059380531311
1268,10,1,26,ring_1,28,0.2663730978965759,0.6639693975448608
1268,10,1,26,near_2_4,85,0.09584726393222809,0.33462047576904297
1268,10,1,26,mid_5_8,189,0.07256338000297546,0.2712857127189636
1268,10,1,26,far_gt8,699,0.03451727330684662,0.1827968955039978
1268,10,1,27,inside,23,0.7056945562362671,1.1769654750823975
1268,10,1,27,ring_1,28,0.29482975602149963,0.698499858379364
1268,10,1,27,near_2_4,85,0.11140051484107971,0.36185553669929504
1268,10,1,27,mid_5_8,189,0.08448267728090286,0.2937118411064148
1268,10,1,27,far_gt8,699,0.04027263820171356,0.20154516398906708
1296,11,2,0,inside,53,0.017787707969546318,0.17791764438152313
1296,11,2,0,ring_1,23,2.8506569549335836e-08,0.0
1296,11,2,0,near_2_4,54,-1.1037897262866636e-09,0.0
1296,11,2,0,mid_5_8,98,2.0070951123329905e-08,0.0
1296,11,2,0,far_gt8,796,1.0483229395674698e-08,0.0
1296,11,2,1,inside,53,0.026287177577614784,0.21951620280742645
1296,11,2,1,ring_1,23,1.4074470527702942e-05,0.004960165824741125
1296,11,2,1,near_2_4,54,8.87226178747369e-06,0.004041701555252075
1296,11,2,1,mid_5_8,98,4.8802821766003035e-06,0.003047524020075798
1296,11,2,1,far_gt8,796,4.15308113588253e-06,0.002614167518913746
1296,11,2,2,inside,53,0.11098107695579529,0.45760151743888855
1296,11,2,2,ring_1,23,0.003449738025665283,0.07460794597864151
1296,11,2,2,near_2_4,54,0.00036260817432776093,0.024853624403476715
1296,11,2,2,mid_5_8,98,0.00018249725690111518,0.017950324341654778
1296,11,2,2,far_gt8,796,9.17589568416588e-05,0.012639814987778664
1296,11,2,3,inside,53,0.24919675290584564,0.6963761448860168
1296,11,2,3,ring_1,23,0.014579054899513721,0.15721412003040314
1296,11,2,3,near_2_4,54,0.0013395636342465878,0.04443087428808212
1296,11,2,3,mid_5_8,98,0.0006309814634732902,0.0308365561068058
1296,11,2,3,far_gt8,796,0.00022547059052158147,0.018895041197538376
1296,11,2,4,inside,53,0.33434629440307617,0.8086992502212524
1296,11,2,4,ring_1,23,0.029354063794016838,0.21992990374565125
1296,11,2,4,near_2_4,54,0.0018525774357840419,0.05183709040284157
1296,11,2,4,mid_5_8,98,0.000880579580552876,0.03676057979464531
1296,11,2,4,far_gt8,796,0.00033261862699873745,0.022452346980571747
1296,11,2,5,inside,53,0.38209083676338196,0.8652372360229492
1296,11,2,5,ring_1,23,0.041114985942840576,0.259309858083725
1296,11,2,5,near_2_4,54,0.003126162104308605,0.06721623241901398
1296,11,2,5,mid_5_8,98,0.001416439888998866,0.04636427387595177
1296,11,2,5,far_gt8,796,0.0005241088219918311,0.02673342265188694
1296,11,2,6,inside,53,0.45926526188850403,0.9468693733215332
1296,11,2,6,ring_1,23,0.06706447899341583,0.3315086364746094
1296,11,2,6,near_2_4,54,0.0043958392925560474,0.08022970706224442
1296,11,2,6,mid_5_8,98,0.0018646711250767112,0.05299471691250801
1296,11,2,6,far_gt8,796,0.0007379382732324302,0.030482809990644455
1296,11,2,7,inside,53,0.5213017463684082,1.008154034614563
1296,11,2,7,ring_1,23,0.09189412742853165,0.388323575258255
1296,11,2,7,near_2_4,54,0.006545372772961855,0.09645260870456696
1296,11,2,7,mid_5_8,98,0.002978457370772958,0.06210624799132347
1296,11,2,7,far_gt8,796,0.0009671358275227249,0.032470639795064926
1296,11,2,8,inside,53,0.4983920753002167,0.9813982844352722
1296,11,2,8,ring_1,23,0.09951172769069672,0.40067437291145325
1296,11,2,8,near_2_4,54,0.007870588451623917,0.1032661572098732
1296,11,2,8,mid_5_8,98,0.004077601712197065,0.06758210808038712
1296,11,2,8,far_gt8,796,0.001233434653840959,0.03455488011240959
1296,11,2,9,inside,53,0.5328200459480286,1.0107377767562866
1296,11,2,9,ring_1,23,0.12018405646085739,0.43645551800727844
1296,11,2,9,near_2_4,54,0.012083488516509533,0.12477688491344452
1296,11,2,9,mid_5_8,98,0.005899198353290558,0.07717128843069077
1296,11,2,9,far_gt8,796,0.0016125221736729145,0.03685751184821129
1296,11,2,10,inside,53,0.5316111445426941,1.0066969394683838
1296,11,2,10,ring_1,23,0.13270004093647003,0.45127034187316895
1296,11,2,10,near_2_4,54,0.017471523955464363,0.14102783799171448
1296,11,2,10,mid_5_8,98,0.008585873059928417,0.08537238836288452
1296,11,2,10,far_gt8,796,0.0018608522368595004,0.03818242624402046
1296,11,2,11,inside,53,0.549589991569519,1.0198755264282227
1296,11,2,11,ring_1,23,0.15722623467445374,0.48622649908065796
1296,11,2,11,near_2_4,54,0.024249112233519554,0.15971268713474274
1296,11,2,11,mid_5_8,98,0.01065284013748169,0.0947699323296547
1296,11,2,11,far_gt8,796,0.002176256151869893,0.0421755388379097
1296,11,2,12,inside,53,0.5682615041732788,1.0375422239303589
1296,11,2,12,ring_1,23,0.19653618335723877,0.5397258996963501
1296,11,2,12,near_2_4,54,0.03268503397703171,0.18511463701725006
1296,11,2,12,mid_5_8,98,0.013384095393121243,0.10952670872211456
1296,11,2,12,far_gt8,796,0.0026115018408745527,0.04755431413650513
1296,11,2,13,inside,53,0.6219816207885742,1.0848418474197388
1296,11,2,13,ring_1,23,0.2346518188714981,0.5864366292953491
1296,11,2,13,near_2_4,54,0.04176308214664459,0.20511116087436676
1296,11,2,13,mid_5_8,98,0.022076012566685677,0.1300608217716217
1296,11,2,13,far_gt8,796,0.003228222718462348,0.05258864909410477
1296,11,2,14,inside,53,0.6321778893470764,1.0960054397583008
1296,11,2,14,ring_1,23,0.25870057940483093,0.6173216104507446
1296,11,2,14,near_2_4,54,0.04903526231646538,0.22093865275382996
1296,11,2,14,mid_5_8,98,0.029337642714381218,0.1475943922996521
1296,11,2,14,far_gt8,796,0.004355530720204115,0.05927681922912598
1296,11,2,15,inside,53,0.6624187231063843,1.1207329034805298
1296,11,2,15,ring_1,23,0.28497985005378723,0.6446876525878906
1296,11,2,15,near_2_4,54,0.052965421229600906,0.22602936625480652
1296,11,2,15,mid_5_8,98,0.034804102033376694,0.15843959152698517
1296,11,2,15,far_gt8,796,0.005219398532062769,0.06281229853630066
1296,11,2,16,inside,53,0.6935917735099792,1.1488003730773926
1296,11,2,16,ring_1,23,0.2921326160430908,0.6496415138244629
1296,11,2,16,near_2_4,54,0.05688578635454178,0.2364809215068817
1296,11,2,16,mid_5_8,98,0.04185240715742111,0.1747971922159195
1296,11,2,16,far_gt8,796,0.006232657469809055,0.06828460842370987
1296,11,2,17,inside,53,0.6719428896903992,1.131622314453125
1296,11,2,17,ring_1,23,0.2837904095649719,0.6414284110069275
1296,11,2,17,near_2_4,54,0.05814172700047493,0.2401975691318512
1296,11,2,17,mid_5_8,98,0.043925683945417404,0.18071015179157257
1296,11,2,17,far_gt8,796,0.006962861865758896,0.07226313650608063
1296,11,2,18,inside,53,0.6918476223945618,1.1483935117721558
1296,11,2,18,ring_1,23,0.3118763864040375,0.6710619330406189
1296,11,2,18,near_2_4,54,0.06726518273353577,0.2559505105018616
1296,11,2,18,mid_5_8,98,0.048870690166950226,0.19030550122261047
1296,11,2,18,far_gt8,796,0.008306529372930527,0.07617750763893127
1296,11,2,19,inside,53,0.7104758620262146,1.1658341884613037
1296,11,2,19,ring_1,23,0.3197343647480011,0.6846500039100647
1296,11,2,19,near_2_4,54,0.06945443153381348,0.26492568850517273
1296,11,2,19,mid_5_8,98,0.05014433711767197,0.19619661569595337
1296,11,2,19,far_gt8,796,0.009343630634248257,0.08220090717077255
1296,11,2,20,inside,53,0.6998001933097839,1.1577703952789307
1296,11,2,20,ring_1,23,0.312425434589386,0.6763922572135925
1296,11,2,20,near_2_4,54,0.07458330690860748,0.27042660117149353
1296,11,2,20,mid_5_8,98,0.05235835164785385,0.20108294486999512
1296,11,2,20,far_gt8,796,0.01082046702504158,0.08775901049375534
1296,11,2,21,inside,53,0.6975081562995911,1.155657172203064
1296,11,2,21,ring_1,23,0.3151634633541107,0.6793304085731506
1296,11,2,21,near_2_4,54,0.08171497285366058,0.28022459149360657
1296,11,2,21,mid_5_8,98,0.053313322365283966,0.20354688167572021
1296,11,2,21,far_gt8,796,0.012208370491862297,0.09271230548620224
1296,11,2,22,inside,53,0.6773796677589417,1.1391589641571045
1296,11,2,22,ring_1,23,0.30858114361763,0.6726344227790833
1296,11,2,22,near_2_4,54,0.08365204930305481,0.28365811705589294
1296,11,2,22,mid_5_8,98,0.05180642381310463,0.2040674090385437
1296,11,2,22,far_gt8,796,0.012824548408389091,0.0963876023888588
1296,11,2,23,inside,53,0.6354015469551086,1.101048231124878
1296,11,2,23,ring_1,23,0.3041609227657318,0.6702796220779419
1296,11,2,23,near_2_4,54,0.08199147135019302,0.28471943736076355
1296,11,2,23,mid_5_8,98,0.05239488184452057,0.20629337430000305
1296,11,2,23,far_gt8,796,0.013577892445027828,0.10258056223392487
1296,11,2,24,inside,53,0.6441988945007324,1.1031062602996826
1296,11,2,24,ring_1,23,0.3148942291736603,0.6834287643432617
1296,11,2,24,near_2_4,54,0.09001343697309494,0.29654058814048767
1296,11,2,24,mid_5_8,98,0.055325765162706375,0.21405355632305145
1296,11,2,24,far_gt8,796,0.016019828617572784,0.11117708683013916
1296,11,2,25,inside,53,0.6173636317253113,1.0792105197906494
1296,11,2,25,ring_1,23,0.3087816536426544,0.6736984848976135
1296,11,2,25,near_2_4,54,0.09083241969347,0.3004850447177887
1296,11,2,25,mid_5_8,98,0.058789242058992386,0.22198033332824707
1296,11,2,25,far_gt8,796,0.017643973231315613,0.11856444925069809
1296,11,2,26,inside,53,0.6372369527816772,1.096190333366394
1296,11,2,26,ring_1,23,0.31653767824172974,0.6847570538520813
1296,11,2,26,near_2_4,54,0.09771928936243057,0.31380388140678406
1296,11,2,26,mid_5_8,98,0.06461159139871597,0.23711775243282318
1296,11,2,26,far_gt8,796,0.02040223591029644,0.1317896842956543
1296,11,2,27,inside,53,0.6825218796730042,1.1348462104797363
1296,11,2,27,ring_1,23,0.337019145488739,0.7072169184684753
1296,11,2,27,near_2_4,54,0.10600356757640839,0.32758307456970215
1296,11,2,27,mid_5_8,98,0.07230473309755325,0.250916063785553
1296,11,2,27,far_gt8,796,0.02309134043753147,0.14224429428577423
1353,12,0,0,inside,108,0.033816367387771606,0.25257354974746704
1353,12,0,0,ring_1,37,1.4498427347575671e-08,0.0
1353,12,0,0,near_2_4,103,5.2081730039788e-09,0.0
1353,12,0,0,mid_5_8,169,7.759184406097575e-09,0.0
1353,12,0,0,far_gt8,607,-7.855636696696422e-10,0.0
1353,12,0,1,inside,108,0.05505475774407387,0.3170597553253174
1353,12,0,1,ring_1,37,7.46185687603429e-05,0.012119516730308533
1353,12,0,1,near_2_4,103,6.465830665547401e-05,0.011272541247308254
1353,12,0,1,mid_5_8,169,7.974149048095569e-05,0.012465490028262138
1353,12,0,1,far_gt8,607,6.80912853567861e-05,0.01145641878247261
1353,12,0,2,inside,108,0.17271564900875092,0.5781693458557129
1353,12,0,2,ring_1,37,0.003493792377412319,0.07801350951194763
1353,12,0,2,near_2_4,103,0.000868508534040302,0.04077516868710518
1353,12,0,2,mid_5_8,169,0.0007737635169178247,0.038261592388153076
1353,12,0,2,far_gt8,607,0.0003832551301456988,0.026867210865020752
1353,12,0,3,inside,108,0.3389119505882263,0.8176605105400085
1353,12,0,3,ring_1,37,0.026192540302872658,0.20703905820846558
1353,12,0,3,near_2_4,103,0.002294559497386217,0.06649792194366455
1353,12,0,3,mid_5_8,169,0.0019445775542408228,0.060098547488451004
1353,12,0,3,far_gt8,607,0.001001045573502779,0.04267632216215134
1353,12,0,4,inside,108,0.39753612875938416,0.8870310187339783
1353,12,0,4,ring_1,37,0.036597058176994324,0.2514001429080963
1353,12,0,4,near_2_4,103,0.0037202429957687855,0.08398043364286423
1353,12,0,4,mid_5_8,169,0.003264743834733963,0.07733895629644394
1353,12,0,4,far_gt8,607,0.0017097691306844354,0.05566259101033211
1353,12,0,5,inside,108,0.41680851578712463,0.9083982110023499
1353,12,0,5,ring_1,37,0.045519713312387466,0.28266018629074097
1353,12,0,5,near_2_4,103,0.005165304988622665,0.0979161411523819
1353,12,0,5,mid_5_8,169,0.00407074810937047,0.08615820854902267
1353,12,0,5,far_gt8,607,0.001993734622374177,0.060034461319446564
1353,12,0,6,inside,108,0.5010855793952942,0.9967699646949768
1353,12,0,6,ring_1,37,0.06351396441459656,0.33622118830680847
1353,12,0,6,near_2_4,103,0.00769296009093523,0.11816378682851791
1353,12,0,6,mid_5_8,169,0.005206813104450703,0.0968858078122139
1353,12,0,6,far_gt8,607,0.0025568436831235886,0.0676589161157608
1353,12,0,7,inside,108,0.5457894206047058,1.0404963493347168
1353,12,0,7,ring_1,37,0.06757855415344238,0.3492230176925659
1353,12,0,7,near_2_4,103,0.009827347472310066,0.13262586295604706
1353,12,0,7,mid_5_8,169,0.006101460196077824,0.10322465747594833
1353,12,0,7,far_gt8,607,0.002805095398798585,0.07035230845212936
1353,12,0,8,inside,108,0.5152907967567444,1.011268973350525
1353,12,0,8,ring_1,37,0.08077803999185562,0.3829241693019867
1353,12,0,8,near_2_4,103,0.011724776588380337,0.1440853476524353
1353,12,0,8,mid_5_8,169,0.007291384506970644,0.11010883003473282
1353,12,0,8,far_gt8,607,0.0030917671974748373,0.07248000800609589
1353,12,0,9,inside,108,0.5242339372634888,1.0191360712051392
1353,12,0,9,ring_1,37,0.07981491833925247,0.38188275694847107
1353,12,0,9,near_2_4,103,0.015228759497404099,0.16182884573936462
1353,12,0,9,mid_5_8,169,0.008691661059856415,0.11929997056722641
1353,12,0,9,far_gt8,607,0.0039215125143527985,0.08052985370159149
1353,12,0,10,inside,108,0.5455579161643982,1.0392221212387085
1353,12,0,10,ring_1,37,0.08519372344017029,0.3933102786540985
1353,12,0,10,near_2_4,103,0.018455088138580322,0.17608986794948578
1353,12,0,10,mid_5_8,169,0.010776879265904427,0.12952832877635956
1353,12,0,10,far_gt8,607,0.004555101506412029,0.08413586020469666
1353,12,0,11,inside,108,0.5773401260375977,1.0689656734466553
1353,12,0,11,ring_1,37,0.09678726643323898,0.41897454857826233
1353,12,0,11,near_2_4,103,0.023128274828195572,0.19412104785442352
1353,12,0,11,mid_5_8,169,0.013835830613970757,0.14390616118907928
1353,12,0,11,far_gt8,607,0.005642474163323641,0.0909002274274826
1353,12,0,12,inside,108,0.5939162373542786,1.0830107927322388
1353,12,0,12,ring_1,37,0.10780703276395798,0.44037747383117676
1353,12,0,12,near_2_4,103,0.028539102524518967,0.21259544789791107
1353,12,0,12,mid_5_8,169,0.01873089373111725,0.1623009890317917
1353,12,0,12,far_gt8,607,0.007870346307754517,0.10422371327877045
1353,12,0,13,inside,108,0.625469982624054,1.1109704971313477
1353,12,0,13,ring_1,37,0.12289702147245407,0.469043105840683
1353,12,0,13,near_2_4,103,0.035075824707746506,0.23315320909023285
1353,12,0,13,mid_5_8,169,0.02656184695661068,0.18816061317920685
1353,12,0,13,far_gt8,607,0.010611803270876408,0.11806080490350723
1353,12,0,14,inside,108,0.6424652338027954,1.1273350715637207
1353,12,0,14,ring_1,37,0.12883645296096802,0.47356054186820984
1353,12,0,14,near_2_4,103,0.041566524654626846,0.2456485629081726
1353,12,0,14,mid_5_8,169,0.03627532348036766,0.20761682093143463
1353,12,0,14,far_gt8,607,0.013811255805194378,0.12912452220916748
1353,12,0,15,inside,108,0.6816357970237732,1.1616342067718506
1353,12,0,15,ring_1,37,0.14557023346424103,0.5002212524414062
1353,12,0,15,near_2_4,103,0.04868890717625618,0.2607969045639038
1353,12,0,15,mid_5_8,169,0.042439717799425125,0.22158080339431763
1353,12,0,15,far_gt8,607,0.01636168360710144,0.1373174488544464
1353,12,0,16,inside,108,0.7150613069534302,1.1906464099884033
1353,12,0,16,ring_1,37,0.16485807299613953,0.5280515551567078
1353,12,0,16,near_2_4,103,0.052578747272491455,0.2709174156188965
1353,12,0,16,mid_5_8,169,0.046642281115055084,0.2301948070526123
1353,12,0,16,far_gt8,607,0.018924254924058914,0.1459091156721115
1353,12,0,17,inside,108,0.7137755155563354,1.1893112659454346
1353,12,0,17,ring_1,37,0.1636601984500885,0.5246570706367493
1353,12,0,17,near_2_4,103,0.053367771208286285,0.27306944131851196
1353,12,0,17,mid_5_8,169,0.04999995231628418,0.23663239181041718
1353,12,0,17,far_gt8,607,0.019774960353970528,0.14999894797801971
1353,12,0,18,inside,108,0.7175630927085876,1.1925103664398193
1353,12,0,18,ring_1,37,0.1955893188714981,0.565421998500824
1353,12,0,18,near_2_4,103,0.059028610587120056,0.2860984206199646
1353,12,0,18,mid_5_8,169,0.05530618503689766,0.24890856444835663
1353,12,0,18,far_gt8,607,0.02260301448404789,0.15965519845485687
1353,12,0,19,inside,108,0.7693248391151428,1.2352491617202759
1353,12,0,19,ring_1,37,0.22886894643306732,0.6051021814346313
1353,12,0,19,near_2_4,103,0.06683014333248138,0.3029472827911377
1353,12,0,19,mid_5_8,169,0.06053030863404274,0.26305320858955383
1353,12,0,19,far_gt8,607,0.025367485359311104,0.17047575116157532
1353,12,0,20,inside,108,0.7576735019683838,1.2260255813598633
1353,12,0,20,ring_1,37,0.24412335455417633,0.6244648694992065
1353,12,0,20,near_2_4,103,0.07502096146345139,0.3201722800731659
1353,12,0,20,mid_5_8,169,0.06951812654733658,0.28587374091148376
1353,12,0,20,far_gt8,607,0.029246341437101364,0.18273724615573883
1353,12,0,21,inside,108,0.7306286096572876,1.2045363187789917
1353,12,0,21,ring_1,37,0.2550029158592224,0.636411726474762
1353,12,0,21,near_2_4,103,0.08325859904289246,0.3345997631549835
1353,12,0,21,mid_5_8,169,0.075159452855587,0.3001928925514221
1353,12,0,21,far_gt8,607,0.0336291640996933,0.19813822209835052
1353,12,0,22,inside,108,0.7022570371627808,1.18000328540802
1353,12,0,22,ring_1,37,0.24701076745986938,0.6239383816719055
1353,12,0,22,near_2_4,103,0.08565869182348251,0.3392786979675293
1353,12,0,22,mid_5_8,169,0.07800455391407013,0.31098663806915283
1353,12,0,22,far_gt8,607,0.03567393869161606,0.20827089250087738
1353,12,0,23,inside,108,0.6691216230392456,1.1520086526870728
1353,12,0,23,ring_1,37,0.2520667016506195,0.6338896155357361
1353,12,0,23,near_2_4,103,0.08970747888088226,0.348070353269577
1353,12,0,23,mid_5_8,169,0.08622962981462479,0.32965463399887085
1353,12,0,23,far_gt8,607,0.039727818220853806,0.2231769859790802
1353,12,0,24,inside,108,0.6862602829933167,1.166710615158081
1353,12,0,24,ring_1,37,0.26576438546180725,0.6511743664741516
1353,12,0,24,near_2_4,103,0.10189136117696762,0.37270715832710266
1353,12,0,24,mid_5_8,169,0.10264468938112259,0.3610132932662964
1353,12,0,24,far_gt8,607,0.048634689301252365,0.2477843314409256
1353,12,0,25,inside,108,0.6616774797439575,1.1458457708358765
1353,12,0,25,ring_1,37,0.2545386552810669,0.641038179397583
1353,12,0,25,near_2_4,103,0.10874080657958984,0.38548967242240906
1353,12,0,25,mid_5_8,169,0.11341308057308197,0.3833538591861725
1353,12,0,25,far_gt8,607,0.055289462208747864,0.26654481887817383
1353,12,0,26,inside,108,0.6926554441452026,1.1722760200500488
1353,12,0,26,ring_1,37,0.2731592655181885,0.6639389991760254
1353,12,0,26,near_2_4,103,0.11946665495634079,0.40346553921699524
1353,12,0,26,mid_5_8,169,0.12795713543891907,0.4087938070297241
1353,12,0,26,far_gt8,607,0.06468764692544937,0.28990882635116577
1353,12,0,27,inside,108,0.745880663394928,1.216865062713623
1353,12,0,27,ring_1,37,0.28409892320632935,0.677884578704834
1353,12,0,27,near_2_4,103,0.12865234911441803,0.4195399582386017
1353,12,0,27,mid_5_8,169,0.14154887199401855,0.4314190447330475
1353,12,0,27,far_gt8,607,0.07315809279680252,0.3113425672054291
1425,13,0,0,inside,44,0.01667107455432415,0.1449054777622223
1425,13,0,0,ring_1,23,2.5915062096260044e-08,0.0
1425,13,0,0,near_2_4,64,2.3283064365386963e-08,0.0
1425,13,0,0,mid_5_8,140,1.7029898602416438e-09,0.0
1425,13,0,0,far_gt8,753,6.095030258279621e-09,0.0
1425,13,0,1,inside,44,0.023028822615742683,0.17719432711601257
1425,13,0,1,ring_1,23,1.9565873117244337e-06,0.0018886940088123083
1425,13,0,1,near_2_4,64,1.0235235095024109e-06,0.0013520403299480677
1425,13,0,1,mid_5_8,140,5.287783437779581e-07,0.0010134406620636582
1425,13,0,1,far_gt8,753,4.702671958511928e-07,0.0009480969747528434
1425,13,0,2,inside,44,0.11176571249961853,0.4333705008029938
1425,13,0,2,ring_1,23,0.0030751151498407125,0.06757941097021103
1425,13,0,2,near_2_4,64,9.528640657663345e-05,0.012655356898903847
1425,13,0,2,mid_5_8,140,3.1272003980120644e-05,0.007589438930153847
1425,13,0,2,far_gt8,753,1.4813376765232533e-05,0.005152557510882616
1425,13,0,3,inside,44,0.2589549720287323,0.6952705979347229
1425,13,0,3,ring_1,23,0.01097825262695551,0.13534992933273315
1425,13,0,3,near_2_4,64,0.0007771803066134453,0.0376884862780571
1425,13,0,3,mid_5_8,140,0.00027735615731216967,0.02189546264708042
1425,13,0,3,far_gt8,753,0.0001074848260032013,0.013025730848312378
1425,13,0,4,inside,44,0.32937395572662354,0.7974609732627869
1425,13,0,4,ring_1,23,0.034759771078825,0.24172791838645935
1425,13,0,4,near_2_4,64,0.00207460206001997,0.0605430081486702
1425,13,0,4,mid_5_8,140,0.0007703768205828965,0.034703418612480164
1425,13,0,4,far_gt8,753,0.00023941966355778277,0.019391868263483047
1425,13,0,5,inside,44,0.36603155732154846,0.8419482707977295
1425,13,0,5,ring_1,23,0.04675948619842529,0.28580668568611145
1425,13,0,5,near_2_4,64,0.004237111657857895,0.08818031847476959
1425,13,0,5,mid_5_8,140,0.0018652821891009808,0.05530570447444916
1425,13,0,5,far_gt8,753,0.0005534228985197842,0.029543660581111908
1425,13,0,6,inside,44,0.45668986439704895,0.939517617225647
1425,13,0,6,ring_1,23,0.08477995544672012,0.3899304270744324
1425,13,0,6,near_2_4,64,0.008073086850345135,0.1208549290895462
1425,13,0,6,mid_5_8,140,0.003035689704120159,0.07066108286380768
1425,13,0,6,far_gt8,753,0.000969531072769314,0.03968936204910278
1425,13,0,7,inside,44,0.5092076659202576,0.9896687865257263
1425,13,0,7,ring_1,23,0.09923157840967178,0.42670899629592896
1425,13,0,7,near_2_4,64,0.012258815579116344,0.14783155918121338
1425,13,0,7,mid_5_8,140,0.003965682815760374,0.0811859667301178
1425,13,0,7,far_gt8,753,0.0011188517091795802,0.04259548708796501
1425,13,0,8,inside,44,0.5069425702095032,0.9855544567108154
1425,13,0,8,ring_1,23,0.11624429374933243,0.46411749720573425
1425,13,0,8,near_2_4,64,0.016175800934433937,0.16932076215744019
1425,13,0,8,mid_5_8,140,0.0054343449883162975,0.0945063978433609
1425,13,0,8,far_gt8,753,0.001532103167846799,0.049286700785160065
1425,13,0,9,inside,44,0.5220189690589905,0.9974685907363892
1425,13,0,9,ring_1,23,0.11757958680391312,0.4679071307182312
1425,13,0,9,near_2_4,64,0.018853217363357544,0.17975088953971863
1425,13,0,9,mid_5_8,140,0.007037775591015816,0.10259891301393509
1425,13,0,9,far_gt8,753,0.00188832834828645,0.05253637209534645
1425,13,0,10,inside,44,0.5401483774185181,1.0150349140167236
1425,13,0,10,ring_1,23,0.12291193008422852,0.47624653577804565
1425,13,0,10,near_2_4,64,0.022152423858642578,0.18713730573654175
1425,13,0,10,mid_5_8,140,0.009155704639852047,0.10930171608924866
1425,13,0,10,far_gt8,753,0.00222666934132576,0.0546032078564167
1425,13,0,11,inside,44,0.5632124543190002,1.0358325242996216
1425,13,0,11,ring_1,23,0.1477908194065094,0.5219241976737976
1425,13,0,11,near_2_4,64,0.02651279978454113,0.20187446475028992
1425,13,0,11,mid_5_8,140,0.012401578947901726,0.12020251154899597
1425,13,0,11,far_gt8,753,0.0029057455249130726,0.06054610013961792
1425,13,0,12,inside,44,0.5608794093132019,1.0335965156555176
1425,13,0,12,ring_1,23,0.1603977233171463,0.5458166003227234
1425,13,0,12,near_2_4,64,0.0334085077047348,0.22151999175548553
1425,13,0,12,mid_5_8,140,0.018783409148454666,0.14555230736732483
1425,13,0,12,far_gt8,753,0.004260282497853041,0.07089859247207642
1425,13,0,13,inside,44,0.5814745426177979,1.051767349243164
1425,13,0,13,ring_1,23,0.17493395507335663,0.5738751292228699
1425,13,0,13,near_2_4,64,0.04277726635336876,0.24713528156280518
1425,13,0,13,mid_5_8,140,0.0242890864610672,0.16182343661785126
1425,13,0,13,far_gt8,753,0.005457059945911169,0.07856599241495132
1425,13,0,14,inside,44,0.5948150753974915,1.0647183656692505
1425,13,0,14,ring_1,23,0.1851329207420349,0.5885101556777954
1425,13,0,14,near_2_4,64,0.04744839668273926,0.2542262077331543
1425,13,0,14,mid_5_8,140,0.03327533230185509,0.1801317036151886
1425,13,0,14,far_gt8,753,0.0077831195667386055,0.09002846479415894
1425,13,0,15,inside,44,0.6582241058349609,1.1215527057647705
1425,13,0,15,ring_1,23,0.22675324976444244,0.6496841311454773
1425,13,0,15,near_2_4,64,0.05625602602958679,0.2702271342277527
1425,13,0,15,mid_5_8,140,0.040508922189474106,0.19569499790668488
1425,13,0,15,far_gt8,753,0.009289679117500782,0.09642436355352402
1425,13,0,16,inside,44,0.6885726451873779,1.1478753089904785
1425,13,0,16,ring_1,23,0.25747498869895935,0.6906093955039978
1425,13,0,16,near_2_4,64,0.062040530145168304,0.2856195569038391
1425,13,0,16,mid_5_8,140,0.04843463748693466,0.2136596143245697
1425,13,0,16,far_gt8,753,0.011067286133766174,0.10636791586875916
1425,13,0,17,inside,44,0.7262232303619385,1.1802191734313965
1425,13,0,17,ring_1,23,0.2748735547065735,0.7116962671279907
1425,13,0,17,near_2_4,64,0.06696781516075134,0.29386746883392334
1425,13,0,17,mid_5_8,140,0.053302228450775146,0.2250959873199463
1425,13,0,17,far_gt8,753,0.012779426760971546,0.11383488029241562
1425,13,0,18,inside,44,0.7381135821342468,1.1913001537322998
1425,13,0,18,ring_1,23,0.31572505831718445,0.7587887048721313
1425,13,0,18,near_2_4,64,0.07355315238237381,0.31093713641166687
1425,13,0,18,mid_5_8,140,0.06027090921998024,0.24013127386569977
1425,13,0,18,far_gt8,753,0.013815812766551971,0.11902575194835663
1425,13,0,19,inside,44,0.7735604643821716,1.21962308883667
1425,13,0,19,ring_1,23,0.3319990932941437,0.7801313996315002
1425,13,0,19,near_2_4,64,0.0806550607085228,0.3301588296890259
1425,13,0,19,mid_5_8,140,0.0666862279176712,0.2570774555206299
1425,13,0,19,far_gt8,753,0.015817683190107346,0.13183026015758514
1425,13,0,20,inside,44,0.7486507296562195,1.2008404731750488
1425,13,0,20,ring_1,23,0.3331165015697479,0.7829305529594421
1425,13,0,20,near_2_4,64,0.08160526305437088,0.3334939777851105
1425,13,0,20,mid_5_8,140,0.0720510482788086,0.2705536484718323
1425,13,0,20,far_gt8,753,0.01777086779475212,0.141019806265831
1425,13,0,21,inside,44,0.7305084466934204,1.1872092485427856
1425,13,0,21,ring_1,23,0.34751567244529724,0.8022303581237793
1425,13,0,21,near_2_4,64,0.08984050154685974,0.35722529888153076
1425,13,0,21,mid_5_8,140,0.07809723168611526,0.2930470108985901
1425,13,0,21,far_gt8,753,0.021289866417646408,0.15749645233154297
1425,13,0,22,inside,44,0.7159755825996399,1.1754298210144043
1425,13,0,22,ring_1,23,0.33933743834495544,0.7956560254096985
1425,13,0,22,near_2_4,64,0.09606470167636871,0.3754950761795044
1425,13,0,22,mid_5_8,140,0.08334062993526459,0.3147794008255005
1425,13,0,22,far_gt8,753,0.0238182432949543,0.17048189043998718
1425,13,0,23,inside,44,0.6605625152587891,1.1292039155960083
1425,13,0,23,ring_1,23,0.328815758228302,0.7857065796852112
1425,13,0,23,near_2_4,64,0.10108496993780136,0.3890973925590515
1425,13,0,23,mid_5_8,140,0.08672122657299042,0.3310602605342865
1425,13,0,23,far_gt8,753,0.027334094047546387,0.1869170069694519
1425,13,0,24,inside,44,0.6724815964698792,1.139426350593567
1425,13,0,24,ring_1,23,0.35379958152770996,0.8169606924057007
1425,13,0,24,near_2_4,64,0.11861182749271393,0.4231927990913391
1425,13,0,24,mid_5_8,140,0.10366296023130417,0.3682679831981659
1425,13,0,24,far_gt8,753,0.035447508096694946,0.21519316732883453
1425,13,0,25,inside,44,0.6208480000495911,1.0959750413894653
1425,13,0,25,ring_1,23,0.3399514853954315,0.8035221099853516
1425,13,0,25,near_2_4,64,0.1264479160308838,0.4390551447868347
1425,13,0,25,mid_5_8,140,0.11149889975786209,0.3911803364753723
1425,13,0,25,far_gt8,753,0.04310690984129906,0.23978731036186218
1425,13,0,26,inside,44,0.6451084017753601,1.1182316541671753
1425,13,0,26,ring_1,23,0.3560512363910675,0.8223887085914612
1425,13,0,26,near_2_4,64,0.14163802564144135,0.46444761753082275
1425,13,0,26,mid_5_8,140,0.12970499694347382,0.425554096698761
1425,13,0,26,far_gt8,753,0.05185076966881752,0.26605692505836487
1425,13,0,27,inside,44,0.7177861928939819,1.1803756952285767
1425,13,0,27,ring_1,23,0.3818078339099884,0.8516179919242859
1425,13,0,27,near_2_4,64,0.15673699975013733,0.48918139934539795
1425,13,0,27,mid_5_8,140,0.1448093205690384,0.4538140296936035
1425,13,0,27,far_gt8,753,0.06063879281282425,0.28958579897880554
1503,15,1,0,inside,166,0.021097704768180847,0.18435609340667725
1503,15,1,0,ring_1,60,1.1920929132713809e-08,0.0
1503,15,1,0,near_2_4,145,5.7549311982540985e-09,0.0
1503,15,1,0,mid_5_8,209,5.988983531324266e-09,0.0
1503,15,1,0,far_gt8,444,8.725905331630202e-09,0.0
1503,15,1,1,inside,166,0.029861364513635635,0.22447480261325836
1503,15,1,1,ring_1,60,0.00011760195047827438,0.015165125019848347
1503,15,1,1,near_2_4,145,0.00010217222734354436,0.014076742343604565
1503,15,1,1,mid_5_8,209,0.00010021793423220515,0.013761943206191063
1503,15,1,1,far_gt8,444,9.586722444510087e-05,0.013409875333309174
1503,15,1,2,inside,166,0.1407608538866043,0.5177900195121765
1503,15,1,2,ring_1,60,0.004007257986813784,0.08417069911956787
1503,15,1,2,near_2_4,145,0.0012526450445875525,0.0486341267824173
1503,15,1,2,mid_5_8,209,0.0007513918098993599,0.037471648305654526
1503,15,1,2,far_gt8,444,0.0004394385905470699,0.02926662005484104
1503,15,1,3,inside,166,0.3064781725406647,0.7778826951980591
1503,15,1,3,ring_1,60,0.023363957181572914,0.1969435065984726
1503,15,1,3,near_2_4,145,0.0032173600047826767,0.07736726105213165
1503,15,1,3,mid_5_8,209,0.0014419256476685405,0.05110391601920128
1503,15,1,3,far_gt8,444,0.0007153764017857611,0.03718991577625275
1503,15,1,4,inside,166,0.37980347871780396,0.8687224984169006
1503,15,1,4,ring_1,60,0.04725444316864014,0.2876071631908417
1503,15,1,4,near_2_4,145,0.0059608095325529575,0.10426294058561325
1503,15,1,4,mid_5_8,209,0.0024662006180733442,0.06548720598220825
1503,15,1,4,far_gt8,444,0.0010305162286385894,0.044486355036497116
1503,15,1,5,inside,166,0.3966497480869293,0.8880946040153503
1503,15,1,5,ring_1,60,0.06234972923994064,0.33460184931755066
1503,15,1,5,near_2_4,145,0.008967453613877296,0.1275864839553833
1503,15,1,5,mid_5_8,209,0.003488849848508835,0.07736750692129135
1503,15,1,5,far_gt8,444,0.0012494155671447515,0.04862290620803833
1503,15,1,6,inside,166,0.5097780823707581,1.0064513683319092
1503,15,1,6,ring_1,60,0.09595664590597153,0.41649484634399414
1503,15,1,6,near_2_4,145,0.013934784568846226,0.15541867911815643
1503,15,1,6,mid_5_8,209,0.004548804834485054,0.08802629262208939
1503,15,1,6,far_gt8,444,0.0015785141149535775,0.05470389127731323
1503,15,1,7,inside,166,0.5403338670730591,1.0357013940811157
1503,15,1,7,ring_1,60,0.11173493415117264,0.45045366883277893
1503,15,1,7,near_2_4,145,0.01840069703757763,0.1785193830728531
1503,15,1,7,mid_5_8,209,0.005536156240850687,0.09707187861204147
1503,15,1,7,far_gt8,444,0.0017293784767389297,0.05712936073541641
1503,15,1,8,inside,166,0.49852898716926575,0.9943457841873169
1503,15,1,8,ring_1,60,0.1089031845331192,0.44531697034835815
1503,15,1,8,near_2_4,145,0.021378379315137863,0.1880786269903183
1503,15,1,8,mid_5_8,209,0.005886029917746782,0.1004524677991867
1503,15,1,8,far_gt8,444,0.0020547742024064064,0.06177961826324463
1503,15,1,9,inside,166,0.4908345341682434,0.9838181734085083
1503,15,1,9,ring_1,60,0.10855726897716522,0.4480792284011841
1503,15,1,9,near_2_4,145,0.02629512920975685,0.20465917885303497
1503,15,1,9,mid_5_8,209,0.006334924139082432,0.10298652946949005
1503,15,1,9,far_gt8,444,0.002316764323040843,0.06496225297451019
1503,15,1,10,inside,166,0.48828572034835815,0.9810283780097961
1503,15,1,10,ring_1,60,0.10855225473642349,0.4491914212703705
1503,15,1,10,near_2_4,145,0.030002376064658165,0.21636414527893066
1503,15,1,10,mid_5_8,209,0.007071215659379959,0.10821858793497086
1503,15,1,10,far_gt8,444,0.0027129880618304014,0.06926829367876053
1503,15,1,11,inside,166,0.5106605887413025,1.002251148223877
1503,15,1,11,ring_1,60,0.115991972386837,0.46439358592033386
1503,15,1,11,near_2_4,145,0.03578751161694527,0.23468685150146484
1503,15,1,11,mid_5_8,209,0.008562441915273666,0.11663441359996796
1503,15,1,11,far_gt8,444,0.0034434220287948847,0.0765707716345787
1503,15,1,12,inside,166,0.5343080759048462,1.024498462677002
1503,15,1,12,ring_1,60,0.125733882188797,0.48286116123199463
1503,15,1,12,near_2_4,145,0.044041384011507034,0.2549962103366852
1503,15,1,12,mid_5_8,209,0.010193879716098309,0.12435514479875565
1503,15,1,12,far_gt8,444,0.00449979305267334,0.08532065153121948
1503,15,1,13,inside,166,0.5659365653991699,1.0539673566818237
1503,15,1,13,ring_1,60,0.1445160061120987,0.5165688395500183
1503,15,1,13,near_2_4,145,0.057862840592861176,0.28851062059402466
1503,15,1,13,mid_5_8,209,0.014414230361580849,0.14021402597427368
1503,15,1,13,far_gt8,444,0.00610705092549324,0.0956859141588211
1503,15,1,14,inside,166,0.580894947052002,1.068920373916626
1503,15,1,14,ring_1,60,0.17003999650478363,0.5584374070167542
1503,15,1,14,near_2_4,145,0.07655841112136841,0.32307949662208557
1503,15,1,14,mid_5_8,209,0.018430713564157486,0.14988043904304504
1503,15,1,14,far_gt8,444,0.00850195623934269,0.107088103890419
1503,15,1,15,inside,166,0.6255706548690796,1.1109100580215454
1503,15,1,15,ring_1,60,0.20104359090328217,0.6055415868759155
1503,15,1,15,near_2_4,145,0.08696548640727997,0.34246736764907837
1503,15,1,15,mid_5_8,209,0.022073209285736084,0.15993225574493408
1503,15,1,15,far_gt8,444,0.010229118168354034,0.11323048919439316
1503,15,1,16,inside,166,0.6771680116653442,1.1568784713745117
1503,15,1,16,ring_1,60,0.23710131645202637,0.6550624966621399
1503,15,1,16,near_2_4,145,0.09965469688177109,0.3630197048187256
1503,15,1,16,mid_5_8,209,0.025590742006897926,0.17006255686283112
1503,15,1,16,far_gt8,444,0.012516680173575878,0.12298926711082458
1503,15,1,17,inside,166,0.6874035000801086,1.165980577468872
1503,15,1,17,ring_1,60,0.25268393754959106,0.6741641163825989
1503,15,1,17,near_2_4,145,0.1049594059586525,0.37663280963897705
1503,15,1,17,mid_5_8,209,0.02782951109111309,0.17874859273433685
1503,15,1,17,far_gt8,444,0.014132684096693993,0.1302117258310318
1503,15,1,18,inside,166,0.6778296232223511,1.1581079959869385
1503,15,1,18,ring_1,60,0.2739052176475525,0.7002853751182556
1503,15,1,18,near_2_4,145,0.11159003525972366,0.38942062854766846
1503,15,1,18,mid_5_8,209,0.030386701226234436,0.1866171658039093
1503,15,1,18,far_gt8,444,0.015691539272665977,0.13543182611465454
1503,15,1,19,inside,166,0.7156155109405518,1.190068244934082
1503,15,1,19,ring_1,60,0.2930169403553009,0.7216783165931702
1503,15,1,19,near_2_4,145,0.11621303111314774,0.40254032611846924
1503,15,1,19,mid_5_8,209,0.03352413699030876,0.19662915170192719
1503,15,1,19,far_gt8,444,0.01744958758354187,0.14558491110801697
1503,15,1,20,inside,166,0.6732594966888428,1.153682827949524
1503,15,1,20,ring_1,60,0.29276707768440247,0.7202112674713135
1503,15,1,20,near_2_4,145,0.12183631211519241,0.41659775376319885
1503,15,1,20,mid_5_8,209,0.036841198801994324,0.20738595724105835
1503,15,1,20,far_gt8,444,0.020102841779589653,0.15440623462200165
1503,15,1,21,inside,166,0.6581828594207764,1.1405718326568604
1503,15,1,21,ring_1,60,0.3003334105014801,0.7282878160476685
1503,15,1,21,near_2_4,145,0.12452112138271332,0.4221259653568268
1503,15,1,21,mid_5_8,209,0.039566222578287125,0.21590912342071533
1503,15,1,21,far_gt8,444,0.021255148574709892,0.1611124575138092
1503,15,1,22,inside,166,0.6398712992668152,1.1238877773284912
1503,15,1,22,ring_1,60,0.2970212697982788,0.726906955242157
1503,15,1,22,near_2_4,145,0.12536105513572693,0.42709559202194214
1503,15,1,22,mid_5_8,209,0.041060350835323334,0.22305944561958313
1503,15,1,22,far_gt8,444,0.02254096418619156,0.16835109889507294
1503,15,1,23,inside,166,0.6113402247428894,1.0973892211914062
1503,15,1,23,ring_1,60,0.2867709994316101,0.7109017968177795
1503,15,1,23,near_2_4,145,0.13379943370819092,0.4436139762401581
1503,15,1,23,mid_5_8,209,0.04460596665740013,0.2346746325492859
1503,15,1,23,far_gt8,444,0.02571232244372368,0.1789579540491104
1503,15,1,24,inside,166,0.6162557601928711,1.099895715713501
1503,15,1,24,ring_1,60,0.30585232377052307,0.7321046590805054
1503,15,1,24,near_2_4,145,0.14356569945812225,0.4635385572910309
1503,15,1,24,mid_5_8,209,0.05094347521662712,0.25265318155288696
1503,15,1,24,far_gt8,444,0.03000904619693756,0.19442060589790344
1503,15,1,25,inside,166,0.5761520266532898,1.0622406005859375
1503,15,1,25,ring_1,60,0.2931515574455261,0.7146957516670227
1503,15,1,25,near_2_4,145,0.14822983741760254,0.47357746958732605
1503,15,1,25,mid_5_8,209,0.05480814725160599,0.2633121907711029
1503,15,1,25,far_gt8,444,0.03309551998972893,0.20580771565437317
1503,15,1,26,inside,166,0.6006615161895752,1.0852493047714233
1503,15,1,26,ring_1,60,0.3196655213832855,0.7433502078056335
1503,15,1,26,near_2_4,145,0.17076177895069122,0.511705756187439
1503,15,1,26,mid_5_8,209,0.0659717246890068,0.2901626527309418
1503,15,1,26,far_gt8,444,0.04120343551039696,0.23323337733745575
1503,15,1,27,inside,166,0.6329001784324646,1.114464521408081
1503,15,1,27,ring_1,60,0.34388452768325806,0.769382894039154
1503,15,1,27,near_2_4,145,0.1834881752729416,0.5324365496635437
1503,15,1,27,mid_5_8,209,0.07156975567340851,0.3065250813961029
1503,15,1,27,far_gt8,444,0.04736776649951935,0.2548596262931824
1532,16,0,0,inside,92,0.02303306944668293,0.20948494970798492
1532,16,0,0,ring_1,31,-1.9227304193236705e-08,0.0
1532,16,0,0,near_2_4,86,4.158463795533862e-09,0.0
1532,16,0,0,mid_5_8,169,-6.348423564617178e-09,0.0
1532,16,0,0,far_gt8,646,-5.536034963782299e-10,0.0
1532,16,0,1,inside,92,0.05720093101263046,0.30940601229667664
1532,16,0,1,ring_1,31,0.00013110713916830719,0.01599087379872799
1532,16,0,1,near_2_4,86,0.00011195207480341196,0.014864078722894192
1532,16,0,1,mid_5_8,169,7.866684609325603e-05,0.01235710084438324
1532,16,0,1,far_gt8,646,6.259041401790455e-05,0.010878016240894794
1532,16,0,2,inside,92,0.189679816365242,0.5984797477722168
1532,16,0,2,ring_1,31,0.0029997690580785275,0.0723387748003006
1532,16,0,2,near_2_4,86,0.0009625921375118196,0.043215952813625336
1532,16,0,2,mid_5_8,169,0.0006482075550593436,0.03528163209557533
1532,16,0,2,far_gt8,646,0.0005453940248116851,0.03188371658325195
1532,16,0,3,inside,92,0.3466483950614929,0.8238442540168762
1532,16,0,3,ring_1,31,0.019745592027902603,0.17675165832042694
1532,16,0,3,near_2_4,86,0.0022618251387029886,0.06591381132602692
1532,16,0,3,mid_5_8,169,0.0013385637430474162,0.05050110071897507
1532,16,0,3,far_gt8,646,0.0015146014047786593,0.052907779812812805
1532,16,0,4,inside,92,0.39428213238716125,0.8804568648338318
1532,16,0,4,ring_1,31,0.026507364585995674,0.20800313353538513
1532,16,0,4,near_2_4,86,0.0033505954779684544,0.08013614267110825
1532,16,0,4,mid_5_8,169,0.001863828394562006,0.05960249900817871
1532,16,0,4,far_gt8,646,0.002290590200573206,0.06356630474328995
1532,16,0,5,inside,92,0.42275696992874146,0.9114180207252502
1532,16,0,5,ring_1,31,0.03716368228197098,0.24692873656749725
1532,16,0,5,near_2_4,86,0.0054565672762691975,0.10186200588941574
1532,16,0,5,mid_5_8,169,0.002955138683319092,0.0744529590010643
1532,16,0,5,far_gt8,646,0.003000429831445217,0.0725172683596611
1532,16,0,6,inside,92,0.5066467523574829,0.9981740117073059
1532,16,0,6,ring_1,31,0.05740763992071152,0.3058025538921356
1532,16,0,6,near_2_4,86,0.008440274745225906,0.12502560019493103
1532,16,0,6,mid_5_8,169,0.003906810190528631,0.08528783917427063
1532,16,0,6,far_gt8,646,0.004704916384071112,0.08589701354503632
1532,16,0,7,inside,92,0.5400128960609436,1.030584692955017
1532,16,0,7,ring_1,31,0.0642947405576706,0.3236461579799652
1532,16,0,7,near_2_4,86,0.010059519670903683,0.13615097105503082
1532,16,0,7,mid_5_8,169,0.004600067622959614,0.09142611920833588
1532,16,0,7,far_gt8,646,0.004979872144758701,0.08696948736906052
1532,16,0,8,inside,92,0.5300947427749634,1.0211435556411743
1532,16,0,8,ring_1,31,0.08051598817110062,0.36462292075157166
1532,16,0,8,near_2_4,86,0.013758300803601742,0.15857164561748505
1532,16,0,8,mid_5_8,169,0.006293558515608311,0.10719230771064758
1532,16,0,8,far_gt8,646,0.00645932462066412,0.09755877405405045
1532,16,0,9,inside,92,0.5514525771141052,1.0404210090637207
1532,16,0,9,ring_1,31,0.08297187089920044,0.36961421370506287
1532,16,0,9,near_2_4,86,0.01842191256582737,0.18033228814601898
1532,16,0,9,mid_5_8,169,0.007728698197752237,0.11630547046661377
1532,16,0,9,far_gt8,646,0.0115137854591012,0.11958663910627365
1532,16,0,10,inside,92,0.5838573575019836,1.0716594457626343
1532,16,0,10,ring_1,31,0.08833130449056625,0.3772802948951721
1532,16,0,10,near_2_4,86,0.022414740175008774,0.19408448040485382
1532,16,0,10,mid_5_8,169,0.009622322395443916,0.12699313461780548
1532,16,0,10,far_gt8,646,0.016006609424948692,0.13704736530780792
1532,16,0,11,inside,92,0.6289374828338623,1.1125270128250122
1532,16,0,11,ring_1,31,0.09668178856372833,0.39210331439971924
1532,16,0,11,near_2_4,86,0.03100772202014923,0.21782130002975464
1532,16,0,11,mid_5_8,169,0.012791582383215427,0.1409650295972824
1532,16,0,11,far_gt8,646,0.022400489076972008,0.1562155783176422
1532,16,0,12,inside,92,0.6422066688537598,1.1241014003753662
1532,16,0,12,ring_1,31,0.09935065358877182,0.39509686827659607
1532,16,0,12,near_2_4,86,0.03801370784640312,0.23432239890098572
1532,16,0,12,mid_5_8,169,0.01759570650756359,0.15959179401397705
1532,16,0,12,far_gt8,646,0.03200714290142059,0.1827722191810608
1532,16,0,13,inside,92,0.6843438744544983,1.1604506969451904
1532,16,0,13,ring_1,31,0.11216948926448822,0.4118306636810303
1532,16,0,13,near_2_4,86,0.05811993032693863,0.27127131819725037
1532,16,0,13,mid_5_8,169,0.027260759845376015,0.18881474435329437
1532,16,0,13,far_gt8,646,0.05252760276198387,0.22332227230072021
1532,16,0,14,inside,92,0.6984431147575378,1.1726175546646118
1532,16,0,14,ring_1,31,0.11374249309301376,0.41152891516685486
1532,16,0,14,near_2_4,86,0.0710063949227333,0.2925912141799927
1532,16,0,14,mid_5_8,169,0.03443069010972977,0.20562906563282013
1532,16,0,14,far_gt8,646,0.06592374294996262,0.25043985247612
1532,16,0,15,inside,92,0.7301925420761108,1.1995327472686768
1532,16,0,15,ring_1,31,0.11999239772558212,0.41793373227119446
1532,16,0,15,near_2_4,86,0.08154132962226868,0.3106101453304291
1532,16,0,15,mid_5_8,169,0.04317590594291687,0.22541917860507965
1532,16,0,15,far_gt8,646,0.07819997519254684,0.2703791558742523
1532,16,0,16,inside,92,0.7614004611968994,1.2246534824371338
1532,16,0,16,ring_1,31,0.12416306138038635,0.42469802498817444
1532,16,0,16,near_2_4,86,0.08725425601005554,0.319062203168869
1532,16,0,16,mid_5_8,169,0.05024722218513489,0.2402850091457367
1532,16,0,16,far_gt8,646,0.08846495300531387,0.28995946049690247
1532,16,0,17,inside,92,0.7713411450386047,1.2335251569747925
1532,16,0,17,ring_1,31,0.12322285771369934,0.4229854941368103
1532,16,0,17,near_2_4,86,0.0922345519065857,0.3238947093486786
1532,16,0,17,mid_5_8,169,0.05266352742910385,0.24317340552806854
1532,16,0,17,far_gt8,646,0.09110354632139206,0.2940249443054199
1532,16,0,18,inside,92,0.7911403775215149,1.2495062351226807
1532,16,0,18,ring_1,31,0.1297406256198883,0.43338873982429504
1532,16,0,18,near_2_4,86,0.09827961027622223,0.33394044637680054
1532,16,0,18,mid_5_8,169,0.05819162726402283,0.2519809901714325
1532,16,0,18,far_gt8,646,0.09914163500070572,0.3059307038784027
1532,16,0,19,inside,92,0.8173826336860657,1.270280122756958
1532,16,0,19,ring_1,31,0.1296105533838272,0.43509188294410706
1532,16,0,19,near_2_4,86,0.10361423343420029,0.34228870272636414
1532,16,0,19,mid_5_8,169,0.0633801519870758,0.26446932554244995
1532,16,0,19,far_gt8,646,0.10718919336795807,0.31978490948677063
1532,16,0,20,inside,92,0.7922568917274475,1.2502989768981934
1532,16,0,20,ring_1,31,0.12339141964912415,0.423000305891037
1532,16,0,20,near_2_4,86,0.1115158423781395,0.3528969883918762
1532,16,0,20,mid_5_8,169,0.06707744300365448,0.2683078944683075
1532,16,0,20,far_gt8,646,0.11592168360948563,0.3305656909942627
1532,16,0,21,inside,92,0.7759901881217957,1.2369415760040283
1532,16,0,21,ring_1,31,0.12156649678945541,0.4212908446788788
1532,16,0,21,near_2_4,86,0.11544746905565262,0.3574236333370209
1532,16,0,21,mid_5_8,169,0.0708703100681305,0.2746008336544037
1532,16,0,21,far_gt8,646,0.12306433916091919,0.3389204442501068
1532,16,0,22,inside,92,0.7593563795089722,1.223323941230774
1532,16,0,22,ring_1,31,0.12095484882593155,0.42245858907699585
1532,16,0,22,near_2_4,86,0.12083543837070465,0.3637559711933136
1532,16,0,22,mid_5_8,169,0.06974305212497711,0.2747308611869812
1532,16,0,22,far_gt8,646,0.1244906485080719,0.34220629930496216
1532,16,0,23,inside,92,0.7098225355148315,1.182627558708191
1532,16,0,23,ring_1,31,0.1129891499876976,0.4130733609199524
1532,16,0,23,near_2_4,86,0.11832168698310852,0.3613409101963043
1532,16,0,23,mid_5_8,169,0.06971026957035065,0.27633967995643616
1532,16,0,23,far_gt8,646,0.12306718528270721,0.3427909016609192
1532,16,0,24,inside,92,0.7129143476486206,1.1852385997772217
1532,16,0,24,ring_1,31,0.1050432026386261,0.39953044056892395
1532,16,0,24,near_2_4,86,0.13352781534194946,0.3777247667312622
1532,16,0,24,mid_5_8,169,0.07818492501974106,0.2890007793903351
1532,16,0,24,far_gt8,646,0.13491830229759216,0.36141636967658997
1532,16,0,25,inside,92,0.6617708206176758,1.1408978700637817
1532,16,0,25,ring_1,31,0.09701612591743469,0.38705161213874817
1532,16,0,25,near_2_4,86,0.13089483976364136,0.3759992718696594
1532,16,0,25,mid_5_8,169,0.07494080811738968,0.2856566905975342
1532,16,0,25,far_gt8,646,0.13232459127902985,0.36124131083488464
1532,16,0,26,inside,92,0.6710289716720581,1.1484893560409546
1532,16,0,26,ring_1,31,0.0976109728217125,0.3894861936569214
1532,16,0,26,near_2_4,86,0.137822687625885,0.3866516053676605
1532,16,0,26,mid_5_8,169,0.08130571246147156,0.2990519106388092
1532,16,0,26,far_gt8,646,0.13901729881763458,0.3752126097679138
1532,16,0,27,inside,92,0.7401608824729919,1.2071584463119507
1532,16,0,27,ring_1,31,0.10788539052009583,0.40739864110946655
1532,16,0,27,near_2_4,86,0.1504034399986267,0.40492528676986694
1532,16,0,27,mid_5_8,169,0.0901326984167099,0.31708577275276184
1532,16,0,27,far_gt8,646,0.15497566759586334,0.39895200729370117
1584,17,1,0,inside,12,0.025715991854667664,0.2215130776166916
1584,17,1,0,ring_1,20,-1.7881394143159923e-08,0.0
1584,17,1,0,near_2_4,56,2.6609216163819838e-08,0.0
1584,17,1,0,mid_5_8,126,-1.5137688436084318e-08,0.0
1584,17,1,0,far_gt8,810,-1.471719690560036e-10,0.0
1584,17,1,1,inside,12,0.057760268449783325,0.32933616638183594
1584,17,1,1,ring_1,20,8.660555067763198e-06,0.004086775239557028
1584,17,1,1,near_2_4,56,4.295791768527124e-06,0.0028721019625663757
1584,17,1,1,mid_5_8,126,2.1424557417049073e-06,0.0019677099771797657
1584,17,1,1,far_gt8,810,1.861872533481801e-06,0.0018035342218354344
1584,17,1,2,inside,12,0.21050810813903809,0.6290069818496704
1584,17,1,2,ring_1,20,0.0020236640702933073,0.04898090288043022
1584,17,1,2,near_2_4,56,4.1830753616523e-05,0.00863600242882967
1584,17,1,2,mid_5_8,126,1.4881293282087427e-05,0.005283688195049763
1584,17,1,2,far_gt8,810,1.0031314559455495e-05,0.00432226387783885
1584,17,1,3,inside,12,0.36404260993003845,0.8309624791145325
1584,17,1,3,ring_1,20,0.006972113158553839,0.10286159813404083
1584,17,1,3,near_2_4,56,0.00024246743123512715,0.020473169162869453
1584,17,1,3,mid_5_8,126,7.402282062685117e-05,0.01116670947521925
1584,17,1,3,far_gt8,810,3.845132596325129e-05,0.008055044338107109
1584,17,1,4,inside,12,0.40230998396873474,0.87286376953125
1584,17,1,4,ring_1,20,0.015771880745887756,0.14921227097511292
1584,17,1,4,near_2_4,56,0.0004515168839134276,0.027739664539694786
1584,17,1,4,mid_5_8,126,0.0001586902653798461,0.01575854793190956
1584,17,1,4,far_gt8,810,8.347306720679626e-05,0.01142239198088646
1584,17,1,5,inside,12,0.4047660827636719,0.8785448670387268
1584,17,1,5,ring_1,20,0.02118099108338356,0.1772911548614502
1584,17,1,5,near_2_4,56,0.0008088179747574031,0.03654951602220535
1584,17,1,5,mid_5_8,126,0.00024937730631791055,0.019970402121543884
1584,17,1,5,far_gt8,810,0.00011520577390911058,0.013408281840384007
1584,17,1,6,inside,12,0.46015283465385437,0.9404136538505554
1584,17,1,6,ring_1,20,0.03292084485292435,0.2246943712234497
1584,17,1,6,near_2_4,56,0.0014044269919395447,0.04715331643819809
1584,17,1,6,mid_5_8,126,0.00033876820816658437,0.023292340338230133
1584,17,1,6,far_gt8,810,0.000159539413289167,0.015674332156777382
1584,17,1,7,inside,12,0.5051905512809753,0.9855804443359375
1584,17,1,7,ring_1,20,0.036559201776981354,0.23706042766571045
1584,17,1,7,near_2_4,56,0.0022182390093803406,0.05886612460017204
1584,17,1,7,mid_5_8,126,0.0004611128824763,0.027266141027212143
1584,17,1,7,far_gt8,810,0.00018544174963608384,0.01670464128255844
1584,17,1,8,inside,12,0.5111097693443298,0.9928719997406006
1584,17,1,8,ring_1,20,0.04215855151414871,0.25483331084251404
1584,17,1,8,near_2_4,56,0.0027664017397910357,0.06614851206541061
1584,17,1,8,mid_5_8,126,0.0005165026523172855,0.02914717234671116
1584,17,1,8,far_gt8,810,0.0002426009887130931,0.01853678934276104
1584,17,1,9,inside,12,0.4971877634525299,0.9785683751106262
1584,17,1,9,ring_1,20,0.04381577670574188,0.2606833875179291
1584,17,1,9,near_2_4,56,0.00318515719845891,0.0712994709610939
1584,17,1,9,mid_5_8,126,0.0005605220794677734,0.03015550971031189
1584,17,1,9,far_gt8,810,0.0002916695084422827,0.019572459161281586
1584,17,1,10,inside,12,0.5138748288154602,0.9991924166679382
1584,17,1,10,ring_1,20,0.04583526402711868,0.2663341164588928
1584,17,1,10,near_2_4,56,0.0036312532611191273,0.07549871504306793
1584,17,1,10,mid_5_8,126,0.0006054559489712119,0.03139417991042137
1584,17,1,10,far_gt8,810,0.0003446434857323766,0.020463215187191963
1584,17,1,11,inside,12,0.5541880130767822,1.038109302520752
1584,17,1,11,ring_1,20,0.05133173614740372,0.2812826335430145
1584,17,1,11,near_2_4,56,0.0040773856453597546,0.08020535856485367
1584,17,1,11,mid_5_8,126,0.0007457283791154623,0.03426523879170418
1584,17,1,11,far_gt8,810,0.0004290912766009569,0.022249536588788033
1584,17,1,12,inside,12,0.5532536506652832,1.0382331609725952
1584,17,1,12,ring_1,20,0.05272799730300903,0.28360429406166077
1584,17,1,12,near_2_4,56,0.005853960756212473,0.09237285703420639
1584,17,1,12,mid_5_8,126,0.0016627481672912836,0.043510764837265015
1584,17,1,12,far_gt8,810,0.0010255520464852452,0.03183560073375702
1584,17,1,13,inside,12,0.601801335811615,1.0832208395004272
1584,17,1,13,ring_1,20,0.057431627064943314,0.2943553626537323
1584,17,1,13,near_2_4,56,0.00794941745698452,0.10196328163146973
1584,17,1,13,mid_5_8,126,0.002196664921939373,0.04672202467918396
1584,17,1,13,far_gt8,810,0.0014392153825610876,0.03566350042819977
1584,17,1,14,inside,12,0.6183770298957825,1.0993348360061646
1584,17,1,14,ring_1,20,0.061602633446455,0.29953664541244507
1584,17,1,14,near_2_4,56,0.012460763566195965,0.11069577187299728
1584,17,1,14,mid_5_8,126,0.0036172166001051664,0.050550565123558044
1584,17,1,14,far_gt8,810,0.002618221566081047,0.04344692826271057
1584,17,1,15,inside,12,0.6767838597297668,1.1480350494384766
1584,17,1,15,ring_1,20,0.06485960632562637,0.30740758776664734
1584,17,1,15,near_2_4,56,0.013473535887897015,0.11556504666805267
1584,17,1,15,mid_5_8,126,0.0039029400795698166,0.05215408653020859
1584,17,1,15,far_gt8,810,0.0032327573280781507,0.04604471102356911
1584,17,1,16,inside,12,0.699436604976654,1.166233777999878
1584,17,1,16,ring_1,20,0.06491192430257797,0.30823656916618347
1584,17,1,16,near_2_4,56,0.014188854023814201,0.12103468924760818
1584,17,1,16,mid_5_8,126,0.004377533216029406,0.0558067224919796
1584,17,1,16,far_gt8,810,0.00388866919092834,0.050635725259780884
1584,17,1,17,inside,12,0.7227550148963928,1.1836949586868286
1584,17,1,17,ring_1,20,0.06839416176080704,0.31411212682724
1584,17,1,17,near_2_4,56,0.015199562534689903,0.12429157644510269
1584,17,1,17,mid_5_8,126,0.004951792303472757,0.05800829455256462
1584,17,1,17,far_gt8,810,0.004577276296913624,0.05412895604968071
1584,17,1,18,inside,12,0.7768616676330566,1.2271407842636108
1584,17,1,18,ring_1,20,0.07291014492511749,0.325377881526947
1584,17,1,18,near_2_4,56,0.016524944454431534,0.1290576308965683
1584,17,1,18,mid_5_8,126,0.005582403391599655,0.060008905827999115
1584,17,1,18,far_gt8,810,0.005141436122357845,0.057464007288217545
1584,17,1,19,inside,12,0.791144073009491,1.2392436265945435
1584,17,1,19,ring_1,20,0.07391884177923203,0.3289163112640381
1584,17,1,19,near_2_4,56,0.017398972064256668,0.1339402198791504
1584,17,1,19,mid_5_8,126,0.00581649923697114,0.06404484808444977
1584,17,1,19,far_gt8,810,0.005738657899200916,0.06227710843086243
1584,17,1,20,inside,12,0.780933678150177,1.2289565801620483
1584,17,1,20,ring_1,20,0.068930983543396,0.3176949620246887
1584,17,1,20,near_2_4,56,0.016757603734731674,0.13315454125404358
1584,17,1,20,mid_5_8,126,0.0066482629626989365,0.06919962912797928
1584,17,1,20,far_gt8,810,0.007585469633340836,0.0719660148024559
1584,17,1,21,inside,12,0.7738609313964844,1.2242685556411743
1584,17,1,21,ring_1,20,0.06786616146564484,0.3139268755912781
1584,17,1,21,near_2_4,56,0.01829664222896099,0.13859480619430542
1584,17,1,21,mid_5_8,126,0.007225494831800461,0.07185587286949158
1584,17,1,21,far_gt8,810,0.008530554361641407,0.07684721797704697
1584,17,1,22,inside,12,0.750204861164093,1.2069014310836792
1584,17,1,22,ring_1,20,0.06541097164154053,0.30975085496902466
1584,17,1,22,near_2_4,56,0.01780131831765175,0.13999949395656586
1584,17,1,22,mid_5_8,126,0.007676956243813038,0.07426261156797409
1584,17,1,22,far_gt8,810,0.009012846276164055,0.0795501321554184
1584,17,1,23,inside,12,0.7137138247489929,1.1773555278778076
1584,17,1,23,ring_1,20,0.06172438710927963,0.30240318179130554
1584,17,1,23,near_2_4,56,0.01815837249159813,0.1430475264787674
1584,17,1,23,mid_5_8,126,0.007884618826210499,0.07782993465662003
1584,17,1,23,far_gt8,810,0.009970352053642273,0.08465602248907089
1584,17,1,24,inside,12,0.7145984768867493,1.169901728630066
1584,17,1,24,ring_1,20,0.057773809880018234,0.29305535554885864
1584,17,1,24,near_2_4,56,0.020392438396811485,0.15022481977939606
1584,17,1,24,mid_5_8,126,0.00889234896749258,0.08380266278982162
1584,17,1,24,far_gt8,810,0.0112981665879488,0.09082408994436264
1584,17,1,25,inside,12,0.6624870300292969,1.124733805656433
1584,17,1,25,ring_1,20,0.05545539781451225,0.28598856925964355
1584,17,1,25,near_2_4,56,0.022329315543174744,0.154098778963089
1584,17,1,25,mid_5_8,126,0.0091035021468997,0.08818367123603821
1584,17,1,25,far_gt8,810,0.01221325621008873,0.09610448777675629
1584,17,1,26,inside,12,0.6684911251068115,1.1294859647750854
1584,17,1,26,ring_1,20,0.05832899734377861,0.2931259870529175
1584,17,1,26,near_2_4,56,0.025572283193469048,0.167151540517807
1584,17,1,26,mid_5_8,126,0.011370363645255566,0.09901023656129837
1584,17,1,26,far_gt8,810,0.01561625674366951,0.1096942126750946
1584,17,1,27,inside,12,0.7347508072853088,1.1815828084945679
1584,17,1,27,ring_1,20,0.06748700141906738,0.31434208154678345
1584,17,1,27,near_2_4,56,0.02973620966076851,0.18118993937969208
1584,17,1,27,mid_5_8,126,0.013577797450125217,0.10989048331975937
1584,17,1,27,far_gt8,810,0.018394578248262405,0.12095189094543457
1818,20,0,0,inside,320,0.12232432514429092,0.4676436483860016
1818,20,0,0,ring_1,89,1.808230720712345e-08,0.0
1818,20,0,0,near_2_4,174,1.3702217138700234e-08,0.0
1818,20,0,0,mid_5_8,252,6.8592647117782235e-09,0.0
1818,20,0,0,far_gt8,189,3.1536848132951434e-10,0.0
1818,20,0,1,inside,320,0.17306271195411682,0.5591694712638855
1818,20,0,1,ring_1,89,0.0012090634554624557,0.048704180866479874
1818,20,0,1,near_2_4,174,0.0009389481856487691,0.042926426976919174
1818,20,0,1,mid_5_8,252,0.0008003200637176633,0.039528604596853256
1818,20,0,1,far_gt8,189,0.0008283714996650815,0.039526455104351044
1818,20,0,2,inside,320,0.29324302077293396,0.7505053281784058
1818,20,0,2,ring_1,89,0.014196943491697311,0.16356554627418518
1818,20,0,2,near_2_4,174,0.007508933078497648,0.12120325863361359
1818,20,0,2,mid_5_8,252,0.007058626040816307,0.11762946099042892
1818,20,0,2,far_gt8,189,0.006365500390529633,0.11167914420366287
1818,20,0,3,inside,320,0.4160279631614685,0.901257336139679
1818,20,0,3,ring_1,89,0.031511809676885605,0.23901769518852234
1818,20,0,3,near_2_4,174,0.012562724761664867,0.1576235294342041
1818,20,0,3,mid_5_8,252,0.01175426971167326,0.1522667557001114
1818,20,0,3,far_gt8,189,0.010351586155593395,0.1425127387046814
1818,20,0,4,inside,320,0.4340914785861969,0.9225232005119324
1818,20,0,4,ring_1,89,0.049223437905311584,0.29949116706848145
1818,20,0,4,near_2_4,174,0.01475414726883173,0.17075622081756592
1818,20,0,4,mid_5_8,252,0.012945244088768959,0.1599786877632141
1818,20,0,4,far_gt8,189,0.010948829352855682,0.14694847166538239
1818,20,0,5,inside,320,0.43747299909591675,0.9267174005508423
1818,20,0,5,ring_1,89,0.05947904288768768,0.33292534947395325
1818,20,0,5,near_2_4,174,0.01951340213418007,0.19659404456615448
1818,20,0,5,mid_5_8,252,0.016478901728987694,0.18054255843162537
1818,20,0,5,far_gt8,189,0.013829778879880905,0.16497370600700378
1818,20,0,6,inside,320,0.5422775149345398,1.0318604707717896
1818,20,0,6,ring_1,89,0.08669981360435486,0.3994353115558624
1818,20,0,6,near_2_4,174,0.02164287120103836,0.20527999103069305
1818,20,0,6,mid_5_8,252,0.01534385234117508,0.17349688708782196
1818,20,0,6,far_gt8,189,0.012224731966853142,0.1548003852367401
1818,20,0,7,inside,320,0.5941831469535828,1.0800232887268066
1818,20,0,7,ring_1,89,0.10394095629453659,0.4376471936702728
1818,20,0,7,near_2_4,174,0.02688167244195938,0.22819648683071136
1818,20,0,7,mid_5_8,252,0.01742842234671116,0.18465106189250946
1818,20,0,7,far_gt8,189,0.014886019751429558,0.16781164705753326
1818,20,0,8,inside,320,0.5794634819030762,1.0672199726104736
1818,20,0,8,ring_1,89,0.13370805978775024,0.4974956810474396
1818,20,0,8,near_2_4,174,0.03470052778720856,0.2587372064590454
1818,20,0,8,mid_5_8,252,0.02144774980843067,0.20476466417312622
1818,20,0,8,far_gt8,189,0.019190248101949692,0.18844084441661835
1818,20,0,9,inside,320,0.6021414399147034,1.08738112449646
1818,20,0,9,ring_1,89,0.15288856625556946,0.5360147953033447
1818,20,0,9,near_2_4,174,0.04848858341574669,0.3048022389411926
1818,20,0,9,mid_5_8,252,0.02891668677330017,0.23671256005764008
1818,20,0,9,far_gt8,189,0.027712831273674965,0.22248153388500214
1818,20,0,10,inside,320,0.6119083762168884,1.0966945886611938
1818,20,0,10,ring_1,89,0.17170009016990662,0.5674986839294434
1818,20,0,10,near_2_4,174,0.06020363047719002,0.33731362223625183
1818,20,0,10,mid_5_8,252,0.03634847328066826,0.26256251335144043
1818,20,0,10,far_gt8,189,0.03790954872965813,0.25711289048194885
1818,20,0,11,inside,320,0.6332135200500488,1.115695595741272
1818,20,0,11,ring_1,89,0.20000894367694855,0.6123722195625305
1818,20,0,11,near_2_4,174,0.08375661820173264,0.3948861062526703
1818,20,0,11,mid_5_8,252,0.05256520211696625,0.31286880373954773
1818,20,0,11,far_gt8,189,0.05582534521818161,0.310140997171402
1818,20,0,12,inside,320,0.646472156047821,1.127300500869751
1818,20,0,12,ring_1,89,0.22240962088108063,0.6444788575172424
1818,20,0,12,near_2_4,174,0.1073419600725174,0.44306427240371704
1818,20,0,12,mid_5_8,252,0.07339704781770706,0.36433273553848267
1818,20,0,12,far_gt8,189,0.07766702026128769,0.3637618124485016
1818,20,0,13,inside,320,0.6890133619308472,1.1640392541885376
1818,20,0,13,ring_1,89,0.25012895464897156,0.6829617023468018
1818,20,0,13,near_2_4,174,0.13160794973373413,0.48588189482688904
1818,20,0,13,mid_5_8,252,0.0948871597647667,0.4074857831001282
1818,20,0,13,far_gt8,189,0.09969857335090637,0.40761271119117737
1818,20,0,14,inside,320,0.7066663503646851,1.1797378063201904
1818,20,0,14,ring_1,89,0.2627090811729431,0.6999235153198242
1818,20,0,14,near_2_4,174,0.15611547231674194,0.5242620706558228
1818,20,0,14,mid_5_8,252,0.1206289753317833,0.45278528332710266
1818,20,0,14,far_gt8,189,0.1261802613735199,0.4531961977481842
1818,20,0,15,inside,320,0.747188150882721,1.2139047384262085
1818,20,0,15,ring_1,89,0.2892829179763794,0.7305974960327148
1818,20,0,15,near_2_4,174,0.1691122204065323,0.542152464389801
1818,20,0,15,mid_5_8,252,0.12944726645946503,0.466560959815979
1818,20,0,15,far_gt8,189,0.13905884325504303,0.47472721338272095
1818,20,0,16,inside,320,0.7658666372299194,1.2295124530792236
1818,20,0,16,ring_1,89,0.3088405132293701,0.7550696730613708
1818,20,0,16,near_2_4,174,0.18388156592845917,0.5663315653800964
1818,20,0,16,mid_5_8,252,0.14243684709072113,0.49125584959983826
1818,20,0,16,far_gt8,189,0.1558929681777954,0.5032646059989929
1818,20,0,17,inside,320,0.7810941338539124,1.24136221408844
1818,20,0,17,ring_1,89,0.30238500237464905,0.7456798553466797
1818,20,0,17,near_2_4,174,0.17855070531368256,0.5573951601982117
1818,20,0,17,mid_5_8,252,0.14120198786258698,0.48777589201927185
1818,20,0,17,far_gt8,189,0.15541590750217438,0.5037000775337219
1818,20,0,18,inside,320,0.7580490112304688,1.223010778427124
1818,20,0,18,ring_1,89,0.3106255829334259,0.7558624744415283
1818,20,0,18,near_2_4,174,0.1828615963459015,0.5616930723190308
1818,20,0,18,mid_5_8,252,0.14488236606121063,0.49231356382369995
1818,20,0,18,far_gt8,189,0.15812426805496216,0.5094760656356812
1818,20,0,19,inside,320,0.7898262739181519,1.248673677444458
1818,20,0,19,ring_1,89,0.33841514587402344,0.7899302840232849
1818,20,0,19,near_2_4,174,0.19595977663993835,0.5843461751937866
1818,20,0,19,mid_5_8,252,0.1559440940618515,0.5132080912590027
1818,20,0,19,far_gt8,189,0.17127005755901337,0.5307894349098206
1818,20,0,20,inside,320,0.7519192099571228,1.2180445194244385
1818,20,0,20,ring_1,89,0.32595521211624146,0.7754013538360596
1818,20,0,20,near_2_4,174,0.19108018279075623,0.5752583742141724
1818,20,0,20,mid_5_8,252,0.15188787877559662,0.5065556168556213
1818,20,0,20,far_gt8,189,0.1670973002910614,0.5241982936859131
1818,20,0,21,inside,320,0.726784884929657,1.195828914642334
1818,20,0,21,ring_1,89,0.31745412945747375,0.7654156684875488
1818,20,0,21,near_2_4,174,0.1874745637178421,0.567296028137207
1818,20,0,21,mid_5_8,252,0.14924339950084686,0.4982454776763916
1818,20,0,21,far_gt8,189,0.1618514358997345,0.5130847096443176
1818,20,0,22,inside,320,0.6999779939651489,1.173410177230835
1818,20,0,22,ring_1,89,0.3079712986946106,0.7558009028434753
1818,20,0,22,near_2_4,174,0.18275520205497742,0.5637412071228027
1818,20,0,22,mid_5_8,252,0.14821599423885345,0.49891459941864014
1818,20,0,22,far_gt8,189,0.16376706957817078,0.5186567902565002
1818,20,0,23,inside,320,0.6829102635383606,1.1583936214447021
1818,20,0,23,ring_1,89,0.31416988372802734,0.76419597864151
1818,20,0,23,near_2_4,174,0.19052430987358093,0.5768922567367554
1818,20,0,23,mid_5_8,252,0.1558755487203598,0.5107215642929077
1818,20,0,23,far_gt8,189,0.16835112869739532,0.5251467823982239
1818,20,0,24,inside,320,0.6841263175010681,1.1589086055755615
1818,20,0,24,ring_1,89,0.33646366000175476,0.7884740829467773
1818,20,0,24,near_2_4,174,0.2034534513950348,0.5992415547370911
1818,20,0,24,mid_5_8,252,0.16667553782463074,0.529664158821106
1818,20,0,24,far_gt8,189,0.1800662875175476,0.5436462163925171
1818,20,0,25,inside,320,0.6434661746025085,1.1222106218338013
1818,20,0,25,ring_1,89,0.35667261481285095,0.8120586276054382
1818,20,0,25,near_2_4,174,0.2110765129327774,0.6085779666900635
1818,20,0,25,mid_5_8,252,0.1748950332403183,0.5409559607505798
1818,20,0,25,far_gt8,189,0.18646422028541565,0.5516440272331238
1818,20,0,26,inside,320,0.6684264540672302,1.1427549123764038
1818,20,0,26,ring_1,89,0.39243435859680176,0.8523805737495422
1818,20,0,26,near_2_4,174,0.24267832934856415,0.6516247987747192
1818,20,0,26,mid_5_8,252,0.19438569247722626,0.5686752200126648
1818,20,0,26,far_gt8,189,0.20489150285720825,0.5768889784812927
1818,20,0,27,inside,320,0.7000795602798462,1.1702955961227417
1818,20,0,27,ring_1,89,0.4040776789188385,0.8676209449768066
1818,20,0,27,near_2_4,174,0.25391554832458496,0.6709265112876892
1818,20,0,27,mid_5_8,252,0.20465536415576935,0.5875097513198853
1818,20,0,27,far_gt8,189,0.2170165777206421,0.5983859896659851
1993,21,0,0,inside,199,0.03043459728360176,0.22386358678340912
1993,21,0,0,ring_1,66,4.515503526647535e-09,0.0
1993,21,0,0,near_2_4,128,9.778887033462524e-09,0.0
1993,21,0,0,mid_5_8,186,3.525005842774931e-09,0.0
1993,21,0,0,far_gt8,445,1.232275792517612e-08,0.0
1993,21,0,1,inside,199,0.11258827894926071,0.451183021068573
1993,21,0,1,ring_1,66,0.00012710419832728803,0.015349268913269043
1993,21,0,1,near_2_4,128,0.0001133214682340622,0.01453934796154499
1993,21,0,1,mid_5_8,186,8.91233648872003e-05,0.012868746183812618
1993,21,0,1,far_gt8,445,9.288613364333287e-05,0.01276897732168436
1993,21,0,2,inside,199,0.2576889991760254,0.7078410387039185
1993,21,0,2,ring_1,66,0.009455198422074318,0.1278732568025589
1993,21,0,2,near_2_4,128,0.0026072771288454533,0.07142399251461029
1993,21,0,2,mid_5_8,186,0.0019286538008600473,0.06152675300836563
1993,21,0,2,far_gt8,445,0.0013653254136443138,0.05158804729580879
1993,21,0,3,inside,199,0.4240710139274597,0.9153226017951965
1993,21,0,3,ring_1,66,0.030025217682123184,0.22669671475887299
1993,21,0,3,near_2_4,128,0.006340970750898123,0.10975763946771622
1993,21,0,3,mid_5_8,186,0.004215967375785112,0.0900784581899643
1993,21,0,3,far_gt8,445,0.0026885701809078455,0.07132268697023392
1993,21,0,4,inside,199,0.48180752992630005,0.9776445031166077
1993,21,0,4,ring_1,66,0.06142266467213631,0.32348430156707764
1993,21,0,4,near_2_4,128,0.011606395244598389,0.1439058780670166
1993,21,0,4,mid_5_8,186,0.005759313702583313,0.10496131330728531
1993,21,0,4,far_gt8,445,0.004393783863633871,0.08704611659049988
1993,21,0,5,inside,199,0.47805696725845337,0.973682165145874
1993,21,0,5,ring_1,66,0.07575894147157669,0.3619548976421356
1993,21,0,5,near_2_4,128,0.01753205806016922,0.17348550260066986
1993,21,0,5,mid_5_8,186,0.007712009362876415,0.12151690572500229
1993,21,0,5,far_gt8,445,0.006002509035170078,0.10081807523965836
1993,21,0,6,inside,199,0.5696877241134644,1.0631986856460571
1993,21,0,6,ring_1,66,0.10896358639001846,0.4361324906349182
1993,21,0,6,near_2_4,128,0.02941347472369671,0.21336445212364197
1993,21,0,6,mid_5_8,186,0.009604709222912788,0.13502095639705658
1993,21,0,6,far_gt8,445,0.009458762593567371,0.11706934124231339
1993,21,0,7,inside,199,0.6063866019248962,1.0969301462173462
1993,21,0,7,ring_1,66,0.13612216711044312,0.4871743619441986
1993,21,0,7,near_2_4,128,0.04459328204393387,0.2535562813282013
1993,21,0,7,mid_5_8,186,0.011887411586940289,0.14924536645412445
1993,21,0,7,far_gt8,445,0.013795268721878529,0.13151007890701294
1993,21,0,8,inside,199,0.5962801575660706,1.087656021118164
1993,21,0,8,ring_1,66,0.15990787744522095,0.5340884327888489
1993,21,0,8,near_2_4,128,0.054384686052799225,0.2811807096004486
1993,21,0,8,mid_5_8,186,0.014381895773112774,0.16411130130290985
1993,21,0,8,far_gt8,445,0.016766538843512535,0.14537033438682556
1993,21,0,9,inside,199,0.6167374849319458,1.105271339416504
1993,21,0,9,ring_1,66,0.1839544028043747,0.5733575820922852
1993,21,0,9,near_2_4,128,0.06789320707321167,0.31067731976509094
1993,21,0,9,mid_5_8,186,0.017514808103442192,0.1793893724679947
1993,21,0,9,far_gt8,445,0.02095494605600834,0.1598767340183258
1993,21,0,10,inside,199,0.6211860179901123,1.1091341972351074
1993,21,0,10,ring_1,66,0.19593507051467896,0.5912958979606628
1993,21,0,10,near_2_4,128,0.07630429416894913,0.3300165832042694
1993,21,0,10,mid_5_8,186,0.020827122032642365,0.1951417475938797
1993,21,0,10,far_gt8,445,0.025451961904764175,0.17993232607841492
1993,21,0,11,inside,199,0.6518388986587524,1.1359665393829346
1993,21,0,11,ring_1,66,0.22209016978740692,0.6290202140808105
1993,21,0,11,near_2_4,128,0.08801119029521942,0.3530060648918152
1993,21,0,11,mid_5_8,186,0.025073731318116188,0.2119525969028473
1993,21,0,11,far_gt8,445,0.03049737587571144,0.19835485517978668
1993,21,0,12,inside,199,0.6696097254753113,1.1513608694076538
1993,21,0,12,ring_1,66,0.227779358625412,0.6355053186416626
1993,21,0,12,near_2_4,128,0.09762683510780334,0.370199054479599
1993,21,0,12,mid_5_8,186,0.03259282931685448,0.23589596152305603
1993,21,0,12,far_gt8,445,0.03741001337766647,0.22007259726524353
1993,21,0,13,inside,199,0.7081318497657776,1.1837650537490845
1993,21,0,13,ring_1,66,0.2605513334274292,0.6793318390846252
1993,21,0,13,near_2_4,128,0.11408310383558273,0.3974405527114868
1993,21,0,13,mid_5_8,186,0.043041378259658813,0.2630830705165863
1993,21,0,13,far_gt8,445,0.04686738923192024,0.24480175971984863
1993,21,0,14,inside,199,0.726317286491394,1.1989200115203857
1993,21,0,14,ring_1,66,0.27971360087394714,0.7007885575294495
1993,21,0,14,near_2_4,128,0.13068720698356628,0.4172409176826477
1993,21,0,14,mid_5_8,186,0.05418014898896217,0.28563374280929565
1993,21,0,14,far_gt8,445,0.05784854292869568,0.2638956308364868
1993,21,0,15,inside,199,0.7613985538482666,1.2281018495559692
1993,21,0,15,ring_1,66,0.31407132744789124,0.743636429309845
1993,21,0,15,near_2_4,128,0.13906584680080414,0.43343451619148254
1993,21,0,15,mid_5_8,186,0.061630941927433014,0.29877355694770813
1993,21,0,15,far_gt8,445,0.06481199711561203,0.27656102180480957
1993,21,0,16,inside,199,0.7825797200202942,1.2454922199249268
1993,21,0,16,ring_1,66,0.3261958360671997,0.75697261095047
1993,21,0,16,near_2_4,128,0.14388076961040497,0.44130218029022217
1993,21,0,16,mid_5_8,186,0.07076606154441833,0.3146265745162964
1993,21,0,16,far_gt8,445,0.07266851514577866,0.2907898724079132
1993,21,0,17,inside,199,0.7833083271980286,1.246422290802002
1993,21,0,17,ring_1,66,0.32493746280670166,0.7540180087089539
1993,21,0,17,near_2_4,128,0.1426275372505188,0.4386046528816223
1993,21,0,17,mid_5_8,186,0.07330875843763351,0.3178282380104065
1993,21,0,17,far_gt8,445,0.07417432218790054,0.293754518032074
1993,21,0,18,inside,199,0.7768335342407227,1.241544485092163
1993,21,0,18,ring_1,66,0.3694813847541809,0.8009015321731567
1993,21,0,18,near_2_4,128,0.15580204129219055,0.45919492840766907
1993,21,0,18,mid_5_8,186,0.08035863935947418,0.33151233196258545
1993,21,0,18,far_gt8,445,0.07846826314926147,0.30261683464050293
1993,21,0,19,inside,199,0.8077180981636047,1.2661391496658325
1993,21,0,19,ring_1,66,0.3891221284866333,0.8233213424682617
1993,21,0,19,near_2_4,128,0.16602297127246857,0.47599905729293823
1993,21,0,19,mid_5_8,186,0.08563537150621414,0.3439065217971802
1993,21,0,19,far_gt8,445,0.08256267011165619,0.31347912549972534
1993,21,0,20,inside,199,0.7729412317276001,1.2380210161209106
1993,21,0,20,ring_1,66,0.37666165828704834,0.8096868991851807
1993,21,0,20,near_2_4,128,0.169661745429039,0.4810270071029663
1993,21,0,20,mid_5_8,186,0.08848264813423157,0.34928712248802185
1993,21,0,20,far_gt8,445,0.08442836254835129,0.3159787654876709
1993,21,0,21,inside,199,0.7430576086044312,1.213722825050354
1993,21,0,21,ring_1,66,0.3670576512813568,0.8005956411361694
1993,21,0,21,near_2_4,128,0.17821171879768372,0.49282270669937134
1993,21,0,21,mid_5_8,186,0.09305863827466965,0.35928821563720703
1993,21,0,21,far_gt8,445,0.0873514786362648,0.3236463665962219
1993,21,0,22,inside,199,0.7141216993331909,1.1895049810409546
1993,21,0,22,ring_1,66,0.35239386558532715,0.7863413691520691
1993,21,0,22,near_2_4,128,0.1788378357887268,0.4984930157661438
1993,21,0,22,mid_5_8,186,0.09357654303312302,0.3642175793647766
1993,21,0,22,far_gt8,445,0.08775624632835388,0.3290155529975891
1993,21,0,23,inside,199,0.683931291103363,1.1638065576553345
1993,21,0,23,ring_1,66,0.337074339389801,0.7678966522216797
1993,21,0,23,near_2_4,128,0.17504258453845978,0.4946889877319336
1993,21,0,23,mid_5_8,186,0.09544967114925385,0.36777931451797485
1993,21,0,23,far_gt8,445,0.08675473183393478,0.32818853855133057
1993,21,0,24,inside,199,0.6919001936912537,1.1706109046936035
1993,21,0,24,ring_1,66,0.34581848978996277,0.7794515490531921
1993,21,0,24,near_2_4,128,0.18672771751880646,0.5146936178207397
1993,21,0,24,mid_5_8,186,0.10760460048913956,0.39171549677848816
1993,21,0,24,far_gt8,445,0.09670128673315048,0.34878894686698914
1993,21,0,25,inside,199,0.6448303461074829,1.1292341947555542
1993,21,0,25,ring_1,66,0.32487982511520386,0.7596036195755005
1993,21,0,25,near_2_4,128,0.18704499304294586,0.5216956734657288
1993,21,0,25,mid_5_8,186,0.11301658302545547,0.40522849559783936
1993,21,0,25,far_gt8,445,0.10122853517532349,0.36174213886260986
1993,21,0,26,inside,199,0.6587954759597778,1.1415367126464844
1993,21,0,26,ring_1,66,0.33927464485168457,0.7761826515197754
1993,21,0,26,near_2_4,128,0.20334096252918243,0.5486144423484802
1993,21,0,26,mid_5_8,186,0.1334841549396515,0.44177907705307007
1993,21,0,26,far_gt8,445,0.11911837011575699,0.3976105749607086
1993,21,0,27,inside,199,0.7175621390342712,1.1911070346832275
1993,21,0,27,ring_1,66,0.3656534254550934,0.8033364415168762
1993,21,0,27,near_2_4,128,0.2209898978471756,0.5699493288993835
1993,21,0,27,mid_5_8,186,0.14851756393909454,0.4687180817127228
1993,21,0,27,far_gt8,445,0.13382361829280853,0.4247879683971405
2149,23,3,0,inside,88,0.015800852328538895,0.16571402549743652
2149,23,3,0,ring_1,37,9.665617639598167e-09,0.0
2149,23,3,0,near_2_4,67,-8.006594498510822e-09,0.0
2149,23,3,0,mid_5_8,113,-2.057151426981818e-08,0.0
2149,23,3,0,far_gt8,719,2.238282892363941e-09,0.0
2149,23,3,1,inside,88,0.018186157569289207,0.1696927398443222
2149,23,3,1,ring_1,37,3.2792220736155286e-05,0.00798974372446537
2149,23,3,1,near_2_4,67,2.8145846954430453e-05,0.00740684662014246
2149,23,3,1,mid_5_8,113,2.650244096003007e-05,0.007211454678326845
2149,23,3,1,far_gt8,719,2.0011410015285946e-05,0.0062007419764995575
2149,23,3,2,inside,88,0.07375991344451904,0.36212146282196045
2149,23,3,2,ring_1,37,0.002028998453170061,0.05507377162575722
2149,23,3,2,near_2_4,67,0.000314837961923331,0.0242034662514925
2149,23,3,2,mid_5_8,113,0.0002512467617634684,0.02163843624293804
2149,23,3,2,far_gt8,719,9.682339441496879e-05,0.013552350923418999
2149,23,3,3,inside,88,0.21213755011558533,0.637410044670105
2149,23,3,3,ring_1,37,0.014915453270077705,0.14492526650428772
2149,23,3,3,near_2_4,67,0.0014172587543725967,0.0499180443584919
2149,23,3,3,mid_5_8,113,0.0007184395799413323,0.036550335586071014
2149,23,3,3,far_gt8,719,0.00022384122712537646,0.020257359370589256
2149,23,3,4,inside,88,0.28100648522377014,0.7374189496040344
2149,23,3,4,ring_1,37,0.03236306831240654,0.21484026312828064
2149,23,3,4,near_2_4,67,0.003176329657435417,0.07566601783037186
2149,23,3,4,mid_5_8,113,0.0015348317101597786,0.05273333191871643
2149,23,3,4,far_gt8,719,0.0006441945442929864,0.033570438623428345
2149,23,3,5,inside,88,0.31077221035957336,0.777468740940094
2149,23,3,5,ring_1,37,0.04335160180926323,0.25528472661972046
2149,23,3,5,near_2_4,67,0.004536452703177929,0.09167202562093735
2149,23,3,5,mid_5_8,113,0.0022350100334733725,0.06428646296262741
2149,23,3,5,far_gt8,719,0.0009551524999551475,0.04048740491271019
2149,23,3,6,inside,88,0.3931947648525238,0.8731800317764282
2149,23,3,6,ring_1,37,0.06056433916091919,0.31080377101898193
2149,23,3,6,near_2_4,67,0.0069533418864011765,0.11241745203733444
2149,23,3,6,mid_5_8,113,0.003114604391157627,0.07592634856700897
2149,23,3,6,far_gt8,719,0.0012942190514877439,0.047776829451322556
2149,23,3,7,inside,88,0.4580702781677246,0.9415609240531921
2149,23,3,7,ring_1,37,0.07596096396446228,0.35137563943862915
2149,23,3,7,near_2_4,67,0.008994589559733868,0.12901215255260468
2149,23,3,7,mid_5_8,113,0.0038978219963610172,0.08545083552598953
2149,23,3,7,far_gt8,719,0.0016036209417507052,0.05327388271689415
2149,23,3,8,inside,88,0.41129541397094727,0.892343282699585
2149,23,3,8,ring_1,37,0.08136661350727081,0.3667137026786804
2149,23,3,8,near_2_4,67,0.01006699912250042,0.13792784512043
2149,23,3,8,mid_5_8,113,0.005080929026007652,0.09801514446735382
2149,23,3,8,far_gt8,719,0.0020741024054586887,0.060749370604753494
2149,23,3,9,inside,88,0.4364738464355469,0.9186543822288513
2149,23,3,9,ring_1,37,0.09118947386741638,0.39138263463974
2149,23,3,9,near_2_4,67,0.012998242862522602,0.15663017332553864
2149,23,3,9,mid_5_8,113,0.00685511389747262,0.11141003668308258
2149,23,3,9,far_gt8,719,0.002620910294353962,0.06827140599489212
2149,23,3,10,inside,88,0.4466334283351898,0.918343722820282
2149,23,3,10,ring_1,37,0.09106099605560303,0.39042627811431885
2149,23,3,10,near_2_4,67,0.015080977231264114,0.16599157452583313
2149,23,3,10,mid_5_8,113,0.008585392497479916,0.11995072662830353
2149,23,3,10,far_gt8,719,0.002896310295909643,0.07096480578184128
2149,23,3,11,inside,88,0.4626714885234833,0.9351865649223328
2149,23,3,11,ring_1,37,0.10515882074832916,0.41321122646331787
2149,23,3,11,near_2_4,67,0.01683603785932064,0.17355558276176453
2149,23,3,11,mid_5_8,113,0.011155384592711926,0.13272903859615326
2149,23,3,11,far_gt8,719,0.0034126995597034693,0.0768953338265419
2149,23,3,12,inside,88,0.4785200357437134,0.9507800936698914
2149,23,3,12,ring_1,37,0.1165783703327179,0.426307737827301
2149,23,3,12,near_2_4,67,0.018594777211546898,0.17988070845603943
2149,23,3,12,mid_5_8,113,0.013024220243096352,0.14252279698848724
2149,23,3,12,far_gt8,719,0.004466472193598747,0.08779584616422653
2149,23,3,13,inside,88,0.5321304798126221,1.00144362449646
2149,23,3,13,ring_1,37,0.14559529721736908,0.4730173945426941
2149,23,3,13,near_2_4,67,0.022065576165914536,0.19320596754550934
2149,23,3,13,mid_5_8,113,0.016179168596863747,0.15671996772289276
2149,23,3,13,far_gt8,719,0.00531778484582901,0.09511176496744156
2149,23,3,14,inside,88,0.5783344507217407,1.0453969240188599
2149,23,3,14,ring_1,37,0.1769876927137375,0.5035384297370911
2149,23,3,14,near_2_4,67,0.02584412507712841,0.20662012696266174
2149,23,3,14,mid_5_8,113,0.021842777729034424,0.17657914757728577
2149,23,3,14,far_gt8,719,0.006926886737346649,0.10490864515304565
2149,23,3,15,inside,88,0.611456573009491,1.0734034776687622
2149,23,3,15,ring_1,37,0.19247853755950928,0.5197662711143494
2149,23,3,15,near_2_4,67,0.030529405921697617,0.21615050733089447
2149,23,3,15,mid_5_8,113,0.02496243827044964,0.18222005665302277
2149,23,3,15,far_gt8,719,0.00806847307831049,0.10960375517606735
2149,23,3,16,inside,88,0.6437436938285828,1.1020119190216064
2149,23,3,16,ring_1,37,0.20519012212753296,0.5339151620864868
2149,23,3,16,near_2_4,67,0.03447065129876137,0.22455449402332306
2149,23,3,16,mid_5_8,113,0.028320763260126114,0.18800273537635803
2149,23,3,16,far_gt8,719,0.008952214382588863,0.11405964940786362
2149,23,3,17,inside,88,0.6512506604194641,1.1076114177703857
2149,23,3,17,ring_1,37,0.1986740231513977,0.5210767984390259
2149,23,3,17,near_2_4,67,0.03500216454267502,0.2238546907901764
2149,23,3,17,mid_5_8,113,0.028931230306625366,0.18878403306007385
2149,23,3,17,far_gt8,719,0.009433276951313019,0.11533885449171066
2149,23,3,18,inside,88,0.6677908301353455,1.122151255607605
2149,23,3,18,ring_1,37,0.21323759853839874,0.5393961071968079
2149,23,3,18,near_2_4,67,0.036821119487285614,0.22978438436985016
2149,23,3,18,mid_5_8,113,0.02952570840716362,0.18970823287963867
2149,23,3,18,far_gt8,719,0.010054468177258968,0.11814550310373306
2149,23,3,19,inside,88,0.6938109993934631,1.1440339088439941
2149,23,3,19,ring_1,37,0.2231394350528717,0.5509901642799377
2149,23,3,19,near_2_4,67,0.040527988225221634,0.24159759283065796
2149,23,3,19,mid_5_8,113,0.03193199634552002,0.2002774178981781
2149,23,3,19,far_gt8,719,0.011170636862516403,0.12405792623758316
2149,23,3,20,inside,88,0.6605578064918518,1.116963267326355
2149,23,3,20,ring_1,37,0.21530726552009583,0.5417249202728271
2149,23,3,20,near_2_4,67,0.03984515368938446,0.24000592529773712
2149,23,3,20,mid_5_8,113,0.03285394608974457,0.20339885354042053
2149,23,3,20,far_gt8,719,0.012240663170814514,0.12776459753513336
2149,23,3,21,inside,88,0.6422083377838135,1.1017377376556396
2149,23,3,21,ring_1,37,0.20574183762073517,0.5324922800064087
2149,23,3,21,near_2_4,67,0.040137648582458496,0.23936080932617188
2149,23,3,21,mid_5_8,113,0.03207555413246155,0.20274417102336884
2149,23,3,21,far_gt8,719,0.013224795460700989,0.1319042295217514
2149,23,3,22,inside,88,0.597671389579773,1.0630953311920166
2149,23,3,22,ring_1,37,0.19264046847820282,0.5161795616149902
2149,23,3,22,near_2_4,67,0.04091712459921837,0.24091076850891113
2149,23,3,22,mid_5_8,113,0.032506104558706284,0.20474563539028168
2149,23,3,22,far_gt8,719,0.014240655116736889,0.13576509058475494
2149,23,3,23,inside,88,0.605824887752533,1.0706653594970703
2149,23,3,23,ring_1,37,0.1976911723613739,0.5210149884223938
2149,23,3,23,near_2_4,67,0.041998181492090225,0.24346604943275452
2149,23,3,23,mid_5_8,113,0.03408654034137726,0.208992138504982
2149,23,3,23,far_gt8,719,0.015904923900961876,0.14175541698932648
2149,23,3,24,inside,88,0.6049607396125793,1.0698741674423218
2149,23,3,24,ring_1,37,0.20568957924842834,0.5301846265792847
2149,23,3,24,near_2_4,67,0.043490245938301086,0.2460157424211502
2149,23,3,24,mid_5_8,113,0.03789592161774635,0.21928326785564423
2149,23,3,24,far_gt8,719,0.01874655857682228,0.1504378616809845
2149,23,3,25,inside,88,0.5742492079734802,1.0436500310897827
2149,23,3,25,ring_1,37,0.20625363290309906,0.5298117399215698
2149,23,3,25,near_2_4,67,0.047096483409404755,0.2533589005470276
2149,23,3,25,mid_5_8,113,0.04456962272524834,0.23207508027553558
2149,23,3,25,far_gt8,719,0.02228606678545475,0.1617984175682068
2149,23,3,26,inside,88,0.5891861319541931,1.0576879978179932
2149,23,3,26,ring_1,37,0.21573317050933838,0.542016863822937
2149,23,3,26,near_2_4,67,0.05124616622924805,0.2669261395931244
2149,23,3,26,mid_5_8,113,0.05201152339577675,0.25198185443878174
2149,23,3,26,far_gt8,719,0.026823105290532112,0.17994140088558197
2149,23,3,27,inside,88,0.6318663954734802,1.0946663618087769
2149,23,3,27,ring_1,37,0.2293396294116974,0.5590567588806152
2149,23,3,27,near_2_4,67,0.05454036593437195,0.2764289677143097
2149,23,3,27,mid_5_8,113,0.057892490178346634,0.2685098648071289
2149,23,3,27,far_gt8,719,0.02984185703098774,0.19188536703586578
2153,24,0,0,inside,42,0.048025328665971756,0.2883918285369873
2153,24,0,0,ring_1,48,-1.9868215517249155e-08,0.0
2153,24,0,0,near_2_4,107,1.949684680369046e-08,0.0
2153,24,0,0,mid_5_8,200,7.1525572131747595e-09,0.0
2153,24,0,0,far_gt8,627,9.50632239593574e-10,0.0
2153,24,0,1,inside,42,0.1406141072511673,0.4994642734527588
2153,24,0,1,ring_1,48,1.2741734281007666e-05,0.004908273462206125
2153,24,0,1,near_2_4,107,9.522816981188953e-06,0.004278975538909435
2153,24,0,1,mid_5_8,200,7.503628694394138e-06,0.0038474872708320618
2153,24,0,1,far_gt8,627,7.613423804286867e-06,0.0038099801167845726
2153,24,0,2,inside,42,0.3001239001750946,0.7536686658859253
2153,24,0,2,ring_1,48,0.004856910556554794,0.08327305316925049
2153,24,0,2,near_2_4,107,0.000518280197866261,0.030898693948984146
2153,24,0,2,mid_5_8,200,0.0003074300184380263,0.02436407096683979
2153,24,0,2,far_gt8,627,0.00020780792692676187,0.01985698938369751
2153,24,0,3,inside,42,0.41062864661216736,0.891100287437439
2153,24,0,3,ring_1,48,0.01367256697267294,0.14230793714523315
2153,24,0,3,near_2_4,107,0.0010898280888795853,0.044437605887651443
2153,24,0,3,mid_5_8,200,0.0006353884818963706,0.03480201214551926
2153,24,0,3,far_gt8,627,0.0003827325417660177,0.02670346200466156
2153,24,0,4,inside,42,0.4439893066883087,0.9279542565345764
2153,24,0,4,ring_1,48,0.0235001090914011,0.18648837506771088
2153,24,0,4,near_2_4,107,0.0017930642934516072,0.05643424764275551
2153,24,0,4,mid_5_8,200,0.0011504444992169738,0.044961798936128616
2153,24,0,4,far_gt8,627,0.000575268582906574,0.03241242840886116
2153,24,0,5,inside,42,0.43876075744628906,0.9249791502952576
2153,24,0,5,ring_1,48,0.03154032304883003,0.2192353755235672
2153,24,0,5,near_2_4,107,0.0028372658416628838,0.07106239348649979
2153,24,0,5,mid_5_8,200,0.0020749694667756557,0.058902814984321594
2153,24,0,5,far_gt8,627,0.0009840120328590274,0.041815828531980515
2153,24,0,6,inside,42,0.48002928495407104,0.9683506488800049
2153,24,0,6,ring_1,48,0.047848135232925415,0.27235642075538635
2153,24,0,6,near_2_4,107,0.005219720769673586,0.09301622211933136
2153,24,0,6,mid_5_8,200,0.004461293108761311,0.07972043752670288
2153,24,0,6,far_gt8,627,0.0017325315857306123,0.052996620535850525
2153,24,0,7,inside,42,0.49755337834358215,0.9865436553955078
2153,24,0,7,ring_1,48,0.055440012365579605,0.293610543012619
2153,24,0,7,near_2_4,107,0.007814505137503147,0.11529730260372162
2153,24,0,7,mid_5_8,200,0.006487182807177305,0.09483882784843445
2153,24,0,7,far_gt8,627,0.002323587890714407,0.05929228290915489
2153,24,0,8,inside,42,0.47251859307289124,0.9623841047286987
2153,24,0,8,ring_1,48,0.06386686116456985,0.3157787024974823
2153,24,0,8,near_2_4,107,0.009375999681651592,0.12546406686306
2153,24,0,8,mid_5_8,200,0.008583355695009232,0.10630911588668823
2153,24,0,8,far_gt8,627,0.0030302321538329124,0.0671427845954895
2153,24,0,9,inside,42,0.4484480023384094,0.9367846250534058
2153,24,0,9,ring_1,48,0.06736429780721664,0.32525303959846497
2153,24,0,9,near_2_4,107,0.011989956721663475,0.14107565581798553
2153,24,0,9,mid_5_8,200,0.011749283410608768,0.12176009267568588
2153,24,0,9,far_gt8,627,0.004454486072063446,0.07762771099805832
2153,24,0,10,inside,42,0.47520509362220764,0.9646722674369812
2153,24,0,10,ring_1,48,0.07370728999376297,0.33948901295661926
2153,24,0,10,near_2_4,107,0.014743227511644363,0.15498894453048706
2153,24,0,10,mid_5_8,200,0.015183870680630207,0.13500149548053741
2153,24,0,10,far_gt8,627,0.005890442989766598,0.08472196012735367
2153,24,0,11,inside,42,0.5081964135169983,0.9984990358352661
2153,24,0,11,ring_1,48,0.0811460092663765,0.3575018346309662
2153,24,0,11,near_2_4,107,0.018880661576986313,0.17325028777122498
2153,24,0,11,mid_5_8,200,0.019190574064850807,0.15089648962020874
2153,24,0,11,far_gt8,627,0.008148843422532082,0.09582245349884033
2153,24,0,12,inside,42,0.49778228998184204,0.9873005747795105
2153,24,0,12,ring_1,48,0.0836963951587677,0.36290326714515686
2153,24,0,12,near_2_4,107,0.022605659440159798,0.1876290887594223
2153,24,0,12,mid_5_8,200,0.02503299154341221,0.16996067762374878
2153,24,0,12,far_gt8,627,0.010703261010348797,0.1076546385884285
2153,24,0,13,inside,42,0.513940155506134,1.0040419101715088
2153,24,0,13,ring_1,48,0.09408643841743469,0.38473477959632874
2153,24,0,13,near_2_4,107,0.028680885210633278,0.2101803570985794
2153,24,0,13,mid_5_8,200,0.03125203028321266,0.19327549636363983
2153,24,0,13,far_gt8,627,0.014548933133482933,0.12239084392786026
2153,24,0,14,inside,42,0.523777961730957,1.0132811069488525
2153,24,0,14,ring_1,48,0.09958604723215103,0.3927377164363861
2153,24,0,14,near_2_4,107,0.03384482488036156,0.22244346141815186
2153,24,0,14,mid_5_8,200,0.03619827330112457,0.20882631838321686
2153,24,0,14,far_gt8,627,0.01815292425453663,0.13855819404125214
2153,24,0,15,inside,42,0.5674586892127991,1.0540212392807007
2153,24,0,15,ring_1,48,0.11314680427312851,0.41731956601142883
2153,24,0,15,near_2_4,107,0.040637291967868805,0.24038517475128174
2153,24,0,15,mid_5_8,200,0.04213164001703262,0.2256857454776764
2153,24,0,15,far_gt8,627,0.022062884643673897,0.15096603333950043
2153,24,0,16,inside,42,0.6097933650016785,1.093430995941162
2153,24,0,16,ring_1,48,0.12215810269117355,0.43202945590019226
2153,24,0,16,near_2_4,107,0.04429503530263901,0.25032567977905273
2153,24,0,16,mid_5_8,200,0.04703466594219208,0.2376905381679535
2153,24,0,16,far_gt8,627,0.02520563080906868,0.16157259047031403
2153,24,0,17,inside,42,0.6269952058792114,1.1080238819122314
2153,24,0,17,ring_1,48,0.12335432320833206,0.43459367752075195
2153,24,0,17,near_2_4,107,0.04733237624168396,0.25837892293930054
2153,24,0,17,mid_5_8,200,0.05182323604822159,0.24704647064208984
2153,24,0,17,far_gt8,627,0.027690518647432327,0.1705237329006195
2153,24,0,18,inside,42,0.6598435044288635,1.1357440948486328
2153,24,0,18,ring_1,48,0.12952937185764313,0.4478226602077484
2153,24,0,18,near_2_4,107,0.051482103765010834,0.26862001419067383
2153,24,0,18,mid_5_8,200,0.056733712553977966,0.25915125012397766
2153,24,0,18,far_gt8,627,0.030814601108431816,0.18068969249725342
2153,24,0,19,inside,42,0.6912155151367188,1.1635732650756836
2153,24,0,19,ring_1,48,0.1391199380159378,0.4680894911289215
2153,24,0,19,near_2_4,107,0.055985476821660995,0.2808396518230438
2153,24,0,19,mid_5_8,200,0.06191457435488701,0.27146852016448975
2153,24,0,19,far_gt8,627,0.03382686898112297,0.1895715743303299
2153,24,0,20,inside,42,0.6792570352554321,1.153078317642212
2153,24,0,20,ring_1,48,0.1398484855890274,0.4687798023223877
2153,24,0,20,near_2_4,107,0.0582103468477726,0.2848726809024811
2153,24,0,20,mid_5_8,200,0.0655304566025734,0.27965155243873596
2153,24,0,20,far_gt8,627,0.037974365055561066,0.20060618221759796
2153,24,0,21,inside,42,0.6440339088439941,1.1231690645217896
2153,24,0,21,ring_1,48,0.13616178929805756,0.46183860301971436
2153,24,0,21,near_2_4,107,0.05853448063135147,0.2868283987045288
2153,24,0,21,mid_5_8,200,0.0678071528673172,0.28630948066711426
2153,24,0,21,far_gt8,627,0.04053235426545143,0.20788148045539856
2153,24,0,22,inside,42,0.6376412510871887,1.1167898178100586
2153,24,0,22,ring_1,48,0.1306523233652115,0.4528766870498657
2153,24,0,22,near_2_4,107,0.05694584548473358,0.2807933986186981
2153,24,0,22,mid_5_8,200,0.07260603457689285,0.29210036993026733
2153,24,0,22,far_gt8,627,0.04154692590236664,0.210633784532547
2153,24,0,23,inside,42,0.6243526935577393,1.1040594577789307
2153,24,0,23,ring_1,48,0.12723371386528015,0.4403327405452728
2153,24,0,23,near_2_4,107,0.05565911531448364,0.27420350909233093
2153,24,0,23,mid_5_8,200,0.08098573982715607,0.30129387974739075
2153,24,0,23,far_gt8,627,0.04415106400847435,0.21602210402488708
2153,24,0,24,inside,42,0.6068951487541199,1.0868041515350342
2153,24,0,24,ring_1,48,0.12158835679292679,0.429673433303833
2153,24,0,24,near_2_4,107,0.05651471018791199,0.27596548199653625
2153,24,0,24,mid_5_8,200,0.08339729905128479,0.30808183550834656
2153,24,0,24,far_gt8,627,0.047511812299489975,0.22713540494441986
2153,24,0,25,inside,42,0.5688530206680298,1.0512545108795166
2153,24,0,25,ring_1,48,0.12062638252973557,0.4245556890964508
2153,24,0,25,near_2_4,107,0.05714396759867668,0.27548375725746155
2153,24,0,25,mid_5_8,200,0.08526375144720078,0.3116253614425659
2153,24,0,25,far_gt8,627,0.05098452419042587,0.23666632175445557
2153,24,0,26,inside,42,0.5679579973220825,1.0489200353622437
2153,24,0,26,ring_1,48,0.1272944211959839,0.43746933341026306
2153,24,0,26,near_2_4,107,0.0640101507306099,0.2922004759311676
2153,24,0,26,mid_5_8,200,0.09703564643859863,0.33767086267471313
2153,24,0,26,far_gt8,627,0.05769827589392662,0.25735020637512207
2153,24,0,27,inside,42,0.6215738654136658,1.0967516899108887
2153,24,0,27,ring_1,48,0.1388072967529297,0.45726123452186584
2153,24,0,27,near_2_4,107,0.07268920540809631,0.3109305500984192
2153,24,0,27,mid_5_8,200,0.1118641272187233,0.3627783954143524
2153,24,0,27,far_gt8,627,0.06687537580728531,0.2778671979904175
2157,25,1,0,inside,151,0.05309581011533737,0.29408958554267883
2157,25,1,0,ring_1,40,2.9802322387695312e-08,0.0
2157,25,1,0,near_2_4,107,2.116800423834775e-08,0.0
2157,25,1,0,mid_5_8,175,4.427773703241655e-09,0.0
2157,25,1,0,far_gt8,551,6.490524118163421e-09,0.0
2157,25,1,1,inside,151,0.12409548461437225,0.44172197580337524
2157,25,1,1,ring_1,40,0.00010066628601634875,0.013820337131619453
2157,25,1,1,near_2_4,107,9.648710692999884e-05,0.013557438738644123
2157,25,1,1,mid_5_8,175,8.343117224285379e-05,0.012670463882386684
2157,25,1,1,far_gt8,551,7.332658424274996e-05,0.011861301027238369
2157,25,1,2,inside,151,0.2511422634124756,0.6713606715202332
2157,25,1,2,ring_1,40,0.005451381206512451,0.0994163528084755
2157,25,1,2,near_2_4,107,0.0017192441737279296,0.056340157985687256
2157,25,1,2,mid_5_8,175,0.0010129560250788927,0.04412388056516647
2157,25,1,2,far_gt8,551,0.0006991025293245912,0.03672574833035469
2157,25,1,3,inside,151,0.4033910930156708,0.8859065771102905
2157,25,1,3,ring_1,40,0.030823325738310814,0.22752025723457336
2157,25,1,3,near_2_4,107,0.004093852359801531,0.08660373836755753
2157,25,1,3,mid_5_8,175,0.0021824489813297987,0.06409018486738205
2157,25,1,3,far_gt8,551,0.0014192437520250678,0.052175696939229965
2157,25,1,4,inside,151,0.463801771402359,0.9561145901679993
2157,25,1,4,ring_1,40,0.0364471860229969,0.2520090341567993
2157,25,1,4,near_2_4,107,0.0056489817798137665,0.1019287109375
2157,25,1,4,mid_5_8,175,0.003112487029284239,0.07616806030273438
2157,25,1,4,far_gt8,551,0.001868566032499075,0.05971410125494003
2157,25,1,5,inside,151,0.4645172655582428,0.9577386975288391
2157,25,1,5,ring_1,40,0.05093388631939888,0.29551833868026733
2157,25,1,5,near_2_4,107,0.006940900813788176,0.11367907375097275
2157,25,1,5,mid_5_8,175,0.003934959881007671,0.08571288734674454
2157,25,1,5,far_gt8,551,0.0022375050466507673,0.0647737979888916
2157,25,1,6,inside,151,0.5599857568740845,1.0527926683425903
2157,25,1,6,ring_1,40,0.07903352379798889,0.36594265699386597
2157,25,1,6,near_2_4,107,0.009687550365924835,0.1332181990146637
2157,25,1,6,mid_5_8,175,0.004992377012968063,0.09704837203025818
2157,25,1,6,far_gt8,551,0.002839865628629923,0.07318199425935745
2157,25,1,7,inside,151,0.5970444083213806,1.0869959592819214
2157,25,1,7,ring_1,40,0.09549001604318619,0.39994359016418457
2157,25,1,7,near_2_4,107,0.011436713859438896,0.14408913254737854
2157,25,1,7,mid_5_8,175,0.005456150975078344,0.10167118906974792
2157,25,1,7,far_gt8,551,0.0031036310829222202,0.07609295099973679
2157,25,1,8,inside,151,0.5666853785514832,1.0570183992385864
2157,25,1,8,ring_1,40,0.10652357339859009,0.4195878505706787
2157,25,1,8,near_2_4,107,0.014223838225007057,0.15719743072986603
2157,25,1,8,mid_5_8,175,0.006021811626851559,0.10715816915035248
2157,25,1,8,far_gt8,551,0.0034119277261197567,0.07908689230680466
2157,25,1,9,inside,151,0.6058470606803894,1.0913381576538086
2157,25,1,9,ring_1,40,0.11799080669879913,0.4407179355621338
2157,25,1,9,near_2_4,107,0.017810557037591934,0.1716139316558838
2157,25,1,9,mid_5_8,175,0.006969258654862642,0.11499939113855362
2157,25,1,9,far_gt8,551,0.004104279447346926,0.08583563566207886
2157,25,1,10,inside,151,0.6029726266860962,1.0818153619766235
2157,25,1,10,ring_1,40,0.12898072600364685,0.45231789350509644
2157,25,1,10,near_2_4,107,0.020577851682901382,0.180604949593544
2157,25,1,10,mid_5_8,175,0.007953627035021782,0.12269065529108047
2157,25,1,10,far_gt8,551,0.004868227057158947,0.092129647731781
2157,25,1,11,inside,151,0.626150369644165,1.1030696630477905
2157,25,1,11,ring_1,40,0.1435227245092392,0.47601479291915894
2157,25,1,11,near_2_4,107,0.024129800498485565,0.19242997467517853
2157,25,1,11,mid_5_8,175,0.009141127578914165,0.13055287301540375
2157,25,1,11,far_gt8,551,0.0063741086050868034,0.10253381729125977
2157,25,1,12,inside,151,0.6221820116043091,1.0991204977035522
2157,25,1,12,ring_1,40,0.15193980932235718,0.4867263734340668
2157,25,1,12,near_2_4,107,0.027584534138441086,0.2022765725851059
2157,25,1,12,mid_5_8,175,0.010825693607330322,0.13913169503211975
2157,25,1,12,far_gt8,551,0.008084106259047985,0.11266199499368668
2157,25,1,13,inside,151,0.6563511490821838,1.1274303197860718
2157,25,1,13,ring_1,40,0.16524167358875275,0.5111735463142395
2157,25,1,13,near_2_4,107,0.03361518308520317,0.21913491189479828
2157,25,1,13,mid_5_8,175,0.014611481688916683,0.1543787270784378
2157,25,1,13,far_gt8,551,0.010619747452437878,0.12479458749294281
2157,25,1,14,inside,151,0.6684764623641968,1.1397666931152344
2157,25,1,14,ring_1,40,0.17868772149085999,0.5274326205253601
2157,25,1,14,near_2_4,107,0.03898702934384346,0.2324497550725937
2157,25,1,14,mid_5_8,175,0.019490068778395653,0.16895131766796112
2157,25,1,14,far_gt8,551,0.013790877535939217,0.13639840483665466
2157,25,1,15,inside,151,0.7165665626525879,1.1804215908050537
2157,25,1,15,ring_1,40,0.1940554678440094,0.5485066175460815
2157,25,1,15,near_2_4,107,0.043775420635938644,0.2436235249042511
2157,25,1,15,mid_5_8,175,0.022796539589762688,0.17980854213237762
2157,25,1,15,far_gt8,551,0.016290422528982162,0.14423106610774994
2157,25,1,16,inside,151,0.7491130828857422,1.2070995569229126
2157,25,1,16,ring_1,40,0.2056928426027298,0.5654960870742798
2157,25,1,16,near_2_4,107,0.048163481056690216,0.2551550567150116
2157,25,1,16,mid_5_8,175,0.02599697932600975,0.19234415888786316
2157,25,1,16,far_gt8,551,0.019132690504193306,0.15566568076610565
2157,25,1,17,inside,151,0.7483527660369873,1.2064272165298462
2157,25,1,17,ring_1,40,0.20237967371940613,0.5574418306350708
2157,25,1,17,near_2_4,107,0.04815329238772392,0.25322225689888
2157,25,1,17,mid_5_8,175,0.027546318247914314,0.19678527116775513
2157,25,1,17,far_gt8,551,0.020016664639115334,0.158969447016716
2157,25,1,18,inside,151,0.7582019567489624,1.2147268056869507
2157,25,1,18,ring_1,40,0.2204703390598297,0.5797380208969116
2157,25,1,18,near_2_4,107,0.05159571021795273,0.2600993812084198
2157,25,1,18,mid_5_8,175,0.031360846012830734,0.20619478821754456
2157,25,1,18,far_gt8,551,0.02219323068857193,0.1652517169713974
2157,25,1,19,inside,151,0.7918348908424377,1.2412976026535034
2157,25,1,19,ring_1,40,0.24141649901866913,0.6094659566879272
2157,25,1,19,near_2_4,107,0.05838102102279663,0.2800378203392029
2157,25,1,19,mid_5_8,175,0.03605883568525314,0.2266654521226883
2157,25,1,19,far_gt8,551,0.025852259248495102,0.18267713487148285
2157,25,1,20,inside,151,0.776760458946228,1.2291300296783447
2157,25,1,20,ring_1,40,0.24856922030448914,0.6240183711051941
2157,25,1,20,near_2_4,107,0.06372329592704773,0.2921243906021118
2157,25,1,20,mid_5_8,175,0.04004458338022232,0.23726217448711395
2157,25,1,20,far_gt8,551,0.029237965121865273,0.19037212431430817
2157,25,1,21,inside,151,0.7614375352859497,1.2170387506484985
2157,25,1,21,ring_1,40,0.2560650110244751,0.633252739906311
2157,25,1,21,near_2_4,107,0.06666337698698044,0.3004456162452698
2157,25,1,21,mid_5_8,175,0.04419729486107826,0.2502930462360382
2157,25,1,21,far_gt8,551,0.0314384289085865,0.19979219138622284
2157,25,1,22,inside,151,0.7511047720909119,1.2083030939102173
2157,25,1,22,ring_1,40,0.25451022386550903,0.6351150274276733
2157,25,1,22,near_2_4,107,0.0709911659359932,0.3102099597454071
2157,25,1,22,mid_5_8,175,0.04705210030078888,0.2604101300239563
2157,25,1,22,far_gt8,551,0.03368642181158066,0.2083282470703125
2157,25,1,23,inside,151,0.7269771695137024,1.1890381574630737
2157,25,1,23,ring_1,40,0.24974441528320312,0.6332411766052246
2157,25,1,23,near_2_4,107,0.07514563202857971,0.3224988579750061
2157,25,1,23,mid_5_8,175,0.050805117934942245,0.2719845473766327
2157,25,1,23,far_gt8,551,0.03535142168402672,0.2146727442741394
2157,25,1,24,inside,151,0.7341174483299255,1.1950995922088623
2157,25,1,24,ring_1,40,0.25232237577438354,0.6398884057998657
2157,25,1,24,near_2_4,107,0.0805635005235672,0.337453693151474
2157,25,1,24,mid_5_8,175,0.05708160251379013,0.2896798551082611
2157,25,1,24,far_gt8,551,0.04021347314119339,0.23060481250286102
2157,25,1,25,inside,151,0.6926953792572021,1.1612743139266968
2157,25,1,25,ring_1,40,0.2532176971435547,0.6471843719482422
2157,25,1,25,near_2_4,107,0.08841081708669662,0.3589985966682434
2157,25,1,25,mid_5_8,175,0.06781003624200821,0.31873342394828796
2157,25,1,25,far_gt8,551,0.046284060925245285,0.25228774547576904
2157,25,1,26,inside,151,0.7042850255966187,1.1706466674804688
2157,25,1,26,ring_1,40,0.2698608338832855,0.6702535152435303
2157,25,1,26,near_2_4,107,0.10399045795202255,0.3893307149410248
2157,25,1,26,mid_5_8,175,0.07879141718149185,0.34409815073013306
2157,25,1,26,far_gt8,551,0.05477996543049812,0.2755974233150482
2157,25,1,27,inside,151,0.7607539892196655,1.2161117792129517
2157,25,1,27,ring_1,40,0.2936185598373413,0.7011383175849915
2157,25,1,27,near_2_4,107,0.11541963368654251,0.4115726053714752
2157,25,1,27,mid_5_8,175,0.09044641256332397,0.3703173100948334
2157,25,1,27,far_gt8,551,0.0635114312171936,0.3014408051967621
2261,26,0,0,inside,38,0.06865540891885757,0.3571854531764984
2261,26,0,0,ring_1,41,-3.779806689863108e-08,0.0
2261,26,0,0,near_2_4,101,1.2393044812597509e-08,0.0
2261,26,0,0,mid_5_8,246,3.149839056248993e-09,0.0
2261,26,0,0,far_gt8,598,4.58497284583359e-09,0.0
2261,26,0,1,inside,38,0.14072534441947937,0.5129322409629822
2261,26,0,1,ring_1,41,0.0001734698744257912,0.0178634412586689
2261,26,0,1,near_2_4,101,0.00015754983178339899,0.01714998297393322
2261,26,0,1,mid_5_8,246,0.00013480680354405195,0.015724020078778267
2261,26,0,1,far_gt8,598,0.00012824757141061127,0.01489204354584217
2261,26,0,2,inside,38,0.3201315701007843,0.7833179831504822
2261,26,0,2,ring_1,41,0.005361161660403013,0.08680001646280289
2261,26,0,2,near_2_4,101,0.0006542559713125229,0.03582581877708435
2261,26,0,2,mid_5_8,246,0.0005269029061309993,0.0321153961122036
2261,26,0,2,far_gt8,598,0.00045159051660448313,0.029282215982675552
2261,26,0,3,inside,38,0.42185693979263306,0.9067027568817139
2261,26,0,3,ring_1,41,0.01867968589067459,0.16361360251903534
2261,26,0,3,near_2_4,101,0.0018181954510509968,0.05869707837700844
2261,26,0,3,mid_5_8,246,0.0012835690286010504,0.04968760162591934
2261,26,0,3,far_gt8,598,0.0011171180522069335,0.0455201156437397
2261,26,0,4,inside,38,0.46656402945518494,0.9553090929985046
2261,26,0,4,ring_1,41,0.03182150796055794,0.2210799604654312
2261,26,0,4,near_2_4,101,0.0030166057404130697,0.0749155580997467
2261,26,0,4,mid_5_8,246,0.0019185494165867567,0.060856856405735016
2261,26,0,4,far_gt8,598,0.0016367288772016764,0.054709840565919876
2261,26,0,5,inside,38,0.4818805754184723,0.9731318950653076
2261,26,0,5,ring_1,41,0.05231982842087746,0.29236751794815063
2261,26,0,5,near_2_4,101,0.006141993682831526,0.10860192030668259
2261,26,0,5,mid_5_8,246,0.0037803822197020054,0.08549899607896805
2261,26,0,5,far_gt8,598,0.0029531202744692564,0.07271962612867355
2261,26,0,6,inside,38,0.5250827670097351,1.0169166326522827
2261,26,0,6,ring_1,41,0.08437155187129974,0.3775978982448578
2261,26,0,6,near_2_4,101,0.011062631383538246,0.1436641365289688
2261,26,0,6,mid_5_8,246,0.007076883222907782,0.11243289709091187
2261,26,0,6,far_gt8,598,0.005569371860474348,0.09000330418348312
2261,26,0,7,inside,38,0.5509424209594727,1.0437320470809937
2261,26,0,7,ring_1,41,0.11095289140939713,0.4355868697166443
2261,26,0,7,near_2_4,101,0.01579183340072632,0.17086261510849
2261,26,0,7,mid_5_8,246,0.012012118473649025,0.1390528380870819
2261,26,0,7,far_gt8,598,0.009429157711565495,0.10862550884485245
2261,26,0,8,inside,38,0.5543176531791687,1.0472705364227295
2261,26,0,8,ring_1,41,0.1346931755542755,0.48175495862960815
2261,26,0,8,near_2_4,101,0.023847199976444244,0.20534975826740265
2261,26,0,8,mid_5_8,246,0.01837414689362049,0.1666683554649353
2261,26,0,8,far_gt8,598,0.014170593582093716,0.1300598382949829
2261,26,0,9,inside,38,0.5445478558540344,1.0385749340057373
2261,26,0,9,ring_1,41,0.15422704815864563,0.5205822587013245
2261,26,0,9,near_2_4,101,0.03121660277247429,0.23097217082977295
2261,26,0,9,mid_5_8,246,0.03078341670334339,0.20261400938034058
2261,26,0,9,far_gt8,598,0.023750420659780502,0.15976861119270325
2261,26,0,10,inside,38,0.5497199296951294,1.0437484979629517
2261,26,0,10,ring_1,41,0.17131993174552917,0.5507014393806458
2261,26,0,10,near_2_4,101,0.04100199043750763,0.25888967514038086
2261,26,0,10,mid_5_8,246,0.043168868869543076,0.23396183550357819
2261,26,0,10,far_gt8,598,0.03045046702027321,0.18041539192199707
2261,26,0,11,inside,38,0.5799504518508911,1.0729910135269165
2261,26,0,11,ring_1,41,0.19149340689182281,0.5851821899414062
2261,26,0,11,near_2_4,101,0.05235252156853676,0.2901114225387573
2261,26,0,11,mid_5_8,246,0.05350494012236595,0.2612897753715515
2261,26,0,11,far_gt8,598,0.03585735335946083,0.19631052017211914
2261,26,0,12,inside,38,0.6116569638252258,1.1019983291625977
2261,26,0,12,ring_1,41,0.21240483224391937,0.6166397333145142
2261,26,0,12,near_2_4,101,0.06529022753238678,0.31967541575431824
2261,26,0,12,mid_5_8,246,0.06971601396799088,0.30200889706611633
2261,26,0,12,far_gt8,598,0.045769281685352325,0.22687293589115143
2261,26,0,13,inside,38,0.6625186204910278,1.146529197692871
2261,26,0,13,ring_1,41,0.2403053641319275,0.6596636772155762
2261,26,0,13,near_2_4,101,0.07933606952428818,0.3566107749938965
2261,26,0,13,mid_5_8,246,0.08814037591218948,0.3462654650211334
2261,26,0,13,far_gt8,598,0.05770342797040939,0.2549877464771271
2261,26,0,14,inside,38,0.6564739942550659,1.141791582107544
2261,26,0,14,ring_1,41,0.24675025045871735,0.6676104664802551
2261,26,0,14,near_2_4,101,0.08844026178121567,0.3742092549800873
2261,26,0,14,mid_5_8,246,0.10318180918693542,0.3794582188129425
2261,26,0,14,far_gt8,598,0.07083066552877426,0.2910967171192169
2261,26,0,15,inside,38,0.7380519509315491,1.2109920978546143
2261,26,0,15,ring_1,41,0.28380683064460754,0.7146767973899841
2261,26,0,15,near_2_4,101,0.10939756780862808,0.4123680889606476
2261,26,0,15,mid_5_8,246,0.13397040963172913,0.42930516600608826
2261,26,0,15,far_gt8,598,0.08871015161275864,0.32089704275131226
2261,26,0,16,inside,38,0.7637033462524414,1.2317967414855957
2261,26,0,16,ring_1,41,0.3072650134563446,0.7453821897506714
2261,26,0,16,near_2_4,101,0.12331517785787582,0.4398597180843353
2261,26,0,16,mid_5_8,246,0.1545151323080063,0.4641115069389343
2261,26,0,16,far_gt8,598,0.10034117102622986,0.342745304107666
2261,26,0,17,inside,38,0.7844877243041992,1.248207449913025
2261,26,0,17,ring_1,41,0.31551915407180786,0.7569979429244995
2261,26,0,17,near_2_4,101,0.12932811677455902,0.4480126202106476
2261,26,0,17,mid_5_8,246,0.17332769930362701,0.48812350630760193
2261,26,0,17,far_gt8,598,0.1130884513258934,0.3628177046775818
2261,26,0,18,inside,38,0.7930960655212402,1.2552547454833984
2261,26,0,18,ring_1,41,0.34880781173706055,0.7937255501747131
2261,26,0,18,near_2_4,101,0.1439690887928009,0.47101014852523804
2261,26,0,18,mid_5_8,246,0.1854591816663742,0.5086491703987122
2261,26,0,18,far_gt8,598,0.11866813898086548,0.3735871911048889
2261,26,0,19,inside,38,0.8370731472969055,1.2894823551177979
2261,26,0,19,ring_1,41,0.37262433767318726,0.8235541582107544
2261,26,0,19,near_2_4,101,0.15800075232982635,0.4977569878101349
2261,26,0,19,mid_5_8,246,0.2024233490228653,0.5357491970062256
2261,26,0,19,far_gt8,598,0.12927280366420746,0.3921826481819153
2261,26,0,20,inside,38,0.8001866340637207,1.2606210708618164
2261,26,0,20,ring_1,41,0.36391276121139526,0.8128200769424438
2261,26,0,20,near_2_4,101,0.15842387080192566,0.5015416145324707
2261,26,0,20,mid_5_8,246,0.20663569867610931,0.5438451170921326
2261,26,0,20,far_gt8,598,0.13408775627613068,0.40280354022979736
2261,26,0,21,inside,38,0.760787844657898,1.2294254302978516
2261,26,0,21,ring_1,41,0.3621180057525635,0.8149553537368774
2261,26,0,21,near_2_4,101,0.1601487398147583,0.5055322051048279
2261,26,0,21,mid_5_8,246,0.20625746250152588,0.5456821918487549
2261,26,0,21,far_gt8,598,0.13805563747882843,0.4111116826534271
2261,26,0,22,inside,38,0.7390475869178772,1.2116940021514893
2261,26,0,22,ring_1,41,0.3546086549758911,0.8086382150650024
2261,26,0,22,near_2_4,101,0.1633564829826355,0.5118473172187805
2261,26,0,22,mid_5_8,246,0.20649322867393494,0.5473529100418091
2261,26,0,22,far_gt8,598,0.13658535480499268,0.4125518202781677
2261,26,0,23,inside,38,0.6998546719551086,1.1787939071655273
2261,26,0,23,ring_1,41,0.3437807857990265,0.7973987460136414
2261,26,0,23,near_2_4,101,0.16593952476978302,0.5166095495223999
2261,26,0,23,mid_5_8,246,0.21735502779483795,0.5613406300544739
2261,26,0,23,far_gt8,598,0.1462268829345703,0.42950940132141113
2261,26,0,24,inside,38,0.6866495013237,1.167470097541809
2261,26,0,24,ring_1,41,0.3501685857772827,0.8033527135848999
2261,26,0,24,near_2_4,101,0.18018807470798492,0.5393643379211426
2261,26,0,24,mid_5_8,246,0.2289438545703888,0.5796464085578918
2261,26,0,24,far_gt8,598,0.15719595551490784,0.450717568397522
2261,26,0,25,inside,38,0.6395488381385803,1.1259994506835938
2261,26,0,25,ring_1,41,0.3305303454399109,0.7805731296539307
2261,26,0,25,near_2_4,101,0.1761428415775299,0.5328933596611023
2261,26,0,25,mid_5_8,246,0.22985784709453583,0.5818415880203247
2261,26,0,25,far_gt8,598,0.1620759814977646,0.4618185758590698
2261,26,0,26,inside,38,0.6602284908294678,1.1439334154129028
2261,26,0,26,ring_1,41,0.3474772572517395,0.7991730570793152
2261,26,0,26,near_2_4,101,0.19415181875228882,0.5614821314811707
2261,26,0,26,mid_5_8,246,0.25459322333335876,0.615987241268158
2261,26,0,26,far_gt8,598,0.18215671181678772,0.49489468336105347
2261,26,0,27,inside,38,0.7265258431434631,1.2007145881652832
2261,26,0,27,ring_1,41,0.37922656536102295,0.8339362740516663
2261,26,0,27,near_2_4,101,0.21877269446849823,0.5974673628807068
2261,26,0,27,mid_5_8,246,0.28539854288101196,0.6564250588417053
2261,26,0,27,far_gt8,598,0.20615898072719574,0.5327742099761963
2299,27,0,0,inside,51,0.0947241485118866,0.4253883361816406
2299,27,0,0,ring_1,38,7.842716698291952e-09,0.0
2299,27,0,0,near_2_4,83,1.508069402689216e-08,0.0
2299,27,0,0,mid_5_8,139,1.7152416154075922e-09,0.0
2299,27,0,0,far_gt8,713,4.765027483699669e-09,0.0
2299,27,0,1,inside,51,0.15770645439624786,0.5514817237854004
2299,27,0,1,ring_1,38,6.072301766835153e-05,0.010874252766370773
2299,27,0,1,near_2_4,83,4.0720744436839595e-05,0.008799879811704159
2299,27,0,1,mid_5_8,139,2.0172097720205784e-05,0.006187785416841507
2299,27,0,1,far_gt8,713,1.581562901264988e-05,0.005504371598362923
2299,27,0,2,inside,51,0.3208467960357666,0.7942443490028381
2299,27,0,2,ring_1,38,0.005521076265722513,0.09417697042226791
2299,27,0,2,near_2_4,83,0.0010431257542222738,0.04420699179172516
2299,27,0,2,mid_5_8,139,0.0014664294430986047,0.050628092139959335
2299,27,0,2,far_gt8,713,0.0009040004224516451,0.038287028670310974
2299,27,0,3,inside,51,0.4504867196083069,0.9454130530357361
2299,27,0,3,ring_1,38,0.01648072898387909,0.16366024315357208
2299,27,0,3,near_2_4,83,0.002195916371420026,0.06362468004226685
2299,27,0,3,mid_5_8,139,0.002533555030822754,0.06729820370674133
2299,27,0,3,far_gt8,713,0.001600570511072874,0.052032407373189926
2299,27,0,4,inside,51,0.48439842462539673,0.9813411831855774
2299,27,0,4,ring_1,38,0.029173556715250015,0.21940208971500397
2299,27,0,4,near_2_4,83,0.002771274885162711,0.07146310061216354
2299,27,0,4,mid_5_8,139,0.002891863463446498,0.07196887582540512
2299,27,0,4,far_gt8,713,0.0018254886381328106,0.055756498128175735
2299,27,0,5,inside,51,0.4794582426548004,0.9769361615180969
2299,27,0,5,ring_1,38,0.035353876650333405,0.2433851659297943
2299,27,0,5,near_2_4,83,0.003555342322215438,0.08221163600683212
2299,27,0,5,mid_5_8,139,0.0036703194491565228,0.0820346549153328
2299,27,0,5,far_gt8,713,0.002326893387362361,0.06435780972242355
2299,27,0,6,inside,51,0.5776265263557434,1.0727241039276123
2299,27,0,6,ring_1,38,0.06046180799603462,0.31885480880737305
2299,27,0,6,near_2_4,83,0.004782624077051878,0.0943141058087349
2299,27,0,6,mid_5_8,139,0.0029928036965429783,0.0739542543888092
2299,27,0,6,far_gt8,713,0.0016936520114541054,0.05591297149658203
2299,27,0,7,inside,51,0.628476619720459,1.1191070079803467
2299,27,0,7,ring_1,38,0.07017288357019424,0.34436845779418945
2299,27,0,7,near_2_4,83,0.0065020602196455,0.10962054133415222
2299,27,0,7,mid_5_8,139,0.0033289750572293997,0.0778629332780838
2299,27,0,7,far_gt8,713,0.0017035045893862844,0.055985331535339355
2299,27,0,8,inside,51,0.6045324802398682,1.0980348587036133
2299,27,0,8,ring_1,38,0.0830589085817337,0.3753613829612732
2299,27,0,8,near_2_4,83,0.008500213734805584,0.12469527125358582
2299,27,0,8,mid_5_8,139,0.003826309461146593,0.08368384093046188
2299,27,0,8,far_gt8,713,0.001728509902022779,0.05629561096429825
2299,27,0,9,inside,51,0.5926662683486938,1.0871237516403198
2299,27,0,9,ring_1,38,0.09332636743783951,0.40320849418640137
2299,27,0,9,near_2_4,83,0.010845310054719448,0.14126595854759216
2299,27,0,9,mid_5_8,139,0.004151413682848215,0.08746394515037537
2299,27,0,9,far_gt8,713,0.0017935981741175056,0.05690416693687439
2299,27,0,10,inside,51,0.6024819016456604,1.0961859226226807
2299,27,0,10,ring_1,38,0.09479547291994095,0.4017617702484131
2299,27,0,10,near_2_4,83,0.012155639007687569,0.14863643050193787
2299,27,0,10,mid_5_8,139,0.004374352749437094,0.08825748413801193
2299,27,0,10,far_gt8,713,0.0019230206962674856,0.05774505063891411
2299,27,0,11,inside,51,0.6418443322181702,1.1315397024154663
2299,27,0,11,ring_1,38,0.1070631667971611,0.4212386906147003
2299,27,0,11,near_2_4,83,0.014057219959795475,0.15987618267536163
2299,27,0,11,mid_5_8,139,0.0047026523388922215,0.09129008650779724
2299,27,0,11,far_gt8,713,0.002117611700668931,0.05999205261468887
2299,27,0,12,inside,51,0.6428424119949341,1.1324087381362915
2299,27,0,12,ring_1,38,0.10746317356824875,0.41594231128692627
2299,27,0,12,near_2_4,83,0.016712775453925133,0.1705542653799057
2299,27,0,12,mid_5_8,139,0.00497309397906065,0.09354454278945923
2299,27,0,12,far_gt8,713,0.0027132031973451376,0.06522077322006226
2299,27,0,13,inside,51,0.6622133255004883,1.1489018201828003
2299,27,0,13,ring_1,38,0.11682482808828354,0.4281812906265259
2299,27,0,13,near_2_4,83,0.022427380084991455,0.18919873237609863
2299,27,0,13,mid_5_8,139,0.0058275251649320126,0.09998098760843277
2299,27,0,13,far_gt8,713,0.003628360340371728,0.0719463899731636
2299,27,0,14,inside,51,0.684437096118927,1.1683319807052612
2299,27,0,14,ring_1,38,0.12854500114917755,0.44211095571517944
2299,27,0,14,near_2_4,83,0.02745959348976612,0.20164592564105988
2299,27,0,14,mid_5_8,139,0.007225020322948694,0.10485684871673584
2299,27,0,14,far_gt8,713,0.005547588225454092,0.08009839802980423
2299,27,0,15,inside,51,0.7209432125091553,1.1993449926376343
2299,27,0,15,ring_1,38,0.14003783464431763,0.45757219195365906
2299,27,0,15,near_2_4,83,0.032494306564331055,0.2144484966993332
2299,27,0,15,mid_5_8,139,0.008380763232707977,0.11000490933656693
2299,27,0,15,far_gt8,713,0.007440559100359678,0.08602511882781982
2299,27,0,16,inside,51,0.7628300786018372,1.2338261604309082
2299,27,0,16,ring_1,38,0.14891397953033447,0.47004708647727966
2299,27,0,16,near_2_4,83,0.03669765219092369,0.2289070188999176
2299,27,0,16,mid_5_8,139,0.009925528429448605,0.11894454061985016
2299,27,0,16,far_gt8,713,0.008773650042712688,0.09149263799190521
2299,27,0,17,inside,51,0.7750363349914551,1.2439699172973633
2299,27,0,17,ring_1,38,0.14778894186019897,0.46592119336128235
2299,27,0,17,near_2_4,83,0.037576060742139816,0.23284266889095306
2299,27,0,17,mid_5_8,139,0.011940129101276398,0.12677989900112152
2299,27,0,17,far_gt8,713,0.010753681883215904,0.09860021620988846
2299,27,0,18,inside,51,0.7781479954719543,1.2464746236801147
2299,27,0,18,ring_1,38,0.15374085307121277,0.4763028919696808
2299,27,0,18,near_2_4,83,0.04277888312935829,0.24767450988292694
2299,27,0,18,mid_5_8,139,0.01394771970808506,0.13456925749778748
2299,27,0,18,far_gt8,713,0.01225506141781807,0.10369338095188141
2299,27,0,19,inside,51,0.819428563117981,1.279213309288025
2299,27,0,19,ring_1,38,0.16128943860530853,0.48598942160606384
2299,27,0,19,near_2_4,83,0.04574411362409592,0.2563074827194214
2299,27,0,19,mid_5_8,139,0.016314592212438583,0.14324994385242462
2299,27,0,19,far_gt8,713,0.013682902790606022,0.11067082732915878
2299,27,0,20,inside,51,0.8015203475952148,1.2651063203811646
2299,27,0,20,ring_1,38,0.16247999668121338,0.49185165762901306
2299,27,0,20,near_2_4,83,0.04841599985957146,0.26669004559516907
2299,27,0,20,mid_5_8,139,0.01850462332367897,0.152354896068573
2299,27,0,20,far_gt8,713,0.015393931418657303,0.11636469513177872
2299,27,0,21,inside,51,0.784476637840271,1.251509666442871
2299,27,0,21,ring_1,38,0.1636531949043274,0.49480512738227844
2299,27,0,21,near_2_4,83,0.05289238691329956,0.2783006429672241
2299,27,0,21,mid_5_8,139,0.020337732508778572,0.16087926924228668
2299,27,0,21,far_gt8,713,0.018473811447620392,0.1292392462491989
2299,27,0,22,inside,51,0.7886627316474915,1.25492262840271
2299,27,0,22,ring_1,38,0.15424008667469025,0.48070165514945984
2299,27,0,22,near_2_4,83,0.05073912814259529,0.2728509306907654
2299,27,0,22,mid_5_8,139,0.02035624347627163,0.1610690802335739
2299,27,0,22,far_gt8,713,0.018553106114268303,0.13268102705478668
2299,27,0,23,inside,51,0.7680482864379883,1.2384169101715088
2299,27,0,23,ring_1,38,0.1475163698196411,0.47121649980545044
2299,27,0,23,near_2_4,83,0.05201617628335953,0.2763858437538147
2299,27,0,23,mid_5_8,139,0.021786648780107498,0.1658276915550232
2299,27,0,23,far_gt8,713,0.01963425986468792,0.1373092383146286
2299,27,0,24,inside,51,0.772044837474823,1.2415615320205688
2299,27,0,24,ring_1,38,0.1557346135377884,0.4852922856807709
2299,27,0,24,near_2_4,83,0.05930991470813751,0.29493117332458496
2299,27,0,24,mid_5_8,139,0.026087425649166107,0.1796935498714447
2299,27,0,24,far_gt8,713,0.023300420492887497,0.15061883628368378
2299,27,0,25,inside,51,0.7329762578010559,1.2092489004135132
2299,27,0,25,ring_1,38,0.1566050946712494,0.48611950874328613
2299,27,0,25,near_2_4,83,0.06260830909013748,0.3040180504322052
2299,27,0,25,mid_5_8,139,0.027814242988824844,0.1862363964319229
2299,27,0,25,far_gt8,713,0.02443140558898449,0.15650758147239685
2299,27,0,26,inside,51,0.7646839022636414,1.2354071140289307
2299,27,0,26,ring_1,38,0.164894700050354,0.4987470209598541
2299,27,0,26,near_2_4,83,0.06864935904741287,0.3162090480327606
2299,27,0,26,mid_5_8,139,0.031020311638712883,0.19813355803489685
2299,27,0,26,far_gt8,713,0.02904587611556053,0.17444095015525818
2299,27,0,27,inside,51,0.8101041316986084,1.2717382907867432
2299,27,0,27,ring_1,38,0.17507007718086243,0.5130549073219299
2299,27,0,27,near_2_4,83,0.07219258695840836,0.32868772745132446
2299,27,0,27,mid_5_8,139,0.03441712260246277,0.2139810025691986
2299,27,0,27,far_gt8,713,0.031213710084557533,0.18768355250358582
2431,28,1,0,inside,90,0.017619648948311806,0.15903469920158386
2431,28,1,0,ring_1,52,1.604740518246217e-08,0.0
2431,28,1,0,near_2_4,139,1.1149070111571291e-08,0.0
2431,28,1,0,mid_5_8,269,6.204201152826272e-09,0.0
2431,28,1,0,far_gt8,474,1.0437100073090733e-08,0.0
2431,28,1,1,inside,90,0.029205678030848503,0.21081647276878357
2431,28,1,1,ring_1,52,1.042851999955019e-05,0.004285807255655527
2431,28,1,1,near_2_4,139,8.04705541668227e-06,0.003795701777562499
2431,28,1,1,mid_5_8,269,6.44106830804958e-06,0.0032282164320349693
2431,28,1,1,far_gt8,474,7.735023245913908e-06,0.0036693087313324213
2431,28,1,2,inside,90,0.1251731514930725,0.4804035723209381
2431,28,1,2,ring_1,52,0.0028082968201488256,0.0626615360379219
2431,28,1,2,near_2_4,139,0.0002711912675295025,0.02203189767897129
2431,28,1,2,mid_5_8,269,0.00012847260222770274,0.01531304232776165
2431,28,1,2,far_gt8,474,8.628400973975658e-05,0.012775951065123081
2431,28,1,3,inside,90,0.27421119809150696,0.7322843074798584
2431,28,1,3,ring_1,52,0.016035232692956924,0.156625896692276
2431,28,1,3,near_2_4,139,0.001521191094070673,0.04889502748847008
2431,28,1,3,mid_5_8,269,0.000710249412804842,0.033678360283374786
2431,28,1,3,far_gt8,474,0.0004491735599003732,0.027121320366859436
2431,28,1,4,inside,90,0.3471197485923767,0.8261047601699829
2431,28,1,4,ring_1,52,0.027290523052215576,0.21006692945957184
2431,28,1,4,near_2_4,139,0.002439199248328805,0.06155793368816376
2431,28,1,4,mid_5_8,269,0.0011824114480987191,0.04334080591797829
2431,28,1,4,far_gt8,474,0.0007815056596882641,0.035336222499608994
2431,28,1,5,inside,90,0.36902761459350586,0.8527787327766418
2431,28,1,5,ring_1,52,0.03655022010207176,0.24338749051094055
2431,28,1,5,near_2_4,139,0.0034602542873471975,0.07355418056249619
2431,28,1,5,mid_5_8,269,0.001724013825878501,0.05204404890537262
2431,28,1,5,far_gt8,474,0.0010659814579412341,0.041441142559051514
2431,28,1,6,inside,90,0.463295578956604,0.9551588296890259
2431,28,1,6,ring_1,52,0.05729915574193001,0.3060298562049866
2431,28,1,6,near_2_4,139,0.005450359545648098,0.09116683155298233
2431,28,1,6,mid_5_8,269,0.002442839089781046,0.062220051884651184
2431,28,1,6,far_gt8,474,0.0015531746903434396,0.05062129721045494
2431,28,1,7,inside,90,0.5046221613883972,0.9961909651756287
2431,28,1,7,ring_1,52,0.06415162235498428,0.32357728481292725
2431,28,1,7,near_2_4,139,0.007662235293537378,0.10659945756196976
2431,28,1,7,mid_5_8,269,0.0033163195475935936,0.07008785009384155
2431,28,1,7,far_gt8,474,0.0017088324530050159,0.05361670255661011
2431,28,1,8,inside,90,0.4713764190673828,0.9635236859321594
2431,28,1,8,ring_1,52,0.06898041069507599,0.3370994031429291
2431,28,1,8,near_2_4,139,0.008833357132971287,0.11604274809360504
2431,28,1,8,mid_5_8,269,0.004078424535691738,0.07812453806400299
2431,28,1,8,far_gt8,474,0.0018435823731124401,0.05649779736995697
2431,28,1,9,inside,90,0.49146515130996704,0.9825677871704102
2431,28,1,9,ring_1,52,0.07609495520591736,0.3529849350452423
2431,28,1,9,near_2_4,139,0.011311045847833157,0.12724651396274567
2431,28,1,9,mid_5_8,269,0.005088597070425749,0.08508554100990295
2431,28,1,9,far_gt8,474,0.0021345524583011866,0.05989643186330795
2431,28,1,10,inside,90,0.49808529019355774,0.988978922367096
2431,28,1,10,ring_1,52,0.0849335640668869,0.36731141805648804
2431,28,1,10,near_2_4,139,0.012956803664565086,0.13248175382614136
2431,28,1,10,mid_5_8,269,0.005335235968232155,0.08769445866346359
2431,28,1,10,far_gt8,474,0.002310431795194745,0.06183133274316788
2431,28,1,11,inside,90,0.5213912725448608,1.01222825050354
2431,28,1,11,ring_1,52,0.10132759064435959,0.40087273716926575
2431,28,1,11,near_2_4,139,0.015850670635700226,0.14588628709316254
2431,28,1,11,mid_5_8,269,0.006561689544469118,0.09701646119356155
2431,28,1,11,far_gt8,474,0.002703499747440219,0.0666990652680397
2431,28,1,12,inside,90,0.539008617401123,1.027675986289978
2431,28,1,12,ring_1,52,0.11342071741819382,0.4220349192619324
2431,28,1,12,near_2_4,139,0.021009348332881927,0.16471163928508759
2431,28,1,12,mid_5_8,269,0.008912662975490093,0.11102061718702316
2431,28,1,12,far_gt8,474,0.0036718957126140594,0.07655054330825806
2431,28,1,13,inside,90,0.5572401881217957,1.0443229675292969
2431,28,1,13,ring_1,52,0.13039694726467133,0.4534887969493866
2431,28,1,13,near_2_4,139,0.02797129563987255,0.18859617412090302
2431,28,1,13,mid_5_8,269,0.011461456306278706,0.12510229647159576
2431,28,1,13,far_gt8,474,0.004796309396624565,0.08539559692144394
2431,28,1,14,inside,90,0.5801177620887756,1.066025972366333
2431,28,1,14,ring_1,52,0.14384619891643524,0.4705154597759247
2431,28,1,14,near_2_4,139,0.03708428144454956,0.20803231000900269
2431,28,1,14,mid_5_8,269,0.014623032882809639,0.13601592183113098
2431,28,1,14,far_gt8,474,0.006535849999636412,0.09596271067857742
2431,28,1,15,inside,90,0.6277335286140442,1.1100406646728516
2431,28,1,15,ring_1,52,0.16384942829608917,0.5001047849655151
2431,28,1,15,near_2_4,139,0.047499336302280426,0.23185844719409943
2431,28,1,15,mid_5_8,269,0.017556164413690567,0.14666222035884857
2431,28,1,15,far_gt8,474,0.007790360599756241,0.10258753597736359
2431,28,1,16,inside,90,0.6908945441246033,1.165553331375122
2431,28,1,16,ring_1,52,0.18844082951545715,0.5342632532119751
2431,28,1,16,near_2_4,139,0.05559740960597992,0.24919679760932922
2431,28,1,16,mid_5_8,269,0.02114243246614933,0.1586325317621231
2431,28,1,16,far_gt8,474,0.009262140840291977,0.1107412800192833
2431,28,1,17,inside,90,0.6971596479415894,1.1720069646835327
2431,28,1,17,ring_1,52,0.19293035566806793,0.5427842736244202
2431,28,1,17,near_2_4,139,0.06221781671047211,0.2644449472427368
2431,28,1,17,mid_5_8,269,0.024970659986138344,0.17137470841407776
2431,28,1,17,far_gt8,474,0.010814618319272995,0.11786073446273804
2431,28,1,18,inside,90,0.6963384747505188,1.1727924346923828
2431,28,1,18,ring_1,52,0.20704203844070435,0.5588234663009644
2431,28,1,18,near_2_4,139,0.0680767223238945,0.2746693789958954
2431,28,1,18,mid_5_8,269,0.02686680480837822,0.17694488167762756
2431,28,1,18,far_gt8,474,0.012074343860149384,0.12370011955499649
2431,28,1,19,inside,90,0.7419102191925049,1.2104984521865845
2431,28,1,19,ring_1,52,0.2202066332101822,0.5782843828201294
2431,28,1,19,near_2_4,139,0.07517827302217484,0.2919967472553253
2431,28,1,19,mid_5_8,269,0.03047700598835945,0.18921492993831635
2431,28,1,19,far_gt8,474,0.014310969039797783,0.13498030602931976
2431,28,1,20,inside,90,0.7391759157180786,1.2078821659088135
2431,28,1,20,ring_1,52,0.22415576875209808,0.5838330388069153
2431,28,1,20,near_2_4,139,0.08026517182588577,0.30055850744247437
2431,28,1,20,mid_5_8,269,0.03577393665909767,0.20504717528820038
2431,28,1,20,far_gt8,474,0.017835533246397972,0.1484895646572113
2431,28,1,21,inside,90,0.7098477482795715,1.183586597442627
2431,28,1,21,ring_1,52,0.22240301966667175,0.584943413734436
2431,28,1,21,near_2_4,139,0.08238978683948517,0.30938562750816345
2431,28,1,21,mid_5_8,269,0.03946642577648163,0.21444278955459595
2431,28,1,21,far_gt8,474,0.02036726474761963,0.1571560949087143
2431,28,1,22,inside,90,0.7032778859138489,1.1775561571121216
2431,28,1,22,ring_1,52,0.21786046028137207,0.5770443677902222
2431,28,1,22,near_2_4,139,0.08334880322217941,0.31143519282341003
2431,28,1,22,mid_5_8,269,0.04094767943024635,0.2199513018131256
2431,28,1,22,far_gt8,474,0.022325992584228516,0.16407006978988647
2431,28,1,23,inside,90,0.6601507663726807,1.140989065170288
2431,28,1,23,ring_1,52,0.21137967705726624,0.5716561079025269
2431,28,1,23,near_2_4,139,0.08412439376115799,0.3162291347980499
2431,28,1,23,mid_5_8,269,0.0411296971142292,0.22375689446926117
2431,28,1,23,far_gt8,474,0.02356012538075447,0.1713612824678421
2431,28,1,24,inside,90,0.6890310645103455,1.165387749671936
2431,28,1,24,ring_1,52,0.22557789087295532,0.5912633538246155
2431,28,1,24,near_2_4,139,0.09721710532903671,0.3418441116809845
2431,28,1,24,mid_5_8,269,0.05122895911335945,0.250665545463562
2431,28,1,24,far_gt8,474,0.030560119077563286,0.1963154375553131
2431,28,1,25,inside,90,0.6365274786949158,1.1195753812789917
2431,28,1,25,ring_1,52,0.21691729128360748,0.5808773040771484
2431,28,1,25,near_2_4,139,0.09457682818174362,0.3428785502910614
2431,28,1,25,mid_5_8,269,0.05278287082910538,0.25963878631591797
2431,28,1,25,far_gt8,474,0.03251221030950546,0.20834866166114807
2431,28,1,26,inside,90,0.6858653426170349,1.1621010303497314
2431,28,1,26,ring_1,52,0.2356712818145752,0.6021872162818909
2431,28,1,26,near_2_4,139,0.10524120926856995,0.3648177683353424
2431,28,1,26,mid_5_8,269,0.06303011626005173,0.28612977266311646
2431,28,1,26,far_gt8,474,0.04004382714629173,0.2336847186088562
2431,28,1,27,inside,90,0.7708004713058472,1.232691764831543
2431,28,1,27,ring_1,52,0.26727092266082764,0.6396395564079285
2431,28,1,27,near_2_4,139,0.11693607270717621,0.39004096388816833
2431,28,1,27,mid_5_8,269,0.07190021872520447,0.3096419870853424
2431,28,1,27,far_gt8,474,0.04773271456360817,0.26053351163864136
2473,29,0,0,inside,35,0.11100450158119202,0.4569327235221863
2473,29,0,0,ring_1,44,-1.3546510579942606e-09,0.0
2473,29,0,0,near_2_4,115,1.0884326329119176e-08,0.0
2473,29,0,0,mid_5_8,257,2.0873220929473746e-09,0.0
2473,29,0,0,far_gt8,573,-1.7683751130093128e-09,0.0
2473,29,0,1,inside,35,0.2839888036251068,0.7334943413734436
2473,29,0,1,ring_1,44,0.00016307424812112004,0.017347361892461777
2473,29,0,1,near_2_4,115,0.00017569324700161815,0.018366510048508644
2473,29,0,1,mid_5_8,257,0.00012479611905291677,0.015262247994542122
2473,29,0,1,far_gt8,573,7.81072594691068e-05,0.011125601828098297
2473,29,0,2,inside,35,0.40326228737831116,0.8815373182296753
2473,29,0,2,ring_1,44,0.007670731749385595,0.10726967453956604
2473,29,0,2,near_2_4,115,0.0006365092121995986,0.03515723720192909
2473,29,0,2,mid_5_8,257,0.0006524960044771433,0.033112842589616776
2473,29,0,2,far_gt8,573,0.0003189064736943692,0.02445252612233162
2473,29,0,3,inside,35,0.5103621482849121,0.998016357421875
2473,29,0,3,ring_1,44,0.035539496690034866,0.23151059448719025
2473,29,0,3,near_2_4,115,0.0017357360338792205,0.05702462047338486
2473,29,0,3,mid_5_8,257,0.0015092712128534913,0.048347629606723785
2473,29,0,3,far_gt8,573,0.0006483129691332579,0.03449208289384842
2473,29,0,4,inside,35,0.5149424076080322,1.0058499574661255
2473,29,0,4,ring_1,44,0.0599893219769001,0.314116895198822
2473,29,0,4,near_2_4,115,0.005845102481544018,0.09561635553836823
2473,29,0,4,mid_5_8,257,0.007653861306607723,0.09655310958623886
2473,29,0,4,far_gt8,573,0.002057960955426097,0.05164526402950287
2473,29,0,5,inside,35,0.5056188702583313,0.9980762004852295
2473,29,0,5,ring_1,44,0.08284520357847214,0.3747236430644989
2473,29,0,5,near_2_4,115,0.01410839892923832,0.14503055810928345
2473,29,0,5,mid_5_8,257,0.021846944466233253,0.15455876290798187
2473,29,0,5,far_gt8,573,0.005106447264552116,0.07630027085542679
2473,29,0,6,inside,35,0.5460289120674133,1.0388076305389404
2473,29,0,6,ring_1,44,0.11717131733894348,0.44912493228912354
2473,29,0,6,near_2_4,115,0.02716648206114769,0.1968214213848114
2473,29,0,6,mid_5_8,257,0.04831899702548981,0.2237308919429779
2473,29,0,6,far_gt8,573,0.012650811113417149,0.10702893137931824
2473,29,0,7,inside,35,0.5677102208137512,1.0601718425750732
2473,29,0,7,ring_1,44,0.13571439683437347,0.4901465177536011
2473,29,0,7,near_2_4,115,0.04125761613249779,0.2480342984199524
2473,29,0,7,mid_5_8,257,0.0689486414194107,0.26990175247192383
2473,29,0,7,far_gt8,573,0.018443169072270393,0.12533800303936005
2473,29,0,8,inside,35,0.5453370809555054,1.0395164489746094
2473,29,0,8,ring_1,44,0.15013763308525085,0.5182169079780579
2473,29,0,8,near_2_4,115,0.04725011810660362,0.26870736479759216
2473,29,0,8,mid_5_8,257,0.07805012911558151,0.293590247631073
2473,29,0,8,far_gt8,573,0.02246815711259842,0.14061500132083893
2473,29,0,9,inside,35,0.5153448581695557,1.0107372999191284
2473,29,0,9,ring_1,44,0.15548953413963318,0.5314457416534424
2473,29,0,9,near_2_4,115,0.060014426708221436,0.30196985602378845
2473,29,0,9,mid_5_8,257,0.1000567153096199,0.33756062388420105
2473,29,0,9,far_gt8,573,0.031058935448527336,0.16332116723060608
2473,29,0,10,inside,35,0.5267909169197083,1.021982192993164
2473,29,0,10,ring_1,44,0.17834755778312683,0.5698832869529724
2473,29,0,10,near_2_4,115,0.07289879024028778,0.3361385464668274
2473,29,0,10,mid_5_8,257,0.11607727408409119,0.3691435158252716
2473,29,0,10,far_gt8,573,0.037019360810518265,0.1807612180709839
2473,29,0,11,inside,35,0.5566221475601196,1.0509144067764282
2473,29,0,11,ring_1,44,0.19642947614192963,0.601849377155304
2473,29,0,11,near_2_4,115,0.08605486899614334,0.3694659173488617
2473,29,0,11,mid_5_8,257,0.12690933048725128,0.3913869559764862
2473,29,0,11,far_gt8,573,0.0426424965262413,0.19785159826278687
2473,29,0,12,inside,35,0.5897329449653625,1.081697940826416
2473,29,0,12,ring_1,44,0.22774700820446014,0.65068119764328
2473,29,0,12,near_2_4,115,0.11001259088516235,0.42098209261894226
2473,29,0,12,mid_5_8,257,0.15038569271564484,0.4313661456108093
2473,29,0,12,far_gt8,573,0.052722759544849396,0.22590714693069458
2473,29,0,13,inside,35,0.6177273392677307,1.1078933477401733
2473,29,0,13,ring_1,44,0.27182114124298096,0.7175289988517761
2473,29,0,13,near_2_4,115,0.1418810784816742,0.4865626394748688
2473,29,0,13,mid_5_8,257,0.18980157375335693,0.5009644627571106
2473,29,0,13,far_gt8,573,0.07194522023200989,0.2645237147808075
2473,29,0,14,inside,35,0.6283680200576782,1.1172834634780884
2473,29,0,14,ring_1,44,0.2854010760784149,0.7365850210189819
2473,29,0,14,near_2_4,115,0.168927401304245,0.5361818671226501
2473,29,0,14,mid_5_8,257,0.22026196122169495,0.55313640832901
2473,29,0,14,far_gt8,573,0.08338873833417892,0.29126131534576416
2473,29,0,15,inside,35,0.6848665475845337,1.166538953781128
2473,29,0,15,ring_1,44,0.34252920746803284,0.809033215045929
2473,29,0,15,near_2_4,115,0.21476610004901886,0.6099950671195984
2473,29,0,15,mid_5_8,257,0.25432896614074707,0.600519061088562
2473,29,0,15,far_gt8,573,0.09628193825483322,0.3131837546825409
2473,29,0,16,inside,35,0.7286633253097534,1.202868938446045
2473,29,0,16,ring_1,44,0.3643946349620819,0.8336592316627502
2473,29,0,16,near_2_4,115,0.24784553050994873,0.6575770378112793
2473,29,0,16,mid_5_8,257,0.2890041470527649,0.6456761360168457
2473,29,0,16,far_gt8,573,0.10740620642900467,0.33356285095214844
2473,29,0,17,inside,35,0.7318097949028015,1.2050831317901611
2473,29,0,17,ring_1,44,0.38038933277130127,0.8530355095863342
2473,29,0,17,near_2_4,115,0.2597249150276184,0.6758685111999512
2473,29,0,17,mid_5_8,257,0.30319586396217346,0.6666705012321472
2473,29,0,17,far_gt8,573,0.11156963557004929,0.34217730164527893
2473,29,0,18,inside,35,0.7545551657676697,1.223298192024231
2473,29,0,18,ring_1,44,0.3921150863170624,0.8648721575737
2473,29,0,18,near_2_4,115,0.27350476384162903,0.6935765147209167
2473,29,0,18,mid_5_8,257,0.3088569641113281,0.6771872043609619
2473,29,0,18,far_gt8,573,0.11560910940170288,0.35246190428733826
2473,29,0,19,inside,35,0.8049008846282959,1.2643533945083618
2473,29,0,19,ring_1,44,0.4173685908317566,0.8902624249458313
2473,29,0,19,near_2_4,115,0.29550880193710327,0.7221479415893555
2473,29,0,19,mid_5_8,257,0.3302130699157715,0.7054599523544312
2473,29,0,19,far_gt8,573,0.12552061676979065,0.3724400997161865
2473,29,0,20,inside,35,0.7797870635986328,1.243864893913269
2473,29,0,20,ring_1,44,0.4148653745651245,0.8848604559898376
2473,29,0,20,near_2_4,115,0.2915593683719635,0.7147600650787354
2473,29,0,20,mid_5_8,257,0.33887219429016113,0.7174217104911804
2473,29,0,20,far_gt8,573,0.1301824003458023,0.3823024332523346
2473,29,0,21,inside,35,0.7478026747703552,1.2177828550338745
2473,29,0,21,ring_1,44,0.4003991186618805,0.8668751120567322
2473,29,0,21,near_2_4,115,0.29228106141090393,0.712826132774353
2473,29,0,21,mid_5_8,257,0.34192872047424316,0.7241209745407104
2473,29,0,21,far_gt8,573,0.13528451323509216,0.39531293511390686
2473,29,0,22,inside,35,0.7273108959197998,1.2003917694091797
2473,29,0,22,ring_1,44,0.38594362139701843,0.8485151529312134
2473,29,0,22,near_2_4,115,0.2837305963039398,0.6934284567832947
2473,29,0,22,mid_5_8,257,0.335306853055954,0.7175139784812927
2473,29,0,22,far_gt8,573,0.13323310017585754,0.39692288637161255
2473,29,0,23,inside,35,0.6841830611228943,1.1643723249435425
2473,29,0,23,ring_1,44,0.3601112365722656,0.8174871802330017
2473,29,0,23,near_2_4,115,0.2724192440509796,0.6777372360229492
2473,29,0,23,mid_5_8,257,0.32978829741477966,0.7110038995742798
2473,29,0,23,far_gt8,573,0.13440661132335663,0.4022527039051056
2473,29,0,24,inside,35,0.6693145036697388,1.1505235433578491
2473,29,0,24,ring_1,44,0.36052072048187256,0.8175504803657532
2473,29,0,24,near_2_4,115,0.2920078635215759,0.7003152370452881
2473,29,0,24,mid_5_8,257,0.3470492362976074,0.7340306639671326
2473,29,0,24,far_gt8,573,0.1469144970178604,0.42667919397354126
2473,29,0,25,inside,35,0.6086320281028748,1.0955638885498047
2473,29,0,25,ring_1,44,0.33089977502822876,0.7802475094795227
2473,29,0,25,near_2_4,115,0.28409668803215027,0.6800245642662048
2473,29,0,25,mid_5_8,257,0.34573355317115784,0.7336092591285706
2473,29,0,25,far_gt8,573,0.1518714874982834,0.43898898363113403
2473,29,0,26,inside,35,0.6183561086654663,1.1038762331008911
2473,29,0,26,ring_1,44,0.3437088131904602,0.7924512624740601
2473,29,0,26,near_2_4,115,0.303909033536911,0.7039458155632019
2473,29,0,26,mid_5_8,257,0.36700981855392456,0.76014643907547
2473,29,0,26,far_gt8,573,0.16900749504566193,0.46985870599746704
2473,29,0,27,inside,35,0.6655160188674927,1.1436957120895386
2473,29,0,27,ring_1,44,0.3705175518989563,0.820260763168335
2473,29,0,27,near_2_4,115,0.3402712345123291,0.7455016374588013
2473,29,0,27,mid_5_8,257,0.3996770977973938,0.7989063858985901
2473,29,0,27,far_gt8,573,0.18831686675548553,0.502755343914032
2532,30,0,0,inside,24,0.10288858413696289,0.4260026216506958
2532,30,0,0,ring_1,36,-1.4901161193847656e-08,0.0
2532,30,0,0,near_2_4,103,7.522916511959465e-09,0.0
2532,30,0,0,mid_5_8,231,5.676632941487014e-09,0.0
2532,30,0,0,far_gt8,630,4.541306442007453e-09,0.0
2532,30,0,1,inside,24,0.1649719923734665,0.545595645904541
2532,30,0,1,ring_1,36,1.580516436661128e-05,0.005472639109939337
2532,30,0,1,near_2_4,103,1.200310271087801e-05,0.004715092945843935
2532,30,0,1,mid_5_8,231,7.78214780439157e-06,0.003763946471735835
2532,30,0,1,far_gt8,630,5.5999980759224854e-06,0.003189760958775878
2532,30,0,2,inside,24,0.2945157587528229,0.7540184855461121
2532,30,0,2,ring_1,36,0.0038786993827670813,0.07051277160644531
2532,30,0,2,near_2_4,103,0.00011039358651032671,0.013997840695083141
2532,30,0,2,mid_5_8,231,8.902998524717987e-05,0.012492960318922997
2532,30,0,2,far_gt8,630,5.891673208680004e-05,0.010211345739662647
2532,30,0,3,inside,24,0.4024445116519928,0.88592129945755
2532,30,0,3,ring_1,36,0.012721740640699863,0.14020127058029175
2532,30,0,3,near_2_4,103,0.0004212283529341221,0.026123667135834694
2532,30,0,3,mid_5_8,231,0.0002514085208531469,0.021171383559703827
2532,30,0,3,far_gt8,630,0.0001545560808153823,0.01666858233511448
2532,30,0,4,inside,24,0.43241456151008606,0.922143280506134
2532,30,0,4,ring_1,36,0.02199612185359001,0.18478156626224518
2532,30,0,4,near_2_4,103,0.0010030518751591444,0.03748912364244461
2532,30,0,4,mid_5_8,231,0.00047625554725527763,0.02770298160612583
2532,30,0,4,far_gt8,630,0.000279146246612072,0.02166992425918579
2532,30,0,5,inside,24,0.4357616901397705,0.9267001152038574
2532,30,0,5,ring_1,36,0.030581891536712646,0.2236010730266571
2532,30,0,5,near_2_4,103,0.0018902617739513516,0.053477175533771515
2532,30,0,5,mid_5_8,231,0.0008013821206986904,0.036114029586315155
2532,30,0,5,far_gt8,630,0.00045677507296204567,0.028021760284900665
2532,30,0,6,inside,24,0.4921095371246338,0.9855956435203552
2532,30,0,6,ring_1,36,0.051193322986364365,0.2925300896167755
2532,30,0,6,near_2_4,103,0.00521380640566349,0.08045532554388046
2532,30,0,6,mid_5_8,231,0.002012094482779503,0.049980998039245605
2532,30,0,6,far_gt8,630,0.0009782802080735564,0.037835195660591125
2532,30,0,7,inside,24,0.521460235118866,1.0154188871383667
2532,30,0,7,ring_1,36,0.06549199670553207,0.33436739444732666
2532,30,0,7,near_2_4,103,0.009418626315891743,0.10889212042093277
2532,30,0,7,mid_5_8,231,0.0036464098375290632,0.06514465808868408
2532,30,0,7,far_gt8,630,0.0016870846739038825,0.046541232615709305
2532,30,0,8,inside,24,0.5211113095283508,1.0152825117111206
2532,30,0,8,ring_1,36,0.08160200715065002,0.3763540983200073
2532,30,0,8,near_2_4,103,0.01416649017482996,0.13737335801124573
2532,30,0,8,mid_5_8,231,0.0060227978974580765,0.08306531608104706
2532,30,0,8,far_gt8,630,0.0030737370252609253,0.060485877096652985
2532,30,0,9,inside,24,0.51713627576828,1.0103415250778198
2532,30,0,9,ring_1,36,0.0944848582148552,0.40684574842453003
2532,30,0,9,near_2_4,103,0.0205858014523983,0.16512489318847656
2532,30,0,9,mid_5_8,231,0.00983829703181982,0.10589589178562164
2532,30,0,9,far_gt8,630,0.006056362297385931,0.07973378151655197
2532,30,0,10,inside,24,0.5299644470214844,1.0239633321762085
2532,30,0,10,ring_1,36,0.11204732954502106,0.4402073323726654
2532,30,0,10,near_2_4,103,0.02735208347439766,0.18944890797138214
2532,30,0,10,mid_5_8,231,0.013535844162106514,0.12625837326049805
2532,30,0,10,far_gt8,630,0.009415272623300552,0.09742201119661331
2532,30,0,11,inside,24,0.5392052531242371,1.0339115858078003
2532,30,0,11,ring_1,36,0.13142183423042297,0.47735971212387085
2532,30,0,11,near_2_4,103,0.03462568670511246,0.21502776443958282
2532,30,0,11,mid_5_8,231,0.016814788803458214,0.14248596131801605
2532,30,0,11,far_gt8,630,0.012563962489366531,0.11240223795175552
2532,30,0,12,inside,24,0.5343484282493591,1.0301694869995117
2532,30,0,12,ring_1,36,0.149568572640419,0.5099429488182068
2532,30,0,12,near_2_4,103,0.04912271723151207,0.2542363405227661
2532,30,0,12,mid_5_8,231,0.02433750033378601,0.17295487225055695
2532,30,0,12,far_gt8,630,0.02003004401922226,0.14226193726062775
2532,30,0,13,inside,24,0.5520943999290466,1.047465443611145
2532,30,0,13,ring_1,36,0.18470945954322815,0.5697020888328552
2532,30,0,13,near_2_4,103,0.06046745926141739,0.2884710133075714
2532,30,0,13,mid_5_8,231,0.03459213674068451,0.20760488510131836
2532,30,0,13,far_gt8,630,0.02781236730515957,0.1681184321641922
2532,30,0,14,inside,24,0.5577734112739563,1.0528987646102905
2532,30,0,14,ring_1,36,0.19900216162204742,0.5926531553268433
2532,30,0,14,near_2_4,103,0.07366260141134262,0.3168174922466278
2532,30,0,14,mid_5_8,231,0.049291983246803284,0.24616357684135437
2532,30,0,14,far_gt8,630,0.03947268798947334,0.20277006924152374
2532,30,0,15,inside,24,0.6275805830955505,1.117937445640564
2532,30,0,15,ring_1,36,0.24400758743286133,0.6599433422088623
2532,30,0,15,near_2_4,103,0.09109789878129959,0.34865427017211914
2532,30,0,15,mid_5_8,231,0.06809937953948975,0.28597328066825867
2532,30,0,15,far_gt8,630,0.0554756298661232,0.23788277804851532
2532,30,0,16,inside,24,0.6599442362785339,1.1459565162658691
2532,30,0,16,ring_1,36,0.26900261640548706,0.694561779499054
2532,30,0,16,near_2_4,103,0.10640543699264526,0.37463638186454773
2532,30,0,16,mid_5_8,231,0.0811949074268341,0.30894771218299866
2532,30,0,16,far_gt8,630,0.06639163196086884,0.2578991651535034
2532,30,0,17,inside,24,0.67669677734375,1.1602424383163452
2532,30,0,17,ring_1,36,0.27937111258506775,0.7072964906692505
2532,30,0,17,near_2_4,103,0.1122424453496933,0.38377898931503296
2532,30,0,17,mid_5_8,231,0.09256760030984879,0.32669776678085327
2532,30,0,17,far_gt8,630,0.07773665338754654,0.2788802981376648
2532,30,0,18,inside,24,0.7060840725898743,1.1852619647979736
2532,30,0,18,ring_1,36,0.29555052518844604,0.7294111847877502
2532,30,0,18,near_2_4,103,0.118845134973526,0.39654648303985596
2532,30,0,18,mid_5_8,231,0.10107249766588211,0.34129631519317627
2532,30,0,18,far_gt8,630,0.08219411969184875,0.2882087230682373
2532,30,0,19,inside,24,0.7526584267616272,1.2237075567245483
2532,30,0,19,ring_1,36,0.3217792510986328,0.7607510089874268
2532,30,0,19,near_2_4,103,0.12954384088516235,0.415089875459671
2532,30,0,19,mid_5_8,231,0.11075746268033981,0.3600238561630249
2532,30,0,19,far_gt8,630,0.09124398976564407,0.3071233332157135
2532,30,0,20,inside,24,0.7539885640144348,1.2248302698135376
2532,30,0,20,ring_1,36,0.31986090540885925,0.7554757595062256
2532,30,0,20,near_2_4,103,0.12896513938903809,0.4126026928424835
2532,30,0,20,mid_5_8,231,0.12200763076543808,0.37614718079566956
2532,30,0,20,far_gt8,630,0.10110264271497726,0.3252241313457489
2532,30,0,21,inside,24,0.7342963218688965,1.2082992792129517
2532,30,0,21,ring_1,36,0.3212102949619293,0.757487416267395
2532,30,0,21,near_2_4,103,0.13310495018959045,0.4213947653770447
2532,30,0,21,mid_5_8,231,0.1272706389427185,0.3897494971752167
2532,30,0,21,far_gt8,630,0.10984821617603302,0.3446139693260193
2532,30,0,22,inside,24,0.7112904191017151,1.1891026496887207
2532,30,0,22,ring_1,36,0.3105520009994507,0.7454051375389099
2532,30,0,22,near_2_4,103,0.13118037581443787,0.4175967276096344
2532,30,0,22,mid_5_8,231,0.12786965072155,0.39236384630203247
2532,30,0,22,far_gt8,630,0.11207582801580429,0.3496750593185425
2532,30,0,23,inside,24,0.6726410984992981,1.1562227010726929
2532,30,0,23,ring_1,36,0.295567125082016,0.724788248538971
2532,30,0,23,near_2_4,103,0.12695413827896118,0.4109760820865631
2532,30,0,23,mid_5_8,231,0.1304582804441452,0.39613550901412964
2532,30,0,23,far_gt8,630,0.11561010777950287,0.35939183831214905
2532,30,0,24,inside,24,0.6620545387268066,1.1462820768356323
2532,30,0,24,ring_1,36,0.29835641384124756,0.7291496396064758
2532,30,0,24,near_2_4,103,0.13545005023479462,0.4261282682418823
2532,30,0,24,mid_5_8,231,0.1414000391960144,0.415236234664917
2532,30,0,24,far_gt8,630,0.1240801140666008,0.37690669298171997
2532,30,0,25,inside,24,0.6257515549659729,1.114262580871582
2532,30,0,25,ring_1,36,0.28444814682006836,0.712001383304596
2532,30,0,25,near_2_4,103,0.13291768729686737,0.42449718713760376
2532,30,0,25,mid_5_8,231,0.14569644629955292,0.4251837730407715
2532,30,0,25,far_gt8,630,0.1301783323287964,0.3910177946090698
2532,30,0,26,inside,24,0.6577363014221191,1.143782377243042
2532,30,0,26,ring_1,36,0.3071136474609375,0.7356233596801758
2532,30,0,26,near_2_4,103,0.143654927611351,0.44015613198280334
2532,30,0,26,mid_5_8,231,0.16074778139591217,0.4493831694126129
2532,30,0,26,far_gt8,630,0.14447127282619476,0.41800904273986816
2532,30,0,27,inside,24,0.7491028308868408,1.2213610410690308
2532,30,0,27,ring_1,36,0.3448711931705475,0.7745388746261597
2532,30,0,27,near_2_4,103,0.1597127616405487,0.4622483551502228
2532,30,0,27,mid_5_8,231,0.179889976978302,0.47638389468193054
2532,30,0,27,far_gt8,630,0.1591491848230362,0.4385256767272949
2587,31,0,0,inside,294,0.020325079560279846,0.19767291843891144
2587,31,0,0,ring_1,93,-7.050011685549862e-09,0.0
2587,31,0,0,near_2_4,151,-9.473586359831643e-09,0.0
2587,31,0,0,mid_5_8,174,1.5072439296659468e-08,0.0
2587,31,0,0,far_gt8,312,3.8208107788761936e-09,0.0
2587,31,0,1,inside,294,0.028635742142796516,0.2306564748287201
2587,31,0,1,ring_1,93,0.0006105156498961151,0.034606821835041046
2587,31,0,1,near_2_4,151,0.0006225279066711664,0.03488636016845703
2587,31,0,1,mid_5_8,174,0.0006601303466595709,0.03589189052581787
2587,31,0,1,far_gt8,312,0.0005862850230187178,0.03389761224389076
2587,31,0,2,inside,294,0.12612950801849365,0.4894183278083801
2587,31,0,2,ring_1,93,0.005663278978317976,0.10364529490470886
2587,31,0,2,near_2_4,151,0.0028079929761588573,0.07398952543735504
2587,31,0,2,mid_5_8,174,0.0025989545974880457,0.0712343230843544
2587,31,0,2,far_gt8,312,0.002003312576562166,0.0626365914940834
2587,31,0,3,inside,294,0.2769749164581299,0.7375009059906006
2587,31,0,3,ring_1,93,0.021330514922738075,0.1914970576763153
2587,31,0,3,near_2_4,151,0.0064812107011675835,0.11030342429876328
2587,31,0,3,mid_5_8,174,0.0051589119248092175,0.09863276779651642
2587,31,0,3,far_gt8,312,0.003264462808147073,0.07828371226787567
2587,31,0,4,inside,294,0.34230750799179077,0.8228073716163635
2587,31,0,4,ring_1,93,0.0320851169526577,0.23687542974948883
2587,31,0,4,near_2_4,151,0.007382646203041077,0.1182611957192421
2587,31,0,4,mid_5_8,174,0.005815848708152771,0.10526446998119354
2587,31,0,4,far_gt8,312,0.0038790684193372726,0.08616387844085693
2587,31,0,5,inside,294,0.35271650552749634,0.8353760242462158
2587,31,0,5,ring_1,93,0.040626876056194305,0.26644936203956604
2587,31,0,5,near_2_4,151,0.00941675528883934,0.13408854603767395
2587,31,0,5,mid_5_8,174,0.0069132219068706036,0.1145925223827362
2587,31,0,5,far_gt8,312,0.0042275902815163136,0.08996912837028503
2587,31,0,6,inside,294,0.4439713954925537,0.9371386766433716
2587,31,0,6,ring_1,93,0.06422869116067886,0.3350287079811096
2587,31,0,6,near_2_4,151,0.01291443407535553,0.15698064863681793
2587,31,0,6,mid_5_8,174,0.008928392082452774,0.12986791133880615
2587,31,0,6,far_gt8,312,0.005652668885886669,0.10369577258825302
2587,31,0,7,inside,294,0.4875696897506714,0.9814598560333252
2587,31,0,7,ring_1,93,0.07854589819908142,0.3714149296283722
2587,31,0,7,near_2_4,151,0.01686989888548851,0.1798851490020752
2587,31,0,7,mid_5_8,174,0.010789322666823864,0.14256532490253448
2587,31,0,7,far_gt8,312,0.0063227321952581406,0.10996240377426147
2587,31,0,8,inside,294,0.44074276089668274,0.9325240850448608
2587,31,0,8,ring_1,93,0.08784910291433334,0.39474987983703613
2587,31,0,8,near_2_4,151,0.02072984166443348,0.19920019805431366
2587,31,0,8,mid_5_8,174,0.013130202889442444,0.156575009226799
2587,31,0,8,far_gt8,312,0.007080746814608574,0.11686963587999344
2587,31,0,9,inside,294,0.4552372395992279,0.9450770616531372
2587,31,0,9,ring_1,93,0.10416625440120697,0.434579461812973
2587,31,0,9,near_2_4,151,0.02828056737780571,0.2319605052471161
2587,31,0,9,mid_5_8,174,0.016869986429810524,0.17634741961956024
2587,31,0,9,far_gt8,312,0.008450846187770367,0.12709689140319824
2587,31,0,10,inside,294,0.4414527118206024,0.9279929399490356
2587,31,0,10,ring_1,93,0.11321249604225159,0.45046138763427734
2587,31,0,10,near_2_4,151,0.03298943117260933,0.24808403849601746
2587,31,0,10,mid_5_8,174,0.020008020102977753,0.1929233819246292
2587,31,0,10,far_gt8,312,0.009981204755604267,0.1380007266998291
2587,31,0,11,inside,294,0.4653885066509247,0.9510180354118347
2587,31,0,11,ring_1,93,0.13254675269126892,0.4860040545463562
2587,31,0,11,near_2_4,151,0.04181898757815361,0.2784351408481598
2587,31,0,11,mid_5_8,174,0.027363015338778496,0.22579291462898254
2587,31,0,11,far_gt8,312,0.0136723592877388,0.16046470403671265
2587,31,0,12,inside,294,0.47522833943367004,0.9601007699966431
2587,31,0,12,ring_1,93,0.15067920088768005,0.516818106174469
2587,31,0,12,near_2_4,151,0.051046907901763916,0.30688196420669556
2587,31,0,12,mid_5_8,174,0.03639621287584305,0.2601550221443176
2587,31,0,12,far_gt8,312,0.01928533799946308,0.1896129697561264
2587,31,0,13,inside,294,0.5185989141464233,1.0009220838546753
2587,31,0,13,ring_1,93,0.18128636479377747,0.5677403807640076
2587,31,0,13,near_2_4,151,0.06697388738393784,0.34961631894111633
2587,31,0,13,mid_5_8,174,0.04836875572800636,0.2967628538608551
2587,31,0,13,far_gt8,312,0.02609257772564888,0.2195112556219101
2587,31,0,14,inside,294,0.5597326159477234,1.0417966842651367
2587,31,0,14,ring_1,93,0.198857381939888,0.5928700566291809
2587,31,0,14,near_2_4,151,0.08099056780338287,0.380456805229187
2587,31,0,14,mid_5_8,174,0.06426874548196793,0.33805596828460693
2587,31,0,14,far_gt8,312,0.03489140421152115,0.2517651915550232
2587,31,0,15,inside,294,0.5952112674713135,1.0755863189697266
2587,31,0,15,ring_1,93,0.23196189105510712,0.6379733681678772
2587,31,0,15,near_2_4,151,0.10330350697040558,0.42313143610954285
2587,31,0,15,mid_5_8,174,0.08410627394914627,0.3787684440612793
2587,31,0,15,far_gt8,312,0.046232640743255615,0.2860417068004608
2587,31,0,16,inside,294,0.6261803507804871,1.1038469076156616
2587,31,0,16,ring_1,93,0.2516425848007202,0.6673921346664429
2587,31,0,16,near_2_4,151,0.12052004039287567,0.45979759097099304
2587,31,0,16,mid_5_8,174,0.10260860621929169,0.4225572943687439
2587,31,0,16,far_gt8,312,0.061592213809490204,0.33101633191108704
2587,31,0,17,inside,294,0.6526274681091309,1.128261685371399
2587,31,0,17,ring_1,93,0.25662556290626526,0.6734957695007324
2587,31,0,17,near_2_4,151,0.129990354180336,0.4760313630104065
2587,31,0,17,mid_5_8,174,0.11327081173658371,0.44328975677490234
2587,31,0,17,far_gt8,312,0.07046880573034286,0.35470712184906006
2587,31,0,18,inside,294,0.6561625003814697,1.1323119401931763
2587,31,0,18,ring_1,93,0.26036179065704346,0.6793302893638611
2587,31,0,18,near_2_4,151,0.1356923133134842,0.4864828884601593
2587,31,0,18,mid_5_8,174,0.12023460865020752,0.4538169801235199
2587,31,0,18,far_gt8,312,0.07251951843500137,0.36028584837913513
2587,31,0,19,inside,294,0.6918017864227295,1.1630017757415771
2587,31,0,19,ring_1,93,0.2881821393966675,0.718014121055603
2587,31,0,19,near_2_4,151,0.15642452239990234,0.5256258249282837
2587,31,0,19,mid_5_8,174,0.13665612041950226,0.48774465918540955
2587,31,0,19,far_gt8,312,0.08659521490335464,0.39456042647361755
2587,31,0,20,inside,294,0.6864511966705322,1.158600091934204
2587,31,0,20,ring_1,93,0.2819104790687561,0.7103443741798401
2587,31,0,20,near_2_4,151,0.1589059829711914,0.5299489498138428
2587,31,0,20,mid_5_8,174,0.13764823973178864,0.48866522312164307
2587,31,0,20,far_gt8,312,0.08903180807828903,0.3990857005119324
2587,31,0,21,inside,294,0.6644936800003052,1.1407444477081299
2587,31,0,21,ring_1,93,0.27727457880973816,0.7038994431495667
2587,31,0,21,near_2_4,151,0.16173316538333893,0.5351703763008118
2587,31,0,21,mid_5_8,174,0.14046473801136017,0.49106934666633606
2587,31,0,21,far_gt8,312,0.0950290635228157,0.41090741753578186
2587,31,0,22,inside,294,0.6535630822181702,1.1310510635375977
2587,31,0,22,ring_1,93,0.27350619435310364,0.6994907259941101
2587,31,0,22,near_2_4,151,0.16736342012882233,0.5446029305458069
2587,31,0,22,mid_5_8,174,0.14201103150844574,0.49281758069992065
2587,31,0,22,far_gt8,312,0.0978957936167717,0.41711968183517456
2587,31,0,23,inside,294,0.6256970763206482,1.1075621843338013
2587,31,0,23,ring_1,93,0.2650911808013916,0.68950355052948
2587,31,0,23,near_2_4,151,0.17474651336669922,0.559537947177887
2587,31,0,23,mid_5_8,174,0.14800740778446198,0.5063985586166382
2587,31,0,23,far_gt8,312,0.10693163424730301,0.43531134724617004
2587,31,0,24,inside,294,0.6291413903236389,1.112014651298523
2587,31,0,24,ring_1,93,0.28983065485954285,0.7213125824928284
2587,31,0,24,near_2_4,151,0.20049719512462616,0.5987688899040222
2587,31,0,24,mid_5_8,174,0.16957737505435944,0.5413745641708374
2587,31,0,24,far_gt8,312,0.12785281240940094,0.47336286306381226
2587,31,0,25,inside,294,0.6122689843177795,1.0966485738754272
2587,31,0,25,ring_1,93,0.2982785105705261,0.7308593392372131
2587,31,0,25,near_2_4,151,0.22007231414318085,0.6277217268943787
2587,31,0,25,mid_5_8,174,0.1802099198102951,0.5563770532608032
2587,31,0,25,far_gt8,312,0.14330188930034637,0.49825865030288696
2587,31,0,26,inside,294,0.616748034954071,1.100570559501648
2587,31,0,26,ring_1,93,0.31188544631004333,0.7484606504440308
2587,31,0,26,near_2_4,151,0.24087347090244293,0.6581360101699829
2587,31,0,26,mid_5_8,174,0.19932350516319275,0.5844347476959229
2587,31,0,26,far_gt8,312,0.16073128581047058,0.5259520411491394
2587,31,0,27,inside,294,0.6899867653846741,1.1646169424057007
2587,31,0,27,ring_1,93,0.3489001393318176,0.7939872145652771
2587,31,0,27,near_2_4,151,0.27603721618652344,0.7044878005981445
2587,31,0,27,mid_5_8,174,0.22758907079696655,0.6275185942649841
2587,31,0,27,far_gt8,312,0.18299642205238342,0.5615459680557251
2592,32,1,0,inside,103,0.03796013444662094,0.252019464969635
2592,32,1,0,ring_1,72,2.1523899107478428e-08,0.0
2592,32,1,0,near_2_4,184,2.5915063428527674e-09,0.0
2592,32,1,0,mid_5_8,207,9.502190145838085e-09,0.0
2592,32,1,0,far_gt8,458,5.335786923410524e-09,0.0
2592,32,1,1,inside,103,0.09397462010383606,0.3819701671600342
2592,32,1,1,ring_1,72,7.929073763079941e-05,0.011618326418101788
2592,32,1,1,near_2_4,184,0.00011762620124500245,0.014277097769081593
2592,32,1,1,mid_5_8,207,0.00014981094864197075,0.01570022478699684
2592,32,1,1,far_gt8,458,0.00030843450804241,0.021395446732640266
2592,32,1,2,inside,103,0.19661550223827362,0.6056098341941833
2592,32,1,2,ring_1,72,0.003873169422149658,0.07205869257450104
2592,32,1,2,near_2_4,184,0.0004730700748041272,0.029506444931030273
2592,32,1,2,mid_5_8,207,0.0004442768986336887,0.028919827193021774
2592,32,1,2,far_gt8,458,0.0006188901024870574,0.033664535731077194
2592,32,1,3,inside,103,0.315396249294281,0.782309353351593
2592,32,1,3,ring_1,72,0.013005947694182396,0.14579197764396667
2592,32,1,3,near_2_4,184,0.0011831480078399181,0.04481078311800957
2592,32,1,3,mid_5_8,207,0.0009102703188546002,0.04018080234527588
2592,32,1,3,far_gt8,458,0.0015831899363547564,0.0531165786087513
2592,32,1,4,inside,103,0.3411751389503479,0.8175146579742432
2592,32,1,4,ring_1,72,0.017502576112747192,0.17106203734874725
2592,32,1,4,near_2_4,184,0.0017110954504460096,0.05363241583108902
2592,32,1,4,mid_5_8,207,0.001339305192232132,0.0478496178984642
2592,32,1,4,far_gt8,458,0.002321671461686492,0.06382478773593903
2592,32,1,5,inside,103,0.33865904808044434,0.8148497939109802
2592,32,1,5,ring_1,72,0.022893939167261124,0.19769319891929626
2592,32,1,5,near_2_4,184,0.0029211598448455334,0.0712352842092514
2592,32,1,5,mid_5_8,207,0.0021527032367885113,0.06221484765410423
2592,32,1,5,far_gt8,458,0.003343818010762334,0.07826968282461166
2592,32,1,6,inside,103,0.4209437966346741,0.9100484251976013
2592,32,1,6,ring_1,72,0.041820939630270004,0.2678892910480499
2592,32,1,6,near_2_4,184,0.004953180439770222,0.09130801260471344
2592,32,1,6,mid_5_8,207,0.0030372734181582928,0.07397877424955368
2592,32,1,6,far_gt8,458,0.004612509161233902,0.09205644577741623
2592,32,1,7,inside,103,0.45933568477630615,0.9496877193450928
2592,32,1,7,ring_1,72,0.05127611383795738,0.2964955270290375
2592,32,1,7,near_2_4,184,0.0067955800332129,0.10622771829366684
2592,32,1,7,mid_5_8,207,0.003681607311591506,0.0816287100315094
2592,32,1,7,far_gt8,458,0.004987902939319611,0.09568904340267181
2592,32,1,8,inside,103,0.43679285049438477,0.9256189465522766
2592,32,1,8,ring_1,72,0.06018088757991791,0.3205682933330536
2592,32,1,8,near_2_4,184,0.007869882509112358,0.11471249908208847
2592,32,1,8,mid_5_8,207,0.004168977495282888,0.08746334910392761
2592,32,1,8,far_gt8,458,0.005663228686898947,0.10153062641620636
2592,32,1,9,inside,103,0.44085827469825745,0.928154706954956
2592,32,1,9,ring_1,72,0.07090187072753906,0.3492791950702667
2592,32,1,9,near_2_4,184,0.010716157034039497,0.13374118506908417
2592,32,1,9,mid_5_8,207,0.005155977793037891,0.09714384377002716
2592,32,1,9,far_gt8,458,0.006788468919694424,0.10953915119171143
2592,32,1,10,inside,103,0.4319663941860199,0.9183159470558167
2592,32,1,10,ring_1,72,0.0758436769247055,0.35770443081855774
2592,32,1,10,near_2_4,184,0.0115604093298316,0.1378338634967804
2592,32,1,10,mid_5_8,207,0.005633771885186434,0.10098370909690857
2592,32,1,10,far_gt8,458,0.00755984615534544,0.11227043718099594
2592,32,1,11,inside,103,0.44769856333732605,0.9343886971473694
2592,32,1,11,ring_1,72,0.08895277976989746,0.3866746425628662
2592,32,1,11,near_2_4,184,0.014819959178566933,0.15384669601917267
2592,32,1,11,mid_5_8,207,0.006958839949220419,0.11045780032873154
2592,32,1,11,far_gt8,458,0.009163370355963707,0.12136786431074142
2592,32,1,12,inside,103,0.4695332646369934,0.955764651298523
2592,32,1,12,ring_1,72,0.1050683930516243,0.418559193611145
2592,32,1,12,near_2_4,184,0.020371776074171066,0.1766359508037567
2592,32,1,12,mid_5_8,207,0.008999506011605263,0.12428911030292511
2592,32,1,12,far_gt8,458,0.011582986451685429,0.13407930731773376
2592,32,1,13,inside,103,0.5209696888923645,1.00771963596344
2592,32,1,13,ring_1,72,0.13530100882053375,0.47336387634277344
2592,32,1,13,near_2_4,184,0.03184215724468231,0.21232804656028748
2592,32,1,13,mid_5_8,207,0.012936653569340706,0.14368727803230286
2592,32,1,13,far_gt8,458,0.017674485221505165,0.15406282246112823
2592,32,1,14,inside,103,0.5646588802337646,1.0513328313827515
2592,32,1,14,ring_1,72,0.17504622042179108,0.541394054889679
2592,32,1,14,near_2_4,184,0.04987512528896332,0.258284330368042
2592,32,1,14,mid_5_8,207,0.017729537561535835,0.16570816934108734
2592,32,1,14,far_gt8,458,0.024137092754244804,0.17607933282852173
2592,32,1,15,inside,103,0.6445663571357727,1.1246027946472168
2592,32,1,15,ring_1,72,0.21863143146038055,0.6013872623443604
2592,32,1,15,near_2_4,184,0.06700772047042847,0.29346632957458496
2592,32,1,15,mid_5_8,207,0.023333922028541565,0.18250314891338348
2592,32,1,15,far_gt8,458,0.029328245669603348,0.1893845796585083
2592,32,1,16,inside,103,0.6864646077156067,1.1620020866394043
2592,32,1,16,ring_1,72,0.2513267993927002,0.6432304382324219
2592,32,1,16,near_2_4,184,0.07852374017238617,0.32012611627578735
2592,32,1,16,mid_5_8,207,0.02864968776702881,0.2019956111907959
2592,32,1,16,far_gt8,458,0.03544027358293533,0.20867688953876495
2592,32,1,17,inside,103,0.7208868265151978,1.190168857574463
2592,32,1,17,ring_1,72,0.25491511821746826,0.6437892913818359
2592,32,1,17,near_2_4,184,0.08697166293859482,0.33363136649131775
2592,32,1,17,mid_5_8,207,0.032291628420352936,0.20882083475589752
2592,32,1,17,far_gt8,458,0.038446471095085144,0.2164958268404007
2592,32,1,18,inside,103,0.749356746673584,1.2149810791015625
2592,32,1,18,ring_1,72,0.2872496247291565,0.6823433637619019
2592,32,1,18,near_2_4,184,0.09751701354980469,0.3532547652721405
2592,32,1,18,mid_5_8,207,0.037449561059474945,0.22084809839725494
2592,32,1,18,far_gt8,458,0.04385928064584732,0.22854040563106537
2592,32,1,19,inside,103,0.7814208269119263,1.240197777748108
2592,32,1,19,ring_1,72,0.3043447434902191,0.706543505191803
2592,32,1,19,near_2_4,184,0.1108681932091713,0.3800727128982544
2592,32,1,19,mid_5_8,207,0.04425801709294319,0.24259933829307556
2592,32,1,19,far_gt8,458,0.04972842335700989,0.24775609374046326
2592,32,1,20,inside,103,0.7543818354606628,1.2180142402648926
2592,32,1,20,ring_1,72,0.3094279170036316,0.7108340859413147
2592,32,1,20,near_2_4,184,0.12183877825737,0.39453408122062683
2592,32,1,20,mid_5_8,207,0.04913325607776642,0.25117433071136475
2592,32,1,20,far_gt8,458,0.05488582327961922,0.255512535572052
2592,32,1,21,inside,103,0.7314965128898621,1.1991418600082397
2592,32,1,21,ring_1,72,0.3147440254688263,0.719444751739502
2592,32,1,21,near_2_4,184,0.13264712691307068,0.4124520719051361
2592,32,1,21,mid_5_8,207,0.05674390867352486,0.26703113317489624
2592,32,1,21,far_gt8,458,0.06100252643227577,0.2730710506439209
2592,32,1,22,inside,103,0.7010883688926697,1.1728999614715576
2592,32,1,22,ring_1,72,0.3127325177192688,0.7183456420898438
2592,32,1,22,near_2_4,184,0.13912896811962128,0.4233921766281128
2592,32,1,22,mid_5_8,207,0.061064548790454865,0.27775463461875916
2592,32,1,22,far_gt8,458,0.06163825839757919,0.27742141485214233
2592,32,1,23,inside,103,0.6659278273582458,1.1427443027496338
2592,32,1,23,ring_1,72,0.30903422832489014,0.7196750044822693
2592,32,1,23,near_2_4,184,0.15037956833839417,0.4436747133731842
2592,32,1,23,mid_5_8,207,0.06589362770318985,0.29142141342163086
2592,32,1,23,far_gt8,458,0.07067158818244934,0.29879629611968994
2592,32,1,24,inside,103,0.6719393134117126,1.1470301151275635
2592,32,1,24,ring_1,72,0.3338219225406647,0.7522804737091064
2592,32,1,24,near_2_4,184,0.17655780911445618,0.4844033718109131
2592,32,1,24,mid_5_8,207,0.08030824363231659,0.323336660861969
2592,32,1,24,far_gt8,458,0.08205846697092056,0.3241865336894989
2592,32,1,25,inside,103,0.6171796917915344,1.0977576971054077
2592,32,1,25,ring_1,72,0.3337559401988983,0.7528315782546997
2592,32,1,25,near_2_4,184,0.18339203298091888,0.4964689314365387
2592,32,1,25,mid_5_8,207,0.08900150656700134,0.34216421842575073
2592,32,1,25,far_gt8,458,0.08871853351593018,0.3408223092556
2592,32,1,26,inside,103,0.6200534701347351,1.098975658416748
2592,32,1,26,ring_1,72,0.35937172174453735,0.7824961543083191
2592,32,1,26,near_2_4,184,0.20804236829280853,0.5301831960678101
2592,32,1,26,mid_5_8,207,0.1049635112285614,0.376376748085022
2592,32,1,26,far_gt8,458,0.10768502205610275,0.38073959946632385
2592,32,1,27,inside,103,0.6846091151237488,1.1555129289627075
2592,32,1,27,ring_1,72,0.40028586983680725,0.8319442868232727
2592,32,1,27,near_2_4,184,0.23777666687965393,0.5792421102523804
2592,32,1,27,mid_5_8,207,0.13057301938533783,0.42886850237846375
2592,32,1,27,far_gt8,458,0.12795257568359375,0.42407503724098206
2685,33,1,0,inside,103,0.0512642040848732,0.29759663343429565
2685,33,1,0,ring_1,73,-2.449505931423346e-09,0.0
2685,33,1,0,near_2_4,145,7.810263547014529e-09,0.0
2685,33,1,0,mid_5_8,230,-5.701313643413641e-09,0.0
2685,33,1,0,far_gt8,473,1.2475390498423167e-08,0.0
2685,33,1,1,inside,103,0.12245579808950424,0.45669057965278625
2685,33,1,1,ring_1,73,7.833111885702237e-05,0.012164169922471046
2685,33,1,1,near_2_4,145,6.092622425057925e-05,0.010659346356987953
2685,33,1,1,mid_5_8,230,4.609408642863855e-05,0.009239104576408863
2685,33,1,1,far_gt8,473,3.779879625653848e-05,0.008483520708978176
2685,33,1,2,inside,103,0.2478417158126831,0.6861028075218201
2685,33,1,2,ring_1,73,0.00596514530479908,0.09484405070543289
2685,33,1,2,near_2_4,145,0.0009078786242753267,0.04035307094454765
2685,33,1,2,mid_5_8,230,0.00045092651271261275,0.02935582958161831
2685,33,1,2,far_gt8,473,0.0003684583934955299,0.026723608374595642
2685,33,1,3,inside,103,0.3823757469654083,0.8639647364616394
2685,33,1,3,ring_1,73,0.02236194908618927,0.17904646694660187
2685,33,1,3,near_2_4,145,0.0022691418416798115,0.06231970340013504
2685,33,1,3,mid_5_8,230,0.0011387871345505118,0.045779697597026825
2685,33,1,3,far_gt8,473,0.0011143054580315948,0.04409194737672806
2685,33,1,4,inside,103,0.4258975684642792,0.9150488376617432
2685,33,1,4,ring_1,73,0.03149399533867836,0.21942773461341858
2685,33,1,4,near_2_4,145,0.0032117392402142286,0.07418999820947647
2685,33,1,4,mid_5_8,230,0.0015972396358847618,0.054662834852933884
2685,33,1,4,far_gt8,473,0.0015209855046123266,0.05209757760167122
2685,33,1,5,inside,103,0.42264601588249207,0.9112914800643921
2685,33,1,5,ring_1,73,0.03909106180071831,0.24709688127040863
2685,33,1,5,near_2_4,145,0.004155727103352547,0.08495914936065674
2685,33,1,5,mid_5_8,230,0.002164323115721345,0.06389843672513962
2685,33,1,5,far_gt8,473,0.0018557270523160696,0.05767996236681938
2685,33,1,6,inside,103,0.5013608932495117,0.9928543567657471
2685,33,1,6,ring_1,73,0.061453089118003845,0.3134826719760895
2685,33,1,6,near_2_4,145,0.005733006168156862,0.09865136444568634
2685,33,1,6,mid_5_8,230,0.002705947495996952,0.0712260976433754
2685,33,1,6,far_gt8,473,0.002370063681155443,0.06469900161027908
2685,33,1,7,inside,103,0.5562348365783691,1.0455223321914673
2685,33,1,7,ring_1,73,0.0776282399892807,0.35390612483024597
2685,33,1,7,near_2_4,145,0.008292105048894882,0.11777738481760025
2685,33,1,7,mid_5_8,230,0.0033167777583003044,0.07877784222364426
2685,33,1,7,far_gt8,473,0.0026630775537341833,0.067912757396698
2685,33,1,8,inside,103,0.5459085702896118,1.036532998085022
2685,33,1,8,ring_1,73,0.09330936521291733,0.39075154066085815
2685,33,1,8,near_2_4,145,0.010420283302664757,0.13092157244682312
2685,33,1,8,mid_5_8,230,0.003959186840802431,0.0857621282339096
2685,33,1,8,far_gt8,473,0.002907872898504138,0.07045873999595642
2685,33,1,9,inside,103,0.5434219241142273,1.0333293676376343
2685,33,1,9,ring_1,73,0.10002986341714859,0.4081907272338867
2685,33,1,9,near_2_4,145,0.013345195911824703,0.14694826304912567
2685,33,1,9,mid_5_8,230,0.004759715870022774,0.09292580932378769
2685,33,1,9,far_gt8,473,0.0035417655017226934,0.07536014169454575
2685,33,1,10,inside,103,0.5412142276763916,1.0303236246109009
2685,33,1,10,ring_1,73,0.10311038047075272,0.41041800379753113
2685,33,1,10,near_2_4,145,0.01426123920828104,0.1512671709060669
2685,33,1,10,mid_5_8,230,0.005425936076790094,0.09769570082426071
2685,33,1,10,far_gt8,473,0.004037533886730671,0.07777107506990433
2685,33,1,11,inside,103,0.5668152570724487,1.0553603172302246
2685,33,1,11,ring_1,73,0.11035884916782379,0.4238573908805847
2685,33,1,11,near_2_4,145,0.01655774749815464,0.16333603858947754
2685,33,1,11,mid_5_8,230,0.006704343017190695,0.10733410716056824
2685,33,1,11,far_gt8,473,0.004835405852645636,0.08380554616451263
2685,33,1,12,inside,103,0.5867413878440857,1.0736188888549805
2685,33,1,12,ring_1,73,0.11472916603088379,0.43155142664909363
2685,33,1,12,near_2_4,145,0.01901198923587799,0.17327792942523956
2685,33,1,12,mid_5_8,230,0.008886069990694523,0.119889035820961
2685,33,1,12,far_gt8,473,0.006368292961269617,0.09206638485193253
2685,33,1,13,inside,103,0.6357426047325134,1.1186012029647827
2685,33,1,13,ring_1,73,0.12775956094264984,0.45282670855522156
2685,33,1,13,near_2_4,145,0.022216875106096268,0.18691304326057434
2685,33,1,13,mid_5_8,230,0.011685379780828953,0.1349773108959198
2685,33,1,13,far_gt8,473,0.008491774089634418,0.10189801454544067
2685,33,1,14,inside,103,0.6476486325263977,1.129926085472107
2685,33,1,14,ring_1,73,0.13609415292739868,0.46263906359672546
2685,33,1,14,near_2_4,145,0.02378361113369465,0.1918860822916031
2685,33,1,14,mid_5_8,230,0.01572670042514801,0.1492854505777359
2685,33,1,14,far_gt8,473,0.010774023830890656,0.10997021943330765
2685,33,1,15,inside,103,0.6977317333221436,1.1729512214660645
2685,33,1,15,ring_1,73,0.14910486340522766,0.47955143451690674
2685,33,1,15,near_2_4,145,0.02589249238371849,0.19985419511795044
2685,33,1,15,mid_5_8,230,0.01845545507967472,0.1593552976846695
2685,33,1,15,far_gt8,473,0.012574056163430214,0.11572212725877762
2685,33,1,16,inside,103,0.7244881391525269,1.1952900886535645
2685,33,1,16,ring_1,73,0.16186197102069855,0.4974682331085205
2685,33,1,16,near_2_4,145,0.027819285169243813,0.20839273929595947
2685,33,1,16,mid_5_8,230,0.022126343101263046,0.17234095931053162
2685,33,1,16,far_gt8,473,0.014847265556454659,0.12415197491645813
2685,33,1,17,inside,103,0.7357792258262634,1.2047251462936401
2685,33,1,17,ring_1,73,0.16398340463638306,0.4988800883293152
2685,33,1,17,near_2_4,145,0.028054000809788704,0.21013811230659485
2685,33,1,17,mid_5_8,230,0.022861331701278687,0.17480428516864777
2685,33,1,17,far_gt8,473,0.015452900901436806,0.12706267833709717
2685,33,1,18,inside,103,0.7533156275749207,1.2197893857955933
2685,33,1,18,ring_1,73,0.17945069074630737,0.5218350887298584
2685,33,1,18,near_2_4,145,0.031294722110033035,0.22218391299247742
2685,33,1,18,mid_5_8,230,0.025610167533159256,0.1845233291387558
2685,33,1,18,far_gt8,473,0.01779024302959442,0.13409124314785004
2685,33,1,19,inside,103,0.7881816625595093,1.2476340532302856
2685,33,1,19,ring_1,73,0.18722166121006012,0.531814455986023
2685,33,1,19,near_2_4,145,0.03328290954232216,0.23024186491966248
2685,33,1,19,mid_5_8,230,0.02845272421836853,0.19531342387199402
2685,33,1,19,far_gt8,473,0.01934962533414364,0.14195556938648224
2685,33,1,20,inside,103,0.7631309032440186,1.2282390594482422
2685,33,1,20,ring_1,73,0.18745344877243042,0.5331329703330994
2685,33,1,20,near_2_4,145,0.03745386749505997,0.24300098419189453
2685,33,1,20,mid_5_8,230,0.03378624841570854,0.209045872092247
2685,33,1,20,far_gt8,473,0.022917617112398148,0.15272358059883118
2685,33,1,21,inside,103,0.7400223612785339,1.2094001770019531
2685,33,1,21,ring_1,73,0.18814247846603394,0.5351645350456238
2685,33,1,21,near_2_4,145,0.038936831057071686,0.24808131158351898
2685,33,1,21,mid_5_8,230,0.03617459908127785,0.21604762971401215
2685,33,1,21,far_gt8,473,0.02423916384577751,0.15863017737865448
2685,33,1,22,inside,103,0.7324257493019104,1.2031457424163818
2685,33,1,22,ring_1,73,0.18907541036605835,0.534298300743103
2685,33,1,22,near_2_4,145,0.04232638329267502,0.25894850492477417
2685,33,1,22,mid_5_8,230,0.040613844990730286,0.23130300641059875
2685,33,1,22,far_gt8,473,0.02583152987062931,0.16800832748413086
2685,33,1,23,inside,103,0.6946227550506592,1.172097086906433
2685,33,1,23,ring_1,73,0.1830584853887558,0.5284719467163086
2685,33,1,23,near_2_4,145,0.045493122190237045,0.2676607668399811
2685,33,1,23,mid_5_8,230,0.046009574085474014,0.24730125069618225
2685,33,1,23,far_gt8,473,0.028734372928738594,0.17887067794799805
2685,33,1,24,inside,103,0.7154629826545715,1.1897469758987427
2685,33,1,24,ring_1,73,0.1984742134809494,0.5512164235115051
2685,33,1,24,near_2_4,145,0.054104033857584,0.29186180233955383
2685,33,1,24,mid_5_8,230,0.05701282247900963,0.28002265095710754
2685,33,1,24,far_gt8,473,0.0345243364572525,0.20142477750778198
2685,33,1,25,inside,103,0.6718472242355347,1.1523969173431396
2685,33,1,25,ring_1,73,0.19932296872138977,0.5528144240379333
2685,33,1,25,near_2_4,145,0.06310712546110153,0.3147634267807007
2685,33,1,25,mid_5_8,230,0.06756358593702316,0.3065190315246582
2685,33,1,25,far_gt8,473,0.04196329042315483,0.22665490210056305
2685,33,1,26,inside,103,0.6999533772468567,1.1767351627349854
2685,33,1,26,ring_1,73,0.21080969274044037,0.5717204809188843
2685,33,1,26,near_2_4,145,0.07727621495723724,0.3497394323348999
2685,33,1,26,mid_5_8,230,0.08534107357263565,0.35189586877822876
2685,33,1,26,far_gt8,473,0.05327799916267395,0.2629653215408325
2685,33,1,27,inside,103,0.7656604647636414,1.2311971187591553
2685,33,1,27,ring_1,73,0.23145727813243866,0.6028637290000916
2685,33,1,27,near_2_4,145,0.09328770637512207,0.38938435912132263
2685,33,1,27,mid_5_8,230,0.10644657909870148,0.4010718762874603
2685,33,1,27,far_gt8,473,0.06865847855806351,0.3110271692276001
2923,34,0,0,inside,25,0.06278238445520401,0.33479857444763184
2923,34,0,0,ring_1,32,9.313225746154785e-09,0.0
2923,34,0,0,near_2_4,87,6.851108569350117e-10,0.0
2923,34,0,0,mid_5_8,220,8.940697071579962e-09,0.0
2923,34,0,0,far_gt8,660,1.4991471175562765e-08,0.0
2923,34,0,1,inside,25,0.28057536482810974,0.7086656093597412
2923,34,0,1,ring_1,32,5.1254406571388245e-05,0.009768730029463768
2923,34,0,1,near_2_4,87,2.3369817427010275e-05,0.0065649510361254215
2923,34,0,1,mid_5_8,220,1.2330304343777243e-05,0.004826119169592857
2923,34,0,1,far_gt8,660,8.53556593938265e-06,0.004022935405373573
2923,34,0,2,inside,25,0.3860202431678772,0.828074038028717
2923,34,0,2,ring_1,32,0.006729573011398315,0.09700976312160492
2923,34,0,2,near_2_4,87,0.0003819424600806087,0.026746591553092003
2923,34,0,2,mid_5_8,220,0.00023013190366327763,0.021099509671330452
2923,34,0,2,far_gt8,660,0.00016190219321288168,0.01779046654701233
2923,34,0,3,inside,25,0.4606550633907318,0.9179897308349609
2923,34,0,3,ring_1,32,0.01724294386804104,0.16182857751846313
2923,34,0,3,near_2_4,87,0.0011618616990745068,0.047208961099386215
2923,34,0,3,mid_5_8,220,0.0005915947840549052,0.03378891944885254
2923,34,0,3,far_gt8,660,0.000372219190467149,0.026454778388142586
2923,34,0,4,inside,25,0.45560699701309204,0.9193576574325562
2923,34,0,4,ring_1,32,0.028451325371861458,0.2087952047586441
2923,34,0,4,near_2_4,87,0.0021764992270618677,0.06390313804149628
2923,34,0,4,mid_5_8,220,0.0014244436752051115,0.048317309468984604
2923,34,0,4,far_gt8,660,0.0008987755281850696,0.03755936026573181
2923,34,0,5,inside,25,0.44898125529289246,0.9196826815605164
2923,34,0,5,ring_1,32,0.035341791808605194,0.23862680792808533
2923,34,0,5,near_2_4,87,0.002833147067576647,0.07201813161373138
2923,34,0,5,mid_5_8,220,0.002371367998421192,0.056661948561668396
2923,34,0,5,far_gt8,660,0.0014863155083730817,0.04371624439954758
2923,34,0,6,inside,25,0.49612075090408325,0.972886323928833
2923,34,0,6,ring_1,32,0.05499204993247986,0.29962462186813354
2923,34,0,6,near_2_4,87,0.00465942919254303,0.09176678210496902
2923,34,0,6,mid_5_8,220,0.007336663082242012,0.08260704576969147
2923,34,0,6,far_gt8,660,0.005132368765771389,0.06700966507196426
2923,34,0,7,inside,25,0.5092566013336182,0.9907793402671814
2923,34,0,7,ring_1,32,0.0618823878467083,0.32114502787590027
2923,34,0,7,near_2_4,87,0.006597456056624651,0.10913992673158646
2923,34,0,7,mid_5_8,220,0.011228873394429684,0.10034617781639099
2923,34,0,7,far_gt8,660,0.009026831947267056,0.08568449318408966
2923,34,0,8,inside,25,0.5123418569564819,0.9973434209823608
2923,34,0,8,ring_1,32,0.07080017030239105,0.34662875533103943
2923,34,0,8,near_2_4,87,0.00763049116358161,0.1166384145617485
2923,34,0,8,mid_5_8,220,0.014220355078577995,0.11109224706888199
2923,34,0,8,far_gt8,660,0.01333380863070488,0.10205065459012985
2923,34,0,9,inside,25,0.4934037923812866,0.9790434241294861
2923,34,0,9,ring_1,32,0.07708980143070221,0.36642220616340637
2923,34,0,9,near_2_4,87,0.009067933075129986,0.12673066556453705
2923,34,0,9,mid_5_8,220,0.01873050443828106,0.1255086064338684
2923,34,0,9,far_gt8,660,0.01889042556285858,0.12264398485422134
2923,34,0,10,inside,25,0.5263621211051941,1.0115774869918823
2923,34,0,10,ring_1,32,0.08939497917890549,0.39094841480255127
2923,34,0,10,near_2_4,87,0.01083960197865963,0.13616107404232025
2923,34,0,10,mid_5_8,220,0.023243283852934837,0.13872253894805908
2923,34,0,10,far_gt8,660,0.0239566620439291,0.13751983642578125
2923,34,0,11,inside,25,0.539293110370636,1.0260933637619019
2923,34,0,11,ring_1,32,0.0964832752943039,0.40416035056114197
2923,34,0,11,near_2_4,87,0.013441809453070164,0.1505410224199295
2923,34,0,11,mid_5_8,220,0.028194790706038475,0.15285058319568634
2923,34,0,11,far_gt8,660,0.028112290427088737,0.15024389326572418
2923,34,0,12,inside,25,0.5377237200737,1.023809552192688
2923,34,0,12,ring_1,32,0.10317208617925644,0.41527611017227173
2923,34,0,12,near_2_4,87,0.016941353678703308,0.16670779883861542
2923,34,0,12,mid_5_8,220,0.036984991282224655,0.1774476170539856
2923,34,0,12,far_gt8,660,0.034906018525362015,0.17050842940807343
2923,34,0,13,inside,25,0.5629943013191223,1.0477266311645508
2923,34,0,13,ring_1,32,0.11276429891586304,0.4331394135951996
2923,34,0,13,near_2_4,87,0.020291687920689583,0.18176133930683136
2923,34,0,13,mid_5_8,220,0.04280256852507591,0.1926373988389969
2923,34,0,13,far_gt8,660,0.04000455141067505,0.18396075069904327
2923,34,0,14,inside,25,0.571063220500946,1.0541237592697144
2923,34,0,14,ring_1,32,0.1157732605934143,0.433528870344162
2923,34,0,14,near_2_4,87,0.022306080907583237,0.1874719113111496
2923,34,0,14,mid_5_8,220,0.050575125962495804,0.21134017407894135
2923,34,0,14,far_gt8,660,0.04721514508128166,0.2054809331893921
2923,34,0,15,inside,25,0.6182122230529785,1.0947343111038208
2923,34,0,15,ring_1,32,0.12783344089984894,0.4501136243343353
2923,34,0,15,near_2_4,87,0.025431249290704727,0.19749413430690765
2923,34,0,15,mid_5_8,220,0.06473031640052795,0.23851504921913147
2923,34,0,15,far_gt8,660,0.05524720996618271,0.22488699853420258
2923,34,0,16,inside,25,0.6528022885322571,1.1248328685760498
2923,34,0,16,ring_1,32,0.1395460069179535,0.46974116563796997
2923,34,0,16,near_2_4,87,0.02898338809609413,0.20815813541412354
2923,34,0,16,mid_5_8,220,0.07268369942903519,0.2522794008255005
2923,34,0,16,far_gt8,660,0.06364560127258301,0.24161358177661896
2923,34,0,17,inside,25,0.6770550012588501,1.1444408893585205
2923,34,0,17,ring_1,32,0.14603540301322937,0.47754016518592834
2923,34,0,17,near_2_4,87,0.030995439738035202,0.21310806274414062
2923,34,0,17,mid_5_8,220,0.07945100963115692,0.2623596787452698
2923,34,0,17,far_gt8,660,0.06938645988702774,0.2541995346546173
2923,34,0,18,inside,25,0.6715664863586426,1.1405386924743652
2923,34,0,18,ring_1,32,0.15390092134475708,0.49126797914505005
2923,34,0,18,near_2_4,87,0.0340866781771183,0.22074005007743835
2923,34,0,18,mid_5_8,220,0.08285992592573166,0.2702668607234955
2923,34,0,18,far_gt8,660,0.07087457925081253,0.2606935203075409
2923,34,0,19,inside,25,0.7211671471595764,1.1821132898330688
2923,34,0,19,ring_1,32,0.17182646691799164,0.5189633369445801
2923,34,0,19,near_2_4,87,0.038643978536129,0.23470865190029144
2923,34,0,19,mid_5_8,220,0.09442098438739777,0.2902848422527313
2923,34,0,19,far_gt8,660,0.0782264992594719,0.2752642035484314
2923,34,0,20,inside,25,0.6997607350349426,1.1649950742721558
2923,34,0,20,ring_1,32,0.17159296572208405,0.5202828049659729
2923,34,0,20,near_2_4,87,0.0396781750023365,0.23744207620620728
2923,34,0,20,mid_5_8,220,0.09837750345468521,0.2991536259651184
2923,34,0,20,far_gt8,660,0.08197437971830368,0.28701987862586975
2923,34,0,21,inside,25,0.6631606817245483,1.134842872619629
2923,34,0,21,ring_1,32,0.16897641122341156,0.5186766386032104
2923,34,0,21,near_2_4,87,0.040061596781015396,0.24029551446437836
2923,34,0,21,mid_5_8,220,0.09866180270910263,0.3030659854412079
2923,34,0,21,far_gt8,660,0.08478427678346634,0.2958630323410034
2923,34,0,22,inside,25,0.6442556977272034,1.1183574199676514
2923,34,0,22,ring_1,32,0.16710656881332397,0.519063413143158
2923,34,0,22,near_2_4,87,0.04001351818442345,0.24187645316123962
2923,34,0,22,mid_5_8,220,0.09827175736427307,0.3047625720500946
2923,34,0,22,far_gt8,660,0.08492593467235565,0.2997763454914093
2923,34,0,23,inside,25,0.612647294998169,1.0901013612747192
2923,34,0,23,ring_1,32,0.1637141853570938,0.5142580270767212
2923,34,0,23,near_2_4,87,0.040440741926431656,0.24367964267730713
2923,34,0,23,mid_5_8,220,0.1032714992761612,0.31717759370803833
2923,34,0,23,far_gt8,660,0.08982297033071518,0.3108043968677521
2923,34,0,24,inside,25,0.6127150058746338,1.0876879692077637
2923,34,0,24,ring_1,32,0.17333778738975525,0.5280401110649109
2923,34,0,24,near_2_4,87,0.04154880717396736,0.24939298629760742
2923,34,0,24,mid_5_8,220,0.11334242671728134,0.3355219066143036
2923,34,0,24,far_gt8,660,0.09916781634092331,0.3290084898471832
2923,34,0,25,inside,25,0.5635013580322266,1.0443240404129028
2923,34,0,25,ring_1,32,0.168620765209198,0.5253904461860657
2923,34,0,25,near_2_4,87,0.04298873245716095,0.25350093841552734
2923,34,0,25,mid_5_8,220,0.11624684184789658,0.34936895966529846
2923,34,0,25,far_gt8,660,0.10215740650892258,0.341976135969162
2923,34,0,26,inside,25,0.5868527889251709,1.065461277961731
2923,34,0,26,ring_1,32,0.18160367012023926,0.5438648462295532
2923,34,0,26,near_2_4,87,0.04888229817152023,0.269918292760849
2923,34,0,26,mid_5_8,220,0.1257408857345581,0.3691277801990509
2923,34,0,26,far_gt8,660,0.11251969635486603,0.3635514974594116
2923,34,0,27,inside,25,0.6256275773048401,1.0980756282806396
2923,34,0,27,ring_1,32,0.1968960464000702,0.5662951469421387
2923,34,0,27,near_2_4,87,0.055415697395801544,0.2886614501476288
2923,34,0,27,mid_5_8,220,0.13631930947303772,0.38892146944999695
2923,34,0,27,far_gt8,660,0.12221118062734604,0.3816031813621521
3156,35,1,0,inside,156,0.03302030637860298,0.22092582285404205
3156,35,1,0,ring_1,53,1.0121543603247574e-08,0.0
3156,35,1,0,near_2_4,108,3.86326393098102e-09,0.0
3156,35,1,0,mid_5_8,159,1.0496415292493566e-08,0.0
3156,35,1,0,far_gt8,548,2.0665844591150062e-09,0.0
3156,35,1,1,inside,156,0.04803457856178284,0.2576003968715668
3156,35,1,1,ring_1,53,8.326319220941514e-05,0.012510520406067371
3156,35,1,1,near_2_4,108,5.9964480897178873e-05,0.010687220841646194
3156,35,1,1,mid_5_8,159,3.7130696000531316e-05,0.008447632193565369
3156,35,1,1,far_gt8,548,3.00264928227989e-05,0.007596442475914955
3156,35,1,2,inside,156,0.11905201524496078,0.45364829897880554
3156,35,1,2,ring_1,53,0.0065388805232942104,0.10003617405891418
3156,35,1,2,near_2_4,108,0.0012114925775676966,0.04701309651136398
3156,35,1,2,mid_5_8,159,0.0010748505592346191,0.04232068359851837
3156,35,1,2,far_gt8,548,0.00088520348072052,0.037720292806625366
3156,35,1,3,inside,156,0.23289665579795837,0.6610125303268433
3156,35,1,3,ring_1,53,0.017421020194888115,0.17593464255332947
3156,35,1,3,near_2_4,108,0.0033375790808349848,0.07909245043992996
3156,35,1,3,mid_5_8,159,0.0026324919890612364,0.06772670894861221
3156,35,1,3,far_gt8,548,0.0021915961988270283,0.06138315051794052
3156,35,1,4,inside,156,0.2984732985496521,0.7572818994522095
3156,35,1,4,ring_1,53,0.03821317479014397,0.2483074963092804
3156,35,1,4,near_2_4,108,0.004712896421551704,0.09358234703540802
3156,35,1,4,mid_5_8,159,0.0037038810551166534,0.07964220643043518
3156,35,1,4,far_gt8,548,0.002747676335275173,0.06931336224079132
3156,35,1,5,inside,156,0.316280335187912,0.7806926369667053
3156,35,1,5,ring_1,53,0.04602600634098053,0.2772431969642639
3156,35,1,5,near_2_4,108,0.007566362153738737,0.11678999662399292
3156,35,1,5,mid_5_8,159,0.005086080636829138,0.09339943528175354
3156,35,1,5,far_gt8,548,0.0033457092940807343,0.07652372866868973
3156,35,1,6,inside,156,0.40702131390571594,0.887808084487915
3156,35,1,6,ring_1,53,0.06456531584262848,0.3300897479057312
3156,35,1,6,near_2_4,108,0.010390802286565304,0.13201896846294403
3156,35,1,6,mid_5_8,159,0.00528714107349515,0.09451744705438614
3156,35,1,6,far_gt8,548,0.0031598324421793222,0.07502761483192444
3156,35,1,7,inside,156,0.4536907970905304,0.9366748332977295
3156,35,1,7,ring_1,53,0.07568119466304779,0.3578975200653076
3156,35,1,7,near_2_4,108,0.01382969506084919,0.14755117893218994
3156,35,1,7,mid_5_8,159,0.005429066717624664,0.09739157557487488
3156,35,1,7,far_gt8,548,0.0032169402111321688,0.07568880170583725
3156,35,1,8,inside,156,0.44396501779556274,0.9251864552497864
3156,35,1,8,ring_1,53,0.08930158615112305,0.39645251631736755
3156,35,1,8,near_2_4,108,0.01751846820116043,0.16619329154491425
3156,35,1,8,mid_5_8,159,0.006452588830143213,0.10651542991399765
3156,35,1,8,far_gt8,548,0.003505927277728915,0.07768671959638596
3156,35,1,9,inside,156,0.4740425646305084,0.9529202580451965
3156,35,1,9,ring_1,53,0.09649667888879776,0.4120347797870636
3156,35,1,9,near_2_4,108,0.021503441035747528,0.18487276136875153
3156,35,1,9,mid_5_8,159,0.007645278703421354,0.11513499915599823
3156,35,1,9,far_gt8,548,0.004028260707855225,0.08131078630685806
3156,35,1,10,inside,156,0.47871604561805725,0.9546910524368286
3156,35,1,10,ring_1,53,0.10176225751638412,0.42237362265586853
3156,35,1,10,near_2_4,108,0.02424945868551731,0.19623810052871704
3156,35,1,10,mid_5_8,159,0.008808671496808529,0.1238955706357956
3156,35,1,10,far_gt8,548,0.0044617061503231525,0.08303070813417435
3156,35,1,11,inside,156,0.4981570243835449,0.9702571034431458
3156,35,1,11,ring_1,53,0.11613009124994278,0.44997096061706543
3156,35,1,11,near_2_4,108,0.030058423057198524,0.21812023222446442
3156,35,1,11,mid_5_8,159,0.011065268889069557,0.13850091397762299
3156,35,1,11,far_gt8,548,0.005425986368209124,0.09095320105552673
3156,35,1,12,inside,156,0.5083817839622498,0.9790983200073242
3156,35,1,12,ring_1,53,0.1276346892118454,0.4709515869617462
3156,35,1,12,near_2_4,108,0.03830665722489357,0.24397307634353638
3156,35,1,12,mid_5_8,159,0.014088296331465244,0.15488293766975403
3156,35,1,12,far_gt8,548,0.007067485712468624,0.10300057381391525
3156,35,1,13,inside,156,0.5464385151863098,1.0139355659484863
3156,35,1,13,ring_1,53,0.1428176611661911,0.4986773133277893
3156,35,1,13,near_2_4,108,0.05170130729675293,0.2765153646469116
3156,35,1,13,mid_5_8,159,0.0190419964492321,0.17534348368644714
3156,35,1,13,far_gt8,548,0.008617617189884186,0.1122441291809082
3156,35,1,14,inside,156,0.5670210123062134,1.035988450050354
3156,35,1,14,ring_1,53,0.14567121863365173,0.4994903802871704
3156,35,1,14,near_2_4,108,0.07049688696861267,0.30834057927131653
3156,35,1,14,mid_5_8,159,0.025792673230171204,0.19514715671539307
3156,35,1,14,far_gt8,548,0.01108834519982338,0.12016807496547699
3156,35,1,15,inside,156,0.6115917563438416,1.077307105064392
3156,35,1,15,ring_1,53,0.16488610208034515,0.5289126634597778
3156,35,1,15,near_2_4,108,0.086888886988163,0.33361944556236267
3156,35,1,15,mid_5_8,159,0.032523706555366516,0.2133691906929016
3156,35,1,15,far_gt8,548,0.01265633013099432,0.12515585124492645
3156,35,1,16,inside,156,0.6370679140090942,1.1002686023712158
3156,35,1,16,ring_1,53,0.18272821605205536,0.5558510422706604
3156,35,1,16,near_2_4,108,0.09817706793546677,0.3539011478424072
3156,35,1,16,mid_5_8,159,0.03884456306695938,0.23282010853290558
3156,35,1,16,far_gt8,548,0.015089478343725204,0.13647136092185974
3156,35,1,17,inside,156,0.6521256566047668,1.1152781248092651
3156,35,1,17,ring_1,53,0.1876489371061325,0.5650807619094849
3156,35,1,17,near_2_4,108,0.10513398051261902,0.3675330579280853
3156,35,1,17,mid_5_8,159,0.04396447911858559,0.24803759157657623
3156,35,1,17,far_gt8,548,0.017208915203809738,0.14573606848716736
3156,35,1,18,inside,156,0.6694228649139404,1.1303410530090332
3156,35,1,18,ring_1,53,0.20602957904338837,0.5909162759780884
3156,35,1,18,near_2_4,108,0.11648640036582947,0.38769060373306274
3156,35,1,18,mid_5_8,159,0.05098763853311539,0.2645628750324249
3156,35,1,18,far_gt8,548,0.019688855856657028,0.15544314682483673
3156,35,1,19,inside,156,0.701750636100769,1.1570161581039429
3156,35,1,19,ring_1,53,0.2187512218952179,0.6079810261726379
3156,35,1,19,near_2_4,108,0.12383616715669632,0.40185070037841797
3156,35,1,19,mid_5_8,159,0.057900961488485336,0.2819402813911438
3156,35,1,19,far_gt8,548,0.023286454379558563,0.17067036032676697
3156,35,1,20,inside,156,0.6870474219322205,1.1447672843933105
3156,35,1,20,ring_1,53,0.21328744292259216,0.6008707284927368
3156,35,1,20,near_2_4,108,0.12859636545181274,0.4078865349292755
3156,35,1,20,mid_5_8,159,0.06468740105628967,0.29701054096221924
3156,35,1,20,far_gt8,548,0.025650525465607643,0.17934876680374146
3156,35,1,21,inside,156,0.6662742495536804,1.1281765699386597
3156,35,1,21,ring_1,53,0.21274001896381378,0.5999196767807007
3156,35,1,21,near_2_4,108,0.1277770847082138,0.4057413637638092
3156,35,1,21,mid_5_8,159,0.06548301875591278,0.298145592212677
3156,35,1,21,far_gt8,548,0.02793050743639469,0.18761834502220154
3156,35,1,22,inside,156,0.6579903960227966,1.1211845874786377
3156,35,1,22,ring_1,53,0.21929720044136047,0.6082701086997986
3156,35,1,22,near_2_4,108,0.13010726869106293,0.41097190976142883
3156,35,1,22,mid_5_8,159,0.07017332315444946,0.30815795063972473
3156,35,1,22,far_gt8,548,0.030612468719482422,0.19851692020893097
3156,35,1,23,inside,156,0.6297880411148071,1.0983835458755493
3156,35,1,23,ring_1,53,0.21764127910137177,0.6065569519996643
3156,35,1,23,near_2_4,108,0.1328454315662384,0.41585853695869446
3156,35,1,23,mid_5_8,159,0.07713112980127335,0.3249804377555847
3156,35,1,23,far_gt8,548,0.0356634147465229,0.2182421237230301
3156,35,1,24,inside,156,0.6355121731758118,1.1048673391342163
3156,35,1,24,ring_1,53,0.22925874590873718,0.6228981614112854
3156,35,1,24,near_2_4,108,0.14965489506721497,0.4449218213558197
3156,35,1,24,mid_5_8,159,0.09427327662706375,0.3579007387161255
3156,35,1,24,far_gt8,548,0.04363385960459709,0.24153409898281097
3156,35,1,25,inside,156,0.6002220511436462,1.0756938457489014
3156,35,1,25,ring_1,53,0.23910929262638092,0.6385701894760132
3156,35,1,25,near_2_4,108,0.1648169308900833,0.4750705063343048
3156,35,1,25,mid_5_8,159,0.10814786702394485,0.38703376054763794
3156,35,1,25,far_gt8,548,0.053194284439086914,0.2699129581451416
3156,35,1,26,inside,156,0.6307281851768494,1.1030983924865723
3156,35,1,26,ring_1,53,0.2539861798286438,0.6556364893913269
3156,35,1,26,near_2_4,108,0.18314877152442932,0.5040932297706604
3156,35,1,26,mid_5_8,159,0.12601019442081451,0.42355582118034363
3156,35,1,26,far_gt8,548,0.0670006275177002,0.30464640259742737
3156,35,1,27,inside,156,0.6571937203407288,1.1257603168487549
3156,35,1,27,ring_1,53,0.27199071645736694,0.6809017062187195
3156,35,1,27,near_2_4,108,0.20176365971565247,0.5344855785369873
3156,35,1,27,mid_5_8,159,0.14131970703601837,0.46061941981315613
3156,35,1,27,far_gt8,548,0.07811649143695831,0.3318668305873871
3501,37,1,0,inside,91,0.07512804120779037,0.3789045214653015
3501,37,1,0,ring_1,56,2.6609216163819838e-08,0.0
3501,37,1,0,near_2_4,135,-4.4151589051466544e-09,0.0
3501,37,1,0,mid_5_8,215,0.0,0.0
3501,37,1,0,far_gt8,527,9.83985604108284e-09,0.0
3501,37,1,1,inside,91,0.19287289679050446,0.6063436269760132
3501,37,1,1,ring_1,56,0.0008634371333755553,0.03995359316468239
3501,37,1,1,near_2_4,135,0.0009833653457462788,0.042583078145980835
3501,37,1,1,mid_5_8,215,0.0010807106737047434,0.043533600866794586
3501,37,1,1,far_gt8,527,0.001071967650204897,0.04363583028316498
3501,37,1,2,inside,91,0.3813159763813019,0.864246666431427
3501,37,1,2,ring_1,56,0.01336216926574707,0.15061412751674652
3501,37,1,2,near_2_4,135,0.003227116074413061,0.07832132279872894
3501,37,1,2,mid_5_8,215,0.0025532147847115993,0.06997009366750717
3501,37,1,2,far_gt8,527,0.002161935204640031,0.06441723555326462
3501,37,1,3,inside,91,0.5294903516769409,1.022618293762207
3501,37,1,3,ring_1,56,0.030040889978408813,0.22890256345272064
3501,37,1,3,near_2_4,135,0.0052697984501719475,0.09880491346120834
3501,37,1,3,mid_5_8,215,0.004052703734487295,0.0868605226278305
3501,37,1,3,far_gt8,527,0.0036566765047609806,0.08245524019002914
3501,37,1,4,inside,91,0.5579396486282349,1.0520299673080444
3501,37,1,4,ring_1,56,0.04550156742334366,0.2816040515899658
3501,37,1,4,near_2_4,135,0.006716299336403608,0.11053602397441864
3501,37,1,4,mid_5_8,215,0.004529478028416634,0.09158756583929062
3501,37,1,4,far_gt8,527,0.00407651299610734,0.08634927123785019
3501,37,1,5,inside,91,0.5383248329162598,1.03464937210083
3501,37,1,5,ring_1,56,0.05539471656084061,0.31150227785110474
3501,37,1,5,near_2_4,135,0.007705050986260176,0.11849532276391983
3501,37,1,5,mid_5_8,215,0.004793710540980101,0.09434998035430908
3501,37,1,5,far_gt8,527,0.004072257317602634,0.08590591698884964
3501,37,1,6,inside,91,0.6148485541343689,1.106276512145996
3501,37,1,6,ring_1,56,0.07840985059738159,0.3721494674682617
3501,37,1,6,near_2_4,135,0.010921647772192955,0.13748499751091003
3501,37,1,6,mid_5_8,215,0.005729326047003269,0.10227299481630325
3501,37,1,6,far_gt8,527,0.005054180510342121,0.09427258372306824
3501,37,1,7,inside,91,0.6688486337661743,1.154194951057434
3501,37,1,7,ring_1,56,0.1034693717956543,0.4256848692893982
3501,37,1,7,near_2_4,135,0.014696800149977207,0.15439409017562866
3501,37,1,7,mid_5_8,215,0.0065057482570409775,0.10762140899896622
3501,37,1,7,far_gt8,527,0.0055361464619636536,0.09765388816595078
3501,37,1,8,inside,91,0.629806637763977,1.1204266548156738
3501,37,1,8,ring_1,56,0.11159685999155045,0.4414302408695221
3501,37,1,8,near_2_4,135,0.017628930509090424,0.16281284391880035
3501,37,1,8,mid_5_8,215,0.007280297577381134,0.11043039709329605
3501,37,1,8,far_gt8,527,0.005972512997686863,0.1014203280210495
3501,37,1,9,inside,91,0.5962780117988586,1.0896797180175781
3501,37,1,9,ring_1,56,0.11429905146360397,0.44658347964286804
3501,37,1,9,near_2_4,135,0.022592855617403984,0.17506861686706543
3501,37,1,9,mid_5_8,215,0.008305147290229797,0.11370500177145004
3501,37,1,9,far_gt8,527,0.006690160371363163,0.1048128753900528
3501,37,1,10,inside,91,0.5818835496902466,1.0765857696533203
3501,37,1,10,ring_1,56,0.11986292153596878,0.45351096987724304
3501,37,1,10,near_2_4,135,0.025191565975546837,0.1804996132850647
3501,37,1,10,mid_5_8,215,0.00915185920894146,0.11524445563554764
3501,37,1,10,far_gt8,527,0.007742062211036682,0.108750119805336
3501,37,1,11,inside,91,0.6171441674232483,1.1085565090179443
3501,37,1,11,ring_1,56,0.12781883776187897,0.46545377373695374
3501,37,1,11,near_2_4,135,0.029906796291470528,0.19191870093345642
3501,37,1,11,mid_5_8,215,0.010982261039316654,0.12339398264884949
3501,37,1,11,far_gt8,527,0.009934850968420506,0.11941664665937424
3501,37,1,12,inside,91,0.6366904377937317,1.1253663301467896
3501,37,1,12,ring_1,56,0.1335020512342453,0.47219157218933105
3501,37,1,12,near_2_4,135,0.035108115524053574,0.20605908334255219
3501,37,1,12,mid_5_8,215,0.013545493595302105,0.13458263874053955
3501,37,1,12,far_gt8,527,0.013803580775856972,0.13556841015815735
3501,37,1,13,inside,91,0.6603949666023254,1.145795226097107
3501,37,1,13,ring_1,56,0.1445094347000122,0.4919683635234833
3501,37,1,13,near_2_4,135,0.04063057154417038,0.2214013934135437
3501,37,1,13,mid_5_8,215,0.017406368628144264,0.14931079745292664
3501,37,1,13,far_gt8,527,0.017743969336152077,0.15147747099399567
3501,37,1,14,inside,91,0.6791202425956726,1.1618014574050903
3501,37,1,14,ring_1,56,0.15213875472545624,0.5033074021339417
3501,37,1,14,near_2_4,135,0.04546549543738365,0.229153111577034
3501,37,1,14,mid_5_8,215,0.022976359352469444,0.16530708968639374
3501,37,1,14,far_gt8,527,0.02329517900943756,0.16891761124134064
3501,37,1,15,inside,91,0.7398030161857605,1.213127851486206
3501,37,1,15,ring_1,56,0.16914352774620056,0.5275654196739197
3501,37,1,15,near_2_4,135,0.05279333144426346,0.24112486839294434
3501,37,1,15,mid_5_8,215,0.0270555280148983,0.17466822266578674
3501,37,1,15,far_gt8,527,0.02687818370759487,0.17736069858074188
3501,37,1,16,inside,91,0.7920905947685242,1.2554539442062378
3501,37,1,16,ring_1,56,0.1845865547657013,0.5501226782798767
3501,37,1,16,near_2_4,135,0.058044854551553726,0.25155484676361084
3501,37,1,16,mid_5_8,215,0.031211860477924347,0.18571646511554718
3501,37,1,16,far_gt8,527,0.03137652575969696,0.19054602086544037
3501,37,1,17,inside,91,0.8142929673194885,1.2729618549346924
3501,37,1,17,ring_1,56,0.17569629848003387,0.536858856678009
3501,37,1,17,near_2_4,135,0.058126259595155716,0.25058096647262573
3501,37,1,17,mid_5_8,215,0.03337528929114342,0.19103026390075684
3501,37,1,17,far_gt8,527,0.03247501328587532,0.19454073905944824
3501,37,1,18,inside,91,0.8107017278671265,1.270776629447937
3501,37,1,18,ring_1,56,0.18129730224609375,0.5457013845443726
3501,37,1,18,near_2_4,135,0.062189891934394836,0.25772666931152344
3501,37,1,18,mid_5_8,215,0.03549601882696152,0.1954180747270584
3501,37,1,18,far_gt8,527,0.034966789186000824,0.19999642670154572
3501,37,1,19,inside,91,0.8474617600440979,1.2992842197418213
3501,37,1,19,ring_1,56,0.1995415985584259,0.5730549097061157
3501,37,1,19,near_2_4,135,0.06693891435861588,0.2706860899925232
3501,37,1,19,mid_5_8,215,0.038272492587566376,0.20753993093967438
3501,37,1,19,far_gt8,527,0.03811786696314812,0.21245233714580536
3501,37,1,20,inside,91,0.8284639716148376,1.2841370105743408
3501,37,1,20,ring_1,56,0.19498535990715027,0.5656935572624207
3501,37,1,20,near_2_4,135,0.07102818787097931,0.27682891488075256
3501,37,1,20,mid_5_8,215,0.04201824590563774,0.21883738040924072
3501,37,1,20,far_gt8,527,0.04406697303056717,0.22977544367313385
3501,37,1,21,inside,91,0.8065311312675476,1.2670316696166992
3501,37,1,21,ring_1,56,0.19883818924427032,0.5698967576026917
3501,37,1,21,near_2_4,135,0.07114115357398987,0.27743852138519287
3501,37,1,21,mid_5_8,215,0.044015999883413315,0.22570174932479858
3501,37,1,21,far_gt8,527,0.04527050256729126,0.23537501692771912
3501,37,1,22,inside,91,0.7918882369995117,1.254915475845337
3501,37,1,22,ring_1,56,0.19557324051856995,0.5651128888130188
3501,37,1,22,near_2_4,135,0.07100367546081543,0.2770012617111206
3501,37,1,22,mid_5_8,215,0.04425480589270592,0.22787196934223175
3501,37,1,22,far_gt8,527,0.045744817703962326,0.23840907216072083
3501,37,1,23,inside,91,0.7579115033149719,1.2267240285873413
3501,37,1,23,ring_1,56,0.184183731675148,0.5465440154075623
3501,37,1,23,near_2_4,135,0.06854278594255447,0.2736041843891144
3501,37,1,23,mid_5_8,215,0.04581921175122261,0.23329830169677734
3501,37,1,23,far_gt8,527,0.048761431127786636,0.2469741255044937
3501,37,1,24,inside,91,0.7235038876533508,1.1979800462722778
3501,37,1,24,ring_1,56,0.1795436292886734,0.5399381518363953
3501,37,1,24,near_2_4,135,0.07039770483970642,0.28015175461769104
3501,37,1,24,mid_5_8,215,0.04890955612063408,0.2436734288930893
3501,37,1,24,far_gt8,527,0.05346909537911415,0.2613734006881714
3501,37,1,25,inside,91,0.6506398916244507,1.1343685388565063
3501,37,1,25,ring_1,56,0.16953261196613312,0.5222194790840149
3501,37,1,25,near_2_4,135,0.07046850770711899,0.2855348289012909
3501,37,1,25,mid_5_8,215,0.05427988991141319,0.2577315866947174
3501,37,1,25,far_gt8,527,0.05967677757143974,0.27844133973121643
3501,37,1,26,inside,91,0.6643487215042114,1.1445807218551636
3501,37,1,26,ring_1,56,0.176100954413414,0.5307772755622864
3501,37,1,26,near_2_4,135,0.07675392180681229,0.30104997754096985
3501,37,1,26,mid_5_8,215,0.06397605687379837,0.282718300819397
3501,37,1,26,far_gt8,527,0.07056412100791931,0.306170791387558
3501,37,1,27,inside,91,0.7435221672058105,1.2125558853149414
3501,37,1,27,ring_1,56,0.19030876457691193,0.5551035404205322
3501,37,1,27,near_2_4,135,0.08601022511720657,0.3259066641330719
3501,37,1,27,mid_5_8,215,0.07292577624320984,0.30696144700050354
3501,37,1,27,far_gt8,527,0.07928826659917831,0.32940348982810974
3553,38,1,0,inside,76,0.04518190026283264,0.266910582780838
3553,38,1,0,ring_1,55,3.2511624503683834e-09,0.0
3553,38,1,0,near_2_4,131,5.004970216049287e-09,0.0
3553,38,1,0,mid_5_8,218,-5.468315800172263e-10,0.0
3553,38,1,0,far_gt8,544,5.478367981481824e-09,0.0
3553,38,1,1,inside,76,0.08023080974817276,0.37272682785987854
3553,38,1,1,ring_1,55,6.89311491441913e-05,0.011637838557362556
3553,38,1,1,near_2_4,131,7.262029976118356e-05,0.01185599621385336
3553,38,1,1,mid_5_8,218,7.152913167374209e-05,0.011780443601310253
3553,38,1,1,far_gt8,544,7.056204049149528e-05,0.011669104918837547
3553,38,1,2,inside,76,0.2211877703666687,0.6434953808784485
3553,38,1,2,ring_1,55,0.0056515890173614025,0.09080412238836288
3553,38,1,2,near_2_4,131,0.000699318537954241,0.03687302768230438
3553,38,1,2,mid_5_8,218,0.0005102953291498125,0.03150574117898941
3553,38,1,2,far_gt8,544,0.0003670584410429001,0.026491235941648483
3553,38,1,3,inside,76,0.36864399909973145,0.8404215574264526
3553,38,1,3,ring_1,55,0.024092091247439384,0.18727226555347443
3553,38,1,3,near_2_4,131,0.0014284279895946383,0.052406854927539825
3553,38,1,3,mid_5_8,218,0.0008809621213003993,0.041139863431453705
3553,38,1,3,far_gt8,544,0.0006337792729027569,0.03454550355672836
3553,38,1,4,inside,76,0.42207035422325134,0.9027630686759949
3553,38,1,4,ring_1,55,0.03996969386935234,0.24642013013362885
3553,38,1,4,near_2_4,131,0.0022707090247422457,0.06572277843952179
3553,38,1,4,mid_5_8,218,0.0013319073477759957,0.05046281963586807
3553,38,1,4,far_gt8,544,0.0009527863585390151,0.04211367294192314
3553,38,1,5,inside,76,0.4228137135505676,0.9062821269035339
3553,38,1,5,ring_1,55,0.04728097841143608,0.273379385471344
3553,38,1,5,near_2_4,131,0.0034690871834754944,0.08107218891382217
3553,38,1,5,mid_5_8,218,0.0019511061254888773,0.06060023233294487
3553,38,1,5,far_gt8,544,0.0012631408171728253,0.04766756668686867
3553,38,1,6,inside,76,0.4945129156112671,0.9819740653038025
3553,38,1,6,ring_1,55,0.06589643657207489,0.32539600133895874
3553,38,1,6,near_2_4,131,0.00529611436650157,0.09710125625133514
3553,38,1,6,mid_5_8,218,0.0026785072404891253,0.06988628953695297
3553,38,1,6,far_gt8,544,0.0018093395046889782,0.054211486130952835
3553,38,1,7,inside,76,0.5221076011657715,1.0107567310333252
3553,38,1,7,ring_1,55,0.07413651049137115,0.34759244322776794
3553,38,1,7,near_2_4,131,0.007819135673344135,0.11224633455276489
3553,38,1,7,mid_5_8,218,0.003691531717777252,0.07953309267759323
3553,38,1,7,far_gt8,544,0.0024196335580199957,0.05860878899693489
3553,38,1,8,inside,76,0.5080545544624329,0.9991015195846558
3553,38,1,8,ring_1,55,0.08309438824653625,0.3685701787471771
3553,38,1,8,near_2_4,131,0.010311098769307137,0.12216871976852417
3553,38,1,8,mid_5_8,218,0.004896804690361023,0.08789989352226257
3553,38,1,8,far_gt8,544,0.0032293342519551516,0.06389594078063965
3553,38,1,9,inside,76,0.5049253702163696,0.9966061115264893
3553,38,1,9,ring_1,55,0.09116385877132416,0.39234644174575806
3553,38,1,9,near_2_4,131,0.013060955330729485,0.13731670379638672
3553,38,1,9,mid_5_8,218,0.0063419342041015625,0.09783195704221725
3553,38,1,9,far_gt8,544,0.004390155430883169,0.0708998292684555
3553,38,1,10,inside,76,0.5267056822776794,1.0186729431152344
3553,38,1,10,ring_1,55,0.09379702806472778,0.3984071910381317
3553,38,1,10,near_2_4,131,0.01472712866961956,0.14569823443889618
3553,38,1,10,mid_5_8,218,0.007614581845700741,0.10568314045667648
3553,38,1,10,far_gt8,544,0.005770249292254448,0.07830505818128586
3553,38,1,11,inside,76,0.5526058077812195,1.0445425510406494
3553,38,1,11,ring_1,55,0.10806859284639359,0.4289930462837219
3553,38,1,11,near_2_4,131,0.019212760031223297,0.166746586561203
3553,38,1,11,mid_5_8,218,0.010585387237370014,0.12164408713579178
3553,38,1,11,far_gt8,544,0.0078027150593698025,0.08853734284639359
3553,38,1,12,inside,76,0.5510077476501465,1.0431286096572876
3553,38,1,12,ring_1,55,0.12325580418109894,0.4615707993507385
3553,38,1,12,near_2_4,131,0.02615904062986374,0.1961253434419632
3553,38,1,12,mid_5_8,218,0.01562775857746601,0.14530378580093384
3553,38,1,12,far_gt8,544,0.010595671832561493,0.10403703153133392
3553,38,1,13,inside,76,0.5714050531387329,1.0628046989440918
3553,38,1,13,ring_1,55,0.13610604405403137,0.4853760898113251
3553,38,1,13,near_2_4,131,0.03435606136918068,0.22212962806224823
3553,38,1,13,mid_5_8,218,0.02126304805278778,0.1668391078710556
3553,38,1,13,far_gt8,544,0.013771927915513515,0.11716899275779724
3553,38,1,14,inside,76,0.5986430644989014,1.0876179933547974
3553,38,1,14,ring_1,55,0.1503237783908844,0.5069737434387207
3553,38,1,14,near_2_4,131,0.04462525621056557,0.24235263466835022
3553,38,1,14,mid_5_8,218,0.027748914435505867,0.18371166288852692
3553,38,1,14,far_gt8,544,0.016925564035773277,0.12948769330978394
3553,38,1,15,inside,76,0.6723846793174744,1.1536667346954346
3553,38,1,15,ring_1,55,0.1749035120010376,0.5489240884780884
3553,38,1,15,near_2_4,131,0.056313320994377136,0.26531150937080383
3553,38,1,15,mid_5_8,218,0.03617285192012787,0.20304563641548157
3553,38,1,15,far_gt8,544,0.020420227199792862,0.1393541842699051
3553,38,1,16,inside,76,0.710774302482605,1.1869250535964966
3553,38,1,16,ring_1,55,0.1943722814321518,0.5799800753593445
3553,38,1,16,near_2_4,131,0.06377775967121124,0.2843802273273468
3553,38,1,16,mid_5_8,218,0.04178433120250702,0.2188543826341629
3553,38,1,16,far_gt8,544,0.023714708164334297,0.15093085169792175
3553,38,1,17,inside,76,0.7430261373519897,1.2145204544067383
3553,38,1,17,ring_1,55,0.20770995318889618,0.59935462474823
3553,38,1,17,near_2_4,131,0.07175514847040176,0.29964688420295715
3553,38,1,17,mid_5_8,218,0.048764899373054504,0.23393410444259644
3553,38,1,17,far_gt8,544,0.026013609021902084,0.1589106172323227
3553,38,1,18,inside,76,0.7615618705749512,1.230161190032959
3553,38,1,18,ring_1,55,0.2281351536512375,0.625449538230896
3553,38,1,18,near_2_4,131,0.07863272726535797,0.3128850758075714
3553,38,1,18,mid_5_8,218,0.05347396433353424,0.2452712208032608
3553,38,1,18,far_gt8,544,0.027975574135780334,0.16706420481204987
3553,38,1,19,inside,76,0.8108851909637451,1.2697547674179077
3553,38,1,19,ring_1,55,0.26297879219055176,0.6715009808540344
3553,38,1,19,near_2_4,131,0.09298192709684372,0.3395756483078003
3553,38,1,19,mid_5_8,218,0.06252805888652802,0.2671583294868469
3553,38,1,19,far_gt8,544,0.032069191336631775,0.18193158507347107
3553,38,1,20,inside,76,0.8096835613250732,1.268839716911316
3553,38,1,20,ring_1,55,0.2714800536632538,0.6793370246887207
3553,38,1,20,near_2_4,131,0.10464132577180862,0.3587193191051483
3553,38,1,20,mid_5_8,218,0.07456448674201965,0.29089123010635376
3553,38,1,20,far_gt8,544,0.036852944642305374,0.19815735518932343
3553,38,1,21,inside,76,0.784105122089386,1.248966932296753
3553,38,1,21,ring_1,55,0.2816043198108673,0.6904836893081665
3553,38,1,21,near_2_4,131,0.11331236362457275,0.37416908144950867
3553,38,1,21,mid_5_8,218,0.08203903585672379,0.3084769546985626
3553,38,1,21,far_gt8,544,0.040585435926914215,0.21546044945716858
3553,38,1,22,inside,76,0.7533395886421204,1.2238861322402954
3553,38,1,22,ring_1,55,0.2915784418582916,0.7063078284263611
3553,38,1,22,near_2_4,131,0.12442412972450256,0.40003064274787903
3553,38,1,22,mid_5_8,218,0.094662606716156,0.33977922797203064
3553,38,1,22,far_gt8,544,0.051029521971940994,0.25132837891578674
3553,38,1,23,inside,76,0.7164388298988342,1.1936322450637817
3553,38,1,23,ring_1,55,0.2940731644630432,0.7112439274787903
3553,38,1,23,near_2_4,131,0.1267608106136322,0.4059581756591797
3553,38,1,23,mid_5_8,218,0.09923890978097916,0.35333552956581116
3553,38,1,23,far_gt8,544,0.05565328896045685,0.2692106366157532
3553,38,1,24,inside,76,0.7087035179138184,1.186847448348999
3553,38,1,24,ring_1,55,0.29606783390045166,0.7141116261482239
3553,38,1,24,near_2_4,131,0.1342756599187851,0.42050981521606445
3553,38,1,24,mid_5_8,218,0.10771730542182922,0.3711899220943451
3553,38,1,24,far_gt8,544,0.06202595308423042,0.2877225875854492
3553,38,1,25,inside,76,0.64007568359375,1.1271647214889526
3553,38,1,25,ring_1,55,0.2967800796031952,0.7177274823188782
3553,38,1,25,near_2_4,131,0.13802820444107056,0.4306991696357727
3553,38,1,25,mid_5_8,218,0.11169599741697311,0.382584810256958
3553,38,1,25,far_gt8,544,0.06761177629232407,0.3069070279598236
3553,38,1,26,inside,76,0.6493552327156067,1.1349416971206665
3553,38,1,26,ring_1,55,0.32806652784347534,0.756534993648529
3553,38,1,26,near_2_4,131,0.1493682563304901,0.45003679394721985
3553,38,1,26,mid_5_8,218,0.12067209184169769,0.400722861289978
3553,38,1,26,far_gt8,544,0.07634493708610535,0.3290860652923584
3553,38,1,27,inside,76,0.7216317057609558,1.1975246667861938
3553,38,1,27,ring_1,55,0.367458701133728,0.8009340167045593
3553,38,1,27,near_2_4,131,0.16509860754013062,0.4759213924407959
3553,38,1,27,mid_5_8,218,0.13497915863990784,0.4259258806705475
3553,38,1,27,far_gt8,544,0.08601665496826172,0.3526071012020111
3661,39,2,0,inside,170,0.002624264219775796,0.0689091756939888
3661,39,2,0,ring_1,34,-3.5061555880844253e-09,0.0
3661,39,2,0,near_2_4,73,4.899011862846692e-09,0.0
3661,39,2,0,mid_5_8,134,3.113675539623273e-09,0.0
3661,39,2,0,far_gt8,613,-1.9446866339478674e-09,0.0
3661,39,2,1,inside,170,0.004417360760271549,0.08976691961288452
3661,39,2,1,ring_1,34,6.271986057981849e-05,0.0110798804089427
3661,39,2,1,near_2_4,73,6.658981874352321e-05,0.011376644484698772
3661,39,2,1,mid_5_8,134,6.129403482191265e-05,0.010941559448838234
3661,39,2,1,far_gt8,613,6.094823038438335e-05,0.010833576321601868
3661,39,2,2,inside,170,0.041602492332458496,0.27794232964515686
3661,39,2,2,ring_1,34,0.0018157678423449397,0.05590158700942993
3661,39,2,2,near_2_4,73,0.00044042771332897246,0.0285815242677927
3661,39,2,2,mid_5_8,134,0.0002687253290787339,0.022670738399028778
3661,39,2,2,far_gt8,613,0.00021260247740428895,0.020007770508527756
3661,39,2,3,inside,170,0.19070586562156677,0.6001394987106323
3661,39,2,3,ring_1,34,0.0059542288072407246,0.0925830751657486
3661,39,2,3,near_2_4,73,0.001463889260776341,0.05171234905719757
3661,39,2,3,mid_5_8,134,0.0009680043440312147,0.04253363236784935
3661,39,2,3,far_gt8,613,0.0006705396226607263,0.034747712314128876
3661,39,2,4,inside,170,0.2520587146282196,0.6909005045890808
3661,39,2,4,ring_1,34,0.01927110366523266,0.16616885364055634
3661,39,2,4,near_2_4,73,0.002634958829730749,0.06818026304244995
3661,39,2,4,mid_5_8,134,0.0019238204695284367,0.059256818145513535
3661,39,2,4,far_gt8,613,0.001352525083348155,0.048669829964637756
3661,39,2,5,inside,170,0.29076406359672546,0.7414852976799011
3661,39,2,5,ring_1,34,0.023186247795820236,0.18590185046195984
3661,39,2,5,near_2_4,73,0.005243051331490278,0.09372764825820923
3661,39,2,5,mid_5_8,134,0.004010689910501242,0.08395610004663467
3661,39,2,5,far_gt8,613,0.0027252689469605684,0.06660831719636917
3661,39,2,6,inside,170,0.3478478193283081,0.8098029494285583
3661,39,2,6,ring_1,34,0.038851238787174225,0.238504096865654
3661,39,2,6,near_2_4,73,0.006769555155187845,0.10710962861776352
3661,39,2,6,mid_5_8,134,0.005509341601282358,0.0987061858177185
3661,39,2,6,far_gt8,613,0.004182858392596245,0.08251640945672989
3661,39,2,7,inside,170,0.3795469403266907,0.8427543044090271
3661,39,2,7,ring_1,34,0.051454100757837296,0.277403324842453
3661,39,2,7,near_2_4,73,0.008429033681750298,0.12159036844968796
3661,39,2,7,mid_5_8,134,0.006686290726065636,0.10944896191358566
3661,39,2,7,far_gt8,613,0.005073638167232275,0.0909239649772644
3661,39,2,8,inside,170,0.3465149700641632,0.8029471039772034
3661,39,2,8,ring_1,34,0.05653847008943558,0.29437845945358276
3661,39,2,8,near_2_4,73,0.009324699640274048,0.1286551058292389
3661,39,2,8,mid_5_8,134,0.007612223271280527,0.11551715433597565
3661,39,2,8,far_gt8,613,0.0055798133835196495,0.09440415352582932
3661,39,2,9,inside,170,0.34390753507614136,0.796208381652832
3661,39,2,9,ring_1,34,0.061822906136512756,0.3078783452510834
3661,39,2,9,near_2_4,73,0.010375337675213814,0.13559271395206451
3661,39,2,9,mid_5_8,134,0.008711140602827072,0.12179027497768402
3661,39,2,9,far_gt8,613,0.006305202841758728,0.09942599385976791
3661,39,2,10,inside,170,0.3468329906463623,0.7969765067100525
3661,39,2,10,ring_1,34,0.06992136687040329,0.32520395517349243
3661,39,2,10,near_2_4,73,0.010118533857166767,0.13446255028247833
3661,39,2,10,mid_5_8,134,0.00870397686958313,0.12115409970283508
3661,39,2,10,far_gt8,613,0.006721584592014551,0.10161195695400238
3661,39,2,11,inside,170,0.3614030182361603,0.8106114864349365
3661,39,2,11,ring_1,34,0.08662217110395432,0.3637450635433197
3661,39,2,11,near_2_4,73,0.01225221622735262,0.148757666349411
3661,39,2,11,mid_5_8,134,0.010910521261394024,0.13647589087486267
3661,39,2,11,far_gt8,613,0.008383297361433506,0.11294954270124435
3661,39,2,12,inside,170,0.38143062591552734,0.8328022956848145
3661,39,2,12,ring_1,34,0.09112756699323654,0.37363219261169434
3661,39,2,12,near_2_4,73,0.0135944290086627,0.1561843752861023
3661,39,2,12,mid_5_8,134,0.012957549653947353,0.14747613668441772
3661,39,2,12,far_gt8,613,0.010619129054248333,0.1250973790884018
3661,39,2,13,inside,170,0.41461431980133057,0.8694988489151001
3661,39,2,13,ring_1,34,0.1043575257062912,0.40065261721611023
3661,39,2,13,near_2_4,73,0.01595204882323742,0.16819746792316437
3661,39,2,13,mid_5_8,134,0.015951301902532578,0.16310198605060577
3661,39,2,13,far_gt8,613,0.013378041796386242,0.13870105147361755
3661,39,2,14,inside,170,0.4640209376811981,0.9229878783226013
3661,39,2,14,ring_1,34,0.10876673460006714,0.40259885787963867
3661,39,2,14,near_2_4,73,0.015882257372140884,0.1669771671295166
3661,39,2,14,mid_5_8,134,0.019334908574819565,0.17596033215522766
3661,39,2,14,far_gt8,613,0.01723906397819519,0.15413334965705872
3661,39,2,15,inside,170,0.4950597286224365,0.9542614817619324
3661,39,2,15,ring_1,34,0.12068817019462585,0.42164576053619385
3661,39,2,15,near_2_4,73,0.017973892390727997,0.17722919583320618
3661,39,2,15,mid_5_8,134,0.02285582572221756,0.18958371877670288
3661,39,2,15,far_gt8,613,0.020151237025856972,0.16562259197235107
3661,39,2,16,inside,170,0.5400516986846924,0.9981219172477722
3661,39,2,16,ring_1,34,0.13977184891700745,0.45450714230537415
3661,39,2,16,near_2_4,73,0.020332084968686104,0.18782339990139008
3661,39,2,16,mid_5_8,134,0.02768254652619362,0.20542697608470917
3661,39,2,16,far_gt8,613,0.02373844012618065,0.1788075715303421
3661,39,2,17,inside,170,0.5535781383514404,1.0113404989242554
3661,39,2,17,ring_1,34,0.13518252968788147,0.4451577663421631
3661,39,2,17,near_2_4,73,0.020560109987854958,0.18809692561626434
3661,39,2,17,mid_5_8,134,0.026991184800863266,0.20333756506443024
3661,39,2,17,far_gt8,613,0.02442220225930214,0.18021082878112793
3661,39,2,18,inside,170,0.553229570388794,1.0111435651779175
3661,39,2,18,ring_1,34,0.13609693944454193,0.44693467020988464
3661,39,2,18,near_2_4,73,0.020408404991030693,0.1872180700302124
3661,39,2,18,mid_5_8,134,0.026605313643813133,0.20218704640865326
3661,39,2,18,far_gt8,613,0.02641676925122738,0.1850403994321823
3661,39,2,19,inside,170,0.5739200711250305,1.0313597917556763
3661,39,2,19,ring_1,34,0.14714168012142181,0.4658021032810211
3661,39,2,19,near_2_4,73,0.022291548550128937,0.19365213811397552
3661,39,2,19,mid_5_8,134,0.029555145651102066,0.21139457821846008
3661,39,2,19,far_gt8,613,0.02905530110001564,0.1952941119670868
3661,39,2,20,inside,170,0.5537144541740417,1.014507532119751
3661,39,2,20,ring_1,34,0.13987594842910767,0.45290854573249817
3661,39,2,20,near_2_4,73,0.020667362958192825,0.1870105117559433
3661,39,2,20,mid_5_8,134,0.027665648609399796,0.20428304374217987
3661,39,2,20,far_gt8,613,0.030172163620591164,0.19615276157855988
3661,39,2,21,inside,170,0.5393869876861572,1.0016549825668335
3661,39,2,21,ring_1,34,0.1378132402896881,0.4484519362449646
3661,39,2,21,near_2_4,73,0.020314689725637436,0.18573246896266937
3661,39,2,21,mid_5_8,134,0.027298957109451294,0.20288001000881195
3661,39,2,21,far_gt8,613,0.03096579946577549,0.1990082710981369
3661,39,2,22,inside,170,0.5096396207809448,0.970305323600769
3661,39,2,22,ring_1,34,0.1287403553724289,0.4298984110355377
3661,39,2,22,near_2_4,73,0.019113503396511078,0.17943982779979706
3661,39,2,22,mid_5_8,134,0.02421698160469532,0.19189180433750153
3661,39,2,22,far_gt8,613,0.029992487281560898,0.1955557018518448
3661,39,2,23,inside,170,0.4929974377155304,0.9561717510223389
3661,39,2,23,ring_1,34,0.12637823820114136,0.4231829345226288
3661,39,2,23,near_2_4,73,0.018743203952908516,0.17796145379543304
3661,39,2,23,mid_5_8,134,0.02499569021165371,0.1944972723722458
3661,39,2,23,far_gt8,613,0.031506817787885666,0.200790137052536
3661,39,2,24,inside,170,0.4963838458061218,0.961280107498169
3661,39,2,24,ring_1,34,0.12860186398029327,0.4245280623435974
3661,39,2,24,near_2_4,73,0.02044871263206005,0.18427492678165436
3661,39,2,24,mid_5_8,134,0.02762770652770996,0.20411376655101776
3661,39,2,24,far_gt8,613,0.034754157066345215,0.21274244785308838
3661,39,2,25,inside,170,0.49365392327308655,0.9583866000175476
3661,39,2,25,ring_1,34,0.13013802468776703,0.42103591561317444
3661,39,2,25,near_2_4,73,0.022793253883719444,0.18977665901184082
3661,39,2,25,mid_5_8,134,0.02910151705145836,0.20579463243484497
3661,39,2,25,far_gt8,613,0.04029073938727379,0.22596678137779236
3661,39,2,26,inside,170,0.5034412145614624,0.9709534645080566
3661,39,2,26,ring_1,34,0.13149163126945496,0.42160728573799133
3661,39,2,26,near_2_4,73,0.026149895042181015,0.19836749136447906
3661,39,2,26,mid_5_8,134,0.032827384769916534,0.2178482562303543
3661,39,2,26,far_gt8,613,0.04545264318585396,0.24148689210414886
3661,39,2,27,inside,170,0.560828685760498,1.02366304397583
3661,39,2,27,ring_1,34,0.14589154720306396,0.4458102881908417
3661,39,2,27,near_2_4,73,0.030855489894747734,0.21494510769844055
3661,39,2,27,mid_5_8,134,0.038234513252973557,0.23340944945812225
3661,39,2,27,far_gt8,613,0.05317045748233795,0.2627273499965668
3845,40,2,0,inside,31,0.027967868372797966,0.23333890736103058
3845,40,2,0,ring_1,32,3.3527612686157227e-08,0.0
3845,40,2,0,near_2_4,88,-4.741278480935307e-09,0.0
3845,40,2,0,mid_5_8,226,-2.901111129105516e-09,0.0
3845,40,2,0,far_gt8,647,7.830594839219884e-09,0.0
3845,40,2,1,inside,31,0.08145684748888016,0.3955669701099396
3845,40,2,1,ring_1,32,2.224370837211609e-05,0.006622541695833206
3845,40,2,1,near_2_4,88,1.512264680059161e-05,0.0053955260664224625
3845,40,2,1,mid_5_8,226,1.2322600923653226e-05,0.004863593261688948
3845,40,2,1,far_gt8,647,1.1022897524526343e-05,0.004553678445518017
3845,40,2,2,inside,31,0.2612283229827881,0.7183243036270142
3845,40,2,2,ring_1,32,0.0029140133410692215,0.06512118130922318
3845,40,2,2,near_2_4,88,0.00019071725546382368,0.018974917009472847
3845,40,2,2,mid_5_8,226,9.952208347385749e-05,0.013872413896024227
3845,40,2,2,far_gt8,647,6.164769001770765e-05,0.010885284282267094
3845,40,2,3,inside,31,0.4305874705314636,0.9260669946670532
3845,40,2,3,ring_1,32,0.017792945727705956,0.1568857580423355
3845,40,2,3,near_2_4,88,0.0007402720511890948,0.03676069155335426
3845,40,2,3,mid_5_8,226,0.00031382846646010876,0.023635368794202805
3845,40,2,3,far_gt8,647,0.00022796077246312052,0.01924736425280571
3845,40,2,4,inside,31,0.4751489758491516,0.9735351204872131
3845,40,2,4,ring_1,32,0.02918921411037445,0.2103683203458786
3845,40,2,4,near_2_4,88,0.0010856742737814784,0.04478861391544342
3845,40,2,4,mid_5_8,226,0.0004625568399205804,0.029101969674229622
3845,40,2,4,far_gt8,647,0.0003205896937288344,0.023192333057522774
3845,40,2,5,inside,31,0.474771648645401,0.9729483127593994
3845,40,2,5,ring_1,32,0.036795586347579956,0.23843227326869965
3845,40,2,5,near_2_4,88,0.0017014727927744389,0.055809639394283295
3845,40,2,5,mid_5_8,226,0.0006586753879673779,0.03460118547081947
3845,40,2,5,far_gt8,647,0.0003974896389991045,0.025843536481261253
3845,40,2,6,inside,31,0.5375539064407349,1.0351994037628174
3845,40,2,6,ring_1,32,0.055186934769153595,0.29363948106765747
3845,40,2,6,near_2_4,88,0.0024965323973447084,0.06743663549423218
3845,40,2,6,mid_5_8,226,0.0008594905375503004,0.03966617211699486
3845,40,2,6,far_gt8,647,0.0004925514222122729,0.02895520068705082
3845,40,2,7,inside,31,0.5877897143363953,1.082435131072998
3845,40,2,7,ring_1,32,0.06519199162721634,0.31777703762054443
3845,40,2,7,near_2_4,88,0.0038597367238253355,0.0841442421078682
3845,40,2,7,mid_5_8,226,0.001206593937240541,0.04697396978735924
3845,40,2,7,far_gt8,647,0.000574056408368051,0.031097397208213806
3845,40,2,8,inside,31,0.5658007264137268,1.0625344514846802
3845,40,2,8,ring_1,32,0.07044913619756699,0.33247750997543335
3845,40,2,8,near_2_4,88,0.005024271085858345,0.09518536925315857
3845,40,2,8,mid_5_8,226,0.0015361644327640533,0.05235087499022484
3845,40,2,8,far_gt8,647,0.0006670912262052298,0.03339238092303276
3845,40,2,9,inside,31,0.5440136790275574,1.040951132774353
3845,40,2,9,ring_1,32,0.0721622109413147,0.3348102271556854
3845,40,2,9,near_2_4,88,0.006169151980429888,0.10547778010368347
3845,40,2,9,mid_5_8,226,0.0016246129525825381,0.05379848554730415
3845,40,2,9,far_gt8,647,0.0007265537278726697,0.03463678061962128
3845,40,2,10,inside,31,0.5633952021598816,1.0594708919525146
3845,40,2,10,ring_1,32,0.07396180927753448,0.3318611979484558
3845,40,2,10,near_2_4,88,0.006571411620825529,0.10923418402671814
3845,40,2,10,mid_5_8,226,0.0017387656262144446,0.055528100579977036
3845,40,2,10,far_gt8,647,0.0008128434419631958,0.035877570509910583
3845,40,2,11,inside,31,0.6028124690055847,1.0961945056915283
3845,40,2,11,ring_1,32,0.08209507912397385,0.34679296612739563
3845,40,2,11,near_2_4,88,0.007545648142695427,0.11672931164503098
3845,40,2,11,mid_5_8,226,0.00202037557028234,0.05959856137633324
3845,40,2,11,far_gt8,647,0.0009374947403557599,0.03835878148674965
3845,40,2,12,inside,31,0.6117347478866577,1.1038992404937744
3845,40,2,12,ring_1,32,0.0858350470662117,0.34964701533317566
3845,40,2,12,near_2_4,88,0.008564016781747341,0.12293276190757751
3845,40,2,12,mid_5_8,226,0.0023640100844204426,0.06327612698078156
3845,40,2,12,far_gt8,647,0.0012669392162933946,0.0428093858063221
3845,40,2,13,inside,31,0.6286866068840027,1.119490623474121
3845,40,2,13,ring_1,32,0.09829667955636978,0.37403759360313416
3845,40,2,13,near_2_4,88,0.010367493145167828,0.13414055109024048
3845,40,2,13,mid_5_8,226,0.0028839351143687963,0.06908075511455536
3845,40,2,13,far_gt8,647,0.0017909480957314372,0.04753737151622772
3845,40,2,14,inside,31,0.6312161684036255,1.1221250295639038
3845,40,2,14,ring_1,32,0.10062440484762192,0.37199607491493225
3845,40,2,14,near_2_4,88,0.010491561144590378,0.13432081043720245
3845,40,2,14,mid_5_8,226,0.003135404782369733,0.07088278979063034
3845,40,2,14,far_gt8,647,0.002701472258195281,0.05253149941563606
3845,40,2,15,inside,31,0.705851674079895,1.1868858337402344
3845,40,2,15,ring_1,32,0.10434399545192719,0.37523606419563293
3845,40,2,15,near_2_4,88,0.01138618029654026,0.13881906867027283
3845,40,2,15,mid_5_8,226,0.0034891304094344378,0.073875293135643
3845,40,2,15,far_gt8,647,0.003817462595179677,0.05673817917704582
3845,40,2,16,inside,31,0.7697529196739197,1.2398020029067993
3845,40,2,16,ring_1,32,0.11286015808582306,0.38839930295944214
3845,40,2,16,near_2_4,88,0.013232076540589333,0.14906683564186096
3845,40,2,16,mid_5_8,226,0.004035982768982649,0.07929261773824692
3845,40,2,16,far_gt8,647,0.0047136638313531876,0.06228625774383545
3845,40,2,17,inside,31,0.8192583322525024,1.2792155742645264
3845,40,2,17,ring_1,32,0.1123141199350357,0.38637131452560425
3845,40,2,17,near_2_4,88,0.013429742306470871,0.15070709586143494
3845,40,2,17,mid_5_8,226,0.004307011142373085,0.08171050995588303
3845,40,2,17,far_gt8,647,0.0055714985355734825,0.06768772006034851
3845,40,2,18,inside,31,0.8309650421142578,1.288535237312317
3845,40,2,18,ring_1,32,0.10849425941705704,0.3779306411743164
3845,40,2,18,near_2_4,88,0.013384539633989334,0.14965948462486267
3845,40,2,18,mid_5_8,226,0.004327393136918545,0.08165176957845688
3845,40,2,18,far_gt8,647,0.006189392879605293,0.06985091418027878
3845,40,2,19,inside,31,0.8551095724105835,1.307113766670227
3845,40,2,19,ring_1,32,0.11566971242427826,0.3943440914154053
3845,40,2,19,near_2_4,88,0.015633732080459595,0.16110563278198242
3845,40,2,19,mid_5_8,226,0.0052346340380609035,0.08944278210401535
3845,40,2,19,far_gt8,647,0.0072802104987204075,0.07698173820972443
3845,40,2,20,inside,31,0.8667270541191101,1.3158546686172485
3845,40,2,20,ring_1,32,0.10670854896306992,0.37987399101257324
3845,40,2,20,near_2_4,88,0.01601150631904602,0.16226746141910553
3845,40,2,20,mid_5_8,226,0.005994721781462431,0.09436369687318802
3845,40,2,20,far_gt8,647,0.008483867160975933,0.08277320861816406
3845,40,2,21,inside,31,0.8359959721565247,1.2922545671463013
3845,40,2,21,ring_1,32,0.10295522212982178,0.3699561655521393
3845,40,2,21,near_2_4,88,0.014730504713952541,0.15568993985652924
3845,40,2,21,mid_5_8,226,0.005974304396659136,0.09385072439908981
3845,40,2,21,far_gt8,647,0.009074964560568333,0.08617452532052994
3845,40,2,22,inside,31,0.8509781956672668,1.303442358970642
3845,40,2,22,ring_1,32,0.09855131804943085,0.3612433969974518
3845,40,2,22,near_2_4,88,0.014758193865418434,0.15609024465084076
3845,40,2,22,mid_5_8,226,0.006257681641727686,0.0956428050994873
3845,40,2,22,far_gt8,647,0.009508425369858742,0.08870626986026764
3845,40,2,23,inside,31,0.8141104578971863,1.2742490768432617
3845,40,2,23,ring_1,32,0.0994861051440239,0.36166054010391235
3845,40,2,23,near_2_4,88,0.014899817295372486,0.15480758249759674
3845,40,2,23,mid_5_8,226,0.006577445659786463,0.09605640918016434
3845,40,2,23,far_gt8,647,0.010317758657038212,0.0924902856349945
3845,40,2,24,inside,31,0.7912434935569763,1.2557440996170044
3845,40,2,24,ring_1,32,0.09894465655088425,0.3619014620780945
3845,40,2,24,near_2_4,88,0.015262704342603683,0.15890124440193176
3845,40,2,24,mid_5_8,226,0.007260397542268038,0.10148835927248001
3845,40,2,24,far_gt8,647,0.011903168633580208,0.09913428872823715
3845,40,2,25,inside,31,0.7244526147842407,1.2010430097579956
3845,40,2,25,ring_1,32,0.09695075452327728,0.3590325713157654
3845,40,2,25,near_2_4,88,0.015149097889661789,0.15777923166751862
3845,40,2,25,mid_5_8,226,0.00831488985568285,0.10264473408460617
3845,40,2,25,far_gt8,647,0.012619243003427982,0.10295397788286209
3845,40,2,26,inside,31,0.758620023727417,1.2285773754119873
3845,40,2,26,ring_1,32,0.1070689707994461,0.3755810856819153
3845,40,2,26,near_2_4,88,0.016605297103524208,0.1635863333940506
3845,40,2,26,mid_5_8,226,0.009862711653113365,0.11089510470628738
3845,40,2,26,far_gt8,647,0.015705613419413567,0.11782369017601013
3845,40,2,27,inside,31,0.847286581993103,1.2996470928192139
3845,40,2,27,ring_1,32,0.11693766713142395,0.39627552032470703
3845,40,2,27,near_2_4,88,0.02027810551226139,0.18129192292690277
3845,40,2,27,mid_5_8,226,0.012055368162691593,0.12626564502716064
3845,40,2,27,far_gt8,647,0.019650664180517197,0.13681358098983765
3934,41,0,0,inside,146,0.037363201379776,0.2573516368865967
3934,41,0,0,ring_1,92,8.422395225693435e-09,0.0
3934,41,0,0,near_2_4,173,5.857103690942722e-09,0.0
3934,41,0,0,mid_5_8,265,1.0796313176797412e-08,0.0
3934,41,0,0,far_gt8,348,8.050052180408329e-09,0.0
3934,41,0,1,inside,146,0.09020749479532242,0.40432026982307434
3934,41,0,1,ring_1,92,0.00012496308772824705,0.015207495540380478
3934,41,0,1,near_2_4,173,9.938712901202962e-05,0.013489650562405586
3934,41,0,1,mid_5_8,265,7.849369285395369e-05,0.012176143005490303
3934,41,0,1,far_gt8,348,6.647322152275592e-05,0.0112532963976264
3934,41,0,2,inside,146,0.2395581603050232,0.6756905317306519
3934,41,0,2,ring_1,92,0.0062571377493441105,0.0988713726401329
3934,41,0,2,near_2_4,173,0.0012614967999979854,0.049556914716959
3934,41,0,2,mid_5_8,265,0.0008954648510552943,0.04184325411915779
3934,41,0,2,far_gt8,348,0.0006776230875402689,0.03631066530942917
3934,41,0,3,inside,146,0.3873509466648102,0.8682169318199158
3934,41,0,3,ring_1,92,0.019010554999113083,0.17788292467594147
3934,41,0,3,near_2_4,173,0.0035285481717437506,0.08039417117834091
3934,41,0,3,mid_5_8,265,0.0022303194273263216,0.06396830826997757
3934,41,0,3,far_gt8,348,0.0015080011216923594,0.05283532664179802
3934,41,0,4,inside,146,0.4441682994365692,0.9312608242034912
3934,41,0,4,ring_1,92,0.029338976368308067,0.21950311958789825
3934,41,0,4,near_2_4,173,0.004496613517403603,0.09098615497350693
3934,41,0,4,mid_5_8,265,0.002789928112179041,0.07136125862598419
3934,41,0,4,far_gt8,348,0.0018438621191307902,0.05836581811308861
3934,41,0,5,inside,146,0.4502759873867035,0.9395987391471863
3934,41,0,5,ring_1,92,0.03952734172344208,0.2571161091327667
3934,41,0,5,near_2_4,173,0.006599328480660915,0.11009800434112549
3934,41,0,5,mid_5_8,265,0.0039528291672468185,0.08439508080482483
3934,41,0,5,far_gt8,348,0.002362660365179181,0.06563030928373337
3934,41,0,6,inside,146,0.5359644889831543,1.026781678199768
3934,41,0,6,ring_1,92,0.06046652793884277,0.3188638389110565
3934,41,0,6,near_2_4,173,0.009051615372300148,0.12905406951904297
3934,41,0,6,mid_5_8,265,0.004875597544014454,0.09435538202524185
3934,41,0,6,far_gt8,348,0.003042257623746991,0.07442087680101395
3934,41,0,7,inside,146,0.5743017792701721,1.0641754865646362
3934,41,0,7,ring_1,92,0.07343042641878128,0.35198497772216797
3934,41,0,7,near_2_4,173,0.0126372454687953,0.15184053778648376
3934,41,0,7,mid_5_8,265,0.005699717439711094,0.10259927064180374
3934,41,0,7,far_gt8,348,0.003398851491510868,0.07879464328289032
3934,41,0,8,inside,146,0.5393992066383362,1.032611608505249
3934,41,0,8,ring_1,92,0.08734207600355148,0.38590654730796814
3934,41,0,8,near_2_4,173,0.015237335115671158,0.1661704182624817
3934,41,0,8,mid_5_8,265,0.0064272102899849415,0.1090645119547844
3934,41,0,8,far_gt8,348,0.003770621959120035,0.08278331905603409
3934,41,0,9,inside,146,0.5379534363746643,1.030599594116211
3934,41,0,9,ring_1,92,0.09207124263048172,0.39845919609069824
3934,41,0,9,near_2_4,173,0.018880188465118408,0.18308025598526
3934,41,0,9,mid_5_8,265,0.007272541522979736,0.11464906483888626
3934,41,0,9,far_gt8,348,0.004508037120103836,0.08839142322540283
3934,41,0,10,inside,146,0.5426406860351562,1.0341496467590332
3934,41,0,10,ring_1,92,0.09509683400392532,0.40360018610954285
3934,41,0,10,near_2_4,173,0.020769523456692696,0.19112034142017365
3934,41,0,10,mid_5_8,265,0.0075456066988408566,0.11580569297075272
3934,41,0,10,far_gt8,348,0.005060911178588867,0.0909850001335144
3934,41,0,11,inside,146,0.5642754435539246,1.0549074411392212
3934,41,0,11,ring_1,92,0.10972369462251663,0.42947664856910706
3934,41,0,11,near_2_4,173,0.023931939154863358,0.20477429032325745
3934,41,0,11,mid_5_8,265,0.009047378785908222,0.12641802430152893
3934,41,0,11,far_gt8,348,0.006440483499318361,0.10114187747240067
3934,41,0,12,inside,146,0.5744965672492981,1.064038872718811
3934,41,0,12,ring_1,92,0.11893510073423386,0.44496792554855347
3934,41,0,12,near_2_4,173,0.028107350692152977,0.21995674073696136
3934,41,0,12,mid_5_8,265,0.010985426604747772,0.1372530460357666
3934,41,0,12,far_gt8,348,0.008837885223329067,0.11500917375087738
3934,41,0,13,inside,146,0.6124740242958069,1.099169135093689
3934,41,0,13,ring_1,92,0.13813555240631104,0.47737717628479004
3934,41,0,13,near_2_4,173,0.035001643002033234,0.24260643124580383
3934,41,0,13,mid_5_8,265,0.014114134013652802,0.1527058482170105
3934,41,0,13,far_gt8,348,0.012177812866866589,0.1300763040781021
3934,41,0,14,inside,146,0.648529589176178,1.1324654817581177
3934,41,0,14,ring_1,92,0.1456829011440277,0.48483192920684814
3934,41,0,14,near_2_4,173,0.03962141275405884,0.2503640353679657
3934,41,0,14,mid_5_8,265,0.017137786373496056,0.16250257194042206
3934,41,0,14,far_gt8,348,0.0172851774841547,0.147440105676651
3934,41,0,15,inside,146,0.6898963451385498,1.1688309907913208
3934,41,0,15,ring_1,92,0.1624704897403717,0.5100335478782654
3934,41,0,15,near_2_4,173,0.04632600396871567,0.26787111163139343
3934,41,0,15,mid_5_8,265,0.020338699221611023,0.17479507625102997
3934,41,0,15,far_gt8,348,0.020755283534526825,0.1580839306116104
3934,41,0,16,inside,146,0.7305935621261597,1.2034860849380493
3934,41,0,16,ring_1,92,0.17857827246189117,0.5335846543312073
3934,41,0,16,near_2_4,173,0.051391612738370895,0.2791486382484436
3934,41,0,16,mid_5_8,265,0.023129692301154137,0.18512405455112457
3934,41,0,16,far_gt8,348,0.023916976526379585,0.16745059192180634
3934,41,0,17,inside,146,0.7218611836433411,1.196166753768921
3934,41,0,17,ring_1,92,0.17650282382965088,0.5287702679634094
3934,41,0,17,near_2_4,173,0.051909156143665314,0.27943629026412964
3934,41,0,17,mid_5_8,265,0.023980580270290375,0.18850786983966827
3934,41,0,17,far_gt8,348,0.02500557154417038,0.17234085500240326
3934,41,0,18,inside,146,0.7441929578781128,1.2147282361984253
3934,41,0,18,ring_1,92,0.19121810793876648,0.548182487487793
3934,41,0,18,near_2_4,173,0.054540544748306274,0.28595542907714844
3934,41,0,18,mid_5_8,265,0.02685782127082348,0.19672061502933502
3934,41,0,18,far_gt8,348,0.028461840003728867,0.18279968202114105
3934,41,0,19,inside,146,0.7852621674537659,1.248895287513733
3934,41,0,19,ring_1,92,0.21194183826446533,0.5789273977279663
3934,41,0,19,near_2_4,173,0.06235666200518608,0.3059864938259125
3934,41,0,19,mid_5_8,265,0.030339457094669342,0.20930960774421692
3934,41,0,19,far_gt8,348,0.03178412839770317,0.19422873854637146
3934,41,0,20,inside,146,0.7619937062263489,1.230703592300415
3934,41,0,20,ring_1,92,0.21489647030830383,0.5818983316421509
3934,41,0,20,near_2_4,173,0.06680288910865784,0.3145233392715454
3934,41,0,20,mid_5_8,265,0.03588186204433441,0.22079162299633026
3934,41,0,20,far_gt8,348,0.03583694249391556,0.20374934375286102
3934,41,0,21,inside,146,0.7371090650558472,1.210524082183838
3934,41,0,21,ring_1,92,0.2129240185022354,0.5811892747879028
3934,41,0,21,near_2_4,173,0.07001588493585587,0.32205891609191895
3934,41,0,21,mid_5_8,265,0.038802728056907654,0.23104390501976013
3934,41,0,21,far_gt8,348,0.03767828270792961,0.21171268820762634
3934,41,0,22,inside,146,0.7252581715583801,1.2007441520690918
3934,41,0,22,ring_1,92,0.21296416223049164,0.5816830992698669
3934,41,0,22,near_2_4,173,0.0736297070980072,0.33217141032218933
3934,41,0,22,mid_5_8,265,0.04158327728509903,0.24133774638175964
3934,41,0,22,far_gt8,348,0.039934322237968445,0.22028383612632751
3934,41,0,23,inside,146,0.7038339972496033,1.1830177307128906
3934,41,0,23,ring_1,92,0.20843692123889923,0.5789293050765991
3934,41,0,23,near_2_4,173,0.07590888440608978,0.34083738923072815
3934,41,0,23,mid_5_8,265,0.04631361365318298,0.25537294149398804
3934,41,0,23,far_gt8,348,0.04404017701745033,0.2343911975622177
3934,41,0,24,inside,146,0.726929247379303,1.2027256488800049
3934,41,0,24,ring_1,92,0.2261645346879959,0.6026193499565125
3934,41,0,24,near_2_4,173,0.08801164478063583,0.36673375964164734
3934,41,0,24,mid_5_8,265,0.056616365909576416,0.27944594621658325
3934,41,0,24,far_gt8,348,0.05207628384232521,0.2555202543735504
3934,41,0,25,inside,146,0.6865617632865906,1.1688668727874756
3934,41,0,25,ring_1,92,0.22627586126327515,0.6027698516845703
3934,41,0,25,near_2_4,173,0.09657947719097137,0.38788652420043945
3934,41,0,25,mid_5_8,265,0.06628302484750748,0.3017508089542389
3934,41,0,25,far_gt8,348,0.056987740099430084,0.26881080865859985
3934,41,0,26,inside,146,0.7028473615646362,1.1826118230819702
3934,41,0,26,ring_1,92,0.2393309772014618,0.6207677721977234
3934,41,0,26,near_2_4,173,0.10772523283958435,0.41029566526412964
3934,41,0,26,mid_5_8,265,0.07701984792947769,0.3261013925075531
3934,41,0,26,far_gt8,348,0.06629658490419388,0.2922281324863434
3934,41,0,27,inside,146,0.7763780355453491,1.243222713470459
3934,41,0,27,ring_1,92,0.2713887095451355,0.6572169661521912
3934,41,0,27,near_2_4,173,0.12333308905363083,0.4379308521747589
3934,41,0,27,mid_5_8,265,0.08711383491754532,0.34769511222839355
3934,41,0,27,far_gt8,348,0.0735478401184082,0.30753353238105774
4134,42,1,0,inside,231,0.031720295548439026,0.2360938936471939
4134,42,1,0,ring_1,64,1.862645149230957e-09,0.0
4134,42,1,0,near_2_4,124,6.729556467632847e-09,0.0
4134,42,1,0,mid_5_8,159,2.0992830584987132e-08,0.0
4134,42,1,0,far_gt8,446,6.682134845448218e-09,0.0
4134,42,1,1,inside,231,0.09877804666757584,0.4184761643409729
4134,42,1,1,ring_1,64,7.012486457824707e-05,0.01147499494254589
4134,42,1,1,near_2_4,124,6.676681368844584e-05,0.011270209215581417
4134,42,1,1,mid_5_8,159,6.159371696412563e-05,0.01086539775133133
4134,42,1,1,far_gt8,446,6.0886279243277386e-05,0.010705193504691124
4134,42,1,2,inside,231,0.23783168196678162,0.673794686794281
4134,42,1,2,ring_1,64,0.005609042011201382,0.09863506257534027
4134,42,1,2,near_2_4,124,0.0023030336014926434,0.06649402529001236
4134,42,1,2,mid_5_8,159,0.0015958386939018965,0.05578344687819481
4134,42,1,2,far_gt8,446,0.0014801828656345606,0.05354052409529686
4134,42,1,3,inside,231,0.37479496002197266,0.8532817959785461
4134,42,1,3,ring_1,64,0.026418201625347137,0.21261252462863922
4134,42,1,3,near_2_4,124,0.004807332996279001,0.09593293070793152
4134,42,1,3,mid_5_8,159,0.0033148329239338636,0.08006186783313751
4134,42,1,3,far_gt8,446,0.0030251869466155767,0.07611414045095444
4134,42,1,4,inside,231,0.42694035172462463,0.9121043682098389
4134,42,1,4,ring_1,64,0.03270317614078522,0.238163560628891
4134,42,1,4,near_2_4,124,0.0059815095737576485,0.10637225210666656
4134,42,1,4,mid_5_8,159,0.003688293043524027,0.08445829898118973
4134,42,1,4,far_gt8,446,0.003478799946606159,0.08137650042772293
4134,42,1,5,inside,231,0.4366588592529297,0.9230266213417053
4134,42,1,5,ring_1,64,0.04282128065824509,0.27290329337120056
4134,42,1,5,near_2_4,124,0.007162212394177914,0.11653777956962585
4134,42,1,5,mid_5_8,159,0.004379936493933201,0.09152970463037491
4134,42,1,5,far_gt8,446,0.004307362716645002,0.09017714858055115
4134,42,1,6,inside,231,0.5476545691490173,1.0331635475158691
4134,42,1,6,ring_1,64,0.06350848078727722,0.3310568630695343
4134,42,1,6,near_2_4,124,0.009177204221487045,0.13165321946144104
4134,42,1,6,mid_5_8,159,0.005720559507608414,0.10359183698892593
4134,42,1,6,far_gt8,446,0.0058581409975886345,0.10457167774438858
4134,42,1,7,inside,231,0.5948893427848816,1.0771849155426025
4134,42,1,7,ring_1,64,0.07764192670583725,0.36335545778274536
4134,42,1,7,near_2_4,124,0.011928942985832691,0.14873887598514557
4134,42,1,7,mid_5_8,159,0.007012706249952316,0.11190082132816315
4134,42,1,7,far_gt8,446,0.00681588239967823,0.11177698522806168
4134,42,1,8,inside,231,0.5672438740730286,1.0514918565750122
4134,42,1,8,ring_1,64,0.08534447848796844,0.37929654121398926
4134,42,1,8,near_2_4,124,0.013205189257860184,0.15587739646434784
4134,42,1,8,mid_5_8,159,0.0077742720022797585,0.11496829241514206
4134,42,1,8,far_gt8,446,0.007269928697496653,0.11411433666944504
4134,42,1,9,inside,231,0.606076180934906,1.084890604019165
4134,42,1,9,ring_1,64,0.09655562788248062,0.4032650291919708
4134,42,1,9,near_2_4,124,0.0165715292096138,0.17162075638771057
4134,42,1,9,mid_5_8,159,0.009824039414525032,0.1239795833826065
4134,42,1,9,far_gt8,446,0.008730624802410603,0.12264510989189148
4134,42,1,10,inside,231,0.6009369492530823,1.0762358903884888
4134,42,1,10,ring_1,64,0.10591648519039154,0.41824302077293396
4134,42,1,10,near_2_4,124,0.01962117664515972,0.18244720995426178
4134,42,1,10,mid_5_8,159,0.012167287990450859,0.13221703469753265
4134,42,1,10,far_gt8,446,0.009945614263415337,0.12815038859844208
4134,42,1,11,inside,231,0.6267979145050049,1.0983120203018188
4134,42,1,11,ring_1,64,0.12125172466039658,0.44470319151878357
4134,42,1,11,near_2_4,124,0.023077121004462242,0.194762721657753
4134,42,1,11,mid_5_8,159,0.016404718160629272,0.1482999473810196
4134,42,1,11,far_gt8,446,0.01251197885721922,0.1409848928451538
4134,42,1,12,inside,231,0.6273949146270752,1.098981499671936
4134,42,1,12,ring_1,64,0.13257163763046265,0.4616069495677948
4134,42,1,12,near_2_4,124,0.027094554156064987,0.20984667539596558
4134,42,1,12,mid_5_8,159,0.022463854402303696,0.16751040518283844
4134,42,1,12,far_gt8,446,0.016772013157606125,0.1579509824514389
4134,42,1,13,inside,231,0.6574488878250122,1.1239781379699707
4134,42,1,13,ring_1,64,0.15246862173080444,0.4967428743839264
4134,42,1,13,near_2_4,124,0.033446744084358215,0.2295026183128357
4134,42,1,13,mid_5_8,159,0.031914692372083664,0.18931414186954498
4134,42,1,13,far_gt8,446,0.021056441590189934,0.1700357049703598
4134,42,1,14,inside,231,0.6624981164932251,1.129067301750183
4134,42,1,14,ring_1,64,0.16231396794319153,0.5072354078292847
4134,42,1,14,near_2_4,124,0.03745897859334946,0.24020935595035553
4134,42,1,14,mid_5_8,159,0.037342749536037445,0.20290902256965637
4134,42,1,14,far_gt8,446,0.02801828272640705,0.19073417782783508
4134,42,1,15,inside,231,0.6886144876480103,1.1507518291473389
4134,42,1,15,ring_1,64,0.1707487851381302,0.5187293887138367
4134,42,1,15,near_2_4,124,0.04267415404319763,0.2533276081085205
4134,42,1,15,mid_5_8,159,0.04288800060749054,0.21659202873706818
4134,42,1,15,far_gt8,446,0.032622404396533966,0.20093367993831635
4134,42,1,16,inside,231,0.705416738986969,1.1646983623504639
4134,42,1,16,ring_1,64,0.17992205917835236,0.5319802761077881
4134,42,1,16,near_2_4,124,0.049623291939496994,0.2686102092266083
4134,42,1,16,mid_5_8,159,0.04816720634698868,0.2319149225950241
4134,42,1,16,far_gt8,446,0.03724292665719986,0.21547405421733856
4134,42,1,17,inside,231,0.6878967881202698,1.1502964496612549
4134,42,1,17,ring_1,64,0.1767318993806839,0.5269675254821777
4134,42,1,17,near_2_4,124,0.04855992645025253,0.2670757472515106
4134,42,1,17,mid_5_8,159,0.046221088618040085,0.22919240593910217
4134,42,1,17,far_gt8,446,0.03789009153842926,0.21742399036884308
4134,42,1,18,inside,231,0.7024516463279724,1.1633882522583008
4134,42,1,18,ring_1,64,0.1968913972377777,0.5571048259735107
4134,42,1,18,near_2_4,124,0.05552523955702782,0.2809322476387024
4134,42,1,18,mid_5_8,159,0.05213348940014839,0.24283701181411743
4134,42,1,18,far_gt8,446,0.04109746217727661,0.22378294169902802
4134,42,1,19,inside,231,0.727867603302002,1.1846837997436523
4134,42,1,19,ring_1,64,0.20678457617759705,0.5700188875198364
4134,42,1,19,near_2_4,124,0.05962827801704407,0.2918369174003601
4134,42,1,19,mid_5_8,159,0.056250326335430145,0.2554289400577545
4134,42,1,19,far_gt8,446,0.04524737223982811,0.23436623811721802
4134,42,1,20,inside,231,0.717751681804657,1.1767032146453857
4134,42,1,20,ring_1,64,0.20868933200836182,0.5716032981872559
4134,42,1,20,near_2_4,124,0.06306932866573334,0.2976306676864624
4134,42,1,20,mid_5_8,159,0.06168800964951515,0.2659038305282593
4134,42,1,20,far_gt8,446,0.0499674528837204,0.24387232959270477
4134,42,1,21,inside,231,0.6976996660232544,1.1608834266662598
4134,42,1,21,ring_1,64,0.21065236628055573,0.5749397873878479
4134,42,1,21,near_2_4,124,0.06370822340250015,0.30161598324775696
4134,42,1,21,mid_5_8,159,0.06356398016214371,0.27277857065200806
4134,42,1,21,far_gt8,446,0.05254022404551506,0.25168126821517944
4134,42,1,22,inside,231,0.6975016593933105,1.1600137948989868
4134,42,1,22,ring_1,64,0.2077956199645996,0.5698147416114807
4134,42,1,22,near_2_4,124,0.06760087609291077,0.3108969032764435
4134,42,1,22,mid_5_8,159,0.06952175498008728,0.28772273659706116
4134,42,1,22,far_gt8,446,0.056190770119428635,0.2621438503265381
4134,42,1,23,inside,231,0.6725157499313354,1.1402260065078735
4134,42,1,23,ring_1,64,0.2063632756471634,0.5680497884750366
4134,42,1,23,near_2_4,124,0.07149714231491089,0.3180826008319855
4134,42,1,23,mid_5_8,159,0.07258308678865433,0.29748040437698364
4134,42,1,23,far_gt8,446,0.058874309062957764,0.2699686884880066
4134,42,1,24,inside,231,0.6814258694648743,1.1485220193862915
4134,42,1,24,ring_1,64,0.2116774618625641,0.5776267051696777
4134,42,1,24,near_2_4,124,0.07674266397953033,0.3331020176410675
4134,42,1,24,mid_5_8,159,0.07887138426303864,0.3164232671260834
4134,42,1,24,far_gt8,446,0.06601300090551376,0.2907693386077881
4134,42,1,25,inside,231,0.6569949984550476,1.1280428171157837
4134,42,1,25,ring_1,64,0.205071821808815,0.5701274275779724
4134,42,1,25,near_2_4,124,0.08304771035909653,0.34494075179100037
4134,42,1,25,mid_5_8,159,0.08751638978719711,0.33596983551979065
4134,42,1,25,far_gt8,446,0.07450029999017715,0.31601741909980774
4134,42,1,26,inside,231,0.6658442616462708,1.136367917060852
4134,42,1,26,ring_1,64,0.20918653905391693,0.5756784677505493
4134,42,1,26,near_2_4,124,0.09049777686595917,0.35956016182899475
4134,42,1,26,mid_5_8,159,0.09887028485536575,0.36200928688049316
4134,42,1,26,far_gt8,446,0.08899590373039246,0.3503422439098358
4134,42,1,27,inside,231,0.7289647459983826,1.1888047456741333
4134,42,1,27,ring_1,64,0.2314566969871521,0.6070175170898438
4134,42,1,27,near_2_4,124,0.1034558117389679,0.3863249123096466
4134,42,1,27,mid_5_8,159,0.10869726538658142,0.38609540462493896
4134,42,1,27,far_gt8,446,0.10352349281311035,0.3807191848754883
4395,43,1,0,inside,96,0.054687485098838806,0.31303951144218445
4395,43,1,0,ring_1,51,-2.3374370883288975e-08,0.0
4395,43,1,0,near_2_4,132,-4.515503526647535e-10,0.0
4395,43,1,0,mid_5_8,236,6.819175446537429e-09,0.0
4395,43,1,0,far_gt8,509,3.5130438558184096e-09,0.0
4395,43,1,1,inside,96,0.12757454812526703,0.4797769784927368
4395,43,1,1,ring_1,51,0.00020828668493777514,0.01973460055887699
4395,43,1,1,near_2_4,132,0.0002531815553084016,0.022197579964995384
4395,43,1,1,mid_5_8,236,0.00024687914992682636,0.02176961675286293
4395,43,1,1,far_gt8,509,0.0002388046559644863,0.021171392872929573
4395,43,1,2,inside,96,0.2606944143772125,0.714043140411377
4395,43,1,2,ring_1,51,0.0057035768404603004,0.09864429384469986
4395,43,1,2,near_2_4,132,0.000971345289144665,0.043326009064912796
4395,43,1,2,mid_5_8,236,0.001145350281149149,0.04693689942359924
4395,43,1,2,far_gt8,509,0.0009857610566541553,0.04355359449982643
4395,43,1,3,inside,96,0.37499725818634033,0.8628060221672058
4395,43,1,3,ring_1,51,0.030264316126704216,0.21887296438217163
4395,43,1,3,near_2_4,132,0.0022405055351555347,0.06565246731042862
4395,43,1,3,mid_5_8,236,0.002271810080856085,0.06579023599624634
4395,43,1,3,far_gt8,509,0.0019384078914299607,0.05977721884846687
4395,43,1,4,inside,96,0.4246930181980133,0.9194018840789795
4395,43,1,4,ring_1,51,0.04262828454375267,0.2702173590660095
4395,43,1,4,near_2_4,132,0.0031409296207129955,0.0772339478135109
4395,43,1,4,mid_5_8,236,0.0028896089643239975,0.07399942725896835
4395,43,1,4,far_gt8,509,0.003130684606730938,0.07009854167699814
4395,43,1,5,inside,96,0.453715056180954,0.9507719874382019
4395,43,1,5,ring_1,51,0.058273494243621826,0.31633713841438293
4395,43,1,5,near_2_4,132,0.004641671199351549,0.09282831102609634
4395,43,1,5,mid_5_8,236,0.0034730518236756325,0.08115540444850922
4395,43,1,5,far_gt8,509,0.0042367661371827126,0.07695618271827698
4395,43,1,6,inside,96,0.5102957487106323,1.0086249113082886
4395,43,1,6,ring_1,51,0.08434972912073135,0.3831668794155121
4395,43,1,6,near_2_4,132,0.006255667190998793,0.1075383648276329
4395,43,1,6,mid_5_8,236,0.004399940837174654,0.09132907539606094
4395,43,1,6,far_gt8,509,0.00722365640103817,0.09253793209791183
4395,43,1,7,inside,96,0.5881204605102539,1.0829490423202515
4395,43,1,7,ring_1,51,0.09694551676511765,0.41027727723121643
4395,43,1,7,near_2_4,132,0.008314142003655434,0.12430789321660995
4395,43,1,7,mid_5_8,236,0.005369645077735186,0.1011483445763588
4395,43,1,7,far_gt8,509,0.009327826090157032,0.10219639539718628
4395,43,1,8,inside,96,0.5759539604187012,1.0720802545547485
4395,43,1,8,ring_1,51,0.11608923226594925,0.4485005736351013
4395,43,1,8,near_2_4,132,0.010054930113255978,0.13671989738941193
4395,43,1,8,mid_5_8,236,0.0058079431764781475,0.10513323545455933
4395,43,1,8,far_gt8,509,0.010669327341020107,0.10784132778644562
4395,43,1,9,inside,96,0.5765206217765808,1.0722920894622803
4395,43,1,9,ring_1,51,0.1358063966035843,0.48258665204048157
4395,43,1,9,near_2_4,132,0.012848715297877789,0.1545170545578003
4395,43,1,9,mid_5_8,236,0.006686831824481487,0.11197004467248917
4395,43,1,9,far_gt8,509,0.012627224437892437,0.11487250030040741
4395,43,1,10,inside,96,0.5598873496055603,1.0560790300369263
4395,43,1,10,ring_1,51,0.14877037703990936,0.501032829284668
4395,43,1,10,near_2_4,132,0.014818626455962658,0.16565674543380737
4395,43,1,10,mid_5_8,236,0.007355946581810713,0.1166713684797287
4395,43,1,10,far_gt8,509,0.013413621112704277,0.11709491163492203
4395,43,1,11,inside,96,0.56391841173172,1.0594077110290527
4395,43,1,11,ring_1,51,0.16316340863704681,0.5237255692481995
4395,43,1,11,near_2_4,132,0.017096322029829025,0.1780117303133011
4395,43,1,11,mid_5_8,236,0.008790443651378155,0.12663382291793823
4395,43,1,11,far_gt8,509,0.01550561748445034,0.12371344864368439
4395,43,1,12,inside,96,0.5653614401817322,1.0602365732192993
4395,43,1,12,ring_1,51,0.17100848257541656,0.5333192348480225
4395,43,1,12,near_2_4,132,0.019977109506726265,0.1910816729068756
4395,43,1,12,mid_5_8,236,0.010899296030402184,0.13862013816833496
4395,43,1,12,far_gt8,509,0.0180121548473835,0.1320633590221405
4395,43,1,13,inside,96,0.5848309397697449,1.0784833431243896
4395,43,1,13,ring_1,51,0.18684512376785278,0.5597375631332397
4395,43,1,13,near_2_4,132,0.026078874245285988,0.21575026214122772
4395,43,1,13,mid_5_8,236,0.01436682976782322,0.1549661010503769
4395,43,1,13,far_gt8,509,0.021378332749009132,0.14256197214126587
4395,43,1,14,inside,96,0.6182799339294434,1.1089662313461304
4395,43,1,14,ring_1,51,0.20913492143154144,0.5926215648651123
4395,43,1,14,near_2_4,132,0.04139816388487816,0.2550683915615082
4395,43,1,14,mid_5_8,236,0.025196488946676254,0.18912233412265778
4395,43,1,14,far_gt8,509,0.02707843668758869,0.15946629643440247
4395,43,1,15,inside,96,0.6825575232505798,1.1657544374465942
4395,43,1,15,ring_1,51,0.22562465071678162,0.6132697463035583
4395,43,1,15,near_2_4,132,0.055166006088256836,0.28064683079719543
4395,43,1,15,mid_5_8,236,0.03313668072223663,0.20713485777378082
4395,43,1,15,far_gt8,509,0.031242385506629944,0.16744661331176758
4395,43,1,16,inside,96,0.7197661399841309,1.19721519947052
4395,43,1,16,ring_1,51,0.24401460587978363,0.6377896070480347
4395,43,1,16,near_2_4,132,0.06652633100748062,0.3027559220790863
4395,43,1,16,mid_5_8,236,0.04195182025432587,0.2274051010608673
4395,43,1,16,far_gt8,509,0.034825265407562256,0.17936430871486664
4395,43,1,17,inside,96,0.7369250655174255,1.209945797920227
4395,43,1,17,ring_1,51,0.22457005083560944,0.6161887049674988
4395,43,1,17,near_2_4,132,0.0725073516368866,0.31524792313575745
4395,43,1,17,mid_5_8,236,0.046638257801532745,0.23812732100486755
4395,43,1,17,far_gt8,509,0.03718358278274536,0.1872251182794571
4395,43,1,18,inside,96,0.7655410766601562,1.2322553396224976
4395,43,1,18,ring_1,51,0.22399961948394775,0.6167941093444824
4395,43,1,18,near_2_4,132,0.07898186147212982,0.32465776801109314
4395,43,1,18,mid_5_8,236,0.05181809514760971,0.24656660854816437
4395,43,1,18,far_gt8,509,0.04043232277035713,0.19560304284095764
4395,43,1,19,inside,96,0.8076525330543518,1.2653545141220093
4395,43,1,19,ring_1,51,0.23483078181743622,0.6334075927734375
4395,43,1,19,near_2_4,132,0.08589452505111694,0.33845099806785583
4395,43,1,19,mid_5_8,236,0.05657297745347023,0.2591148018836975
4395,43,1,19,far_gt8,509,0.04377621412277222,0.20745199918746948
4395,43,1,20,inside,96,0.7797309756278992,1.2433494329452515
4395,43,1,20,ring_1,51,0.23411676287651062,0.6304423809051514
4395,43,1,20,near_2_4,132,0.09254894405603409,0.35034361481666565
4395,43,1,20,mid_5_8,236,0.06246667727828026,0.273127019405365
4395,43,1,20,far_gt8,509,0.04695891588926315,0.21787716448307037
4395,43,1,21,inside,96,0.7438274025917053,1.214253544807434
4395,43,1,21,ring_1,51,0.23318877816200256,0.6294445991516113
4395,43,1,21,near_2_4,132,0.09480148553848267,0.35636693239212036
4395,43,1,21,mid_5_8,236,0.06365058571100235,0.27891844511032104
4395,43,1,21,far_gt8,509,0.04920521005988121,0.22639936208724976
4395,43,1,22,inside,96,0.7221121788024902,1.1943868398666382
4395,43,1,22,ring_1,51,0.22522445023059845,0.6195107102394104
4395,43,1,22,near_2_4,132,0.09445811808109283,0.3580555021762848
4395,43,1,22,mid_5_8,236,0.06638004630804062,0.2852563261985779
4395,43,1,22,far_gt8,509,0.05007117614150047,0.23146681487560272
4395,43,1,23,inside,96,0.6958411335945129,1.172654390335083
4395,43,1,23,ring_1,51,0.22368085384368896,0.616703987121582
4395,43,1,23,near_2_4,132,0.09824400395154953,0.36780256032943726
4395,43,1,23,mid_5_8,236,0.07125880569219589,0.2973845899105072
4395,43,1,23,far_gt8,509,0.05213633552193642,0.24314817786216736
4395,43,1,24,inside,96,0.6805474758148193,1.1578820943832397
4395,43,1,24,ring_1,51,0.24147659540176392,0.640160083770752
4395,43,1,24,near_2_4,132,0.11553862690925598,0.3975403606891632
4395,43,1,24,mid_5_8,236,0.08016311377286911,0.3166141211986542
4395,43,1,24,far_gt8,509,0.06072210893034935,0.26390010118484497
4395,43,1,25,inside,96,0.6320489048957825,1.1166362762451172
4395,43,1,25,ring_1,51,0.24477854371070862,0.645264744758606
4395,43,1,25,near_2_4,132,0.12326379120349884,0.4143082797527313
4395,43,1,25,mid_5_8,236,0.08753655105829239,0.3355942666530609
4395,43,1,25,far_gt8,509,0.06588280946016312,0.2786611020565033
4395,43,1,26,inside,96,0.673090934753418,1.149194598197937
4395,43,1,26,ring_1,51,0.2626265585422516,0.6639595031738281
4395,43,1,26,near_2_4,132,0.14449089765548706,0.45213308930397034
4395,43,1,26,mid_5_8,236,0.10399290174245834,0.3693307340145111
4395,43,1,26,far_gt8,509,0.078248530626297,0.3077784478664398
4395,43,1,27,inside,96,0.73051518201828,1.1966800689697266
4395,43,1,27,ring_1,51,0.2915914058685303,0.6991114020347595
4395,43,1,27,near_2_4,132,0.16977408528327942,0.49315372109413147
4395,43,1,27,mid_5_8,236,0.12066363543272018,0.40175020694732666
4395,43,1,27,far_gt8,509,0.09138122200965881,0.3363700807094574
4495,44,1,0,inside,56,0.010258686728775501,0.13860109448432922
4495,44,1,0,ring_1,27,-3.311369312086754e-08,0.0
4495,44,1,0,near_2_4,75,-6.357828929992593e-09,0.0
4495,44,1,0,mid_5_8,137,8.266337836460025e-09,0.0
4495,44,1,0,far_gt8,729,9.239128573312883e-09,0.0
4495,44,1,1,inside,56,0.02961289882659912,0.2371852695941925
4495,44,1,1,ring_1,27,2.368511923123151e-05,0.006784138269722462
4495,44,1,1,near_2_4,75,1.8103917682310566e-05,0.005968536715954542
4495,44,1,1,mid_5_8,137,1.712263110675849e-05,0.0057913763448596
4495,44,1,1,far_gt8,729,1.484907897975063e-05,0.0053874654695391655
4495,44,1,2,inside,56,0.16797581315040588,0.5714373588562012
4495,44,1,2,ring_1,27,0.0028356292750686407,0.06923789530992508
4495,44,1,2,near_2_4,75,0.0007696509128436446,0.038183629512786865
4495,44,1,2,mid_5_8,137,0.0002974080271087587,0.023508846759796143
4495,44,1,2,far_gt8,729,7.720551366219297e-05,0.012076064944267273
4495,44,1,3,inside,56,0.37333348393440247,0.8571985960006714
4495,44,1,3,ring_1,27,0.023099763318896294,0.19103564321994781
4495,44,1,3,near_2_4,75,0.002339338418096304,0.06626665592193604
4495,44,1,3,mid_5_8,137,0.0007931885775178671,0.0386788472533226
4495,44,1,3,far_gt8,729,0.0002023838460445404,0.019122721627354622
4495,44,1,4,inside,56,0.43337106704711914,0.9255481958389282
4495,44,1,4,ring_1,27,0.04177103191614151,0.26466822624206543
4495,44,1,4,near_2_4,75,0.0036887098103761673,0.08284991979598999
4495,44,1,4,mid_5_8,137,0.001329767401330173,0.04896381124854088
4495,44,1,4,far_gt8,729,0.000378572556655854,0.02620186097919941
4495,44,1,5,inside,56,0.4332670271396637,0.9261156916618347
4495,44,1,5,ring_1,27,0.05809040740132332,0.3179175555706024
4495,44,1,5,near_2_4,75,0.006417984142899513,0.10908783972263336
4495,44,1,5,mid_5_8,137,0.002353503368794918,0.06540170311927795
4495,44,1,5,far_gt8,729,0.0005690268008038402,0.03210970759391785
4495,44,1,6,inside,56,0.5292461514472961,1.0228275060653687
4495,44,1,6,ring_1,27,0.0992145910859108,0.42007458209991455
4495,44,1,6,near_2_4,75,0.01052740029990673,0.13809101283550262
4495,44,1,6,mid_5_8,137,0.003246183739975095,0.07694017142057419
4495,44,1,6,far_gt8,729,0.0008205442572943866,0.03866015374660492
4495,44,1,7,inside,56,0.5862858891487122,1.0762141942977905
4495,44,1,7,ring_1,27,0.1273646205663681,0.47857704758644104
4495,44,1,7,near_2_4,75,0.015076926909387112,0.1653197556734085
4495,44,1,7,mid_5_8,137,0.004021459259092808,0.08573051542043686
4495,44,1,7,far_gt8,729,0.000991148641332984,0.042532745748758316
4495,44,1,8,inside,56,0.556099534034729,1.0482453107833862
4495,44,1,8,ring_1,27,0.13015031814575195,0.4880737066268921
4495,44,1,8,near_2_4,75,0.01648627035319805,0.17181499302387238
4495,44,1,8,mid_5_8,137,0.004502647090703249,0.09054093807935715
4495,44,1,8,far_gt8,729,0.0012228849809616804,0.04742492735385895
4495,44,1,9,inside,56,0.5556052327156067,1.0454816818237305
4495,44,1,9,ring_1,27,0.1392652541399002,0.5052224397659302
4495,44,1,9,near_2_4,75,0.02098988927900791,0.18847151100635529
4495,44,1,9,mid_5_8,137,0.005010545719414949,0.09298627078533173
4495,44,1,9,far_gt8,729,0.0013338429853320122,0.048619262874126434
4495,44,1,10,inside,56,0.5433131456375122,1.0176475048065186
4495,44,1,10,ring_1,27,0.14415442943572998,0.5140981078147888
4495,44,1,10,near_2_4,75,0.0239699799567461,0.1956958919763565
4495,44,1,10,mid_5_8,137,0.005048211198300123,0.09276585280895233
4495,44,1,10,far_gt8,729,0.0015328601002693176,0.05078684538602829
4495,44,1,11,inside,56,0.5678724646568298,1.0406668186187744
4495,44,1,11,ring_1,27,0.17853906750679016,0.5680577754974365
4495,44,1,11,near_2_4,75,0.03135373443365097,0.216945618391037
4495,44,1,11,mid_5_8,137,0.005579966586083174,0.09727200120687485
4495,44,1,11,far_gt8,729,0.0019187313737347722,0.056710463017225266
4495,44,1,12,inside,56,0.5799410939216614,1.051436424255371
4495,44,1,12,ring_1,27,0.19548368453979492,0.5920394062995911
4495,44,1,12,near_2_4,75,0.040712885558605194,0.23902255296707153
4495,44,1,12,mid_5_8,137,0.00799822248518467,0.11110947281122208
4495,44,1,12,far_gt8,729,0.002516484120860696,0.06356631964445114
4495,44,1,13,inside,56,0.6354384422302246,1.1012928485870361
4495,44,1,13,ring_1,27,0.2206176370382309,0.6233197450637817
4495,44,1,13,near_2_4,75,0.053678352385759354,0.2629886865615845
4495,44,1,13,mid_5_8,137,0.011515128426253796,0.12126460671424866
4495,44,1,13,far_gt8,729,0.003226133994758129,0.0686497911810875
4495,44,1,14,inside,56,0.644410252571106,1.1092921495437622
4495,44,1,14,ring_1,27,0.2455483078956604,0.653740406036377
4495,44,1,14,near_2_4,75,0.07158306241035461,0.29000338912010193
4495,44,1,14,mid_5_8,137,0.01605689525604248,0.13405345380306244
4495,44,1,14,far_gt8,729,0.004386642947793007,0.07526186108589172
4495,44,1,15,inside,56,0.6909554600715637,1.1487306356430054
4495,44,1,15,ring_1,27,0.26938411593437195,0.6832499504089355
4495,44,1,15,near_2_4,75,0.08396831899881363,0.30878594517707825
4495,44,1,15,mid_5_8,137,0.019879939034581184,0.1420029103755951
4495,44,1,15,far_gt8,729,0.0050075463950634,0.07816977798938751
4495,44,1,16,inside,56,0.7177079319953918,1.1707956790924072
4495,44,1,16,ring_1,27,0.2882244884967804,0.7064206600189209
4495,44,1,16,near_2_4,75,0.092218317091465,0.3227764964103699
4495,44,1,16,mid_5_8,137,0.02426939643919468,0.15339963138103485
4495,44,1,16,far_gt8,729,0.0059127178974449635,0.08469176292419434
4495,44,1,17,inside,56,0.7287597060203552,1.179103136062622
4495,44,1,17,ring_1,27,0.2853793799877167,0.7023260593414307
4495,44,1,17,near_2_4,75,0.0934109091758728,0.3236244320869446
4495,44,1,17,mid_5_8,137,0.025556614622473717,0.15517933666706085
4495,44,1,17,far_gt8,729,0.0063250428065657616,0.08727219700813293
4495,44,1,18,inside,56,0.7379595041275024,1.1858185529708862
4495,44,1,18,ring_1,27,0.305203378200531,0.7238635420799255
4495,44,1,18,near_2_4,75,0.1048692837357521,0.3417973220348358
4495,44,1,18,mid_5_8,137,0.028794698417186737,0.16255059838294983
4495,44,1,18,far_gt8,729,0.007330325432121754,0.0916631892323494
4495,44,1,19,inside,56,0.7832186818122864,1.2217638492584229
4495,44,1,19,ring_1,27,0.3307434618473053,0.7543454170227051
4495,44,1,19,near_2_4,75,0.1105286180973053,0.35428744554519653
4495,44,1,19,mid_5_8,137,0.03090457059442997,0.172370046377182
4495,44,1,19,far_gt8,729,0.008430719375610352,0.0991826206445694
4495,44,1,20,inside,56,0.778582751750946,1.218234658241272
4495,44,1,20,ring_1,27,0.3270632326602936,0.7423754930496216
4495,44,1,20,near_2_4,75,0.11939793825149536,0.36540526151657104
4495,44,1,20,mid_5_8,137,0.03401540219783783,0.1796160340309143
4495,44,1,20,far_gt8,729,0.010739492252469063,0.10832938551902771
4495,44,1,21,inside,56,0.7499412894248962,1.1949520111083984
4495,44,1,21,ring_1,27,0.3169000744819641,0.7332509160041809
4495,44,1,21,near_2_4,75,0.11729633063077927,0.3667738139629364
4495,44,1,21,mid_5_8,137,0.035611238330602646,0.1845557987689972
4495,44,1,21,far_gt8,729,0.012173717841506004,0.11566989868879318
4495,44,1,22,inside,56,0.7284560203552246,1.1776915788650513
4495,44,1,22,ring_1,27,0.30489659309387207,0.7203899621963501
4495,44,1,22,near_2_4,75,0.11526532471179962,0.367257297039032
4495,44,1,22,mid_5_8,137,0.034965649247169495,0.18651182949543
4495,44,1,22,far_gt8,729,0.013077875599265099,0.12066107988357544
4495,44,1,23,inside,56,0.6922596096992493,1.1475896835327148
4495,44,1,23,ring_1,27,0.2947674095630646,0.7083525657653809
4495,44,1,23,near_2_4,75,0.11618565768003464,0.37257134914398193
4495,44,1,23,mid_5_8,137,0.03724159300327301,0.19594787061214447
4495,44,1,23,far_gt8,729,0.014810423366725445,0.12938569486141205
4495,44,1,24,inside,56,0.70384681224823,1.1576482057571411
4495,44,1,24,ring_1,27,0.31761860847473145,0.732382595539093
4495,44,1,24,near_2_4,75,0.1339212954044342,0.4028705358505249
4495,44,1,24,mid_5_8,137,0.04580298438668251,0.2194022238254547
4495,44,1,24,far_gt8,729,0.019407203420996666,0.14600425958633423
4495,44,1,25,inside,56,0.6491672396659851,1.1125847101211548
4495,44,1,25,ring_1,27,0.3061002790927887,0.7192167639732361
4495,44,1,25,near_2_4,75,0.13280417025089264,0.4090164303779602
4495,44,1,25,mid_5_8,137,0.04733986780047417,0.22850334644317627
4495,44,1,25,far_gt8,729,0.022683603689074516,0.1616765409708023
4495,44,1,26,inside,56,0.6491209268569946,1.112241506576538
4495,44,1,26,ring_1,27,0.3212919533252716,0.7335686683654785
4495,44,1,26,near_2_4,75,0.14877797663211823,0.43503764271736145
4495,44,1,26,mid_5_8,137,0.0570189394056797,0.2534719407558441
4495,44,1,26,far_gt8,729,0.028428003191947937,0.1835806518793106
4495,44,1,27,inside,56,0.7114160656929016,1.1644171476364136
4495,44,1,27,ring_1,27,0.351389080286026,0.7652824521064758
4495,44,1,27,near_2_4,75,0.1680324226617813,0.46468454599380493
4495,44,1,27,mid_5_8,137,0.06701016426086426,0.27566659450531006
4495,44,1,27,far_gt8,729,0.03513393923640251,0.2054554969072342
4765,45,0,0,inside,48,0.05630817636847496,0.3192504346370697
4765,45,0,0,ring_1,63,9.461055050508094e-09,0.0
4765,45,0,0,near_2_4,139,-6.003345376370817e-09,0.0
4765,45,0,0,mid_5_8,290,1.1715395764611003e-08,0.0
4765,45,0,0,far_gt8,484,2.709302115988521e-09,0.0
4765,45,0,1,inside,48,0.1194896325469017,0.4715709686279297
4765,45,0,1,ring_1,63,3.93986701965332e-05,0.008754502981901169
4765,45,0,1,near_2_4,139,3.6355402698973194e-05,0.008363829925656319
4765,45,0,1,mid_5_8,290,2.4627612219774164e-05,0.006784608121961355
4765,45,0,1,far_gt8,484,1.3669414329342544e-05,0.005054216831922531
4765,45,0,2,inside,48,0.30262407660484314,0.7594363689422607
4765,45,0,2,ring_1,63,0.004972814582288265,0.08258030563592911
4765,45,0,2,near_2_4,139,0.00045948621118441224,0.029901251196861267
4765,45,0,2,mid_5_8,290,0.00031823042081668973,0.024944961071014404
4765,45,0,2,far_gt8,484,0.0002088293113047257,0.020145438611507416
4765,45,0,3,inside,48,0.402797132730484,0.8810582756996155
4765,45,0,3,ring_1,63,0.01807284913957119,0.17029210925102234
4765,45,0,3,near_2_4,139,0.0019958156626671553,0.06112780049443245
4765,45,0,3,mid_5_8,290,0.001357296365313232,0.050770800560712814
4765,45,0,3,far_gt8,484,0.0008756553870625794,0.04040998965501785
4765,45,0,4,inside,48,0.44178977608680725,0.9261083602905273
4765,45,0,4,ring_1,63,0.035338710993528366,0.23711058497428894
4765,45,0,4,near_2_4,139,0.0034524151124060154,0.07855784893035889
4765,45,0,4,mid_5_8,290,0.003125938354060054,0.07076491415500641
4765,45,0,4,far_gt8,484,0.00161120411939919,0.052056457847356796
4765,45,0,5,inside,48,0.4626035988330841,0.9494800567626953
4765,45,0,5,ring_1,63,0.05109274014830589,0.2933697998523712
4765,45,0,5,near_2_4,139,0.005744175519794226,0.10115595161914825
4765,45,0,5,mid_5_8,290,0.00680913170799613,0.09514453262090683
4765,45,0,5,far_gt8,484,0.0029951180331408978,0.0667179748415947
4765,45,0,6,inside,48,0.4980798661708832,0.9857977032661438
4765,45,0,6,ring_1,63,0.07610592991113663,0.3627191483974457
4765,45,0,6,near_2_4,139,0.01050917711108923,0.1325937956571579
4765,45,0,6,mid_5_8,290,0.019498173147439957,0.14034433662891388
4765,45,0,6,far_gt8,484,0.0068851858377456665,0.08827770501375198
4765,45,0,7,inside,48,0.5367186665534973,1.0254536867141724
4765,45,0,7,ring_1,63,0.09833352267742157,0.4154171943664551
4765,45,0,7,near_2_4,139,0.017430763691663742,0.16856707632541656
4765,45,0,7,mid_5_8,290,0.03472256287932396,0.18407577276229858
4765,45,0,7,far_gt8,484,0.011583746410906315,0.10771539062261581
4765,45,0,8,inside,48,0.5293307900428772,1.0206588506698608
4765,45,0,8,ring_1,63,0.11911703646183014,0.46070533990859985
4765,45,0,8,near_2_4,139,0.02354835346341133,0.1936972290277481
4765,45,0,8,mid_5_8,290,0.04531172662973404,0.21424418687820435
4765,45,0,8,far_gt8,484,0.015648435801267624,0.12775544822216034
4765,45,0,9,inside,48,0.5050535202026367,0.9990933537483215
4765,45,0,9,ring_1,63,0.13890770077705383,0.5038020610809326
4765,45,0,9,near_2_4,139,0.03474552184343338,0.23394380509853363
4765,45,0,9,mid_5_8,290,0.0638890191912651,0.26056304574012756
4765,45,0,9,far_gt8,484,0.02379964478313923,0.15848399698734283
4765,45,0,10,inside,48,0.5303357839584351,1.0248677730560303
4765,45,0,10,ring_1,63,0.1679658442735672,0.5578485131263733
4765,45,0,10,near_2_4,139,0.05160093680024147,0.28639400005340576
4765,45,0,10,mid_5_8,290,0.0809374451637268,0.3081672787666321
4765,45,0,10,far_gt8,484,0.03174043819308281,0.18987756967544556
4765,45,0,11,inside,48,0.5599328875541687,1.0543416738510132
4765,45,0,11,ring_1,63,0.20046161115169525,0.6130535006523132
4765,45,0,11,near_2_4,139,0.06740836054086685,0.32726815342903137
4765,45,0,11,mid_5_8,290,0.09783019125461578,0.34944701194763184
4765,45,0,11,far_gt8,484,0.0406636968255043,0.22054532170295715
4765,45,0,12,inside,48,0.5825737118721008,1.075874924659729
4765,45,0,12,ring_1,63,0.21985897421836853,0.6443419456481934
4765,45,0,12,near_2_4,139,0.08336396515369415,0.3673316240310669
4765,45,0,12,mid_5_8,290,0.11766617745161057,0.39458954334259033
4765,45,0,12,far_gt8,484,0.05253050476312637,0.2606070339679718
4765,45,0,13,inside,48,0.6065220236778259,1.097908616065979
4765,45,0,13,ring_1,63,0.24095110595226288,0.6761916875839233
4765,45,0,13,near_2_4,139,0.10053269565105438,0.40791967511177063
4765,45,0,13,mid_5_8,290,0.13482020795345306,0.42981088161468506
4765,45,0,13,far_gt8,484,0.06514293700456619,0.2946358919143677
4765,45,0,14,inside,48,0.6061151623725891,1.0969723463058472
4765,45,0,14,ring_1,63,0.23367613554000854,0.6651023626327515
4765,45,0,14,near_2_4,139,0.10607904195785522,0.4179491400718689
4765,45,0,14,mid_5_8,290,0.14771127700805664,0.45448288321495056
4765,45,0,14,far_gt8,484,0.07839074730873108,0.3264509439468384
4765,45,0,15,inside,48,0.6575645804405212,1.141957402229309
4765,45,0,15,ring_1,63,0.2509835660457611,0.6864858865737915
4765,45,0,15,near_2_4,139,0.11673283576965332,0.43716880679130554
4765,45,0,15,mid_5_8,290,0.1629941761493683,0.477279394865036
4765,45,0,15,far_gt8,484,0.09055856615304947,0.3495519757270813
4765,45,0,16,inside,48,0.6905612945556641,1.1695688962936401
4765,45,0,16,ring_1,63,0.25685253739356995,0.693324089050293
4765,45,0,16,near_2_4,139,0.12579850852489471,0.4512067437171936
4765,45,0,16,mid_5_8,290,0.17608003318309784,0.49598369002342224
4765,45,0,16,far_gt8,484,0.099980428814888,0.3679194152355194
4765,45,0,17,inside,48,0.7182939648628235,1.1922630071640015
4765,45,0,17,ring_1,63,0.25738388299942017,0.6918712854385376
4765,45,0,17,near_2_4,139,0.12350768595933914,0.4446880519390106
4765,45,0,17,mid_5_8,290,0.179547518491745,0.4971083998680115
4765,45,0,17,far_gt8,484,0.10281860083341599,0.3729916512966156
4765,45,0,18,inside,48,0.7257282137870789,1.1974270343780518
4765,45,0,18,ring_1,63,0.2619904577732086,0.6929718255996704
4765,45,0,18,near_2_4,139,0.12652629613876343,0.44760915637016296
4765,45,0,18,mid_5_8,290,0.18451109528541565,0.50528484582901
4765,45,0,18,far_gt8,484,0.1097109317779541,0.3890540897846222
4765,45,0,19,inside,48,0.7683040499687195,1.2314581871032715
4765,45,0,19,ring_1,63,0.27506646513938904,0.7093226909637451
4765,45,0,19,near_2_4,139,0.13506488502025604,0.4625890254974365
4765,45,0,19,mid_5_8,290,0.1976819634437561,0.5258275270462036
4765,45,0,19,far_gt8,484,0.11876972019672394,0.4069913923740387
4765,45,0,20,inside,48,0.7551807761192322,1.220123529434204
4765,45,0,20,ring_1,63,0.26472580432891846,0.6934926509857178
4765,45,0,20,near_2_4,139,0.13326700031757355,0.4592950940132141
4765,45,0,20,mid_5_8,290,0.20089974999427795,0.5311025977134705
4765,45,0,20,far_gt8,484,0.12271340936422348,0.41292330622673035
4765,45,0,21,inside,48,0.7162869572639465,1.1880825757980347
4765,45,0,21,ring_1,63,0.25656378269195557,0.6835974454879761
4765,45,0,21,near_2_4,139,0.13173507153987885,0.4583461582660675
4765,45,0,21,mid_5_8,290,0.19584432244300842,0.5284715890884399
4765,45,0,21,far_gt8,484,0.12464144825935364,0.4219784140586853
4765,45,0,22,inside,48,0.6995193958282471,1.1742194890975952
4765,45,0,22,ring_1,63,0.2505156695842743,0.673112690448761
4765,45,0,22,near_2_4,139,0.12318519502878189,0.44454988837242126
4765,45,0,22,mid_5_8,290,0.1835077702999115,0.5128024816513062
4765,45,0,22,far_gt8,484,0.1187448501586914,0.41554445028305054
4765,45,0,23,inside,48,0.6719935536384583,1.15103280544281
4765,45,0,23,ring_1,63,0.24798113107681274,0.6675335168838501
4765,45,0,23,near_2_4,139,0.12330073118209839,0.44145235419273376
4765,45,0,23,mid_5_8,290,0.1891915500164032,0.520074188709259
4765,45,0,23,far_gt8,484,0.12506264448165894,0.42693695425987244
4765,45,0,24,inside,48,0.6475280523300171,1.128947377204895
4765,45,0,24,ring_1,63,0.24515046179294586,0.663666844367981
4765,45,0,24,near_2_4,139,0.12627701461315155,0.4485635757446289
4765,45,0,24,mid_5_8,290,0.1927446722984314,0.5293459296226501
4765,45,0,24,far_gt8,484,0.13216695189476013,0.44079744815826416
4765,45,0,25,inside,48,0.5997491478919983,1.086492657661438
4765,45,0,25,ring_1,63,0.22922539710998535,0.6405993103981018
4765,45,0,25,near_2_4,139,0.12571273744106293,0.4473600387573242
4765,45,0,25,mid_5_8,290,0.19244737923145294,0.535186231136322
4765,45,0,25,far_gt8,484,0.13906854391098022,0.4553471803665161
4765,45,0,26,inside,48,0.6013801693916321,1.0878143310546875
4765,45,0,26,ring_1,63,0.2432367503643036,0.6605744361877441
4765,45,0,26,near_2_4,139,0.13746857643127441,0.4673134684562683
4765,45,0,26,mid_5_8,290,0.21150192618370056,0.5646763443946838
4765,45,0,26,far_gt8,484,0.15690313279628754,0.4864475131034851
4765,45,0,27,inside,48,0.6602371335029602,1.1374176740646362
4765,45,0,27,ring_1,63,0.26737284660339355,0.6864458322525024
4765,45,0,27,near_2_4,139,0.1576608121395111,0.5026328563690186
4765,45,0,27,mid_5_8,290,0.2354363203048706,0.599711000919342
4765,45,0,27,far_gt8,484,0.17852453887462616,0.5226508975028992
4795,46,2,0,inside,28,0.02417176589369774,0.21413424611091614
4795,46,2,0,ring_1,13,5.5019672373646245e-08,0.0
4795,46,2,0,near_2_4,36,4.967053879312289e-09,0.0
4795,46,2,0,mid_5_8,75,1.5894572769070692e-08,0.0
4795,46,2,0,far_gt8,872,9.296137193359755e-09,0.0
4795,46,2,1,inside,28,0.04421528801321983,0.29235053062438965
4795,46,2,1,ring_1,13,8.231401443481445e-05,0.012199576944112778
4795,46,2,1,near_2_4,36,4.0324197470908985e-05,0.007660546340048313
4795,46,2,1,mid_5_8,75,3.512938928906806e-05,0.006721499841660261
4795,46,2,1,far_gt8,872,2.5396362616447732e-05,0.00606446573510766
4795,46,2,2,inside,28,0.20443788170814514,0.623561680316925
4795,46,2,2,ring_1,13,0.002217040630057454,0.06102003529667854
4795,46,2,2,near_2_4,36,0.0004163301782682538,0.026206808164715767
4795,46,2,2,mid_5_8,75,0.00021283785463310778,0.019020220264792442
4795,46,2,2,far_gt8,872,0.00013911293353885412,0.015725236386060715
4795,46,2,3,inside,28,0.3390124440193176,0.8054789304733276
4795,46,2,3,ring_1,13,0.029638491570949554,0.22585786879062653
4795,46,2,3,near_2_4,36,0.0010958760976791382,0.04197404533624649
4795,46,2,3,mid_5_8,75,0.0005452569457702339,0.029165951535105705
4795,46,2,3,far_gt8,872,0.0004629326576832682,0.026069389656186104
4795,46,2,4,inside,28,0.39148616790771484,0.8665894269943237
4795,46,2,4,ring_1,13,0.03196949139237404,0.23543475568294525
4795,46,2,4,near_2_4,36,0.001567991217598319,0.04924233257770538
4795,46,2,4,mid_5_8,75,0.000678201497066766,0.03307880461215973
4795,46,2,4,far_gt8,872,0.0005853516631759703,0.030319513753056526
4795,46,2,5,inside,28,0.4021225571632385,0.8789032697677612
4795,46,2,5,ring_1,13,0.0383935384452343,0.261505663394928
4795,46,2,5,near_2_4,36,0.002219519577920437,0.05891082063317299
4795,46,2,5,mid_5_8,75,0.0009297760552726686,0.038720257580280304
4795,46,2,5,far_gt8,872,0.0006476935814134777,0.032411426305770874
4795,46,2,6,inside,28,0.4483659863471985,0.9289312958717346
4795,46,2,6,ring_1,13,0.05750862509012222,0.3180965781211853
4795,46,2,6,near_2_4,36,0.0033762389793992043,0.07120692729949951
4795,46,2,6,mid_5_8,75,0.0011768166441470385,0.04380442202091217
4795,46,2,6,far_gt8,872,0.0007311290828511119,0.03426288068294525
4795,46,2,7,inside,28,0.5053082704544067,0.9859687089920044
4795,46,2,7,ring_1,13,0.07012256234884262,0.3500681519508362
4795,46,2,7,near_2_4,36,0.005076385103166103,0.08591405302286148
4795,46,2,7,mid_5_8,75,0.0014996083918958902,0.04907786101102829
4795,46,2,7,far_gt8,872,0.0007312860107049346,0.03446709364652634
4795,46,2,8,inside,28,0.48240354657173157,0.9638033509254456
4795,46,2,8,ring_1,13,0.0769353061914444,0.3644256889820099
4795,46,2,8,near_2_4,36,0.006279690191149712,0.09389330446720123
4795,46,2,8,mid_5_8,75,0.0015908305067569017,0.05060122534632683
4795,46,2,8,far_gt8,872,0.0007566990680061281,0.035069745033979416
4795,46,2,9,inside,28,0.4887872338294983,0.9690180420875549
4795,46,2,9,ring_1,13,0.08548586070537567,0.38573482632637024
4795,46,2,9,near_2_4,36,0.0076731229200959206,0.10461673140525818
4795,46,2,9,mid_5_8,75,0.0019482342759147286,0.05572231858968735
4795,46,2,9,far_gt8,872,0.0008617447456344962,0.036970410495996475
4795,46,2,10,inside,28,0.4648418724536896,0.9419750571250916
4795,46,2,10,ring_1,13,0.08920487761497498,0.39454084634780884
4795,46,2,10,near_2_4,36,0.010134601034224033,0.11829027533531189
4795,46,2,10,mid_5_8,75,0.0019363705068826675,0.05513036251068115
4795,46,2,10,far_gt8,872,0.0009417809778824449,0.0373217910528183
4795,46,2,11,inside,28,0.4567592740058899,0.9275797605514526
4795,46,2,11,ring_1,13,0.08748610317707062,0.3924940228462219
4795,46,2,11,near_2_4,36,0.01087611261755228,0.12455908209085464
4795,46,2,11,mid_5_8,75,0.0022492369171231985,0.05871882289648056
4795,46,2,11,far_gt8,872,0.0011436737840995193,0.03954150155186653
4795,46,2,12,inside,28,0.4759051203727722,0.9453116655349731
4795,46,2,12,ring_1,13,0.09049176424741745,0.3990192413330078
4795,46,2,12,near_2_4,36,0.011812090873718262,0.13306090235710144
4795,46,2,12,mid_5_8,75,0.0028741471469402313,0.0645194798707962
4795,46,2,12,far_gt8,872,0.0015280584339052439,0.0428796112537384
4795,46,2,13,inside,28,0.487427294254303,0.9477856755256653
4795,46,2,13,ring_1,13,0.09697577357292175,0.4115248918533325
4795,46,2,13,near_2_4,36,0.013312581926584244,0.1452534794807434
4795,46,2,13,mid_5_8,75,0.004479045048356056,0.07186965644359589
4795,46,2,13,far_gt8,872,0.0021009771153330803,0.04564451798796654
4795,46,2,14,inside,28,0.5214797258377075,0.9774098992347717
4795,46,2,14,ring_1,13,0.10886843502521515,0.42884695529937744
4795,46,2,14,near_2_4,36,0.013943399302661419,0.1487838476896286
4795,46,2,14,mid_5_8,75,0.005445106886327267,0.07717915624380112
4795,46,2,14,far_gt8,872,0.0032152298372238874,0.052743203938007355
4795,46,2,15,inside,28,0.563799262046814,1.0113118886947632
4795,46,2,15,ring_1,13,0.1311032623052597,0.4750917851924896
4795,46,2,15,near_2_4,36,0.018112577497959137,0.1671629697084427
4795,46,2,15,mid_5_8,75,0.006674574222415686,0.08305508643388748
4795,46,2,15,far_gt8,872,0.00409013731405139,0.05656513199210167
4795,46,2,16,inside,28,0.5657055974006653,1.0090916156768799
4795,46,2,16,ring_1,13,0.1512145847082138,0.5168424844741821
4795,46,2,16,near_2_4,36,0.024723704904317856,0.1944214552640915
4795,46,2,16,mid_5_8,75,0.009216471575200558,0.09642210602760315
4795,46,2,16,far_gt8,872,0.005192583426833153,0.06470809876918793
4795,46,2,17,inside,28,0.5815534591674805,1.025542974472046
4795,46,2,17,ring_1,13,0.14427465200424194,0.5071911215782166
4795,46,2,17,near_2_4,36,0.02587847225368023,0.19751432538032532
4795,46,2,17,mid_5_8,75,0.010109610855579376,0.09936603903770447
4795,46,2,17,far_gt8,872,0.006203144323080778,0.06976349651813507
4795,46,2,18,inside,28,0.6150467991828918,1.057112455368042
4795,46,2,18,ring_1,13,0.1594485193490982,0.5342321991920471
4795,46,2,18,near_2_4,36,0.028400812298059464,0.20719480514526367
4795,46,2,18,mid_5_8,75,0.011361276730895042,0.10480703413486481
4795,46,2,18,far_gt8,872,0.007406056858599186,0.07596747577190399
4795,46,2,19,inside,28,0.6434879899024963,1.0785932540893555
4795,46,2,19,ring_1,13,0.1649181842803955,0.5409930944442749
4795,46,2,19,near_2_4,36,0.0324164442718029,0.22042065858840942
4795,46,2,19,mid_5_8,75,0.013500973582267761,0.1144452691078186
4795,46,2,19,far_gt8,872,0.00885680690407753,0.08397388458251953
4795,46,2,20,inside,28,0.625724196434021,1.0684196949005127
4795,46,2,20,ring_1,13,0.1540341079235077,0.5292060971260071
4795,46,2,20,near_2_4,36,0.031082497909665108,0.21684764325618744
4795,46,2,20,mid_5_8,75,0.014073423109948635,0.11647913604974747
4795,46,2,20,far_gt8,872,0.010195028968155384,0.09023316949605942
4795,46,2,21,inside,28,0.6295645833015442,1.0726861953735352
4795,46,2,21,ring_1,13,0.15270663797855377,0.5273465514183044
4795,46,2,21,near_2_4,36,0.0298311710357666,0.21457751095294952
4795,46,2,21,mid_5_8,75,0.013798198662698269,0.11613188683986664
4795,46,2,21,far_gt8,872,0.01130363717675209,0.09496264159679413
4795,46,2,22,inside,28,0.6106420159339905,1.0536357164382935
4795,46,2,22,ring_1,13,0.15211357176303864,0.5223497152328491
4795,46,2,22,near_2_4,36,0.030575238168239594,0.21660882234573364
4795,46,2,22,mid_5_8,75,0.013430766761302948,0.11673500388860703
4795,46,2,22,far_gt8,872,0.011215883307158947,0.09562435746192932
4795,46,2,23,inside,28,0.5721630454063416,1.0211045742034912
4795,46,2,23,ring_1,13,0.14606481790542603,0.5141767859458923
4795,46,2,23,near_2_4,36,0.030380718410015106,0.21611915528774261
4795,46,2,23,mid_5_8,75,0.01386198028922081,0.11849527806043625
4795,46,2,23,far_gt8,872,0.01177147775888443,0.09911301732063293
4795,46,2,24,inside,28,0.5924319624900818,1.0428804159164429
4795,46,2,24,ring_1,13,0.1527460366487503,0.5289065837860107
4795,46,2,24,near_2_4,36,0.030790021643042564,0.21762186288833618
4795,46,2,24,mid_5_8,75,0.014224479906260967,0.1220933049917221
4795,46,2,24,far_gt8,872,0.013743518851697445,0.10632646083831787
4795,46,2,25,inside,28,0.5555816888809204,1.0095278024673462
4795,46,2,25,ring_1,13,0.15846703946590424,0.5390269160270691
4795,46,2,25,near_2_4,36,0.03229479119181633,0.22102171182632446
4795,46,2,25,mid_5_8,75,0.015022833831608295,0.12296600639820099
4795,46,2,25,far_gt8,872,0.015112752094864845,0.11191125959157944
4795,46,2,26,inside,28,0.5583862662315369,1.0146877765655518
4795,46,2,26,ring_1,13,0.16808058321475983,0.5519564151763916
4795,46,2,26,near_2_4,36,0.033278755843639374,0.2239263653755188
4795,46,2,26,mid_5_8,75,0.01584377884864807,0.12744225561618805
4795,46,2,26,far_gt8,872,0.01693003810942173,0.11978782713413239
4795,46,2,27,inside,28,0.6161348223686218,1.0640192031860352
4795,46,2,27,ring_1,13,0.18743258714675903,0.5828637480735779
4795,46,2,27,near_2_4,36,0.03790179267525673,0.23666983842849731
4795,46,2,27,mid_5_8,75,0.018942464143037796,0.13751690089702606
4795,46,2,27,far_gt8,872,0.01951773837208748,0.12809765338897705
5001,47,0,0,inside,163,0.04158727824687958,0.24620425701141357
5001,47,0,0,ring_1,83,2.2261975374249232e-08,0.0
5001,47,0,0,near_2_4,156,1.9104053894380968e-09,0.0
5001,47,0,0,mid_5_8,206,-2.025400513971931e-09,0.0
5001,47,0,0,far_gt8,416,1.533100224548889e-08,0.0
5001,47,0,1,inside,163,0.08403246849775314,0.3613957166671753
5001,47,0,1,ring_1,83,0.00013101172226015478,0.015882844105362892
5001,47,0,1,near_2_4,156,0.00011533995711943135,0.014682063832879066
5001,47,0,1,mid_5_8,206,9.235247853212059e-05,0.012922827154397964
5001,47,0,1,far_gt8,416,8.095413795672357e-05,0.01234401948750019
5001,47,0,2,inside,163,0.19321030378341675,0.5954592227935791
5001,47,0,2,ring_1,83,0.003850230947136879,0.0804600641131401
5001,47,0,2,near_2_4,156,0.0012498750584200025,0.047864701598882675
5001,47,0,2,mid_5_8,206,0.0008142616716213524,0.039142753928899765
5001,47,0,2,far_gt8,416,0.0006601071218028665,0.03568769246339798
5001,47,0,3,inside,163,0.3188575208187103,0.7797166705131531
5001,47,0,3,ring_1,83,0.015084926970303059,0.15731413662433624
5001,47,0,3,near_2_4,156,0.0023189405910670757,0.06541784107685089
5001,47,0,3,mid_5_8,206,0.0013892847346141934,0.050985902547836304
5001,47,0,3,far_gt8,416,0.0011541676940396428,0.04703068360686302
5001,47,0,4,inside,163,0.37242934107780457,0.8493641018867493
5001,47,0,4,ring_1,83,0.022955656051635742,0.19560055434703827
5001,47,0,4,near_2_4,156,0.002983354963362217,0.07416749745607376
5001,47,0,4,mid_5_8,206,0.0019249569159001112,0.05924062803387642
5001,47,0,4,far_gt8,416,0.0014627823838964105,0.052380725741386414
5001,47,0,5,inside,163,0.3840327262878418,0.8646404147148132
5001,47,0,5,ring_1,83,0.02909141220152378,0.22005687654018402
5001,47,0,5,near_2_4,156,0.0038136206567287445,0.08341719210147858
5001,47,0,5,mid_5_8,206,0.0025031007826328278,0.06688448786735535
5001,47,0,5,far_gt8,416,0.0018605797085911036,0.058705925941467285
5001,47,0,6,inside,163,0.48534974455833435,0.9746305346488953
5001,47,0,6,ring_1,83,0.044104576110839844,0.26820749044418335
5001,47,0,6,near_2_4,156,0.005748517345637083,0.09912309050559998
5001,47,0,6,mid_5_8,206,0.003535326337441802,0.07698067277669907
5001,47,0,6,far_gt8,416,0.002531705889850855,0.06669936329126358
5001,47,0,7,inside,163,0.5100635886192322,0.9983994364738464
5001,47,0,7,ring_1,83,0.05029737576842308,0.2848781645298004
5001,47,0,7,near_2_4,156,0.0074309660121798515,0.11137071251869202
5001,47,0,7,mid_5_8,206,0.004188230261206627,0.08296216279268265
5001,47,0,7,far_gt8,416,0.002725223544985056,0.06832095980644226
5001,47,0,8,inside,163,0.49242231249809265,0.9795768857002258
5001,47,0,8,ring_1,83,0.05781136825680733,0.30694320797920227
5001,47,0,8,near_2_4,156,0.009002909064292908,0.12156648188829422
5001,47,0,8,mid_5_8,206,0.004729642532765865,0.08820454031229019
5001,47,0,8,far_gt8,416,0.003111549885943532,0.07209422439336777
5001,47,0,9,inside,163,0.5099632143974304,0.995485246181488
5001,47,0,9,ring_1,83,0.06350201368331909,0.32064276933670044
5001,47,0,9,near_2_4,156,0.010863754898309708,0.13190732896327972
5001,47,0,9,mid_5_8,206,0.004913901910185814,0.08967132866382599
5001,47,0,9,far_gt8,416,0.00345606473274529,0.07424624264240265
5001,47,0,10,inside,163,0.5002743601799011,0.9838689565658569
5001,47,0,10,ring_1,83,0.0663684606552124,0.3217548131942749
5001,47,0,10,near_2_4,156,0.012596220709383488,0.13951292634010315
5001,47,0,10,mid_5_8,206,0.005162596236914396,0.0921979770064354
5001,47,0,10,far_gt8,416,0.003832660149782896,0.07721918076276779
5001,47,0,11,inside,163,0.5306394696235657,1.0126376152038574
5001,47,0,11,ring_1,83,0.07729769498109818,0.3422160744667053
5001,47,0,11,near_2_4,156,0.015663834288716316,0.15240731835365295
5001,47,0,11,mid_5_8,206,0.005953727290034294,0.09835410118103027
5001,47,0,11,far_gt8,416,0.004847084172070026,0.08363600075244904
5001,47,0,12,inside,163,0.5550534129142761,1.0353901386260986
5001,47,0,12,ring_1,83,0.08766350895166397,0.3595958650112152
5001,47,0,12,near_2_4,156,0.020090671256184578,0.17031431198120117
5001,47,0,12,mid_5_8,206,0.007726969197392464,0.11006249487400055
5001,47,0,12,far_gt8,416,0.006526197772473097,0.09373411536216736
5001,47,0,13,inside,163,0.6028763055801392,1.078490138053894
5001,47,0,13,ring_1,83,0.10447371006011963,0.38906896114349365
5001,47,0,13,near_2_4,156,0.027722802013158798,0.1948835402727127
5001,47,0,13,mid_5_8,206,0.009984610602259636,0.12336153537034988
5001,47,0,13,far_gt8,416,0.008069902658462524,0.10188677906990051
5001,47,0,14,inside,163,0.6102420091629028,1.0864404439926147
5001,47,0,14,ring_1,83,0.11683421581983566,0.40165168046951294
5001,47,0,14,near_2_4,156,0.0338297002017498,0.20745685696601868
5001,47,0,14,mid_5_8,206,0.011654439382255077,0.13106171786785126
5001,47,0,14,far_gt8,416,0.009976640343666077,0.11008031666278839
5001,47,0,15,inside,163,0.650597333908081,1.1208480596542358
5001,47,0,15,ring_1,83,0.132229283452034,0.42732739448547363
5001,47,0,15,near_2_4,156,0.04076974466443062,0.22580493986606598
5001,47,0,15,mid_5_8,206,0.013517764396965504,0.13888904452323914
5001,47,0,15,far_gt8,416,0.010816996917128563,0.11376786977052689
5001,47,0,16,inside,163,0.6722117066383362,1.140497088432312
5001,47,0,16,ring_1,83,0.14687992632389069,0.4516681432723999
5001,47,0,16,near_2_4,156,0.04738929867744446,0.24313415586948395
5001,47,0,16,mid_5_8,206,0.015434155240654945,0.14983327686786652
5001,47,0,16,far_gt8,416,0.012783567421138287,0.1234281063079834
5001,47,0,17,inside,163,0.6777819395065308,1.1452237367630005
5001,47,0,17,ring_1,83,0.14622922241687775,0.4508039951324463
5001,47,0,17,near_2_4,156,0.0489862896502018,0.2475491315126419
5001,47,0,17,mid_5_8,206,0.017314784228801727,0.1564132571220398
5001,47,0,17,far_gt8,416,0.013926650397479534,0.12802913784980774
5001,47,0,18,inside,163,0.6910549998283386,1.1560571193695068
5001,47,0,18,ring_1,83,0.15788425505161285,0.465190052986145
5001,47,0,18,near_2_4,156,0.05382023751735687,0.25923871994018555
5001,47,0,18,mid_5_8,206,0.020373614504933357,0.16667744517326355
5001,47,0,18,far_gt8,416,0.015833087265491486,0.13583894073963165
5001,47,0,19,inside,163,0.7189130187034607,1.1802804470062256
5001,47,0,19,ring_1,83,0.16760070621967316,0.48421165347099304
5001,47,0,19,near_2_4,156,0.059054333716630936,0.2738037109375
5001,47,0,19,mid_5_8,206,0.02285359427332878,0.17760729789733887
5001,47,0,19,far_gt8,416,0.018422197550535202,0.14691922068595886
5001,47,0,20,inside,163,0.71070396900177,1.1744966506958008
5001,47,0,20,ring_1,83,0.16826024651527405,0.48297905921936035
5001,47,0,20,near_2_4,156,0.061988022178411484,0.277089923620224
5001,47,0,20,mid_5_8,206,0.025204874575138092,0.1843472272157669
5001,47,0,20,far_gt8,416,0.020525483414530754,0.15316876769065857
5001,47,0,21,inside,163,0.6956216096878052,1.1629918813705444
5001,47,0,21,ring_1,83,0.16768823564052582,0.4865190088748932
5001,47,0,21,near_2_4,156,0.06505828350782394,0.2846796214580536
5001,47,0,21,mid_5_8,206,0.02822374366223812,0.19409950077533722
5001,47,0,21,far_gt8,416,0.02370094507932663,0.16301359236240387
5001,47,0,22,inside,163,0.6778228878974915,1.1477636098861694
5001,47,0,22,ring_1,83,0.16767410933971405,0.48967957496643066
5001,47,0,22,near_2_4,156,0.06607227772474289,0.290561318397522
5001,47,0,22,mid_5_8,206,0.030401157215237617,0.2019280046224594
5001,47,0,22,far_gt8,416,0.025312768295407295,0.17133837938308716
5001,47,0,23,inside,163,0.6493346095085144,1.1244795322418213
5001,47,0,23,ring_1,83,0.1675843745470047,0.48989105224609375
5001,47,0,23,near_2_4,156,0.06604889035224915,0.29155662655830383
5001,47,0,23,mid_5_8,206,0.032356906682252884,0.20677389204502106
5001,47,0,23,far_gt8,416,0.027408597990870476,0.17889155447483063
5001,47,0,24,inside,163,0.6852644681930542,1.1568044424057007
5001,47,0,24,ring_1,83,0.1796189844608307,0.5045580267906189
5001,47,0,24,near_2_4,156,0.07297427952289581,0.3093096911907196
5001,47,0,24,mid_5_8,206,0.0380779504776001,0.2234397679567337
5001,47,0,24,far_gt8,416,0.03282945975661278,0.19352640211582184
5001,47,0,25,inside,163,0.6480511426925659,1.1256263256072998
5001,47,0,25,ring_1,83,0.1806311011314392,0.5132759213447571
5001,47,0,25,near_2_4,156,0.07774326205253601,0.32377684116363525
5001,47,0,25,mid_5_8,206,0.043760642409324646,0.24001702666282654
5001,47,0,25,far_gt8,416,0.03697427734732628,0.21064558625221252
5001,47,0,26,inside,163,0.6857354044914246,1.1588630676269531
5001,47,0,26,ring_1,83,0.20303091406822205,0.5439476370811462
5001,47,0,26,near_2_4,156,0.08756972849369049,0.34240663051605225
5001,47,0,26,mid_5_8,206,0.05173351615667343,0.2607662081718445
5001,47,0,26,far_gt8,416,0.042969442903995514,0.22875286638736725
5001,47,0,27,inside,163,0.751076877117157,1.2134928703308105
5001,47,0,27,ring_1,83,0.22651755809783936,0.5766313672065735
5001,47,0,27,near_2_4,156,0.10069458186626434,0.3702389597892761
5001,47,0,27,mid_5_8,206,0.06109941750764847,0.28579238057136536
5001,47,0,27,far_gt8,416,0.05135428532958031,0.2551540732383728
5060,49,0,0,inside,81,0.05566564202308655,0.3137684166431427
5060,49,0,0,ring_1,52,-6.8774590467057806e-09,0.0
5060,49,0,0,near_2_4,130,3.6679781434401093e-09,0.0
5060,49,0,0,mid_5_8,233,1.4837207906737149e-08,0.0
5060,49,0,0,far_gt8,528,-2.2577517633237676e-10,0.0
5060,49,0,1,inside,81,0.15554092824459076,0.533593475818634
5060,49,0,1,ring_1,52,0.00012087248614989221,0.015008283779025078
5060,49,0,1,near_2_4,130,0.00014944076247047633,0.016666773706674576
5060,49,0,1,mid_5_8,233,0.00012456091644708067,0.015336754731833935
5060,49,0,1,far_gt8,528,0.00011193187674507499,0.01443646289408207
5060,49,0,2,inside,81,0.3168027102947235,0.7865505218505859
5060,49,0,2,ring_1,52,0.006413216702640057,0.10032641887664795
5060,49,0,2,near_2_4,130,0.0011447847355157137,0.047254834324121475
5060,49,0,2,mid_5_8,233,0.0008004854898899794,0.03960880637168884
5060,49,0,2,far_gt8,528,0.0006157791940495372,0.03458723798394203
5060,49,0,3,inside,81,0.457838773727417,0.9534217715263367
5060,49,0,3,ring_1,52,0.01953783445060253,0.17921946942806244
5060,49,0,3,near_2_4,130,0.0023616543039679527,0.06722284108400345
5060,49,0,3,mid_5_8,233,0.0015727255959063768,0.05461858585476875
5060,49,0,3,far_gt8,528,0.0011108459439128637,0.045694880187511444
5060,49,0,4,inside,81,0.488211065530777,0.9855900406837463
5060,49,0,4,ring_1,52,0.03190213441848755,0.22828234732151031
5060,49,0,4,near_2_4,130,0.003683495568111539,0.08311022073030472
5060,49,0,4,mid_5_8,233,0.002885792637243867,0.06927622109651566
5060,49,0,4,far_gt8,528,0.0019849783275276423,0.05770505592226982
5060,49,0,5,inside,81,0.4822275936603546,0.9796504974365234
5060,49,0,5,ring_1,52,0.04141516238451004,0.2632042169570923
5060,49,0,5,near_2_4,130,0.0054535106755793095,0.10093766450881958
5060,49,0,5,mid_5_8,233,0.004912537522614002,0.08551785349845886
5060,49,0,5,far_gt8,528,0.0036531081423163414,0.07114043086767197
5060,49,0,6,inside,81,0.5495416522026062,1.0459259748458862
5060,49,0,6,ring_1,52,0.06382667273283005,0.3287706971168518
5060,49,0,6,near_2_4,130,0.008943059481680393,0.12782323360443115
5060,49,0,6,mid_5_8,233,0.011070650070905685,0.11182963848114014
5060,49,0,6,far_gt8,528,0.009134134277701378,0.09827028959989548
5060,49,0,7,inside,81,0.5730319023132324,1.0682371854782104
5060,49,0,7,ring_1,52,0.07931610196828842,0.36675402522087097
5060,49,0,7,near_2_4,130,0.012936469167470932,0.15169668197631836
5060,49,0,7,mid_5_8,233,0.015517061576247215,0.12783345580101013
5060,49,0,7,far_gt8,528,0.013900152407586575,0.11119584739208221
5060,49,0,8,inside,81,0.5615279078483582,1.0574814081192017
5060,49,0,8,ring_1,52,0.09180013090372086,0.39955487847328186
5060,49,0,8,near_2_4,130,0.015787528827786446,0.16577264666557312
5060,49,0,8,mid_5_8,233,0.01844366081058979,0.13843344151973724
5060,49,0,8,far_gt8,528,0.01893049292266369,0.12532606720924377
5060,49,0,9,inside,81,0.5540789365768433,1.0501527786254883
5060,49,0,9,ring_1,52,0.09909693151712418,0.41525065898895264
5060,49,0,9,near_2_4,130,0.01990823820233345,0.18364916741847992
5060,49,0,9,mid_5_8,233,0.025600245222449303,0.155400812625885
5060,49,0,9,far_gt8,528,0.025503693148493767,0.14122025668621063
5060,49,0,10,inside,81,0.5892442464828491,1.0838249921798706
5060,49,0,10,ring_1,52,0.10677804052829742,0.431027352809906
5060,49,0,10,near_2_4,130,0.02557394467294216,0.20425069332122803
5060,49,0,10,mid_5_8,233,0.031472790986299515,0.17477968335151672
5060,49,0,10,far_gt8,528,0.03125600516796112,0.15955956280231476
5060,49,0,11,inside,81,0.6260733604431152,1.1173131465911865
5060,49,0,11,ring_1,52,0.11355626583099365,0.4433480501174927
5060,49,0,11,near_2_4,130,0.030773481354117393,0.22216574847698212
5060,49,0,11,mid_5_8,233,0.03968934342265129,0.196890726685524
5060,49,0,11,far_gt8,528,0.03620145469903946,0.17442482709884644
5060,49,0,12,inside,81,0.6290038824081421,1.119808316230774
5060,49,0,12,ring_1,52,0.11851964890956879,0.45031195878982544
5060,49,0,12,near_2_4,130,0.040082160383462906,0.24797412753105164
5060,49,0,12,mid_5_8,233,0.048938702791929245,0.22227634489536285
5060,49,0,12,far_gt8,528,0.04319706931710243,0.19499607384204865
5060,49,0,13,inside,81,0.6522104144096375,1.1400264501571655
5060,49,0,13,ring_1,52,0.13043788075447083,0.47234147787094116
5060,49,0,13,near_2_4,130,0.051583342254161835,0.2771751582622528
5060,49,0,13,mid_5_8,233,0.06092310696840286,0.24754735827445984
5060,49,0,13,far_gt8,528,0.052817583084106445,0.21533264219760895
5060,49,0,14,inside,81,0.674985408782959,1.1594469547271729
5060,49,0,14,ring_1,52,0.1329328566789627,0.47403427958488464
5060,49,0,14,near_2_4,130,0.059019602835178375,0.29224154353141785
5060,49,0,14,mid_5_8,233,0.06884437054395676,0.2627106308937073
5060,49,0,14,far_gt8,528,0.06192861869931221,0.23521658778190613
5060,49,0,15,inside,81,0.7320436835289001,1.2076343297958374
5060,49,0,15,ring_1,52,0.14923416078090668,0.5008091330528259
5060,49,0,15,near_2_4,130,0.067768394947052,0.3111652731895447
5060,49,0,15,mid_5_8,233,0.080130435526371,0.2811215817928314
5060,49,0,15,far_gt8,528,0.07205763459205627,0.25344717502593994
5060,49,0,16,inside,81,0.7614806890487671,1.231499195098877
5060,49,0,16,ring_1,52,0.1607980728149414,0.5173465609550476
5060,49,0,16,near_2_4,130,0.07572422176599503,0.32581424713134766
5060,49,0,16,mid_5_8,233,0.08739199489355087,0.2931908667087555
5060,49,0,16,far_gt8,528,0.08031619340181351,0.26597580313682556
5060,49,0,17,inside,81,0.7770006656646729,1.2444015741348267
5060,49,0,17,ring_1,52,0.16761024296283722,0.5287027359008789
5060,49,0,17,near_2_4,130,0.07968223094940186,0.3330605924129486
5060,49,0,17,mid_5_8,233,0.0880909264087677,0.295475572347641
5060,49,0,17,far_gt8,528,0.08582528680562973,0.27669304609298706
5060,49,0,18,inside,81,0.7905073761940002,1.255686640739441
5060,49,0,18,ring_1,52,0.18380826711654663,0.5542008876800537
5060,49,0,18,near_2_4,130,0.08978170156478882,0.3504508435726166
5060,49,0,18,mid_5_8,233,0.09395573288202286,0.30486932396888733
5060,49,0,18,far_gt8,528,0.09411173313856125,0.28968703746795654
5060,49,0,19,inside,81,0.8329930901527405,1.2888871431350708
5060,49,0,19,ring_1,52,0.20048880577087402,0.5792089700698853
5060,49,0,19,near_2_4,130,0.10302720963954926,0.37734150886535645
5060,49,0,19,mid_5_8,233,0.10096629709005356,0.32194969058036804
5060,49,0,19,far_gt8,528,0.10201381891965866,0.3063366413116455
5060,49,0,20,inside,81,0.8097729086875916,1.2704849243164062
5060,49,0,20,ring_1,52,0.20364834368228912,0.5829335451126099
5060,49,0,20,near_2_4,130,0.11643988639116287,0.4012479782104492
5060,49,0,20,mid_5_8,233,0.11094420403242111,0.3461613655090332
5060,49,0,20,far_gt8,528,0.10860853642225266,0.3208971321582794
5060,49,0,21,inside,81,0.7756417393684387,1.2432595491409302
5060,49,0,21,ring_1,52,0.2066965252161026,0.5880795121192932
5060,49,0,21,near_2_4,130,0.1200878694653511,0.4088887870311737
5060,49,0,21,mid_5_8,233,0.11244224011898041,0.3531014323234558
5060,49,0,21,far_gt8,528,0.11121431738138199,0.3307969570159912
5060,49,0,22,inside,81,0.7437020540237427,1.216935157775879
5060,49,0,22,ring_1,52,0.20270659029483795,0.5839112401008606
5060,49,0,22,near_2_4,130,0.1239103451371193,0.41633448004722595
5060,49,0,22,mid_5_8,233,0.1152762696146965,0.36031201481819153
5060,49,0,22,far_gt8,528,0.11410200595855713,0.34071874618530273
5060,49,0,23,inside,81,0.7061544060707092,1.1852208375930786
5060,49,0,23,ring_1,52,0.1959722638130188,0.5742260813713074
5060,49,0,23,near_2_4,130,0.12565839290618896,0.42306503653526306
5060,49,0,23,mid_5_8,233,0.11634450405836105,0.3691155016422272
5060,49,0,23,far_gt8,528,0.11481373012065887,0.350362628698349
5060,49,0,24,inside,81,0.7042989730834961,1.1828117370605469
5060,49,0,24,ring_1,52,0.206221342086792,0.5891923308372498
5060,49,0,24,near_2_4,130,0.13507144153118134,0.44247138500213623
5060,49,0,24,mid_5_8,233,0.12920066714286804,0.393008828163147
5060,49,0,24,far_gt8,528,0.12473753839731216,0.37272360920906067
5060,49,0,25,inside,81,0.6513587236404419,1.136389136314392
5060,49,0,25,ring_1,52,0.20095409452915192,0.5799575448036194
5060,49,0,25,near_2_4,130,0.1379048228263855,0.44964665174484253
5060,49,0,25,mid_5_8,233,0.1330367922782898,0.4060446321964264
5060,49,0,25,far_gt8,528,0.12906049191951752,0.388935923576355
5060,49,0,26,inside,81,0.6612591743469238,1.1443374156951904
5060,49,0,26,ring_1,52,0.21309271454811096,0.5969573855400085
5060,49,0,26,near_2_4,130,0.15217989683151245,0.4734457731246948
5060,49,0,26,mid_5_8,233,0.14842672646045685,0.43448367714881897
5060,49,0,26,far_gt8,528,0.1465160995721817,0.426841676235199
5060,49,0,27,inside,81,0.7382493019104004,1.2102631330490112
5060,49,0,27,ring_1,52,0.23933568596839905,0.6364635825157166
5060,49,0,27,near_2_4,130,0.17424245178699493,0.5107860565185547
5060,49,0,27,mid_5_8,233,0.16710691154003143,0.4696168005466461
5060,49,0,27,far_gt8,528,0.1677563339471817,0.46313899755477905
5193,50,3,0,inside,124,0.06362523883581161,0.34420961141586304
5193,50,3,0,ring_1,72,8.278422947149977e-10,0.0
5193,50,3,0,near_2_4,168,1.4546371218671084e-08,0.0
5193,50,3,0,mid_5_8,275,3.901394762806376e-09,0.0
5193,50,3,0,far_gt8,385,1.857807130356548e-09,0.0
5193,50,3,1,inside,124,0.18277183175086975,0.577362060546875
5193,50,3,1,ring_1,72,0.0004543397226370871,0.028552038595080376
5193,50,3,1,near_2_4,168,0.00042946956818923354,0.02829471044242382
5193,50,3,1,mid_5_8,275,0.00035718875005841255,0.02567748725414276
5193,50,3,1,far_gt8,385,0.0002714760776143521,0.02192721888422966
5193,50,3,2,inside,124,0.31163814663887024,0.7731381058692932
5193,50,3,2,ring_1,72,0.007553271949291229,0.11641742289066315
5193,50,3,2,near_2_4,168,0.002021980006247759,0.06199147552251816
5193,50,3,2,mid_5_8,275,0.0018103044712916017,0.05884377285838127
5193,50,3,2,far_gt8,385,0.001256369287148118,0.0489618219435215
5193,50,3,3,inside,124,0.41584551334381104,0.9031549096107483
5193,50,3,3,ring_1,72,0.023929813876748085,0.20317910611629486
5193,50,3,3,near_2_4,168,0.0037773894146084785,0.08406448364257812
5193,50,3,3,mid_5_8,275,0.0036377543583512306,0.082356758415699
5193,50,3,3,far_gt8,385,0.0025339259300380945,0.06935830414295197
5193,50,3,4,inside,124,0.456107497215271,0.9479718804359436
5193,50,3,4,ring_1,72,0.03516720235347748,0.2495425045490265
5193,50,3,4,near_2_4,168,0.0051797484047710896,0.09734845161437988
5193,50,3,4,mid_5_8,275,0.005631923675537109,0.09868615865707397
5193,50,3,4,far_gt8,385,0.0035727359354496002,0.08045120537281036
5193,50,3,5,inside,124,0.4665629267692566,0.959461510181427
5193,50,3,5,ring_1,72,0.04321284964680672,0.2748451232910156
5193,50,3,5,near_2_4,168,0.005841317120939493,0.10300807654857635
5193,50,3,5,mid_5_8,275,0.007703518494963646,0.10878261178731918
5193,50,3,5,far_gt8,385,0.004377145320177078,0.08637195080518723
5193,50,3,6,inside,124,0.5262547731399536,1.0192891359329224
5193,50,3,6,ring_1,72,0.06015488877892494,0.3218768835067749
5193,50,3,6,near_2_4,168,0.007904077880084515,0.11680744588375092
5193,50,3,6,mid_5_8,275,0.014631828293204308,0.13032640516757965
5193,50,3,6,far_gt8,385,0.007184409070760012,0.1015629842877388
5193,50,3,7,inside,124,0.5502679944038391,1.042229413986206
5193,50,3,7,ring_1,72,0.06965666264295578,0.3430885076522827
5193,50,3,7,near_2_4,168,0.009714134968817234,0.12611377239227295
5193,50,3,7,mid_5_8,275,0.021361779421567917,0.14529982209205627
5193,50,3,7,far_gt8,385,0.010356354527175426,0.11233926564455032
5193,50,3,8,inside,124,0.5288406014442444,1.0220417976379395
5193,50,3,8,ring_1,72,0.07811110466718674,0.36479705572128296
5193,50,3,8,near_2_4,168,0.011050810106098652,0.1337248980998993
5193,50,3,8,mid_5_8,275,0.027308963239192963,0.15838634967803955
5193,50,3,8,far_gt8,385,0.0129570746794343,0.12025903165340424
5193,50,3,9,inside,124,0.5478366613388062,1.0393452644348145
5193,50,3,9,ring_1,72,0.08735230565071106,0.38161328434944153
5193,50,3,9,near_2_4,168,0.013152839615941048,0.1421440690755844
5193,50,3,9,mid_5_8,275,0.03619461879134178,0.17609713971614838
5193,50,3,9,far_gt8,385,0.017342884093523026,0.13210611045360565
5193,50,3,10,inside,124,0.5614941120147705,1.051887035369873
5193,50,3,10,ring_1,72,0.09493473917245865,0.3910243809223175
5193,50,3,10,near_2_4,168,0.014457838609814644,0.14873062074184418
5193,50,3,10,mid_5_8,275,0.04041352868080139,0.18657232820987701
5193,50,3,10,far_gt8,385,0.019963528960943222,0.14309284090995789
5193,50,3,11,inside,124,0.5915279388427734,1.0794775485992432
5193,50,3,11,ring_1,72,0.10689319670200348,0.4113108217716217
5193,50,3,11,near_2_4,168,0.017853688448667526,0.16100481152534485
5193,50,3,11,mid_5_8,275,0.04709474742412567,0.2034776359796524
5193,50,3,11,far_gt8,385,0.023792212828993797,0.15820619463920593
5193,50,3,12,inside,124,0.5982235074043274,1.085121989250183
5193,50,3,12,ring_1,72,0.11525242775678635,0.4202560484409332
5193,50,3,12,near_2_4,168,0.02238764427602291,0.1736893355846405
5193,50,3,12,mid_5_8,275,0.05433572828769684,0.2217584252357483
5193,50,3,12,far_gt8,385,0.029823236167430878,0.1812501847743988
5193,50,3,13,inside,124,0.6414391398429871,1.1237050294876099
5193,50,3,13,ring_1,72,0.12625113129615784,0.4349094033241272
5193,50,3,13,near_2_4,168,0.029928449541330338,0.19106265902519226
5193,50,3,13,mid_5_8,275,0.06970597803592682,0.2493736743927002
5193,50,3,13,far_gt8,385,0.0413278192281723,0.21540069580078125
5193,50,3,14,inside,124,0.6558970808982849,1.1365349292755127
5193,50,3,14,ring_1,72,0.13727684319019318,0.4458908438682556
5193,50,3,14,near_2_4,168,0.034841425716876984,0.19637566804885864
5193,50,3,14,mid_5_8,275,0.07615574449300766,0.2609225809574127
5193,50,3,14,far_gt8,385,0.047697920352220535,0.23104311525821686
5193,50,3,15,inside,124,0.6968601942062378,1.1722352504730225
5193,50,3,15,ring_1,72,0.15417858958244324,0.46560150384902954
5193,50,3,15,near_2_4,168,0.039075177162885666,0.20409688353538513
5193,50,3,15,mid_5_8,275,0.08676248788833618,0.2761395275592804
5193,50,3,15,far_gt8,385,0.053462497889995575,0.24391289055347443
5193,50,3,16,inside,124,0.7542017698287964,1.2201910018920898
5193,50,3,16,ring_1,72,0.16517068445682526,0.4833031892776489
5193,50,3,16,near_2_4,168,0.04345226660370827,0.21370823681354523
5193,50,3,16,mid_5_8,275,0.09558705985546112,0.29084712266921997
5193,50,3,16,far_gt8,385,0.06015632301568985,0.25754058361053467
5193,50,3,17,inside,124,0.7307929992675781,1.2010548114776611
5193,50,3,17,ring_1,72,0.16160482168197632,0.4796167016029358
5193,50,3,17,near_2_4,168,0.04324868321418762,0.21449187397956848
5193,50,3,17,mid_5_8,275,0.09571115672588348,0.2952023446559906
5193,50,3,17,far_gt8,385,0.061485469341278076,0.2639329135417938
5193,50,3,18,inside,124,0.719274640083313,1.1915276050567627
5193,50,3,18,ring_1,72,0.16597677767276764,0.48701727390289307
5193,50,3,18,near_2_4,168,0.04606648162007332,0.22323556244373322
5193,50,3,18,mid_5_8,275,0.09964893013238907,0.30491262674331665
5193,50,3,18,far_gt8,385,0.06442224979400635,0.2727944850921631
5193,50,3,19,inside,124,0.7655565738677979,1.2291797399520874
5193,50,3,19,ring_1,72,0.17788223922252655,0.5044472217559814
5193,50,3,19,near_2_4,168,0.05052047595381737,0.2353740632534027
5193,50,3,19,mid_5_8,275,0.1069677472114563,0.3193180561065674
5193,50,3,19,far_gt8,385,0.07156495004892349,0.28922492265701294
5193,50,3,20,inside,124,0.7408319711685181,1.208699345588684
5193,50,3,20,ring_1,72,0.17962568998336792,0.506462812423706
5193,50,3,20,near_2_4,168,0.05085938423871994,0.23670898377895355
5193,50,3,20,mid_5_8,275,0.11184276640415192,0.3273372948169708
5193,50,3,20,far_gt8,385,0.07706291228532791,0.30054226517677307
5193,50,3,21,inside,124,0.7131174206733704,1.185837745666504
5193,50,3,21,ring_1,72,0.17749924957752228,0.5057393312454224
5193,50,3,21,near_2_4,168,0.052943166345357895,0.24367478489875793
5193,50,3,21,mid_5_8,275,0.11442955583333969,0.3341270089149475
5193,50,3,21,far_gt8,385,0.07962316274642944,0.30645614862442017
5193,50,3,22,inside,124,0.6964337229728699,1.1717251539230347
5193,50,3,22,ring_1,72,0.1769772171974182,0.5061559081077576
5193,50,3,22,near_2_4,168,0.054394450038671494,0.24977663159370422
5193,50,3,22,mid_5_8,275,0.11477042734622955,0.33761975169181824
5193,50,3,22,far_gt8,385,0.08212409168481827,0.31338226795196533
5193,50,3,23,inside,124,0.6659943461418152,1.1455674171447754
5193,50,3,23,ring_1,72,0.17392435669898987,0.5018935203552246
5193,50,3,23,near_2_4,168,0.05696908012032509,0.25597622990608215
5193,50,3,23,mid_5_8,275,0.1125267967581749,0.3402997553348541
5193,50,3,23,far_gt8,385,0.08246125280857086,0.3170618712902069
5193,50,3,24,inside,124,0.6803558468818665,1.1587809324264526
5193,50,3,24,ring_1,72,0.18342487514019012,0.5182527303695679
5193,50,3,24,near_2_4,168,0.06466369330883026,0.27471718192100525
5193,50,3,24,mid_5_8,275,0.12542425096035004,0.365272581577301
5193,50,3,24,far_gt8,385,0.09096640348434448,0.3380303978919983
5193,50,3,25,inside,124,0.634133517742157,1.118653655052185
5193,50,3,25,ring_1,72,0.17902901768684387,0.5164676308631897
5193,50,3,25,near_2_4,168,0.07028623670339584,0.29140228033065796
5193,50,3,25,mid_5_8,275,0.1283474564552307,0.3772066533565521
5193,50,3,25,far_gt8,385,0.09538421779870987,0.3530164062976837
5193,50,3,26,inside,124,0.6447764039039612,1.1274101734161377
5193,50,3,26,ring_1,72,0.1910986453294754,0.5318107604980469
5193,50,3,26,near_2_4,168,0.08014991134405136,0.3122192919254303
5193,50,3,26,mid_5_8,275,0.14021258056163788,0.39962029457092285
5193,50,3,26,far_gt8,385,0.10601166635751724,0.3753092288970947
5193,50,3,27,inside,124,0.7015209794044495,1.1760348081588745
5193,50,3,27,ring_1,72,0.21515795588493347,0.5672435760498047
5193,50,3,27,near_2_4,168,0.08934669196605682,0.33121761679649353
5193,50,3,27,mid_5_8,275,0.15758082270622253,0.42665401101112366
5193,50,3,27,far_gt8,385,0.11884567141532898,0.3982104957103729
5477,51,0,0,inside,228,0.06272724270820618,0.3398034870624542
5477,51,0,0,ring_1,71,-2.5185060703591944e-09,0.0
5477,51,0,0,near_2_4,185,1.9331236611463964e-09,0.0
5477,51,0,0,mid_5_8,221,-7.0123111761688506e-09,0.0
5477,51,0,0,far_gt8,319,4.671210529494374e-09,0.0
5477,51,0,1,inside,228,0.141701802611351,0.501705527305603
5477,51,0,1,ring_1,71,0.0005599512369371951,0.032921429723501205
5477,51,0,1,near_2_4,185,0.0005280484911054373,0.0322418250143528
5477,51,0,1,mid_5_8,221,0.00047690889914520085,0.03050633706152439
5477,51,0,1,far_gt8,319,0.0004717027477454394,0.03018536977469921
5477,51,0,2,inside,228,0.27794408798217773,0.7259508967399597
5477,51,0,2,ring_1,71,0.014977440237998962,0.16851966083049774
5477,51,0,2,near_2_4,185,0.007241187151521444,0.11991114169359207
5477,51,0,2,mid_5_8,221,0.005467128474265337,0.10403615981340408
5477,51,0,2,far_gt8,319,0.003964499570429325,0.08827771246433258
5477,51,0,3,inside,228,0.409304678440094,0.8925632238388062
5477,51,0,3,ring_1,71,0.03394022211432457,0.25433096289634705
5477,51,0,3,near_2_4,185,0.012669765390455723,0.15867047011852264
5477,51,0,3,mid_5_8,221,0.009696222841739655,0.13864830136299133
5477,51,0,3,far_gt8,319,0.007194090634584427,0.11897708475589752
5477,51,0,4,inside,228,0.45049193501472473,0.9411476254463196
5477,51,0,4,ring_1,71,0.04600924998521805,0.2946193516254425
5477,51,0,4,near_2_4,185,0.015194151550531387,0.17349350452423096
5477,51,0,4,mid_5_8,221,0.011600347235798836,0.15120667219161987
5477,51,0,4,far_gt8,319,0.008919096551835537,0.13189180195331573
5477,51,0,5,inside,228,0.4645102918148041,0.9565867781639099
5477,51,0,5,ring_1,71,0.056522611528635025,0.32614704966545105
5477,51,0,5,near_2_4,185,0.016792936250567436,0.18218699097633362
5477,51,0,5,mid_5_8,221,0.013347298838198185,0.1620115041732788
5477,51,0,5,far_gt8,319,0.01104755885899067,0.145335391163826
5477,51,0,6,inside,228,0.5556685328483582,1.04696786403656
5477,51,0,6,ring_1,71,0.08691122382879257,0.40128499269485474
5477,51,0,6,near_2_4,185,0.026904350146651268,0.2276909053325653
5477,51,0,6,mid_5_8,221,0.02023024670779705,0.19514545798301697
5477,51,0,6,far_gt8,319,0.02278810925781727,0.19237850606441498
5477,51,0,7,inside,228,0.5763937830924988,1.0672123432159424
5477,51,0,7,ring_1,71,0.1073078140616417,0.4443688988685608
5477,51,0,7,near_2_4,185,0.0422704741358757,0.2776165008544922
5477,51,0,7,mid_5_8,221,0.0336451455950737,0.23993387818336487
5477,51,0,7,far_gt8,319,0.03914782404899597,0.24226410686969757
5477,51,0,8,inside,228,0.5655949711799622,1.05707585811615
5477,51,0,8,ring_1,71,0.12989133596420288,0.48838934302330017
5477,51,0,8,near_2_4,185,0.06252599507570267,0.33204370737075806
5477,51,0,8,mid_5_8,221,0.051719311624765396,0.2915353775024414
5477,51,0,8,far_gt8,319,0.05653626471757889,0.2902431786060333
5477,51,0,9,inside,228,0.5777119994163513,1.0684704780578613
5477,51,0,9,ring_1,71,0.15495885908603668,0.5308982133865356
5477,51,0,9,near_2_4,185,0.10447359830141068,0.41968247294425964
5477,51,0,9,mid_5_8,221,0.08769164979457855,0.37328433990478516
5477,51,0,9,far_gt8,319,0.08643778413534164,0.3578900992870331
5477,51,0,10,inside,228,0.5749989151954651,1.063761830329895
5477,51,0,10,ring_1,71,0.17334385216236115,0.5521778464317322
5477,51,0,10,near_2_4,185,0.13663004338741302,0.4775935709476471
5477,51,0,10,mid_5_8,221,0.11820200085639954,0.43294307589530945
5477,51,0,10,far_gt8,319,0.11047041416168213,0.41155192255973816
5477,51,0,11,inside,228,0.6058622002601624,1.0921757221221924
5477,51,0,11,ring_1,71,0.2006298452615738,0.5915733575820923
5477,51,0,11,near_2_4,185,0.18346557021141052,0.5538317561149597
5477,51,0,11,mid_5_8,221,0.1640588343143463,0.5127639174461365
5477,51,0,11,far_gt8,319,0.1432996243238449,0.47329309582710266
5477,51,0,12,inside,228,0.6199516654014587,1.104730248451233
5477,51,0,12,ring_1,71,0.22560176253318787,0.6238285303115845
5477,51,0,12,near_2_4,185,0.22509415447711945,0.6141063570976257
5477,51,0,12,mid_5_8,221,0.22224211692810059,0.5990581512451172
5477,51,0,12,far_gt8,319,0.18294726312160492,0.5403981804847717
5477,51,0,13,inside,228,0.6572413444519043,1.1375218629837036
5477,51,0,13,ring_1,71,0.2512868344783783,0.653279721736908
5477,51,0,13,near_2_4,185,0.289226770401001,0.6894059181213379
5477,51,0,13,mid_5_8,221,0.29764941334724426,0.6893429756164551
5477,51,0,13,far_gt8,319,0.24189014732837677,0.6208314895629883
5477,51,0,14,inside,228,0.6868029236793518,1.1635410785675049
5477,51,0,14,ring_1,71,0.2647472023963928,0.6699863076210022
5477,51,0,14,near_2_4,185,0.3226378262042999,0.7311474084854126
5477,51,0,14,mid_5_8,221,0.3426191508769989,0.745934009552002
5477,51,0,14,far_gt8,319,0.2852966785430908,0.6836125254631042
5477,51,0,15,inside,228,0.7479835748672485,1.2144291400909424
5477,51,0,15,ring_1,71,0.2895579934120178,0.6970445513725281
5477,51,0,15,near_2_4,185,0.3614759147167206,0.7714807391166687
5477,51,0,15,mid_5_8,221,0.37785235047340393,0.7837730646133423
5477,51,0,15,far_gt8,319,0.31990912556648254,0.7241643667221069
5477,51,0,16,inside,228,0.7789574265480042,1.2396032810211182
5477,51,0,16,ring_1,71,0.3006576895713806,0.7074791193008423
5477,51,0,16,near_2_4,185,0.37795060873031616,0.787487804889679
5477,51,0,16,mid_5_8,221,0.398428738117218,0.8065986037254333
5477,51,0,16,far_gt8,319,0.3451853394508362,0.7518364787101746
5477,51,0,17,inside,228,0.7903860807418823,1.2479790449142456
5477,51,0,17,ring_1,71,0.30093255639076233,0.7060925960540771
5477,51,0,17,near_2_4,185,0.38263168931007385,0.7925118803977966
5477,51,0,17,mid_5_8,221,0.4067607820034027,0.8180757164955139
5477,51,0,17,far_gt8,319,0.35233938694000244,0.7634749412536621
5477,51,0,18,inside,228,0.7926355600357056,1.2496048212051392
5477,51,0,18,ring_1,71,0.31293606758117676,0.7209790945053101
5477,51,0,18,near_2_4,185,0.3876574635505676,0.799721896648407
5477,51,0,18,mid_5_8,221,0.4142538607120514,0.8280287384986877
5477,51,0,18,far_gt8,319,0.3541942238807678,0.7671628594398499
5477,51,0,19,inside,228,0.83286052942276,1.2812882661819458
5477,51,0,19,ring_1,71,0.3304313123226166,0.7432456612586975
5477,51,0,19,near_2_4,185,0.4165700674057007,0.8325515389442444
5477,51,0,19,mid_5_8,221,0.44297346472740173,0.8607717752456665
5477,51,0,19,far_gt8,319,0.3787693977355957,0.7955701351165771
5477,51,0,20,inside,228,0.8041797876358032,1.2587687969207764
5477,51,0,20,ring_1,71,0.3221139907836914,0.7323505878448486
5477,51,0,20,near_2_4,185,0.41858115792274475,0.8274033069610596
5477,51,0,20,mid_5_8,221,0.44137755036354065,0.8595597147941589
5477,51,0,20,far_gt8,319,0.38189899921417236,0.7970057725906372
5477,51,0,21,inside,228,0.7859606742858887,1.2438833713531494
5477,51,0,21,ring_1,71,0.3318672478199005,0.743255078792572
5477,51,0,21,near_2_4,185,0.427760511636734,0.8385869860649109
5477,51,0,21,mid_5_8,221,0.4544925391674042,0.8737003207206726
5477,51,0,21,far_gt8,319,0.397786408662796,0.8152710795402527
5477,51,0,22,inside,228,0.7518791556358337,1.2165179252624512
5477,51,0,22,ring_1,71,0.32188093662261963,0.7326590418815613
5477,51,0,22,near_2_4,185,0.4150860905647278,0.8272098302841187
5477,51,0,22,mid_5_8,221,0.43889516592025757,0.8595165014266968
5477,51,0,22,far_gt8,319,0.3849811851978302,0.8048264980316162
5477,51,0,23,inside,228,0.7147088050842285,1.1859949827194214
5477,51,0,23,ring_1,71,0.30852222442626953,0.720615029335022
5477,51,0,23,near_2_4,185,0.394681453704834,0.811998188495636
5477,51,0,23,mid_5_8,221,0.42286720871925354,0.8492774963378906
5477,51,0,23,far_gt8,319,0.37578779458999634,0.8009353280067444
5477,51,0,24,inside,228,0.7331348061561584,1.201045274734497
5477,51,0,24,ring_1,71,0.3289608359336853,0.7427284121513367
5477,51,0,24,near_2_4,185,0.4185858964920044,0.8375407457351685
5477,51,0,24,mid_5_8,221,0.44507622718811035,0.8721432089805603
5477,51,0,24,far_gt8,319,0.40340378880500793,0.8313148021697998
5477,51,0,25,inside,228,0.672453761100769,1.1502182483673096
5477,51,0,25,ring_1,71,0.3248496651649475,0.7410739064216614
5477,51,0,25,near_2_4,185,0.41370445489883423,0.8389832973480225
5477,51,0,25,mid_5_8,221,0.4387173056602478,0.8721502423286438
5477,51,0,25,far_gt8,319,0.4060613811016083,0.8400022983551025
5477,51,0,26,inside,228,0.6757135987281799,1.152512788772583
5477,51,0,26,ring_1,71,0.33456504344940186,0.7560581564903259
5477,51,0,26,near_2_4,185,0.4352288246154785,0.867358922958374
5477,51,0,26,mid_5_8,221,0.47278377413749695,0.9129107594490051
5477,51,0,26,far_gt8,319,0.4463110566139221,0.8890896439552307
5477,51,0,27,inside,228,0.7289416790008545,1.195814847946167
5477,51,0,27,ring_1,71,0.36415448784828186,0.795437753200531
5477,51,0,27,near_2_4,185,0.4955531358718872,0.9344310164451599
5477,51,0,27,mid_5_8,221,0.5335952043533325,0.9763760566711426
5477,51,0,27,far_gt8,319,0.5031412243843079,0.9482207298278809
5503,52,1,0,inside,14,0.013087332248687744,0.14061079919338226
5503,52,1,0,ring_1,16,3.725290298461914e-08,0.0
5503,52,1,0,near_2_4,45,2.2517310682701464e-08,0.0
5503,52,1,0,mid_5_8,80,-1.9371508841459217e-08,0.0
5503,52,1,0,far_gt8,869,4.115395579873393e-09,0.0
5503,52,1,1,inside,14,0.019685979932546616,0.18761073052883148
5503,52,1,1,ring_1,16,1.1097639799118042e-05,0.0044024186208844185
5503,52,1,1,near_2_4,45,1.0809633749886416e-05,0.0044189319014549255
5503,52,1,1,mid_5_8,80,1.2922287169203628e-05,0.004833831451833248
5503,52,1,1,far_gt8,869,1.2497358511609491e-05,0.004719629883766174
5503,52,1,2,inside,14,0.0985528901219368,0.42490366101264954
5503,52,1,2,ring_1,16,0.0008764825761318207,0.0356353297829628
5503,52,1,2,near_2_4,45,5.289846012601629e-05,0.009854329749941826
5503,52,1,2,mid_5_8,80,2.198144829890225e-05,0.006547841243445873
5503,52,1,2,far_gt8,869,1.657688153500203e-05,0.005665583070367575
5503,52,1,3,inside,14,0.2295955866575241,0.6487826108932495
5503,52,1,3,ring_1,16,0.02246919646859169,0.1773635298013687
5503,52,1,3,near_2_4,45,0.0003492712858133018,0.024572763592004776
5503,52,1,3,mid_5_8,80,8.095950033748522e-05,0.012404285371303558
5503,52,1,3,far_gt8,869,3.894920155289583e-05,0.00843670405447483
5503,52,1,4,inside,14,0.2808018922805786,0.7209491729736328
5503,52,1,4,ring_1,16,0.040460724383592606,0.25564366579055786
5503,52,1,4,near_2_4,45,0.0008851581369526684,0.038773320615291595
5503,52,1,4,mid_5_8,80,0.00020600482821464539,0.019011860713362694
5503,52,1,4,far_gt8,869,9.81327029876411e-05,0.012033086270093918
5503,52,1,5,inside,14,0.33253908157348633,0.7832914590835571
5503,52,1,5,ring_1,16,0.060810405761003494,0.31977489590644836
5503,52,1,5,near_2_4,45,0.00211908551864326,0.06185290962457657
5503,52,1,5,mid_5_8,80,0.0006269142031669617,0.033104218542575836
5503,52,1,5,far_gt8,869,0.000245326547883451,0.01908924989402294
5503,52,1,6,inside,14,0.42025047540664673,0.8821653127670288
5503,52,1,6,ring_1,16,0.09798362851142883,0.4156840145587921
5503,52,1,6,near_2_4,45,0.004211178049445152,0.08675722777843475
5503,52,1,6,mid_5_8,80,0.0010007023811340332,0.042575765401124954
5503,52,1,6,far_gt8,869,0.00046731356997042894,0.026463711634278297
5503,52,1,7,inside,14,0.4797445237636566,0.9428867101669312
5503,52,1,7,ring_1,16,0.11258862167596817,0.44306516647338867
5503,52,1,7,near_2_4,45,0.005652847699820995,0.10152116417884827
5503,52,1,7,mid_5_8,80,0.0014984026784077287,0.05137249827384949
5503,52,1,7,far_gt8,869,0.0006129381363280118,0.030668403953313828
5503,52,1,8,inside,14,0.4915037453174591,0.9552953839302063
5503,52,1,8,ring_1,16,0.12273050844669342,0.45966699719429016
5503,52,1,8,near_2_4,45,0.00697163725271821,0.1111581027507782
5503,52,1,8,mid_5_8,80,0.0015090465312823653,0.05235898494720459
5503,52,1,8,far_gt8,869,0.0007098879432305694,0.033186789602041245
5503,52,1,9,inside,14,0.4982428550720215,0.9614996910095215
5503,52,1,9,ring_1,16,0.13197413086891174,0.47307026386260986
5503,52,1,9,near_2_4,45,0.008969840593636036,0.12643276154994965
5503,52,1,9,mid_5_8,80,0.0018882207805290818,0.05810118839144707
5503,52,1,9,far_gt8,869,0.0009123547351919115,0.03688851371407509
5503,52,1,10,inside,14,0.5171693563461304,0.9798356890678406
5503,52,1,10,ring_1,16,0.15186002850532532,0.5065152645111084
5503,52,1,10,near_2_4,45,0.011111780069768429,0.14065411686897278
5503,52,1,10,mid_5_8,80,0.0023639858700335026,0.06449121236801147
5503,52,1,10,far_gt8,869,0.0011219229782000184,0.039644669741392136
5503,52,1,11,inside,14,0.5670408606529236,1.0262781381607056
5503,52,1,11,ring_1,16,0.1787232756614685,0.5508137941360474
5503,52,1,11,near_2_4,45,0.012457541190087795,0.14982987940311432
5503,52,1,11,mid_5_8,80,0.003035335335880518,0.07278411090373993
5503,52,1,11,far_gt8,869,0.0015117499278858304,0.04521610215306282
5503,52,1,12,inside,14,0.5747296214103699,1.0331703424453735
5503,52,1,12,ring_1,16,0.19849324226379395,0.5762647390365601
5503,52,1,12,near_2_4,45,0.016689730808138847,0.17208360135555267
5503,52,1,12,mid_5_8,80,0.004034399054944515,0.08172037452459335
5503,52,1,12,far_gt8,869,0.0024130300153046846,0.05460275709629059
5503,52,1,13,inside,14,0.5914548635482788,1.0484193563461304
5503,52,1,13,ring_1,16,0.23882178962230682,0.6412886381149292
5503,52,1,13,near_2_4,45,0.019914492964744568,0.18869878351688385
5503,52,1,13,mid_5_8,80,0.005424989853054285,0.09137511253356934
5503,52,1,13,far_gt8,869,0.0034996988251805305,0.06174744665622711
5503,52,1,14,inside,14,0.6312278509140015,1.082474946975708
5503,52,1,14,ring_1,16,0.28867024183273315,0.7053850889205933
5503,52,1,14,near_2_4,45,0.027918852865695953,0.21323654055595398
5503,52,1,14,mid_5_8,80,0.008244821801781654,0.1023879423737526
5503,52,1,14,far_gt8,869,0.0052518099546432495,0.07122552394866943
5503,52,1,15,inside,14,0.664842426776886,1.1108652353286743
5503,52,1,15,ring_1,16,0.3281688392162323,0.7544498443603516
5503,52,1,15,near_2_4,45,0.03306514769792557,0.22841304540634155
5503,52,1,15,mid_5_8,80,0.010699285194277763,0.1138966903090477
5503,52,1,15,far_gt8,869,0.0067466991022229195,0.07884416729211807
5503,52,1,16,inside,14,0.698860764503479,1.1389970779418945
5503,52,1,16,ring_1,16,0.34647053480148315,0.777457594871521
5503,52,1,16,near_2_4,45,0.036701399832963943,0.2385912835597992
5503,52,1,16,mid_5_8,80,0.01314197201281786,0.12641379237174988
5503,52,1,16,far_gt8,869,0.008305845782160759,0.08821497857570648
5503,52,1,17,inside,14,0.6752791404724121,1.1198148727416992
5503,52,1,17,ring_1,16,0.34252023696899414,0.7742111682891846
5503,52,1,17,near_2_4,45,0.042297761887311935,0.25140905380249023
5503,52,1,17,mid_5_8,80,0.016806717962026596,0.13810250163078308
5503,52,1,17,far_gt8,869,0.009860781021416187,0.09648460149765015
5503,52,1,18,inside,14,0.711941123008728,1.150240182876587
5503,52,1,18,ring_1,16,0.39823734760284424,0.8304475545883179
5503,52,1,18,near_2_4,45,0.0477534718811512,0.2660750150680542
5503,52,1,18,mid_5_8,80,0.019439255818724632,0.14601990580558777
5503,52,1,18,far_gt8,869,0.011098228394985199,0.10184534639120102
5503,52,1,19,inside,14,0.7361398339271545,1.169765591621399
5503,52,1,19,ring_1,16,0.4254836440086365,0.8564270734786987
5503,52,1,19,near_2_4,45,0.05296050012111664,0.2786409258842468
5503,52,1,19,mid_5_8,80,0.021686334162950516,0.15417824685573578
5503,52,1,19,far_gt8,869,0.012726285494863987,0.11178892850875854
5503,52,1,20,inside,14,0.7005607485771179,1.1411625146865845
5503,52,1,20,ring_1,16,0.41119182109832764,0.8394596576690674
5503,52,1,20,near_2_4,45,0.054769378155469894,0.2812015116214752
5503,52,1,20,mid_5_8,80,0.02229970134794712,0.156946063041687
5503,52,1,20,far_gt8,869,0.014111022464931011,0.11725956201553345
5503,52,1,21,inside,14,0.6751538515090942,1.1203638315200806
5503,52,1,21,ring_1,16,0.39975833892822266,0.8314638137817383
5503,52,1,21,near_2_4,45,0.05874021351337433,0.289726585149765
5503,52,1,21,mid_5_8,80,0.02470824122428894,0.165492981672287
5503,52,1,21,far_gt8,869,0.01520153321325779,0.12314068526029587
5503,52,1,22,inside,14,0.6529570817947388,1.1013983488082886
5503,52,1,22,ring_1,16,0.39898842573165894,0.8283758759498596
5503,52,1,22,near_2_4,45,0.06440389156341553,0.3016054928302765
5503,52,1,22,mid_5_8,80,0.027491694316267967,0.1727115660905838
5503,52,1,22,far_gt8,869,0.017035208642482758,0.13080546259880066
5503,52,1,23,inside,14,0.6144928932189941,1.0682858228683472
5503,52,1,23,ring_1,16,0.3874392807483673,0.818088173866272
5503,52,1,23,near_2_4,45,0.06628239899873734,0.3045275807380676
5503,52,1,23,mid_5_8,80,0.028046172112226486,0.17732159793376923
5503,52,1,23,far_gt8,869,0.018462127074599266,0.1389259696006775
5503,52,1,24,inside,14,0.6128384470939636,1.0665416717529297
5503,52,1,24,ring_1,16,0.3976452648639679,0.8326123356819153
5503,52,1,24,near_2_4,45,0.0741979256272316,0.32399776577949524
5503,52,1,24,mid_5_8,80,0.03305768221616745,0.19459541141986847
5503,52,1,24,far_gt8,869,0.02191087417304516,0.15336687862873077
5503,52,1,25,inside,14,0.5460509657859802,1.0060062408447266
5503,52,1,25,ring_1,16,0.3888697922229767,0.83017498254776
5503,52,1,25,near_2_4,45,0.0760994479060173,0.333821177482605
5503,52,1,25,mid_5_8,80,0.035644643008708954,0.2049490511417389
5503,52,1,25,far_gt8,869,0.025292979553341866,0.16778072714805603
5503,52,1,26,inside,14,0.5859184265136719,1.0419961214065552
5503,52,1,26,ring_1,16,0.41543352603912354,0.8576330542564392
5503,52,1,26,near_2_4,45,0.08911245316267014,0.35882920026779175
5503,52,1,26,mid_5_8,80,0.03875916451215744,0.21301594376564026
5503,52,1,26,far_gt8,869,0.0305649247020483,0.18586966395378113
5503,52,1,27,inside,14,0.6500710248947144,1.0968278646469116
5503,52,1,27,ring_1,16,0.42710453271865845,0.873192310333252
5503,52,1,27,near_2_4,45,0.1011105328798294,0.3836197257041931
5503,52,1,27,mid_5_8,80,0.04364842548966408,0.22948376834392548
5503,52,1,27,far_gt8,869,0.033841170370578766,0.19953793287277222
5529,53,0,0,inside,128,0.11686887592077255,0.4680873155593872
5529,53,0,0,ring_1,70,-8.514949301208219e-10,0.0
5529,53,0,0,near_2_4,156,3.4387295233528903e-09,0.0
5529,53,0,0,mid_5_8,279,8.759105440958592e-09,0.0
5529,53,0,0,far_gt8,391,1.981740105350127e-09,0.0
5529,53,0,1,inside,128,0.260061651468277,0.7081896066665649
5529,53,0,1,ring_1,70,0.0006722126854583621,0.03449741750955582
5529,53,0,1,near_2_4,156,0.000768970581702888,0.036873798817396164
5529,53,0,1,mid_5_8,279,0.0009124101488851011,0.03986591845750809
5529,53,0,1,far_gt8,391,0.0010246324818581343,0.04206229746341705
5529,53,0,2,inside,128,0.3990515470504761,0.8823139667510986
5529,53,0,2,ring_1,70,0.00862802378833294,0.12154748290777206
5529,53,0,2,near_2_4,156,0.002885054796934128,0.07456263154745102
5529,53,0,2,mid_5_8,279,0.0024669975973665714,0.06931699812412262
5529,53,0,2,far_gt8,391,0.002244876464828849,0.06593964248895645
5529,53,0,3,inside,128,0.5200343132019043,1.0120147466659546
5529,53,0,3,ring_1,70,0.025765735656023026,0.21127820014953613
5529,53,0,3,near_2_4,156,0.006935532204806805,0.11479461193084717
5529,53,0,3,mid_5_8,279,0.006366248242557049,0.10893739759922028
5529,53,0,3,far_gt8,391,0.005207270383834839,0.09800165146589279
5529,53,0,4,inside,128,0.5256640911102295,1.0188584327697754
5529,53,0,4,ring_1,70,0.03990846872329712,0.26266610622406006
5529,53,0,4,near_2_4,156,0.00908458698540926,0.1321323662996292
5529,53,0,4,mid_5_8,279,0.008106481283903122,0.1235913634300232
5529,53,0,4,far_gt8,391,0.00678888987749815,0.11261399835348129
5529,53,0,5,inside,128,0.5215855240821838,1.0156121253967285
5529,53,0,5,ring_1,70,0.04735473915934563,0.2883343994617462
5529,53,0,5,near_2_4,156,0.01017048116773367,0.14019256830215454
5529,53,0,5,mid_5_8,279,0.008890857920050621,0.129812091588974
5529,53,0,5,far_gt8,391,0.007401991169899702,0.11767704784870148
5529,53,0,6,inside,128,0.5837797522544861,1.0751672983169556
5529,53,0,6,ring_1,70,0.0670013502240181,0.34324121475219727
5529,53,0,6,near_2_4,156,0.013688025064766407,0.1603573113679886
5529,53,0,6,mid_5_8,279,0.011588695459067822,0.14418259263038635
5529,53,0,6,far_gt8,391,0.010197791270911694,0.13400918245315552
5529,53,0,7,inside,128,0.6042553186416626,1.0945191383361816
5529,53,0,7,ring_1,70,0.08539608865976334,0.38743287324905396
5529,53,0,7,near_2_4,156,0.01878415420651436,0.18556131422519684
5529,53,0,7,mid_5_8,279,0.015700986608862877,0.16260501742362976
5529,53,0,7,far_gt8,391,0.013888189569115639,0.15020832419395447
5529,53,0,8,inside,128,0.574682891368866,1.0680828094482422
5529,53,0,8,ring_1,70,0.10200484097003937,0.4245922863483429
5529,53,0,8,near_2_4,156,0.02269906923174858,0.20164214074611664
5529,53,0,8,mid_5_8,279,0.019531380385160446,0.17616643011569977
5529,53,0,8,far_gt8,391,0.018023919314146042,0.16527897119522095
5529,53,0,9,inside,128,0.5605169534683228,1.054052710533142
5529,53,0,9,ring_1,70,0.11835850030183792,0.45801687240600586
5529,53,0,9,near_2_4,156,0.03108854778110981,0.2320251166820526
5529,53,0,9,mid_5_8,279,0.028912417590618134,0.20840364694595337
5529,53,0,9,far_gt8,391,0.02712150290608406,0.1962496042251587
5529,53,0,10,inside,128,0.5850911140441895,1.0770083665847778
5529,53,0,10,ring_1,70,0.13694746792316437,0.4901869595050812
5529,53,0,10,near_2_4,156,0.040401823818683624,0.2619253396987915
5529,53,0,10,mid_5_8,279,0.04017907753586769,0.24012310802936554
5529,53,0,10,far_gt8,391,0.03709094971418381,0.22553220391273499
5529,53,0,11,inside,128,0.6000373363494873,1.0916001796722412
5529,53,0,11,ring_1,70,0.168539896607399,0.5432530045509338
5529,53,0,11,near_2_4,156,0.05328021198511124,0.298867404460907
5529,53,0,11,mid_5_8,279,0.05503692477941513,0.27969351410865784
5529,53,0,11,far_gt8,391,0.04665406793355942,0.254028856754303
5529,53,0,12,inside,128,0.6083298921585083,1.099165439605713
5529,53,0,12,ring_1,70,0.19696514308452606,0.5876372456550598
5529,53,0,12,near_2_4,156,0.07184135913848877,0.3417593538761139
5529,53,0,12,mid_5_8,279,0.0732983723282814,0.3220633268356323
5529,53,0,12,far_gt8,391,0.06246182695031166,0.2957790195941925
5529,53,0,13,inside,128,0.6426452398300171,1.1296586990356445
5529,53,0,13,ring_1,70,0.22680304944515228,0.632979691028595
5529,53,0,13,near_2_4,156,0.08877575397491455,0.380735844373703
5529,53,0,13,mid_5_8,279,0.09068076312541962,0.3598899245262146
5529,53,0,13,far_gt8,391,0.07877699285745621,0.3329148590564728
5529,53,0,14,inside,128,0.6506139039993286,1.1359732151031494
5529,53,0,14,ring_1,70,0.23317034542560577,0.6418564915657043
5529,53,0,14,near_2_4,156,0.09911321103572845,0.3987303078174591
5529,53,0,14,mid_5_8,279,0.10454099625349045,0.3841397762298584
5529,53,0,14,far_gt8,391,0.09763771295547485,0.3699758052825928
5529,53,0,15,inside,128,0.712286651134491,1.1883299350738525
5529,53,0,15,ring_1,70,0.265196293592453,0.6865062713623047
5529,53,0,15,near_2_4,156,0.11737585067749023,0.4327288269996643
5529,53,0,15,mid_5_8,279,0.12133489549160004,0.41151437163352966
5529,53,0,15,far_gt8,391,0.11713037639856339,0.40231868624687195
5529,53,0,16,inside,128,0.7454338073730469,1.2157591581344604
5529,53,0,16,ring_1,70,0.28280967473983765,0.7086549401283264
5529,53,0,16,near_2_4,156,0.130507230758667,0.45586487650871277
5529,53,0,16,mid_5_8,279,0.13592100143432617,0.4343063235282898
5529,53,0,16,far_gt8,391,0.13083499670028687,0.42364776134490967
5529,53,0,17,inside,128,0.7607231140136719,1.2273106575012207
5529,53,0,17,ring_1,70,0.2767688035964966,0.6975383758544922
5529,53,0,17,near_2_4,156,0.12897007167339325,0.4508616626262665
5529,53,0,17,mid_5_8,279,0.14054648578166962,0.4385155737400055
5529,53,0,17,far_gt8,391,0.13943901658058167,0.43521395325660706
5529,53,0,18,inside,128,0.7578514814376831,1.2254273891448975
5529,53,0,18,ring_1,70,0.28995534777641296,0.7141434550285339
5529,53,0,18,near_2_4,156,0.1359613984823227,0.4625268578529358
5529,53,0,18,mid_5_8,279,0.1470220983028412,0.45060980319976807
5529,53,0,18,far_gt8,391,0.1441701054573059,0.4456063508987427
5529,53,0,19,inside,128,0.7966376543045044,1.2568506002426147
5529,53,0,19,ring_1,70,0.31422674655914307,0.7438578605651855
5529,53,0,19,near_2_4,156,0.14843717217445374,0.4845564365386963
5529,53,0,19,mid_5_8,279,0.15910086035728455,0.4706217348575592
5529,53,0,19,far_gt8,391,0.1544155776500702,0.4635804295539856
5529,53,0,20,inside,128,0.7723487615585327,1.237222671508789
5529,53,0,20,ring_1,70,0.31310147047042847,0.74028080701828
5529,53,0,20,near_2_4,156,0.15267729759216309,0.4891519844532013
5529,53,0,20,mid_5_8,279,0.16459904611110687,0.47763073444366455
5529,53,0,20,far_gt8,391,0.16524191200733185,0.48101475834846497
5529,53,0,21,inside,128,0.7411560416221619,1.2114784717559814
5529,53,0,21,ring_1,70,0.3073868751525879,0.7348273396492004
5529,53,0,21,near_2_4,156,0.1585780829191208,0.4995829164981842
5529,53,0,21,mid_5_8,279,0.1671362817287445,0.48437297344207764
5529,53,0,21,far_gt8,391,0.17142494022846222,0.49397632479667664
5529,53,0,22,inside,128,0.7256631851196289,1.1980341672897339
5529,53,0,22,ring_1,70,0.298578679561615,0.7231900691986084
5529,53,0,22,near_2_4,156,0.16086281836032867,0.5031616687774658
5529,53,0,22,mid_5_8,279,0.1634308397769928,0.4829028844833374
5529,53,0,22,far_gt8,391,0.1703462153673172,0.4967808127403259
5529,53,0,23,inside,128,0.6878887414932251,1.1661618947982788
5529,53,0,23,ring_1,70,0.2855232357978821,0.7069686055183411
5529,53,0,23,near_2_4,156,0.15540920197963715,0.49184706807136536
5529,53,0,23,mid_5_8,279,0.16276977956295013,0.48314937949180603
5529,53,0,23,far_gt8,391,0.1670166701078415,0.4970156252384186
5529,53,0,24,inside,128,0.6673059463500977,1.1479543447494507
5529,53,0,24,ring_1,70,0.280016154050827,0.6995405554771423
5529,53,0,24,near_2_4,156,0.16435080766677856,0.5076326131820679
5529,53,0,24,mid_5_8,279,0.17199482023715973,0.4993927776813507
5529,53,0,24,far_gt8,391,0.1792096197605133,0.5167381167411804
5529,53,0,25,inside,128,0.604118824005127,1.0914647579193115
5529,53,0,25,ring_1,70,0.26278257369995117,0.6765286326408386
5529,53,0,25,near_2_4,156,0.16572019457817078,0.5120331048965454
5529,53,0,25,mid_5_8,279,0.1802014708518982,0.5135844349861145
5529,53,0,25,far_gt8,391,0.18982061743736267,0.5368046164512634
5529,53,0,26,inside,128,0.614048957824707,1.0989664793014526
5529,53,0,26,ring_1,70,0.282596617937088,0.700203001499176
5529,53,0,26,near_2_4,156,0.18221352994441986,0.5368173122406006
5529,53,0,26,mid_5_8,279,0.20107504725456238,0.5443212985992432
5529,53,0,26,far_gt8,391,0.213068425655365,0.5735213160514832
5529,53,0,27,inside,128,0.6560209393501282,1.1348917484283447
5529,53,0,27,ring_1,70,0.3051329553127289,0.7259739637374878
5529,53,0,27,near_2_4,156,0.19744712114334106,0.5635021924972534
5529,53,0,27,mid_5_8,279,0.21481382846832275,0.5685520768165588
5529,53,0,27,far_gt8,391,0.2245781123638153,0.5916609168052673
5586,54,0,0,inside,31,0.0940517708659172,0.4304444491863251
5586,54,0,0,ring_1,36,-1.3245476715439963e-08,0.0
5586,54,0,0,near_2_4,87,2.2608658056810782e-08,0.0
5586,54,0,0,mid_5_8,160,1.1175871339474952e-09,0.0
5586,54,0,0,far_gt8,710,2.6864064306408864e-09,0.0
5586,54,0,1,inside,31,0.10168124735355377,0.4485759735107422
5586,54,0,1,ring_1,36,0.00013489689445123076,0.016241170465946198
5586,54,0,1,near_2_4,87,0.00011098659160779789,0.014685319736599922
5586,54,0,1,mid_5_8,160,0.0001223377912538126,0.015287315472960472
5586,54,0,1,far_gt8,710,9.406360186403617e-05,0.01316628698259592
5586,54,0,2,inside,31,0.26512789726257324,0.7258000373840332
5586,54,0,2,ring_1,36,0.00539185106754303,0.09084071218967438
5586,54,0,2,near_2_4,87,0.00040031233220361173,0.02797112427651882
5586,54,0,2,mid_5_8,160,0.00038572176708839834,0.027195414528250694
5586,54,0,2,far_gt8,710,0.0002631002862472087,0.021989179775118828
5586,54,0,3,inside,31,0.4116932153701782,0.9046032428741455
5586,54,0,3,ring_1,36,0.022572308778762817,0.1841486692428589
5586,54,0,3,near_2_4,87,0.001070896745659411,0.04537917301058769
5586,54,0,3,mid_5_8,160,0.0009165719384327531,0.04178360104560852
5586,54,0,3,far_gt8,710,0.0004907191032543778,0.02952542155981064
5586,54,0,4,inside,31,0.4718179702758789,0.9699184894561768
5586,54,0,4,ring_1,36,0.03613920882344246,0.24120038747787476
5586,54,0,4,near_2_4,87,0.0017229599179700017,0.057131197303533554
5586,54,0,4,mid_5_8,160,0.001353088766336441,0.050607651472091675
5586,54,0,4,far_gt8,710,0.0006757790106348693,0.034714531153440475
5586,54,0,5,inside,31,0.47360971570014954,0.9714412093162537
5586,54,0,5,ring_1,36,0.05454303324222565,0.2972705364227295
5586,54,0,5,near_2_4,87,0.002650285605341196,0.06992588192224503
5586,54,0,5,mid_5_8,160,0.0018867261242121458,0.05899251624941826
5586,54,0,5,far_gt8,710,0.000842600129544735,0.038068730384111404
5586,54,0,6,inside,31,0.5287033319473267,1.0255411863327026
5586,54,0,6,ring_1,36,0.08633919805288315,0.3780670464038849
5586,54,0,6,near_2_4,87,0.00471099279820919,0.08950567990541458
5586,54,0,6,mid_5_8,160,0.0036478035617619753,0.0743739977478981
5586,54,0,6,far_gt8,710,0.001343443407677114,0.04355209693312645
5586,54,0,7,inside,31,0.5667521953582764,1.0616618394851685
5586,54,0,7,ring_1,36,0.10860215127468109,0.4250117838382721
5586,54,0,7,near_2_4,87,0.007433345075696707,0.11070240288972855
5586,54,0,7,mid_5_8,160,0.006876900792121887,0.0958900973200798
5586,54,0,7,far_gt8,710,0.0018397991079837084,0.04892794042825699
5586,54,0,8,inside,31,0.5734611749649048,1.0679547786712646
5586,54,0,8,ring_1,36,0.11611966043710709,0.4425557851791382
5586,54,0,8,near_2_4,87,0.009535646997392178,0.12384479492902756
5586,54,0,8,mid_5_8,160,0.010038194246590137,0.10803166776895523
5586,54,0,8,far_gt8,710,0.0025006949435919523,0.05414002016186714
5586,54,0,9,inside,31,0.5428892374038696,1.0390721559524536
5586,54,0,9,ring_1,36,0.13318796455860138,0.48246562480926514
5586,54,0,9,near_2_4,87,0.01403014175593853,0.14665170013904572
5586,54,0,9,mid_5_8,160,0.015110018663108349,0.12513558566570282
5586,54,0,9,far_gt8,710,0.003924661781638861,0.06192192807793617
5586,54,0,10,inside,31,0.547138512134552,1.0435173511505127
5586,54,0,10,ring_1,36,0.15649114549160004,0.522079586982727
5586,54,0,10,near_2_4,87,0.018124790862202644,0.16403290629386902
5586,54,0,10,mid_5_8,160,0.019953496754169464,0.13963466882705688
5586,54,0,10,far_gt8,710,0.005485122092068195,0.06733493506908417
5586,54,0,11,inside,31,0.581581175327301,1.0756710767745972
5586,54,0,11,ring_1,36,0.19533671438694,0.588194727897644
5586,54,0,11,near_2_4,87,0.02417837269604206,0.1876043826341629
5586,54,0,11,mid_5_8,160,0.024181196466088295,0.15437887609004974
5586,54,0,11,far_gt8,710,0.0071412487886846066,0.07563792169094086
5586,54,0,12,inside,31,0.6005687713623047,1.0936568975448608
5586,54,0,12,ring_1,36,0.22782492637634277,0.6354687809944153
5586,54,0,12,near_2_4,87,0.03608646243810654,0.227839857339859
5586,54,0,12,mid_5_8,160,0.03199305012822151,0.18154385685920715
5586,54,0,12,far_gt8,710,0.009530136361718178,0.08759154379367828
5586,54,0,13,inside,31,0.6385601758956909,1.1274993419647217
5586,54,0,13,ring_1,36,0.26556649804115295,0.6949812769889832
5586,54,0,13,near_2_4,87,0.05073050409555435,0.27425825595855713
5586,54,0,13,mid_5_8,160,0.041627947241067886,0.21218648552894592
5586,54,0,13,far_gt8,710,0.01341018546372652,0.10196180641651154
5586,54,0,14,inside,31,0.6509247422218323,1.1383321285247803
5586,54,0,14,ring_1,36,0.2991015613079071,0.7411598563194275
5586,54,0,14,near_2_4,87,0.06818170845508575,0.31294527649879456
5586,54,0,14,mid_5_8,160,0.04911947250366211,0.2361644059419632
5586,54,0,14,far_gt8,710,0.016529234126210213,0.1142231822013855
5586,54,0,15,inside,31,0.7058889269828796,1.18551766872406
5586,54,0,15,ring_1,36,0.3467390537261963,0.8022458553314209
5586,54,0,15,near_2_4,87,0.0833238735795021,0.34329482913017273
5586,54,0,15,mid_5_8,160,0.061659783124923706,0.2597823739051819
5586,54,0,15,far_gt8,710,0.019800398498773575,0.12313222885131836
5586,54,0,16,inside,31,0.7422938346862793,1.2161457538604736
5586,54,0,16,ring_1,36,0.38598960638046265,0.8482925295829773
5586,54,0,16,near_2_4,87,0.09849368780851364,0.37252500653266907
5586,54,0,16,mid_5_8,160,0.07287189364433289,0.2835375666618347
5586,54,0,16,far_gt8,710,0.023003656417131424,0.13297949731349945
5586,54,0,17,inside,31,0.7621142268180847,1.2327373027801514
5586,54,0,17,ring_1,36,0.39696475863456726,0.8629233241081238
5586,54,0,17,near_2_4,87,0.10628590732812881,0.3898061215877533
5586,54,0,17,mid_5_8,160,0.07868675887584686,0.29366335272789
5586,54,0,17,far_gt8,710,0.024928122758865356,0.13933339715003967
5586,54,0,18,inside,31,0.7798406481742859,1.2473958730697632
5586,54,0,18,ring_1,36,0.42988261580467224,0.8982608318328857
5586,54,0,18,near_2_4,87,0.1167895570397377,0.40742623805999756
5586,54,0,18,mid_5_8,160,0.08221252262592316,0.30259665846824646
5586,54,0,18,far_gt8,710,0.02661244012415409,0.14568591117858887
5586,54,0,19,inside,31,0.8141052722930908,1.2748514413833618
5586,54,0,19,ring_1,36,0.45541641116142273,0.9272376298904419
5586,54,0,19,near_2_4,87,0.12708637118339539,0.42804715037345886
5586,54,0,19,mid_5_8,160,0.09006038308143616,0.3179907500743866
5586,54,0,19,far_gt8,710,0.029299680143594742,0.15460816025733948
5586,54,0,20,inside,31,0.8091862797737122,1.2707417011260986
5586,54,0,20,ring_1,36,0.4563370943069458,0.9279655814170837
5586,54,0,20,near_2_4,87,0.13609445095062256,0.44024285674095154
5586,54,0,20,mid_5_8,160,0.09619783610105515,0.32743600010871887
5586,54,0,20,far_gt8,710,0.0323086753487587,0.16106894612312317
5586,54,0,21,inside,31,0.7906343340873718,1.2564377784729004
5586,54,0,21,ring_1,36,0.4520071744918823,0.9247485399246216
5586,54,0,21,near_2_4,87,0.1397719830274582,0.4467390775680542
5586,54,0,21,mid_5_8,160,0.10146764665842056,0.33804863691329956
5586,54,0,21,far_gt8,710,0.03417288511991501,0.16985246539115906
5586,54,0,22,inside,31,0.772397518157959,1.2418186664581299
5586,54,0,22,ring_1,36,0.44681990146636963,0.9204460978507996
5586,54,0,22,near_2_4,87,0.14361241459846497,0.4549902081489563
5586,54,0,22,mid_5_8,160,0.10482518374919891,0.34417977929115295
5586,54,0,22,far_gt8,710,0.03612009435892105,0.1790013313293457
5586,54,0,23,inside,31,0.729731023311615,1.2067831754684448
5586,54,0,23,ring_1,36,0.4369880259037018,0.9102399349212646
5586,54,0,23,near_2_4,87,0.147826686501503,0.46106988191604614
5586,54,0,23,mid_5_8,160,0.11074592918157578,0.3518078327178955
5586,54,0,23,far_gt8,710,0.03757166117429733,0.18352052569389343
5586,54,0,24,inside,31,0.7174679040908813,1.1963845491409302
5586,54,0,24,ring_1,36,0.4580529034137726,0.9353511333465576
5586,54,0,24,near_2_4,87,0.16489040851593018,0.48980090022087097
5586,54,0,24,mid_5_8,160,0.12205076217651367,0.3742992877960205
5586,54,0,24,far_gt8,710,0.04304810240864754,0.20232293009757996
5586,54,0,25,inside,31,0.666179895401001,1.152804970741272
5586,54,0,25,ring_1,36,0.45400741696357727,0.9325440526008606
5586,54,0,25,near_2_4,87,0.18131932616233826,0.5152186751365662
5586,54,0,25,mid_5_8,160,0.1305079162120819,0.3890443444252014
5586,54,0,25,far_gt8,710,0.046137042343616486,0.21520675718784332
5586,54,0,26,inside,31,0.6858102679252625,1.1696406602859497
5586,54,0,26,ring_1,36,0.49206870794296265,0.9721945524215698
5586,54,0,26,near_2_4,87,0.20143544673919678,0.5473886132240295
5586,54,0,26,mid_5_8,160,0.14254069328308105,0.41210484504699707
5586,54,0,26,far_gt8,710,0.05221273750066757,0.23857037723064423
5586,54,0,27,inside,31,0.7462990880012512,1.2204985618591309
5586,54,0,27,ring_1,36,0.5425167679786682,1.0212393999099731
5586,54,0,27,near_2_4,87,0.22398872673511505,0.577447772026062
5586,54,0,27,mid_5_8,160,0.15543684363365173,0.43800097703933716
5586,54,0,27,far_gt8,710,0.05860177055001259,0.25854820013046265
5600,55,3,0,inside,25,0.0186466071754694,0.190455824136734
5600,55,3,0,ring_1,28,6.38621200366174e-09,0.0
5600,55,3,0,near_2_4,62,1.634320945242962e-08,0.0
5600,55,3,0,mid_5_8,146,-2.041254942852788e-09,0.0
5600,55,3,0,far_gt8,763,7.811880031738383e-09,0.0
5600,55,3,1,inside,25,0.028927721083164215,0.23306240141391754
5600,55,3,1,ring_1,28,5.802937812404707e-05,0.010465874336659908
5600,55,3,1,near_2_4,62,3.800661215791479e-05,0.008319418877363205
5600,55,3,1,mid_5_8,146,2.5502215066808276e-05,0.006708540953695774
5600,55,3,1,far_gt8,763,2.622760621306952e-05,0.0067103030160069466
5600,55,3,2,inside,25,0.1536693423986435,0.5445874929428101
5600,55,3,2,ring_1,28,0.0024026143364608288,0.06109650060534477
5600,55,3,2,near_2_4,62,0.00036981701850891113,0.023844148963689804
5600,55,3,2,mid_5_8,146,6.435505201807246e-05,0.010798278264701366
5600,55,3,2,far_gt8,763,3.323611235828139e-05,0.00788498017936945
5600,55,3,3,inside,25,0.305897057056427,0.7729600667953491
5600,55,3,3,ring_1,28,0.0201884713023901,0.16689370572566986
5600,55,3,3,near_2_4,62,0.0011940501863136888,0.042995184659957886
5600,55,3,3,mid_5_8,146,0.0002466570877004415,0.020626047626137733
5600,55,3,3,far_gt8,763,0.00010554990149103105,0.013680940493941307
5600,55,3,4,inside,25,0.37808293104171753,0.8651610016822815
5600,55,3,4,ring_1,28,0.04068181291222572,0.24467994272708893
5600,55,3,4,near_2_4,62,0.0019074102165177464,0.05280061438679695
5600,55,3,4,mid_5_8,146,0.00037661887472495437,0.02511223964393139
5600,55,3,4,far_gt8,763,0.00016750131908338517,0.017224276438355446
5600,55,3,5,inside,25,0.4078841805458069,0.8990922570228577
5600,55,3,5,ring_1,28,0.0638243556022644,0.31660598516464233
5600,55,3,5,near_2_4,62,0.002876926911994815,0.06528711318969727
5600,55,3,5,mid_5_8,146,0.0005861071404069662,0.031249886378645897
5600,55,3,5,far_gt8,763,0.00023235905973706394,0.020042672753334045
5600,55,3,6,inside,25,0.48726630210876465,0.9848670959472656
5600,55,3,6,ring_1,28,0.10416045039892197,0.41617605090141296
5600,55,3,6,near_2_4,62,0.0050481450743973255,0.08656860888004303
5600,55,3,6,mid_5_8,146,0.0008326572715304792,0.037105053663253784
5600,55,3,6,far_gt8,763,0.0003227971028536558,0.023677101358771324
5600,55,3,7,inside,25,0.57575923204422,1.0712529420852661
5600,55,3,7,ring_1,28,0.12524743378162384,0.45768383145332336
5600,55,3,7,near_2_4,62,0.008083837106823921,0.10877027362585068
5600,55,3,7,mid_5_8,146,0.0014995556557551026,0.04739268496632576
5600,55,3,7,far_gt8,763,0.00044870274723507464,0.02724936231970787
5600,55,3,8,inside,25,0.5613948702812195,1.0581904649734497
5600,55,3,8,ring_1,28,0.13597795367240906,0.476733535528183
5600,55,3,8,near_2_4,62,0.008544194512069225,0.11230562627315521
5600,55,3,8,mid_5_8,146,0.0016941208159551024,0.05036827549338341
5600,55,3,8,far_gt8,763,0.0006330156465992332,0.03173959255218506
5600,55,3,9,inside,25,0.5750827789306641,1.0712251663208008
5600,55,3,9,ring_1,28,0.16846731305122375,0.5353773236274719
5600,55,3,9,near_2_4,62,0.012234414927661419,0.13255412876605988
5600,55,3,9,mid_5_8,146,0.002112366957589984,0.05541329085826874
5600,55,3,9,far_gt8,763,0.0007899088668636978,0.034572187811136246
5600,55,3,10,inside,25,0.60439133644104,1.097863793373108
5600,55,3,10,ring_1,28,0.18144743144512177,0.5575617551803589
5600,55,3,10,near_2_4,62,0.014394765719771385,0.1418791115283966
5600,55,3,10,mid_5_8,146,0.002124649938195944,0.05564103648066521
5600,55,3,10,far_gt8,763,0.0009048174251802266,0.036735061556100845
5600,55,3,11,inside,25,0.6109890341758728,1.1038720607757568
5600,55,3,11,ring_1,28,0.19140027463436127,0.5726309418678284
5600,55,3,11,near_2_4,62,0.017355723306536674,0.15407095849514008
5600,55,3,11,mid_5_8,146,0.0024420656263828278,0.06005005165934563
5600,55,3,11,far_gt8,763,0.00105510582216084,0.03979301080107689
5600,55,3,12,inside,25,0.6407192945480347,1.1305934190750122
5600,55,3,12,ring_1,28,0.1997213512659073,0.5830021500587463
5600,55,3,12,near_2_4,62,0.02195928245782852,0.16743318736553192
5600,55,3,12,mid_5_8,146,0.002871759468689561,0.06484833359718323
5600,55,3,12,far_gt8,763,0.0015088181244209409,0.04683014377951622
5600,55,3,13,inside,25,0.6849381923675537,1.1679965257644653
5600,55,3,13,ring_1,28,0.22639192640781403,0.6194575428962708
5600,55,3,13,near_2_4,62,0.030465660616755486,0.1878858208656311
5600,55,3,13,mid_5_8,146,0.0034005846828222275,0.06969832628965378
5600,55,3,13,far_gt8,763,0.0018813966307789087,0.05127755180001259
5600,55,3,14,inside,25,0.6889136433601379,1.170852541923523
5600,55,3,14,ring_1,28,0.24173788726329803,0.6327385902404785
5600,55,3,14,near_2_4,62,0.036627765744924545,0.19919511675834656
5600,55,3,14,mid_5_8,146,0.0036698852200061083,0.07239346951246262
5600,55,3,14,far_gt8,763,0.0025508084800094366,0.05778009071946144
5600,55,3,15,inside,25,0.774265468120575,1.2406644821166992
5600,55,3,15,ring_1,28,0.25733646750450134,0.649131715297699
5600,55,3,15,near_2_4,62,0.041019320487976074,0.20833934843540192
5600,55,3,15,mid_5_8,146,0.0040161204524338245,0.07509269565343857
5600,55,3,15,far_gt8,763,0.002916970755904913,0.06082236394286156
5600,55,3,16,inside,25,0.7801235914230347,1.2457873821258545
5600,55,3,16,ring_1,28,0.2636229395866394,0.658110499382019
5600,55,3,16,near_2_4,62,0.04458379000425339,0.21620409190654755
5600,55,3,16,mid_5_8,146,0.004633066710084677,0.08029241114854813
5600,55,3,16,far_gt8,763,0.0034829105716198683,0.06595364958047867
5600,55,3,17,inside,25,0.7810238003730774,1.2468879222869873
5600,55,3,17,ring_1,28,0.24754561483860016,0.6393600702285767
5600,55,3,17,near_2_4,62,0.042883917689323425,0.21335811913013458
5600,55,3,17,mid_5_8,146,0.004656923934817314,0.08137456327676773
5600,55,3,17,far_gt8,763,0.0037803510203957558,0.06903136521577835
5600,55,3,18,inside,25,0.8140810132026672,1.2732878923416138
5600,55,3,18,ring_1,28,0.272455632686615,0.6703088879585266
5600,55,3,18,near_2_4,62,0.04520280659198761,0.2192562222480774
5600,55,3,18,mid_5_8,146,0.0052050636149942875,0.08464539051055908
5600,55,3,18,far_gt8,763,0.004413966089487076,0.07299260795116425
5600,55,3,19,inside,25,0.8348153829574585,1.2896534204483032
5600,55,3,19,ring_1,28,0.2823624312877655,0.6861492991447449
5600,55,3,19,near_2_4,62,0.0470171794295311,0.22832579910755157
5600,55,3,19,mid_5_8,146,0.006138492375612259,0.09236371517181396
5600,55,3,19,far_gt8,763,0.005252063740044832,0.08030640333890915
5600,55,3,20,inside,25,0.7957459092140198,1.2585420608520508
5600,55,3,20,ring_1,28,0.27831318974494934,0.68223637342453
5600,55,3,20,near_2_4,62,0.049564510583877563,0.2340480387210846
5600,55,3,20,mid_5_8,146,0.00716746412217617,0.09861445426940918
5600,55,3,20,far_gt8,763,0.006234870292246342,0.08615915477275848
5600,55,3,21,inside,25,0.776603639125824,1.2438740730285645
5600,55,3,21,ring_1,28,0.2750697135925293,0.6810289025306702
5600,55,3,21,near_2_4,62,0.048299532383680344,0.23215468227863312
5600,55,3,21,mid_5_8,146,0.007563628721982241,0.10082617402076721
5600,55,3,21,far_gt8,763,0.00671656196936965,0.08968428522348404
5600,55,3,22,inside,25,0.7456918358802795,1.2185455560684204
5600,55,3,22,ring_1,28,0.2680618166923523,0.6744509935379028
5600,55,3,22,near_2_4,62,0.04836898297071457,0.2377782166004181
5600,55,3,22,mid_5_8,146,0.00876615010201931,0.10773316770792007
5600,55,3,22,far_gt8,763,0.007603269070386887,0.095455601811409
5600,55,3,23,inside,25,0.697946310043335,1.1789857149124146
5600,55,3,23,ring_1,28,0.2599073648452759,0.6628357768058777
5600,55,3,23,near_2_4,62,0.0527474619448185,0.248724564909935
5600,55,3,23,mid_5_8,146,0.009990514256060123,0.11708127707242966
5600,55,3,23,far_gt8,763,0.008762438781559467,0.10424903780221939
5600,55,3,24,inside,25,0.7190499901771545,1.1975843906402588
5600,55,3,24,ring_1,28,0.27802789211273193,0.6827055215835571
5600,55,3,24,near_2_4,62,0.06038782000541687,0.2666250467300415
5600,55,3,24,mid_5_8,146,0.012606464326381683,0.12906749546527863
5600,55,3,24,far_gt8,763,0.011285489425063133,0.11702651530504227
5600,55,3,25,inside,25,0.6684967279434204,1.154919147491455
5600,55,3,25,ring_1,28,0.2605430781841278,0.6674825549125671
5600,55,3,25,near_2_4,62,0.06360077857971191,0.27567416429519653
5600,55,3,25,mid_5_8,146,0.015491713769733906,0.14061544835567474
5600,55,3,25,far_gt8,763,0.013391530141234398,0.12726657092571259
5600,55,3,26,inside,25,0.6678146123886108,1.1544917821884155
5600,55,3,26,ring_1,28,0.2701106667518616,0.6847357153892517
5600,55,3,26,near_2_4,62,0.07420830428600311,0.29990118741989136
5600,55,3,26,mid_5_8,146,0.019712122157216072,0.15688788890838623
5600,55,3,26,far_gt8,763,0.016881052404642105,0.1434541642665863
5600,55,3,27,inside,25,0.7613400816917419,1.2327995300292969
5600,55,3,27,ring_1,28,0.3092483878135681,0.7312030792236328
5600,55,3,27,near_2_4,62,0.08318714052438736,0.3164360523223877
5600,55,3,27,mid_5_8,146,0.023103557527065277,0.16961155831813812
5600,55,3,27,far_gt8,763,0.02027774788439274,0.15824195742607117
5992,56,1,0,inside,106,0.038451116532087326,0.2342492789030075
5992,56,1,0,ring_1,42,9.934107758624577e-09,0.0
5992,56,1,0,near_2_4,97,1.0446174592004809e-08,0.0
5992,56,1,0,mid_5_8,172,1.2475390498423167e-08,0.0
5992,56,1,0,far_gt8,607,2.160300160980455e-09,0.0
5992,56,1,1,inside,106,0.07514479756355286,0.3437441289424896
5992,56,1,1,ring_1,42,6.139704055385664e-05,0.010690736584365368
5992,56,1,1,near_2_4,97,5.7083430874627084e-05,0.010004754178225994
5992,56,1,1,mid_5_8,172,6.541817856486887e-05,0.010523077100515366
5992,56,1,1,far_gt8,607,8.428322325926274e-05,0.012151369825005531
5992,56,1,2,inside,106,0.21823707222938538,0.6404955387115479
5992,56,1,2,ring_1,42,0.0036390693858265877,0.07869076728820801
5992,56,1,2,near_2_4,97,0.0008507696911692619,0.04040531441569328
5992,56,1,2,mid_5_8,172,0.0005420363158918917,0.03246420994400978
5992,56,1,2,far_gt8,607,0.00040740048279985785,0.027947738766670227
5992,56,1,3,inside,106,0.37579506635665894,0.8563189506530762
5992,56,1,3,ring_1,42,0.01965242438018322,0.18349909782409668
5992,56,1,3,near_2_4,97,0.002412295900285244,0.06769584864377975
5992,56,1,3,mid_5_8,172,0.001279889140278101,0.049066465348005295
5992,56,1,3,far_gt8,607,0.0009823977015912533,0.04302901029586792
5992,56,1,4,inside,106,0.43462926149368286,0.9250473380088806
5992,56,1,4,ring_1,42,0.031301967799663544,0.22792647778987885
5992,56,1,4,near_2_4,97,0.0033765442203730345,0.07973144203424454
5992,56,1,4,mid_5_8,172,0.0016994933830574155,0.05653596296906471
5992,56,1,4,far_gt8,607,0.0013232291676104069,0.04982835054397583
5992,56,1,5,inside,106,0.44318506121635437,0.9352623820304871
5992,56,1,5,ring_1,42,0.042914729565382004,0.27207911014556885
5992,56,1,5,near_2_4,97,0.004721770994365215,0.09487055987119675
5992,56,1,5,mid_5_8,172,0.00236672000028193,0.06712460517883301
5992,56,1,5,far_gt8,607,0.0017612767405807972,0.05711264908313751
5992,56,1,6,inside,106,0.5410245060920715,1.0332539081573486
5992,56,1,6,ring_1,42,0.06512381881475449,0.3364490270614624
5992,56,1,6,near_2_4,97,0.006807555910199881,0.11309786885976791
5992,56,1,6,mid_5_8,172,0.0029799609910696745,0.07546164840459824
5992,56,1,6,far_gt8,607,0.002315250923857093,0.06509003043174744
5992,56,1,7,inside,106,0.5793957710266113,1.0690196752548218
5992,56,1,7,ring_1,42,0.08624081313610077,0.38563424348831177
5992,56,1,7,near_2_4,97,0.009255731478333473,0.13126122951507568
5992,56,1,7,mid_5_8,172,0.003595188958570361,0.08302108943462372
5992,56,1,7,far_gt8,607,0.002652751049026847,0.06909214705228806
5992,56,1,8,inside,106,0.5432069301605225,1.0347847938537598
5992,56,1,8,ring_1,42,0.09859754890203476,0.4095451831817627
5992,56,1,8,near_2_4,97,0.011509926058351994,0.14642876386642456
5992,56,1,8,mid_5_8,172,0.004591262433677912,0.09365507960319519
5992,56,1,8,far_gt8,607,0.0031153373420238495,0.07480700314044952
5992,56,1,9,inside,106,0.548996090888977,1.0377966165542603
5992,56,1,9,ring_1,42,0.10893329232931137,0.43290773034095764
5992,56,1,9,near_2_4,97,0.014054205268621445,0.1605433076620102
5992,56,1,9,mid_5_8,172,0.005117401946336031,0.0989239364862442
5992,56,1,9,far_gt8,607,0.0035760849714279175,0.07931320369243622
5992,56,1,10,inside,106,0.5320163369178772,1.0140550136566162
5992,56,1,10,ring_1,42,0.11416298896074295,0.43989768624305725
5992,56,1,10,near_2_4,97,0.01495323982089758,0.16441577672958374
5992,56,1,10,mid_5_8,172,0.005320579279214144,0.10076654702425003
5992,56,1,10,far_gt8,607,0.003879711264744401,0.08157210797071457
5992,56,1,11,inside,106,0.559345006942749,1.0399112701416016
5992,56,1,11,ring_1,42,0.1374068260192871,0.48155084252357483
5992,56,1,11,near_2_4,97,0.018495358526706696,0.1817774772644043
5992,56,1,11,mid_5_8,172,0.006416258402168751,0.10949979722499847
5992,56,1,11,far_gt8,607,0.004716407507658005,0.08926920592784882
5992,56,1,12,inside,106,0.5651060342788696,1.0447971820831299
5992,56,1,12,ring_1,42,0.15111541748046875,0.5040393471717834
5992,56,1,12,near_2_4,97,0.022847235202789307,0.19880862534046173
5992,56,1,12,mid_5_8,172,0.008353795856237411,0.12293500453233719
5992,56,1,12,far_gt8,607,0.006114317569881678,0.10082687437534332
5992,56,1,13,inside,106,0.6134622693061829,1.0893945693969727
5992,56,1,13,ring_1,42,0.17487530410289764,0.5417966842651367
5992,56,1,13,near_2_4,97,0.03169528394937515,0.22562453150749207
5992,56,1,13,mid_5_8,172,0.01070893183350563,0.13655158877372742
5992,56,1,13,far_gt8,607,0.007805230561643839,0.11056214570999146
5992,56,1,14,inside,106,0.6326134204864502,1.1080313920974731
5992,56,1,14,ring_1,42,0.19036895036697388,0.5588885545730591
5992,56,1,14,near_2_4,97,0.0387972816824913,0.2386482059955597
5992,56,1,14,mid_5_8,172,0.013704825192689896,0.14816391468048096
5992,56,1,14,far_gt8,607,0.009596209973096848,0.1204112246632576
5992,56,1,15,inside,106,0.6685920357704163,1.138327956199646
5992,56,1,15,ring_1,42,0.21466466784477234,0.5899899005889893
5992,56,1,15,near_2_4,97,0.04666640982031822,0.2567559778690338
5992,56,1,15,mid_5_8,172,0.01614660955965519,0.156874418258667
5992,56,1,15,far_gt8,607,0.01079306285828352,0.1252046525478363
5992,56,1,16,inside,106,0.6846520900726318,1.1517897844314575
5992,56,1,16,ring_1,42,0.22849208116531372,0.6094237565994263
5992,56,1,16,near_2_4,97,0.05201950669288635,0.26990121603012085
5992,56,1,16,mid_5_8,172,0.018854504451155663,0.16590267419815063
5992,56,1,16,far_gt8,607,0.01264649722725153,0.1340962052345276
5992,56,1,17,inside,106,0.6667152047157288,1.135330319404602
5992,56,1,17,ring_1,42,0.2268291413784027,0.606922447681427
5992,56,1,17,near_2_4,97,0.054354943335056305,0.27362775802612305
5992,56,1,17,mid_5_8,172,0.020226547494530678,0.16992177069187164
5992,56,1,17,far_gt8,607,0.013646082021296024,0.13813701272010803
5992,56,1,18,inside,106,0.6658725142478943,1.1313421726226807
5992,56,1,18,ring_1,42,0.2439275085926056,0.626258909702301
5992,56,1,18,near_2_4,97,0.057944461703300476,0.2788485586643219
5992,56,1,18,mid_5_8,172,0.02264420874416828,0.17631666362285614
5992,56,1,18,far_gt8,607,0.014548702165484428,0.14017993211746216
5992,56,1,19,inside,106,0.7059066891670227,1.1662540435791016
5992,56,1,19,ring_1,42,0.2600085735321045,0.649048924446106
5992,56,1,19,near_2_4,97,0.06419465690851212,0.29426702857017517
5992,56,1,19,mid_5_8,172,0.025053484365344048,0.18705891072750092
5992,56,1,19,far_gt8,607,0.016472026705741882,0.14924314618110657
5992,56,1,20,inside,106,0.6786968111991882,1.1429991722106934
5992,56,1,20,ring_1,42,0.26532623171806335,0.6520223617553711
5992,56,1,20,near_2_4,97,0.06634669005870819,0.2944313585758209
5992,56,1,20,mid_5_8,172,0.02778700552880764,0.19272875785827637
5992,56,1,20,far_gt8,607,0.01857333816587925,0.15573915839195251
5992,56,1,21,inside,106,0.6430564522743225,1.110980749130249
5992,56,1,21,ring_1,42,0.2559802532196045,0.6397198438644409
5992,56,1,21,near_2_4,97,0.06542878597974777,0.29358115792274475
5992,56,1,21,mid_5_8,172,0.028359252959489822,0.19636453688144684
5992,56,1,21,far_gt8,607,0.019029105082154274,0.1574871987104416
5992,56,1,22,inside,106,0.6342402696609497,1.1028475761413574
5992,56,1,22,ring_1,42,0.25105586647987366,0.631884753704071
5992,56,1,22,near_2_4,97,0.06708706170320511,0.2957354187965393
5992,56,1,22,mid_5_8,172,0.029288874939084053,0.20018042623996735
5992,56,1,22,far_gt8,607,0.019912390038371086,0.16168062388896942
5992,56,1,23,inside,106,0.6027852296829224,1.0763410329818726
5992,56,1,23,ring_1,42,0.2374146580696106,0.6170916557312012
5992,56,1,23,near_2_4,97,0.06788143515586853,0.2988947331905365
5992,56,1,23,mid_5_8,172,0.03146491199731827,0.20646390318870544
5992,56,1,23,far_gt8,607,0.020410718396306038,0.1642354279756546
5992,56,1,24,inside,106,0.6038169860839844,1.0775330066680908
5992,56,1,24,ring_1,42,0.25314587354660034,0.6363404989242554
5992,56,1,24,near_2_4,97,0.0775250643491745,0.3186678886413574
5992,56,1,24,mid_5_8,172,0.03859210014343262,0.22551117837429047
5992,56,1,24,far_gt8,607,0.024371957406401634,0.17582246661186218
5992,56,1,25,inside,106,0.5499072074890137,1.0291929244995117
5992,56,1,25,ring_1,42,0.24663934111595154,0.6272704005241394
5992,56,1,25,near_2_4,97,0.08283350616693497,0.3296971619129181
5992,56,1,25,mid_5_8,172,0.0440555065870285,0.23867946863174438
5992,56,1,25,far_gt8,607,0.027511119842529297,0.18620848655700684
5992,56,1,26,inside,106,0.5839244723320007,1.0609416961669922
5992,56,1,26,ring_1,42,0.2573300004005432,0.6438737511634827
5992,56,1,26,near_2_4,97,0.09559787809848785,0.35506102442741394
5992,56,1,26,mid_5_8,172,0.05322113260626793,0.26449286937713623
5992,56,1,26,far_gt8,607,0.03514425456523895,0.2117186337709427
5992,56,1,27,inside,106,0.6654360890388489,1.134114384651184
5992,56,1,27,ring_1,42,0.29037991166114807,0.6874450445175171
5992,56,1,27,near_2_4,97,0.11139261722564697,0.3857824206352234
5992,56,1,27,mid_5_8,172,0.06328154355287552,0.29085487127304077
5992,56,1,27,far_gt8,607,0.04339617118239403,0.2388027161359787
6012,57,1,0,inside,152,0.0702720358967781,0.36832016706466675
6012,57,1,0,ring_1,60,1.0927518445669193e-08,0.0
6012,57,1,0,near_2_4,145,1.1509862396508197e-08,0.0
6012,57,1,0,mid_5_8,265,6.7476957354983824e-09,0.0
6012,57,1,0,far_gt8,402,6.523891649123925e-09,0.0
6012,57,1,1,inside,152,0.09677339345216751,0.4298689365386963
6012,57,1,1,ring_1,60,0.0006863921880722046,0.03571099415421486
6012,57,1,1,near_2_4,145,0.0005862178513780236,0.033614955842494965
6012,57,1,1,mid_5_8,265,0.0005051451153121889,0.030885739251971245
6012,57,1,1,far_gt8,402,0.00044449171400628984,0.029024792835116386
6012,57,1,2,inside,152,0.2600761353969574,0.7164738178253174
6012,57,1,2,ring_1,60,0.009414400905370712,0.1287597119808197
6012,57,1,2,near_2_4,145,0.004058558959513903,0.08812069147825241
6012,57,1,2,mid_5_8,265,0.0026377742178738117,0.07109588384628296
6012,57,1,2,far_gt8,402,0.0017450453015044332,0.05813692882657051
6012,57,1,3,inside,152,0.4044082462787628,0.8962681293487549
6012,57,1,3,ring_1,60,0.024222170934081078,0.20668785274028778
6012,57,1,3,near_2_4,145,0.006985302548855543,0.11548662185668945
6012,57,1,3,mid_5_8,265,0.004171799868345261,0.08907640725374222
6012,57,1,3,far_gt8,402,0.0024560883175581694,0.06888151168823242
6012,57,1,4,inside,152,0.45112112164497375,0.9468641877174377
6012,57,1,4,ring_1,60,0.034440137445926666,0.24599452316761017
6012,57,1,4,near_2_4,145,0.008513948880136013,0.1266096979379654
6012,57,1,4,mid_5_8,265,0.00492241233587265,0.09621137380599976
6012,57,1,4,far_gt8,402,0.002889997325837612,0.07466478645801544
6012,57,1,5,inside,152,0.4384528696537018,0.9339371919631958
6012,57,1,5,ring_1,60,0.04307425022125244,0.27317988872528076
6012,57,1,5,near_2_4,145,0.009293334558606148,0.13284388184547424
6012,57,1,5,mid_5_8,265,0.005377345718443394,0.10053500533103943
6012,57,1,5,far_gt8,402,0.0031169361900538206,0.07745776325464249
6012,57,1,6,inside,152,0.516600489616394,1.0133869647979736
6012,57,1,6,ring_1,60,0.06381647288799286,0.33301082253456116
6012,57,1,6,near_2_4,145,0.011646957136690617,0.14830201864242554
6012,57,1,6,mid_5_8,265,0.005899625830352306,0.10493313521146774
6012,57,1,6,far_gt8,402,0.0033308612182736397,0.07978640496730804
6012,57,1,7,inside,152,0.531970202922821,1.028355360031128
6012,57,1,7,ring_1,60,0.07069166004657745,0.3512256443500519
6012,57,1,7,near_2_4,145,0.013622945174574852,0.16027379035949707
6012,57,1,7,mid_5_8,265,0.006667612120509148,0.11101075261831284
6012,57,1,7,far_gt8,402,0.003373953280970454,0.07962576299905777
6012,57,1,8,inside,152,0.4901310205459595,0.9869562387466431
6012,57,1,8,ring_1,60,0.07905561476945877,0.37258052825927734
6012,57,1,8,near_2_4,145,0.01424231007695198,0.16387945413589478
6012,57,1,8,mid_5_8,265,0.006912761367857456,0.11322854459285736
6012,57,1,8,far_gt8,402,0.0035855972673743963,0.08164051920175552
6012,57,1,9,inside,152,0.4928748905658722,0.988497793674469
6012,57,1,9,ring_1,60,0.08396542072296143,0.38381829857826233
6012,57,1,9,near_2_4,145,0.0149555504322052,0.16778503358364105
6012,57,1,9,mid_5_8,265,0.00735103664919734,0.11697185039520264
6012,57,1,9,far_gt8,402,0.004131666850298643,0.08691337704658508
6012,57,1,10,inside,152,0.5046083331108093,1.000767469406128
6012,57,1,10,ring_1,60,0.09271243214607239,0.4011780619621277
6012,57,1,10,near_2_4,145,0.016530780121684074,0.17578408122062683
6012,57,1,10,mid_5_8,265,0.008026660420000553,0.12164244800806046
6012,57,1,10,far_gt8,402,0.0048585813492536545,0.09293704479932785
6012,57,1,11,inside,152,0.5200843811035156,1.0158745050430298
6012,57,1,11,ring_1,60,0.10725162923336029,0.42980334162712097
6012,57,1,11,near_2_4,145,0.01953636109828949,0.19054070115089417
6012,57,1,11,mid_5_8,265,0.009871471673250198,0.1342500001192093
6012,57,1,11,far_gt8,402,0.005892856977880001,0.1013098657131195
6012,57,1,12,inside,152,0.5207277536392212,1.0147302150726318
6012,57,1,12,ring_1,60,0.118415966629982,0.45340225100517273
6012,57,1,12,near_2_4,145,0.02422407642006874,0.21245041489601135
6012,57,1,12,mid_5_8,265,0.012732055969536304,0.1521664708852768
6012,57,1,12,far_gt8,402,0.00799252837896347,0.11596239358186722
6012,57,1,13,inside,152,0.5462379455566406,1.038435459136963
6012,57,1,13,ring_1,60,0.13143429160118103,0.4788920283317566
6012,57,1,13,near_2_4,145,0.03057257831096649,0.2376280128955841
6012,57,1,13,mid_5_8,265,0.015899507328867912,0.16894012689590454
6012,57,1,13,far_gt8,402,0.010789096355438232,0.13273122906684875
6012,57,1,14,inside,152,0.5506675839424133,1.0433845520019531
6012,57,1,14,ring_1,60,0.14127691090106964,0.49225863814353943
6012,57,1,14,near_2_4,145,0.03247712925076485,0.24295125901699066
6012,57,1,14,mid_5_8,265,0.01818796619772911,0.1779712438583374
6012,57,1,14,far_gt8,402,0.015008648857474327,0.153134286403656
6012,57,1,15,inside,152,0.6030802726745605,1.092947006225586
6012,57,1,15,ring_1,60,0.15537458658218384,0.5163251161575317
6012,57,1,15,near_2_4,145,0.03705940395593643,0.2582131326198578
6012,57,1,15,mid_5_8,265,0.021680032834410667,0.1921812891960144
6012,57,1,15,far_gt8,402,0.02033674344420433,0.1729990690946579
6012,57,1,16,inside,152,0.6518594622612,1.1367464065551758
6012,57,1,16,ring_1,60,0.17762543261051178,0.5525525808334351
6012,57,1,16,near_2_4,145,0.043120767921209335,0.27785947918891907
6012,57,1,16,mid_5_8,265,0.026444189250469208,0.21082115173339844
6012,57,1,16,far_gt8,402,0.026325026527047157,0.19457489252090454
6012,57,1,17,inside,152,0.6831314563751221,1.1635522842407227
6012,57,1,17,ring_1,60,0.1842377781867981,0.563073456287384
6012,57,1,17,near_2_4,145,0.043805625289678574,0.27744635939598083
6012,57,1,17,mid_5_8,265,0.028647325932979584,0.21671587228775024
6012,57,1,17,far_gt8,402,0.032012939453125,0.2121681421995163
6012,57,1,18,inside,152,0.6701735258102417,1.1523798704147339
6012,57,1,18,ring_1,60,0.1833600103855133,0.5628846883773804
6012,57,1,18,near_2_4,145,0.04515192657709122,0.28157398104667664
6012,57,1,18,mid_5_8,265,0.030959103256464005,0.22409166395664215
6012,57,1,18,far_gt8,402,0.03605392947793007,0.22411146759986877
6012,57,1,19,inside,152,0.7155461311340332,1.190708875656128
6012,57,1,19,ring_1,60,0.19679801166057587,0.5852258205413818
6012,57,1,19,near_2_4,145,0.052181489765644073,0.30245280265808105
6012,57,1,19,mid_5_8,265,0.03611882030963898,0.24239245057106018
6012,57,1,19,far_gt8,402,0.04271361976861954,0.24528928101062775
6012,57,1,20,inside,152,0.6859676241874695,1.1658897399902344
6012,57,1,20,ring_1,60,0.18954713642597198,0.5734874606132507
6012,57,1,20,near_2_4,145,0.05143266171216965,0.2974518835544586
6012,57,1,20,mid_5_8,265,0.037663254886865616,0.24352434277534485
6012,57,1,20,far_gt8,402,0.04610094428062439,0.2512723505496979
6012,57,1,21,inside,152,0.6620673537254333,1.144964575767517
6012,57,1,21,ring_1,60,0.1832713782787323,0.5651493072509766
6012,57,1,21,near_2_4,145,0.05365283414721489,0.3032914400100708
6012,57,1,21,mid_5_8,265,0.04050865024328232,0.25173282623291016
6012,57,1,21,far_gt8,402,0.05134190246462822,0.26808440685272217
6012,57,1,22,inside,152,0.6159465909004211,1.1036354303359985
6012,57,1,22,ring_1,60,0.17219184339046478,0.5471447110176086
6012,57,1,22,near_2_4,145,0.05267998203635216,0.2971770763397217
6012,57,1,22,mid_5_8,265,0.0418795682489872,0.25348591804504395
6012,57,1,22,far_gt8,402,0.05604702979326248,0.27968621253967285
6012,57,1,23,inside,152,0.6172165870666504,1.1045783758163452
6012,57,1,23,ring_1,60,0.16986291110515594,0.5426811575889587
6012,57,1,23,near_2_4,145,0.055952224880456924,0.30520936846733093
6012,57,1,23,mid_5_8,265,0.044746123254299164,0.26139533519744873
6012,57,1,23,far_gt8,402,0.05941731482744217,0.28861287236213684
6012,57,1,24,inside,152,0.6328154802322388,1.1181964874267578
6012,57,1,24,ring_1,60,0.18138249218463898,0.5600944757461548
6012,57,1,24,near_2_4,145,0.062389228492975235,0.3210660219192505
6012,57,1,24,mid_5_8,265,0.051326487213373184,0.27875086665153503
6012,57,1,24,far_gt8,402,0.06684760004281998,0.3077944219112396
6012,57,1,25,inside,152,0.6149993538856506,1.1015174388885498
6012,57,1,25,ring_1,60,0.1834370344877243,0.5612674951553345
6012,57,1,25,near_2_4,145,0.07276968657970428,0.34537890553474426
6012,57,1,25,mid_5_8,265,0.06216464564204216,0.3061841130256653
6012,57,1,25,far_gt8,402,0.07904097437858582,0.333373099565506
6012,57,1,26,inside,152,0.6359173059463501,1.1200283765792847
6012,57,1,26,ring_1,60,0.19007731974124908,0.5677505135536194
6012,57,1,26,near_2_4,145,0.08363108336925507,0.3716699182987213
6012,57,1,26,mid_5_8,265,0.07086798548698425,0.3302270472049713
6012,57,1,26,far_gt8,402,0.0902111828327179,0.36016660928726196
6012,57,1,27,inside,152,0.7097197771072388,1.1835122108459473
6012,57,1,27,ring_1,60,0.22572676837444305,0.6205969452857971
6012,57,1,27,near_2_4,145,0.10713998228311539,0.42317673563957214
6012,57,1,27,mid_5_8,265,0.08798579126596451,0.37229180335998535
6012,57,1,27,far_gt8,402,0.10798747837543488,0.3973073661327362
6471,60,0,0,inside,105,0.08761999011039734,0.39938122034072876
6471,60,0,0,ring_1,86,1.594077758682033e-08,0.0
6471,60,0,0,near_2_4,196,-6.99442281870688e-09,0.0
6471,60,0,0,mid_5_8,276,9.934107758624577e-09,0.0
6471,60,0,0,far_gt8,361,1.1722796955382364e-08,0.0
6471,60,0,1,inside,105,0.1645222008228302,0.5465099811553955
6471,60,0,1,ring_1,86,0.00012846948811784387,0.015289902687072754
6471,60,0,1,near_2_4,196,0.0001231319474754855,0.01459565106779337
6471,60,0,1,mid_5_8,276,8.208984945667908e-05,0.011724552139639854
6471,60,0,1,far_gt8,361,5.9477511967998e-05,0.01031007431447506
6471,60,0,2,inside,105,0.3267282247543335,0.7902960777282715
6471,60,0,2,ring_1,86,0.008569451048970222,0.11710743606090546
6471,60,0,2,near_2_4,196,0.002034047618508339,0.061602022498846054
6471,60,0,2,mid_5_8,276,0.0013553586322814226,0.050264179706573486
6471,60,0,2,far_gt8,361,0.0009377418900839984,0.04182586818933487
6471,60,0,3,inside,105,0.4432949125766754,0.9286583065986633
6471,60,0,3,ring_1,86,0.026749087497591972,0.21185040473937988
6471,60,0,3,near_2_4,196,0.004491431172937155,0.09150196611881256
6471,60,0,3,mid_5_8,276,0.002964397892355919,0.07449226081371307
6471,60,0,3,far_gt8,361,0.0019998042844235897,0.06127486377954483
6471,60,0,4,inside,105,0.4914165437221527,0.9808437824249268
6471,60,0,4,ring_1,86,0.05291717126965523,0.29730913043022156
6471,60,0,4,near_2_4,196,0.006715492345392704,0.11115548014640808
6471,60,0,4,mid_5_8,276,0.004047814290970564,0.08632420748472214
6471,60,0,4,far_gt8,361,0.00253026164136827,0.06917255371809006
6471,60,0,5,inside,105,0.49664267897605896,0.98743736743927
6471,60,0,5,ring_1,86,0.0730350986123085,0.3517622947692871
6471,60,0,5,near_2_4,196,0.009328150190412998,0.1277729868888855
6471,60,0,5,mid_5_8,276,0.0052776397205889225,0.09610635787248611
6471,60,0,5,far_gt8,361,0.0031029079109430313,0.07687189429998398
6471,60,0,6,inside,105,0.5931897759437561,1.0810223817825317
6471,60,0,6,ring_1,86,0.11113256961107254,0.436703622341156
6471,60,0,6,near_2_4,196,0.021769413724541664,0.1779748499393463
6471,60,0,6,mid_5_8,276,0.009567130357027054,0.1189810186624527
6471,60,0,6,far_gt8,361,0.0038497219793498516,0.0850687325000763
6471,60,0,7,inside,105,0.621288001537323,1.1070706844329834
6471,60,0,7,ring_1,86,0.13375382125377655,0.47999653220176697
6471,60,0,7,near_2_4,196,0.03342342749238014,0.21248091757297516
6471,60,0,7,mid_5_8,276,0.014113310724496841,0.13871651887893677
6471,60,0,7,far_gt8,361,0.004617161117494106,0.09249329566955566
6471,60,0,8,inside,105,0.6013684272766113,1.0900620222091675
6471,60,0,8,ring_1,86,0.1458941549062729,0.5057796239852905
6471,60,0,8,near_2_4,196,0.04240773990750313,0.24036948382854462
6471,60,0,8,mid_5_8,276,0.020015398040413857,0.15903301537036896
6471,60,0,8,far_gt8,361,0.005405139643698931,0.10000532120466232
6471,60,0,9,inside,105,0.5879140496253967,1.0765999555587769
6471,60,0,9,ring_1,86,0.15708187222480774,0.5271369814872742
6471,60,0,9,near_2_4,196,0.05791736766695976,0.2803632318973541
6471,60,0,9,mid_5_8,276,0.03140990808606148,0.18873851001262665
6471,60,0,9,far_gt8,361,0.006390863563865423,0.10705401748418808
6471,60,0,10,inside,105,0.6007285118103027,1.088639497756958
6471,60,0,10,ring_1,86,0.1703607141971588,0.5493437647819519
6471,60,0,10,near_2_4,196,0.07165710628032684,0.30952534079551697
6471,60,0,10,mid_5_8,276,0.04158569127321243,0.21360425651073456
6471,60,0,10,far_gt8,361,0.007952540181577206,0.11760593205690384
6471,60,0,11,inside,105,0.6233019828796387,1.109627366065979
6471,60,0,11,ring_1,86,0.1923164576292038,0.5874986052513123
6471,60,0,11,near_2_4,196,0.0889449492096901,0.34672409296035767
6471,60,0,11,mid_5_8,276,0.05358531326055527,0.24460875988006592
6471,60,0,11,far_gt8,361,0.010001292452216148,0.12997642159461975
6471,60,0,12,inside,105,0.6308311820030212,1.1159899234771729
6471,60,0,12,ring_1,86,0.2126261293888092,0.6171770691871643
6471,60,0,12,near_2_4,196,0.10837690532207489,0.3838454782962799
6471,60,0,12,mid_5_8,276,0.06932059675455093,0.27986404299736023
6471,60,0,12,far_gt8,361,0.013307084329426289,0.14606525003910065
6471,60,0,13,inside,105,0.6568500399589539,1.1388399600982666
6471,60,0,13,ring_1,86,0.242974653840065,0.6621021032333374
6471,60,0,13,near_2_4,196,0.13221323490142822,0.4274435341358185
6471,60,0,13,mid_5_8,276,0.09005992859601974,0.3202626705169678
6471,60,0,13,far_gt8,361,0.01734604872763157,0.15783901512622833
6471,60,0,14,inside,105,0.6594036817550659,1.1408189535140991
6471,60,0,14,ring_1,86,0.2534957826137543,0.6750046014785767
6471,60,0,14,near_2_4,196,0.14648474752902985,0.4526280462741852
6471,60,0,14,mid_5_8,276,0.1047898456454277,0.3484506905078888
6471,60,0,14,far_gt8,361,0.020852237939834595,0.1661313772201538
6471,60,0,15,inside,105,0.7039278149604797,1.1785207986831665
6471,60,0,15,ring_1,86,0.28690284490585327,0.7162677049636841
6471,60,0,15,near_2_4,196,0.16576321423053741,0.48098018765449524
6471,60,0,15,mid_5_8,276,0.12062890827655792,0.37223315238952637
6471,60,0,15,far_gt8,361,0.023025615140795708,0.1724482625722885
6471,60,0,16,inside,105,0.7373235821723938,1.2059028148651123
6471,60,0,16,ring_1,86,0.3127989172935486,0.7467191219329834
6471,60,0,16,near_2_4,196,0.1826498806476593,0.5054584741592407
6471,60,0,16,mid_5_8,276,0.1342616081237793,0.3925076425075531
6471,60,0,16,far_gt8,361,0.025323759764432907,0.18163006007671356
6471,60,0,17,inside,105,0.7421678900718689,1.2094480991363525
6471,60,0,17,ring_1,86,0.31294867396354675,0.7479838728904724
6471,60,0,17,near_2_4,196,0.19037143886089325,0.5148984789848328
6471,60,0,17,mid_5_8,276,0.13875900208950043,0.40091556310653687
6471,60,0,17,far_gt8,361,0.026272805407643318,0.1858062595129013
6471,60,0,18,inside,105,0.7424629330635071,1.2095571756362915
6471,60,0,18,ring_1,86,0.3493957221508026,0.7893108129501343
6471,60,0,18,near_2_4,196,0.19856922328472137,0.5290181040763855
6471,60,0,18,mid_5_8,276,0.14219102263450623,0.4097277522087097
6471,60,0,18,far_gt8,361,0.02840585820376873,0.19336119294166565
6471,60,0,19,inside,105,0.7810913324356079,1.2412954568862915
6471,60,0,19,ring_1,86,0.3665526211261749,0.8072032332420349
6471,60,0,19,near_2_4,196,0.21270237863063812,0.5466490387916565
6471,60,0,19,mid_5_8,276,0.1501072347164154,0.4217504560947418
6471,60,0,19,far_gt8,361,0.030554592609405518,0.20218849182128906
6471,60,0,20,inside,105,0.7706413865089417,1.232584834098816
6471,60,0,20,ring_1,86,0.370178759098053,0.8098863363265991
6471,60,0,20,near_2_4,196,0.22116681933403015,0.5581479072570801
6471,60,0,20,mid_5_8,276,0.15763011574745178,0.43367063999176025
6471,60,0,20,far_gt8,361,0.032050762325525284,0.2057971954345703
6471,60,0,21,inside,105,0.7474825978279114,1.2142969369888306
6471,60,0,21,ring_1,86,0.372801810503006,0.8126596808433533
6471,60,0,21,near_2_4,196,0.22149598598480225,0.5622487664222717
6471,60,0,21,mid_5_8,276,0.15890714526176453,0.4407345950603485
6471,60,0,21,far_gt8,361,0.03482789918780327,0.2138599008321762
6471,60,0,22,inside,105,0.7305188775062561,1.1996512413024902
6471,60,0,22,ring_1,86,0.3587784767150879,0.7973451614379883
6471,60,0,22,near_2_4,196,0.22283580899238586,0.5637500882148743
6471,60,0,22,mid_5_8,276,0.15736496448516846,0.4395556151866913
6471,60,0,22,far_gt8,361,0.03741147741675377,0.22018103301525116
6471,60,0,23,inside,105,0.6871740221977234,1.1638269424438477
6471,60,0,23,ring_1,86,0.33105897903442383,0.7591406106948853
6471,60,0,23,near_2_4,196,0.22161374986171722,0.5582742094993591
6471,60,0,23,mid_5_8,276,0.15553656220436096,0.43733134865760803
6471,60,0,23,far_gt8,361,0.040718331933021545,0.22631704807281494
6471,60,0,24,inside,105,0.6785497069358826,1.1560893058776855
6471,60,0,24,ring_1,86,0.3369929790496826,0.7659735679626465
6471,60,0,24,near_2_4,196,0.23758810758590698,0.5814570784568787
6471,60,0,24,mid_5_8,276,0.1655532568693161,0.4542144536972046
6471,60,0,24,far_gt8,361,0.04524315893650055,0.23691622912883759
6471,60,0,25,inside,105,0.6502712965011597,1.1315139532089233
6471,60,0,25,ring_1,86,0.34100577235221863,0.7679244875907898
6471,60,0,25,near_2_4,196,0.23634874820709229,0.585481584072113
6471,60,0,25,mid_5_8,276,0.17196032404899597,0.4694136381149292
6471,60,0,25,far_gt8,361,0.04859692230820656,0.2485703080892563
6471,60,0,26,inside,105,0.6736099123954773,1.1526528596878052
6471,60,0,26,ring_1,86,0.36465996503829956,0.7936415672302246
6471,60,0,26,near_2_4,196,0.2572290897369385,0.6163376569747925
6471,60,0,26,mid_5_8,276,0.19465582072734833,0.5075410604476929
6471,60,0,26,far_gt8,361,0.05889248475432396,0.27787038683891296
6471,60,0,27,inside,105,0.7463021874427795,1.2121549844741821
6471,60,0,27,ring_1,86,0.4020216166973114,0.8327516317367554
6471,60,0,27,near_2_4,196,0.28382134437561035,0.6546651124954224
6471,60,0,27,mid_5_8,276,0.21293200552463531,0.5396662354469299
6471,60,0,27,far_gt8,361,0.07140301167964935,0.3148934245109558
6614,61,1,0,inside,97,0.04321480914950371,0.25688108801841736
6614,61,1,0,ring_1,43,5.544618097985676e-09,0.0
6614,61,1,0,near_2_4,96,6.208817349140361e-10,0.0
6614,61,1,0,mid_5_8,170,5.9604645663569045e-09,0.0
6614,61,1,0,far_gt8,618,7.715811989328358e-09,0.0
6614,61,1,1,inside,97,0.08369574695825577,0.38010138273239136
6614,61,1,1,ring_1,43,0.00012132040137657896,0.01495972741395235
6614,61,1,1,near_2_4,96,0.00012331145990174264,0.015151810832321644
6614,61,1,1,mid_5_8,170,0.00010601948451949283,0.013955186121165752
6614,61,1,1,far_gt8,618,7.918602204881608e-05,0.011928207240998745
6614,61,1,2,inside,97,0.21796302497386932,0.6386260390281677
6614,61,1,2,ring_1,43,0.00858002994209528,0.11518698930740356
6614,61,1,2,near_2_4,96,0.0008555513923056424,0.040217671543359756
6614,61,1,2,mid_5_8,170,0.0005738672334700823,0.033048197627067566
6614,61,1,2,far_gt8,618,0.00041343035991303623,0.027751583606004715
6614,61,1,3,inside,97,0.342719167470932,0.8066977262496948
6614,61,1,3,ring_1,43,0.025769449770450592,0.19863152503967285
6614,61,1,3,near_2_4,96,0.002688224660232663,0.07142630964517593
6614,61,1,3,mid_5_8,170,0.0017134287627413869,0.05685565993189812
6614,61,1,3,far_gt8,618,0.0011578986886888742,0.04564646631479263
6614,61,1,4,inside,97,0.40327316522598267,0.8786178827285767
6614,61,1,4,ring_1,43,0.051871541887521744,0.2893228232860565
6614,61,1,4,near_2_4,96,0.004446998704224825,0.09041517227888107
6614,61,1,4,mid_5_8,170,0.002874700352549553,0.07222586125135422
6614,61,1,4,far_gt8,618,0.001873846398666501,0.05704815685749054
6614,61,1,5,inside,97,0.4033021330833435,0.8804799318313599
6614,61,1,5,ring_1,43,0.059755146503448486,0.3171646296977997
6614,61,1,5,near_2_4,96,0.006482625380158424,0.10888322442770004
6614,61,1,5,mid_5_8,170,0.00391780911013484,0.08472172915935516
6614,61,1,5,far_gt8,618,0.0024366651196032763,0.06526023149490356
6614,61,1,6,inside,97,0.4937681555747986,0.9749433994293213
6614,61,1,6,ring_1,43,0.08909096568822861,0.3939785957336426
6614,61,1,6,near_2_4,96,0.01064956933259964,0.13636820018291473
6614,61,1,6,mid_5_8,170,0.005394194275140762,0.09909949451684952
6614,61,1,6,far_gt8,618,0.0033496294636279345,0.07633558660745621
6614,61,1,7,inside,97,0.5364217758178711,1.0150238275527954
6614,61,1,7,ring_1,43,0.10047601908445358,0.4191291332244873
6614,61,1,7,near_2_4,96,0.0131116583943367,0.15036477148532867
6614,61,1,7,mid_5_8,170,0.006169090513139963,0.10549051314592361
6614,61,1,7,far_gt8,618,0.0035918052308261395,0.0793338492512703
6614,61,1,8,inside,97,0.5031404495239258,0.9828046560287476
6614,61,1,8,ring_1,43,0.11530914157629013,0.44727233052253723
6614,61,1,8,near_2_4,96,0.015745697543025017,0.16356796026229858
6614,61,1,8,mid_5_8,170,0.006830556783825159,0.11037968844175339
6614,61,1,8,far_gt8,618,0.003861957462504506,0.082329161465168
6614,61,1,9,inside,97,0.519687831401825,0.9976409673690796
6614,61,1,9,ring_1,43,0.12427938729524612,0.4676845371723175
6614,61,1,9,near_2_4,96,0.018963361158967018,0.17900045216083527
6614,61,1,9,mid_5_8,170,0.007589643355458975,0.11591140180826187
6614,61,1,9,far_gt8,618,0.004169261548668146,0.08540419489145279
6614,61,1,10,inside,97,0.5183403491973877,0.9962035417556763
6614,61,1,10,ring_1,43,0.13144995272159576,0.4782388508319855
6614,61,1,10,near_2_4,96,0.022259948775172234,0.19212140142917633
6614,61,1,10,mid_5_8,170,0.008209899067878723,0.12017771601676941
6614,61,1,10,far_gt8,618,0.004618043079972267,0.08927097916603088
6614,61,1,11,inside,97,0.5377345085144043,1.0135858058929443
6614,61,1,11,ring_1,43,0.15112847089767456,0.5131091475486755
6614,61,1,11,near_2_4,96,0.02686501480638981,0.21109609305858612
6614,61,1,11,mid_5_8,170,0.00950840674340725,0.12914913892745972
6614,61,1,11,far_gt8,618,0.005505979526787996,0.09711197018623352
6614,61,1,12,inside,97,0.5628347396850586,1.036765456199646
6614,61,1,12,ring_1,43,0.172448068857193,0.5493187308311462
6614,61,1,12,near_2_4,96,0.0338415689766407,0.2348300963640213
6614,61,1,12,mid_5_8,170,0.012504270300269127,0.14491142332553864
6614,61,1,12,far_gt8,618,0.007474863901734352,0.11011255532503128
6614,61,1,13,inside,97,0.5986698865890503,1.0696966648101807
6614,61,1,13,ring_1,43,0.20360088348388672,0.5965678095817566
6614,61,1,13,near_2_4,96,0.04195606708526611,0.25950637459754944
6614,61,1,13,mid_5_8,170,0.016294246539473534,0.16272561252117157
6614,61,1,13,far_gt8,618,0.009519473649561405,0.12281100451946259
6614,61,1,14,inside,97,0.6125363111495972,1.0820099115371704
6614,61,1,14,ring_1,43,0.2164597362279892,0.6091772317886353
6614,61,1,14,near_2_4,96,0.051010068506002426,0.27958306670188904
6614,61,1,14,mid_5_8,170,0.0213104747235775,0.18122270703315735
6614,61,1,14,far_gt8,618,0.012483068741858006,0.1373780369758606
6614,61,1,15,inside,97,0.6724374294281006,1.1341723203659058
6614,61,1,15,ring_1,43,0.2337532639503479,0.6293860077857971
6614,61,1,15,near_2_4,96,0.058469753712415695,0.29439693689346313
6614,61,1,15,mid_5_8,170,0.026172110810875893,0.19475005567073822
6614,61,1,15,far_gt8,618,0.014893696643412113,0.14719775319099426
6614,61,1,16,inside,97,0.7045228481292725,1.1613765954971313
6614,61,1,16,ring_1,43,0.24886766076087952,0.6476063132286072
6614,61,1,16,near_2_4,96,0.06890556216239929,0.3158818185329437
6614,61,1,16,mid_5_8,170,0.03143760934472084,0.21110932528972626
6614,61,1,16,far_gt8,618,0.017850933596491814,0.1614222228527069
6614,61,1,17,inside,97,0.7213376760482788,1.1751173734664917
6614,61,1,17,ring_1,43,0.25375375151634216,0.6538581848144531
6614,61,1,17,near_2_4,96,0.07269603759050369,0.3234642446041107
6614,61,1,17,mid_5_8,170,0.034382373094558716,0.22093160450458527
6614,61,1,17,far_gt8,618,0.02054980769753456,0.17193979024887085
6614,61,1,18,inside,97,0.7125937342643738,1.1683096885681152
6614,61,1,18,ring_1,43,0.25833359360694885,0.6602575778961182
6614,61,1,18,near_2_4,96,0.0728086456656456,0.3242049217224121
6614,61,1,18,mid_5_8,170,0.037360820919275284,0.22754047811031342
6614,61,1,18,far_gt8,618,0.022021614015102386,0.17713101208209991
6614,61,1,19,inside,97,0.7384432554244995,1.1905630826950073
6614,61,1,19,ring_1,43,0.2751140892505646,0.6830631494522095
6614,61,1,19,near_2_4,96,0.08199862390756607,0.3435819447040558
6614,61,1,19,mid_5_8,170,0.04226832836866379,0.24539437890052795
6614,61,1,19,far_gt8,618,0.025545839220285416,0.19308984279632568
6614,61,1,20,inside,97,0.6966456174850464,1.1567440032958984
6614,61,1,20,ring_1,43,0.2652384638786316,0.6696757078170776
6614,61,1,20,near_2_4,96,0.08536139130592346,0.347806453704834
6614,61,1,20,mid_5_8,170,0.0436038114130497,0.24813295900821686
6614,61,1,20,far_gt8,618,0.02626228891313076,0.1953352987766266
6614,61,1,21,inside,97,0.6713541746139526,1.1362104415893555
6614,61,1,21,ring_1,43,0.27005526423454285,0.6745566725730896
6614,61,1,21,near_2_4,96,0.09244667738676071,0.3602472245693207
6614,61,1,21,mid_5_8,170,0.04732193797826767,0.258118212223053
6614,61,1,21,far_gt8,618,0.029492536559700966,0.20576059818267822
6614,61,1,22,inside,97,0.6379878520965576,1.1072711944580078
6614,61,1,22,ring_1,43,0.2655077278614044,0.6689371466636658
6614,61,1,22,near_2_4,96,0.09141087532043457,0.3593537509441376
6614,61,1,22,mid_5_8,170,0.05042571574449539,0.26662999391555786
6614,61,1,22,far_gt8,618,0.03175755590200424,0.21406975388526917
6614,61,1,23,inside,97,0.6267781257629395,1.0977919101715088
6614,61,1,23,ring_1,43,0.2637636661529541,0.6620205640792847
6614,61,1,23,near_2_4,96,0.09107951074838638,0.35706302523612976
6614,61,1,23,mid_5_8,170,0.05020995810627937,0.2669818103313446
6614,61,1,23,far_gt8,618,0.03333086520433426,0.21816737949848175
6614,61,1,24,inside,97,0.6470068693161011,1.1149739027023315
6614,61,1,24,ring_1,43,0.2827404737472534,0.6836382150650024
6614,61,1,24,near_2_4,96,0.1037658154964447,0.3817301094532013
6614,61,1,24,mid_5_8,170,0.058331120759248734,0.28739580512046814
6614,61,1,24,far_gt8,618,0.038714341819286346,0.2341928780078888
6614,61,1,25,inside,97,0.6084850430488586,1.081671953201294
6614,61,1,25,ring_1,43,0.27594485878944397,0.6744692921638489
6614,61,1,25,near_2_4,96,0.10762187838554382,0.39158549904823303
6614,61,1,25,mid_5_8,170,0.0654735416173935,0.3036833703517914
6614,61,1,25,far_gt8,618,0.04398178681731224,0.24882759153842926
6614,61,1,26,inside,97,0.6304723024368286,1.1020561456680298
6614,61,1,26,ring_1,43,0.28618142008781433,0.6847544312477112
6614,61,1,26,near_2_4,96,0.12035324424505234,0.4111528694629669
6614,61,1,26,mid_5_8,170,0.074334517121315,0.3221316635608673
6614,61,1,26,far_gt8,618,0.05125026777386665,0.268221378326416
6614,61,1,27,inside,97,0.7052168846130371,1.1654932498931885
6614,61,1,27,ring_1,43,0.3194734752178192,0.7248630523681641
6614,61,1,27,near_2_4,96,0.14228074252605438,0.4464472532272339
6614,61,1,27,mid_5_8,170,0.08741174638271332,0.3489678204059601
6614,61,1,27,far_gt8,618,0.06135141849517822,0.2928762435913086
6763,62,3,0,inside,82,0.09081348031759262,0.34877172112464905
6763,62,3,0,ring_1,34,-8.76538930327797e-09,0.0
6763,62,3,0,near_2_4,60,8.940697071579962e-09,0.0
6763,62,3,0,mid_5_8,110,2.9802322387695312e-08,0.0
6763,62,3,0,far_gt8,738,5.168966588087187e-09,0.0
6763,62,3,1,inside,82,0.1312885731458664,0.4355761408805847
6763,62,3,1,ring_1,34,0.0001855965965660289,0.018822241574525833
6763,62,3,1,near_2_4,60,0.0001501252263551578,0.017048196867108345
6763,62,3,1,mid_5_8,110,0.00012314753257669508,0.015287590213119984
6763,62,3,1,far_gt8,738,0.00011957225069636479,0.014861922711133957
6763,62,3,2,inside,82,0.25759509205818176,0.6633710861206055
6763,62,3,2,ring_1,34,0.006010834127664566,0.09704187512397766
6763,62,3,2,near_2_4,60,0.001022020005621016,0.04484309256076813
6763,62,3,2,mid_5_8,110,0.0006829755147919059,0.03669505566358566
6763,62,3,2,far_gt8,738,0.0006056347046978772,0.03374513238668442
6763,62,3,3,inside,82,0.4018201529979706,0.8583597540855408
6763,62,3,3,ring_1,34,0.01830284297466278,0.17673790454864502
6763,62,3,3,near_2_4,60,0.0031262149568647146,0.07695700973272324
6763,62,3,3,mid_5_8,110,0.0015721386298537254,0.05495184287428856
6763,62,3,3,far_gt8,738,0.001182555453851819,0.04687618464231491
6763,62,3,4,inside,82,0.4474598467350006,0.9100296497344971
6763,62,3,4,ring_1,34,0.04601529240608215,0.277483731508255
6763,62,3,4,near_2_4,60,0.0045885732397437096,0.0934353917837143
6763,62,3,4,mid_5_8,110,0.002203540410846472,0.06481995433568954
6763,62,3,4,far_gt8,738,0.0015852530486881733,0.05370785668492317
6763,62,3,5,inside,82,0.4519754648208618,0.9179719090461731
6763,62,3,5,ring_1,34,0.05974555015563965,0.3196505010128021
6763,62,3,5,near_2_4,60,0.006589028052985668,0.11104476451873779
6763,62,3,5,mid_5_8,110,0.00280978181399405,0.07338691502809525
6763,62,3,5,far_gt8,738,0.0019905525259673595,0.059717316180467606
6763,62,3,6,inside,82,0.5369402170181274,1.0022732019424438
6763,62,3,6,ring_1,34,0.09950797259807587,0.41221657395362854
6763,62,3,6,near_2_4,60,0.009769503027200699,0.133280411362648
6763,62,3,6,mid_5_8,110,0.0032753515988588333,0.07891925424337387
6763,62,3,6,far_gt8,738,0.002439594129100442,0.06602227687835693
6763,62,3,7,inside,82,0.560503363609314,1.0247567892074585
6763,62,3,7,ring_1,34,0.12564444541931152,0.4642579257488251
6763,62,3,7,near_2_4,60,0.013417822308838367,0.15495234727859497
6763,62,3,7,mid_5_8,110,0.0037182308733463287,0.08336208015680313
6763,62,3,7,far_gt8,738,0.0027456257957965136,0.06923463940620422
6763,62,3,8,inside,82,0.5428421497344971,1.010322093963623
6763,62,3,8,ring_1,34,0.14324791729450226,0.4946768283843994
6763,62,3,8,near_2_4,60,0.016794221475720406,0.17036835849285126
6763,62,3,8,mid_5_8,110,0.004182247910648584,0.08712133765220642
6763,62,3,8,far_gt8,738,0.0033604914788156748,0.07334964722394943
6763,62,3,9,inside,82,0.5733403563499451,1.0377873182296753
6763,62,3,9,ring_1,34,0.15385352075099945,0.513657808303833
6763,62,3,9,near_2_4,60,0.02080908603966236,0.1842086911201477
6763,62,3,9,mid_5_8,110,0.004344622604548931,0.08657582104206085
6763,62,3,9,far_gt8,738,0.0040227617137134075,0.0756511390209198
6763,62,3,10,inside,82,0.5755355358123779,1.0420467853546143
6763,62,3,10,ring_1,34,0.16054727137088776,0.517951488494873
6763,62,3,10,near_2_4,60,0.02352132461965084,0.18565873801708221
6763,62,3,10,mid_5_8,110,0.004410463385283947,0.08401859551668167
6763,62,3,10,far_gt8,738,0.004380447790026665,0.07576847076416016
6763,62,3,11,inside,82,0.5986364483833313,1.062403678894043
6763,62,3,11,ring_1,34,0.1699238419532776,0.5292928218841553
6763,62,3,11,near_2_4,60,0.025858812034130096,0.1900884062051773
6763,62,3,11,mid_5_8,110,0.0050306059420108795,0.0872119590640068
6763,62,3,11,far_gt8,738,0.005805446300655603,0.08314505219459534
6763,62,3,12,inside,82,0.6061586141586304,1.070141077041626
6763,62,3,12,ring_1,34,0.1864405870437622,0.5523453950881958
6763,62,3,12,near_2_4,60,0.029090113937854767,0.19535669684410095
6763,62,3,12,mid_5_8,110,0.005914588458836079,0.08949492871761322
6763,62,3,12,far_gt8,738,0.007853551767766476,0.09156511723995209
6763,62,3,13,inside,82,0.6568962931632996,1.1133396625518799
6763,62,3,13,ring_1,34,0.20556649565696716,0.5750343203544617
6763,62,3,13,near_2_4,60,0.03176034614443779,0.19986332952976227
6763,62,3,13,mid_5_8,110,0.007261781953275204,0.09506170451641083
6763,62,3,13,far_gt8,738,0.01251150667667389,0.10509802401065826
6763,62,3,14,inside,82,0.6664711236953735,1.1232038736343384
6763,62,3,14,ring_1,34,0.2405385673046112,0.6164035797119141
6763,62,3,14,near_2_4,60,0.03202623873949051,0.1964515745639801
6763,62,3,14,mid_5_8,110,0.007938794791698456,0.09654226154088974
6763,62,3,14,far_gt8,738,0.01625564694404602,0.11369897425174713
6763,62,3,15,inside,82,0.6937525868415833,1.1455601453781128
6763,62,3,15,ring_1,34,0.2559812068939209,0.6335480213165283
6763,62,3,15,near_2_4,60,0.03421006724238396,0.2016744762659073
6763,62,3,15,mid_5_8,110,0.008269233629107475,0.09818658232688904
6763,62,3,15,far_gt8,738,0.019025951623916626,0.11992175132036209
6763,62,3,16,inside,82,0.7229436635971069,1.1683752536773682
6763,62,3,16,ring_1,34,0.2814835011959076,0.6593470573425293
6763,62,3,16,near_2_4,60,0.03716179355978966,0.2078355848789215
6763,62,3,16,mid_5_8,110,0.008652477525174618,0.10095418244600296
6763,62,3,16,far_gt8,738,0.021844584494829178,0.12781593203544617
6763,62,3,17,inside,82,0.711613655090332,1.1603436470031738
6763,62,3,17,ring_1,34,0.2831887900829315,0.660871684551239
6763,62,3,17,near_2_4,60,0.03840291127562523,0.21196994185447693
6763,62,3,17,mid_5_8,110,0.00863554235547781,0.10160627961158752
6763,62,3,17,far_gt8,738,0.02204994298517704,0.12969408929347992
6763,62,3,18,inside,82,0.7053772807121277,1.1558969020843506
6763,62,3,18,ring_1,34,0.3038843274116516,0.6826837658882141
6763,62,3,18,near_2_4,60,0.041010577231645584,0.21756206452846527
6763,62,3,18,mid_5_8,110,0.009525387547910213,0.1040538102388382
6763,62,3,18,far_gt8,738,0.02406858652830124,0.1354220062494278
6763,62,3,19,inside,82,0.7294522523880005,1.1760095357894897
6763,62,3,19,ring_1,34,0.3165963888168335,0.6993340253829956
6763,62,3,19,near_2_4,60,0.04259426146745682,0.2247306853532791
6763,62,3,19,mid_5_8,110,0.010298287495970726,0.10820680111646652
6763,62,3,19,far_gt8,738,0.02627292275428772,0.1432105153799057
6763,62,3,20,inside,82,0.7033529281616211,1.154595136642456
6763,62,3,20,ring_1,34,0.32058829069137573,0.7071670293807983
6763,62,3,20,near_2_4,60,0.0432550273835659,0.22807838022708893
6763,62,3,20,mid_5_8,110,0.011683370918035507,0.11112574487924576
6763,62,3,20,far_gt8,738,0.029009366407990456,0.15266332030296326
6763,62,3,21,inside,82,0.7061818242073059,1.1570055484771729
6763,62,3,21,ring_1,34,0.3212812840938568,0.7113434672355652
6763,62,3,21,near_2_4,60,0.04416360706090927,0.23005446791648865
6763,62,3,21,mid_5_8,110,0.011797823943197727,0.11207454651594162
6763,62,3,21,far_gt8,738,0.030010614544153214,0.15712936222553253
6763,62,3,22,inside,82,0.6811960935592651,1.1350923776626587
6763,62,3,22,ring_1,34,0.3192056715488434,0.7071648836135864
6763,62,3,22,near_2_4,60,0.045831527560949326,0.23329316079616547
6763,62,3,22,mid_5_8,110,0.013096485286951065,0.11568445712327957
6763,62,3,22,far_gt8,738,0.031217193230986595,0.16224658489227295
6763,62,3,23,inside,82,0.6400270462036133,1.101123571395874
6763,62,3,23,ring_1,34,0.3139649033546448,0.7034000754356384
6763,62,3,23,near_2_4,60,0.044190917164087296,0.23062904179096222
6763,62,3,23,mid_5_8,110,0.013186104595661163,0.11870077252388
6763,62,3,23,far_gt8,738,0.032549500465393066,0.16831283271312714
6763,62,3,24,inside,82,0.6801656484603882,1.1368147134780884
6763,62,3,24,ring_1,34,0.3304864764213562,0.7217335104942322
6763,62,3,24,near_2_4,60,0.04774684086441994,0.2396537810564041
6763,62,3,24,mid_5_8,110,0.014298653230071068,0.12456759810447693
6763,62,3,24,far_gt8,738,0.038701944053173065,0.18356835842132568
6763,62,3,25,inside,82,0.6265618801116943,1.0910106897354126
6763,62,3,25,ring_1,34,0.3162911832332611,0.7052733302116394
6763,62,3,25,near_2_4,60,0.052577801048755646,0.2511807084083557
6763,62,3,25,mid_5_8,110,0.01620432548224926,0.13320061564445496
6763,62,3,25,far_gt8,738,0.04160633310675621,0.19690433144569397
6763,62,3,26,inside,82,0.6281934380531311,1.092702031135559
6763,62,3,26,ring_1,34,0.3245849013328552,0.7157549858093262
6763,62,3,26,near_2_4,60,0.059226639568805695,0.26775985956192017
6763,62,3,26,mid_5_8,110,0.019281839951872826,0.14646561443805695
6763,62,3,26,far_gt8,738,0.04645487666130066,0.21011647582054138
6763,62,3,27,inside,82,0.6697733998298645,1.1290934085845947
6763,62,3,27,ring_1,34,0.335094690322876,0.7257394790649414
6763,62,3,27,near_2_4,60,0.06606731563806534,0.28481170535087585
6763,62,3,27,mid_5_8,110,0.021388240158557892,0.15686267614364624
6763,62,3,27,far_gt8,738,0.05189976096153259,0.22631429135799408
6771,63,2,0,inside,158,0.024811983108520508,0.21526573598384857
6771,63,2,0,ring_1,37,1.6109363842886637e-09,0.0
6771,63,2,0,near_2_4,80,1.3411044719191523e-08,0.0
6771,63,2,0,mid_5_8,145,-8.221330283220141e-10,0.0
6771,63,2,0,far_gt8,604,2.8618123426582542e-09,0.0
6771,63,2,1,inside,158,0.0359097495675087,0.25438275933265686
6771,63,2,1,ring_1,37,9.577983291819692e-05,0.013619628734886646
6771,63,2,1,near_2_4,80,7.039308547973633e-05,0.01160043478012085
6771,63,2,1,mid_5_8,145,5.3793395636603236e-05,0.01018228568136692
6771,63,2,1,far_gt8,604,6.200422649271786e-05,0.01086924597620964
6771,63,2,2,inside,158,0.14260420203208923,0.5200988054275513
6771,63,2,2,ring_1,37,0.006011022254824638,0.10084401816129684
6771,63,2,2,near_2_4,80,0.0012230768334120512,0.048605777323246
6771,63,2,2,mid_5_8,145,0.0007214657380245626,0.03685072809457779
6771,63,2,2,far_gt8,604,0.00046535360161215067,0.02992924675345421
6771,63,2,3,inside,158,0.30563750863075256,0.774925172328949
6771,63,2,3,ring_1,37,0.017602285370230675,0.1690872609615326
6771,63,2,3,near_2_4,80,0.0029592656064778566,0.07475294172763824
6771,63,2,3,mid_5_8,145,0.0015616535674780607,0.053341493010520935
6771,63,2,3,far_gt8,604,0.0010254366789013147,0.04412955418229103
6771,63,2,4,inside,158,0.3854137361049652,0.8731269240379333
6771,63,2,4,ring_1,37,0.034943923354148865,0.2435055822134018
6771,63,2,4,near_2_4,80,0.004620608873665333,0.09219825267791748
6771,63,2,4,mid_5_8,145,0.0024734570179134607,0.0656801164150238
6771,63,2,4,far_gt8,604,0.0016426998190581799,0.05497097969055176
6771,63,2,5,inside,158,0.41345688700675964,0.9050129055976868
6771,63,2,5,ring_1,37,0.04251685366034508,0.2717857360839844
6771,63,2,5,near_2_4,80,0.006337210536003113,0.10724453628063202
6771,63,2,5,mid_5_8,145,0.0037268695887178183,0.07861142605543137
6771,63,2,5,far_gt8,604,0.0023177838884294033,0.06433147192001343
6771,63,2,6,inside,158,0.5303225517272949,1.025375247001648
6771,63,2,6,ring_1,37,0.06943713128566742,0.34502843022346497
6771,63,2,6,near_2_4,80,0.010281655006110668,0.12858477234840393
6771,63,2,6,mid_5_8,145,0.006734469905495644,0.09480969607830048
6771,63,2,6,far_gt8,604,0.0037978102918714285,0.07874032855033875
6771,63,2,7,inside,158,0.5763111710548401,1.0683870315551758
6771,63,2,7,ring_1,37,0.08145292103290558,0.3740934133529663
6771,63,2,7,near_2_4,80,0.015284095890820026,0.14498212933540344
6771,63,2,7,mid_5_8,145,0.01014102715998888,0.10680021345615387
6771,63,2,7,far_gt8,604,0.005041242577135563,0.08580814301967621
6771,63,2,8,inside,158,0.5615617632865906,1.0528324842453003
6771,63,2,8,ring_1,37,0.10179999470710754,0.41893652081489563
6771,63,2,8,near_2_4,80,0.018579289317131042,0.15942946076393127
6771,63,2,8,mid_5_8,145,0.011774479411542416,0.1129075139760971
6771,63,2,8,far_gt8,604,0.006323217414319515,0.09208809584379196
6771,63,2,9,inside,158,0.604469358921051,1.090320110321045
6771,63,2,9,ring_1,37,0.10544343292713165,0.42703354358673096
6771,63,2,9,near_2_4,80,0.022251591086387634,0.17196162045001984
6771,63,2,9,mid_5_8,145,0.015465953387320042,0.12438970059156418
6771,63,2,9,far_gt8,604,0.00870556104928255,0.1037214994430542
6771,63,2,10,inside,158,0.6005520224571228,1.0854517221450806
6771,63,2,10,ring_1,37,0.10963764786720276,0.4351651072502136
6771,63,2,10,near_2_4,80,0.024967040866613388,0.18311239778995514
6771,63,2,10,mid_5_8,145,0.019019683822989464,0.13528978824615479
6771,63,2,10,far_gt8,604,0.010964545421302319,0.11329364031553268
6771,63,2,11,inside,158,0.6266340017318726,1.1068249940872192
6771,63,2,11,ring_1,37,0.11671715974807739,0.44826972484588623
6771,63,2,11,near_2_4,80,0.02931109629571438,0.19920110702514648
6771,63,2,11,mid_5_8,145,0.021892577409744263,0.14758409559726715
6771,63,2,11,far_gt8,604,0.013369288295507431,0.12514565885066986
6771,63,2,12,inside,158,0.6401010155677795,1.118043303489685
6771,63,2,12,ring_1,37,0.11515237390995026,0.4421869218349457
6771,63,2,12,near_2_4,80,0.03380734100937843,0.20823891460895538
6771,63,2,12,mid_5_8,145,0.02687869220972061,0.16342230141162872
6771,63,2,12,far_gt8,604,0.01703610271215439,0.13969743251800537
6771,63,2,13,inside,158,0.6802030801773071,1.1506236791610718
6771,63,2,13,ring_1,37,0.11946213990449905,0.44744229316711426
6771,63,2,13,near_2_4,80,0.03955181688070297,0.22399473190307617
6771,63,2,13,mid_5_8,145,0.03362737596035004,0.17974334955215454
6771,63,2,13,far_gt8,604,0.02088020369410515,0.1540001928806305
6771,63,2,14,inside,158,0.6717075109481812,1.1444039344787598
6771,63,2,14,ring_1,37,0.1207028329372406,0.44556039571762085
6771,63,2,14,near_2_4,80,0.04231838136911392,0.22652900218963623
6771,63,2,14,mid_5_8,145,0.04132606089115143,0.19443519413471222
6771,63,2,14,far_gt8,604,0.026365244761109352,0.16759136319160461
6771,63,2,15,inside,158,0.7012114524841309,1.168935775756836
6771,63,2,15,ring_1,37,0.12838195264339447,0.453745037317276
6771,63,2,15,near_2_4,80,0.04678098112344742,0.23636314272880554
6771,63,2,15,mid_5_8,145,0.04946637153625488,0.20816250145435333
6771,63,2,15,far_gt8,604,0.03016834706068039,0.1765507310628891
6771,63,2,16,inside,158,0.7150434851646423,1.181356430053711
6771,63,2,16,ring_1,37,0.1336134672164917,0.4631538391113281
6771,63,2,16,near_2_4,80,0.04970262199640274,0.24299053847789764
6771,63,2,16,mid_5_8,145,0.056005463004112244,0.21902014315128326
6771,63,2,16,far_gt8,604,0.03522929549217224,0.1890767514705658
6771,63,2,17,inside,158,0.6906260251998901,1.1605916023254395
6771,63,2,17,ring_1,37,0.12755465507507324,0.45251280069351196
6771,63,2,17,near_2_4,80,0.05064249038696289,0.24373610317707062
6771,63,2,17,mid_5_8,145,0.05707234516739845,0.22194479405879974
6771,63,2,17,far_gt8,604,0.03603430464863777,0.19146570563316345
6771,63,2,18,inside,158,0.7125988006591797,1.1795520782470703
6771,63,2,18,ring_1,37,0.13327154517173767,0.4599422216415405
6771,63,2,18,near_2_4,80,0.05373406410217285,0.24770045280456543
6771,63,2,18,mid_5_8,145,0.05991403013467789,0.22606706619262695
6771,63,2,18,far_gt8,604,0.03831503540277481,0.19853973388671875
6771,63,2,19,inside,158,0.7280017733573914,1.1924182176589966
6771,63,2,19,ring_1,37,0.13977771997451782,0.47357162833213806
6771,63,2,19,near_2_4,80,0.05506925657391548,0.25417327880859375
6771,63,2,19,mid_5_8,145,0.0632304698228836,0.23552024364471436
6771,63,2,19,far_gt8,604,0.04174404591321945,0.20997436344623566
6771,63,2,20,inside,158,0.7072193026542664,1.1758593320846558
6771,63,2,20,ring_1,37,0.1356135904788971,0.46497979760169983
6771,63,2,20,near_2_4,80,0.05497556924819946,0.2517511248588562
6771,63,2,20,mid_5_8,145,0.06810019165277481,0.24302208423614502
6771,63,2,20,far_gt8,604,0.043916355818510056,0.21564705669879913
6771,63,2,21,inside,158,0.6935743093490601,1.1639111042022705
6771,63,2,21,ring_1,37,0.1327665001153946,0.4629839360713959
6771,63,2,21,near_2_4,80,0.0576365664601326,0.25755569338798523
6771,63,2,21,mid_5_8,145,0.07097667455673218,0.2488303929567337
6771,63,2,21,far_gt8,604,0.046404313296079636,0.2246943563222885
6771,63,2,22,inside,158,0.6707484722137451,1.1444729566574097
6771,63,2,22,ring_1,37,0.1309906244277954,0.46389836072921753
6771,63,2,22,near_2_4,80,0.05854638293385506,0.2629832327365875
6771,63,2,22,mid_5_8,145,0.07179638743400574,0.25257596373558044
6771,63,2,22,far_gt8,604,0.04807734861969948,0.2321423590183258
6771,63,2,23,inside,158,0.641179621219635,1.120924949645996
6771,63,2,23,ring_1,37,0.13188815116882324,0.46850070357322693
6771,63,2,23,near_2_4,80,0.06385738402605057,0.2758065462112427
6771,63,2,23,mid_5_8,145,0.0776340514421463,0.26411545276641846
6771,63,2,23,far_gt8,604,0.05084891989827156,0.24156823754310608
6771,63,2,24,inside,158,0.653942346572876,1.1320788860321045
6771,63,2,24,ring_1,37,0.14256872236728668,0.48486843705177307
6771,63,2,24,near_2_4,80,0.07009623199701309,0.29271700978279114
6771,63,2,24,mid_5_8,145,0.08549372851848602,0.2821049392223358
6771,63,2,24,far_gt8,604,0.05884002521634102,0.26268237829208374
6771,63,2,25,inside,158,0.6203557848930359,1.103485345840454
6771,63,2,25,ring_1,37,0.14388836920261383,0.4893414378166199
6771,63,2,25,near_2_4,80,0.07192593067884445,0.29871872067451477
6771,63,2,25,mid_5_8,145,0.08810219913721085,0.29042890667915344
6771,63,2,25,far_gt8,604,0.06305557489395142,0.2748957872390747
6771,63,2,26,inside,158,0.6395179033279419,1.1209858655929565
6771,63,2,26,ring_1,37,0.1502339094877243,0.5004168152809143
6771,63,2,26,near_2_4,80,0.0825742855668068,0.3216226100921631
6771,63,2,26,mid_5_8,145,0.09528496116399765,0.3087223768234253
6771,63,2,26,far_gt8,604,0.07350614666938782,0.2976037561893463
6771,63,2,27,inside,158,0.6949487328529358,1.1686291694641113
6771,63,2,27,ring_1,37,0.16552534699440002,0.5252069234848022
6771,63,2,27,near_2_4,80,0.08831331133842468,0.33343514800071716
6771,63,2,27,mid_5_8,145,0.10630510747432709,0.3267500698566437
6771,63,2,27,far_gt8,604,0.08441562950611115,0.3199298679828644
6818,64,0,0,inside,20,0.03645331412553787,0.247446209192276
6818,64,0,0,ring_1,26,3.438729478943969e-08,0.0
6818,64,0,0,near_2_4,57,1.5685433396583903e-08,0.0
6818,64,0,0,mid_5_8,127,1.1263869836852791e-08,0.0
6818,64,0,0,far_gt8,794,1.0734841460191547e-08,0.0
6818,64,0,1,inside,20,0.10922817140817642,0.4350753426551819
6818,64,0,1,ring_1,26,1.450914624001598e-05,0.005270635709166527
6818,64,0,1,near_2_4,57,5.340366897144122e-06,0.0031735324300825596
6818,64,0,1,mid_5_8,127,1.6163653526746202e-06,0.0017615978140383959
6818,64,0,1,far_gt8,794,1.1972726952080848e-06,0.0014686621725559235
6818,64,0,2,inside,20,0.25466078519821167,0.6903630495071411
6818,64,0,2,ring_1,26,0.004277084954082966,0.07311995327472687
6818,64,0,2,near_2_4,57,0.00015772643382661045,0.017268573865294456
6818,64,0,2,mid_5_8,127,8.789807907305658e-05,0.012930825352668762
6818,64,0,2,far_gt8,794,4.260440982761793e-05,0.008622614666819572
6818,64,0,3,inside,20,0.35982900857925415,0.8389312028884888
6818,64,0,3,ring_1,26,0.022277452051639557,0.1758955419063568
6818,64,0,3,near_2_4,57,0.0004731531662400812,0.029080167412757874
6818,64,0,3,mid_5_8,127,0.0002799099893309176,0.022392945364117622
6818,64,0,3,far_gt8,794,0.00013360395678319037,0.015372016467154026
6818,64,0,4,inside,20,0.39806705713272095,0.8881966471672058
6818,64,0,4,ring_1,26,0.035342779010534286,0.228224515914917
6818,64,0,4,near_2_4,57,0.0009681415394879878,0.04199916496872902
6818,64,0,4,mid_5_8,127,0.0004989256267435849,0.029762180522084236
6818,64,0,4,far_gt8,794,0.0002609829243738204,0.02101092040538788
6818,64,0,5,inside,20,0.41488322615623474,0.9071106910705566
6818,64,0,5,ring_1,26,0.04815727099776268,0.2751292288303375
6818,64,0,5,near_2_4,57,0.0017724643694236875,0.0572681650519371
6818,64,0,5,mid_5_8,127,0.0007637602975592017,0.03694752976298332
6818,64,0,5,far_gt8,794,0.0003602334181778133,0.024675872176885605
6818,64,0,6,inside,20,0.46607622504234314,0.9626243710517883
6818,64,0,6,ring_1,26,0.07376131415367126,0.34582313895225525
6818,64,0,6,near_2_4,57,0.0029641117434948683,0.07257537543773651
6818,64,0,6,mid_5_8,127,0.0009985542856156826,0.042269159108400345
6818,64,0,6,far_gt8,794,0.0004539897490758449,0.027853917330503464
6818,64,0,7,inside,20,0.507116436958313,1.005685806274414
6818,64,0,7,ring_1,26,0.08327201753854752,0.36954015493392944
6818,64,0,7,near_2_4,57,0.004412436857819557,0.0886061042547226
6818,64,0,7,mid_5_8,127,0.001436519785784185,0.05044234171509743
6818,64,0,7,far_gt8,794,0.0005551530630327761,0.030485982075333595
6818,64,0,8,inside,20,0.49314212799072266,0.9913389086723328
6818,64,0,8,ring_1,26,0.09801400452852249,0.40315407514572144
6818,64,0,8,near_2_4,57,0.0051683406345546246,0.09517022967338562
6818,64,0,8,mid_5_8,127,0.0015990498941391706,0.05377655103802681
6818,64,0,8,far_gt8,794,0.0006574371363967657,0.03326660022139549
6818,64,0,9,inside,20,0.46575766801834106,0.9636745452880859
6818,64,0,9,ring_1,26,0.10428322106599808,0.4217798411846161
6818,64,0,9,near_2_4,57,0.006330918986350298,0.10404922068119049
6818,64,0,9,mid_5_8,127,0.0020165748428553343,0.0592491440474987
6818,64,0,9,far_gt8,794,0.0008321501081809402,0.03641323745250702
6818,64,0,10,inside,20,0.49331966042518616,0.9915724992752075
6818,64,0,10,ring_1,26,0.11463657766580582,0.4442881941795349
6818,64,0,10,near_2_4,57,0.006690839771181345,0.10561202466487885
6818,64,0,10,mid_5_8,127,0.0023162439465522766,0.06301700323820114
6818,64,0,10,far_gt8,794,0.0010030681733042002,0.03888728469610214
6818,64,0,11,inside,20,0.5224588513374329,1.0206774473190308
6818,64,0,11,ring_1,26,0.12968966364860535,0.4722869098186493
6818,64,0,11,near_2_4,57,0.007393983192741871,0.10956695675849915
6818,64,0,11,mid_5_8,127,0.002604198642075062,0.06666490435600281
6818,64,0,11,far_gt8,794,0.0011984629090875387,0.04206235706806183
6818,64,0,12,inside,20,0.5460516810417175,1.0432274341583252
6818,64,0,12,ring_1,26,0.15374918282032013,0.5106801390647888
6818,64,0,12,near_2_4,57,0.010938629508018494,0.12188777327537537
6818,64,0,12,mid_5_8,127,0.004312918055802584,0.07934600114822388
6818,64,0,12,far_gt8,794,0.0019854928832501173,0.05061328411102295
6818,64,0,13,inside,20,0.5971772074699402,1.0914884805679321
6818,64,0,13,ring_1,26,0.1867213398218155,0.5616188645362854
6818,64,0,13,near_2_4,57,0.015078443102538586,0.13657799363136292
6818,64,0,13,mid_5_8,127,0.006086462177336216,0.08878159523010254
6818,64,0,13,far_gt8,794,0.002509859623387456,0.05535946413874626
6818,64,0,14,inside,20,0.6117839813232422,1.1046421527862549
6818,64,0,14,ring_1,26,0.22264887392520905,0.6084743738174438
6818,64,0,14,near_2_4,57,0.02391357719898224,0.15652064979076385
6818,64,0,14,mid_5_8,127,0.013273295015096664,0.11026903986930847
6818,64,0,14,far_gt8,794,0.004814761225134134,0.06920921057462692
6818,64,0,15,inside,20,0.6987081170082092,1.1808412075042725
6818,64,0,15,ring_1,26,0.2585713267326355,0.652706503868103
6818,64,0,15,near_2_4,57,0.025929270312190056,0.16518372297286987
6818,64,0,15,mid_5_8,127,0.016868654638528824,0.11972592025995255
6818,64,0,15,far_gt8,794,0.005949710495769978,0.07503016293048859
6818,64,0,16,inside,20,0.777201771736145,1.2458314895629883
6818,64,0,16,ring_1,26,0.29681187868118286,0.6976932883262634
6818,64,0,16,near_2_4,57,0.03037760592997074,0.19132639467716217
6818,64,0,16,mid_5_8,127,0.02067454531788826,0.13947847485542297
6818,64,0,16,far_gt8,794,0.007450645323842764,0.08585038036108017
6818,64,0,17,inside,20,0.7864087820053101,1.2531840801239014
6818,64,0,17,ring_1,26,0.2989974617958069,0.7015345692634583
6818,64,0,17,near_2_4,57,0.0314737968146801,0.19935697317123413
6818,64,0,17,mid_5_8,127,0.02143595926463604,0.14454755187034607
6818,64,0,17,far_gt8,794,0.00875411182641983,0.09296338260173798
6818,64,0,18,inside,20,0.8035556674003601,1.2669566869735718
6818,64,0,18,ring_1,26,0.3377932906150818,0.7424681782722473
6818,64,0,18,near_2_4,57,0.034929558634757996,0.2117646336555481
6818,64,0,18,mid_5_8,127,0.022183392196893692,0.14824262261390686
6818,64,0,18,far_gt8,794,0.009398319758474827,0.09712696820497513
6818,64,0,19,inside,20,0.8464099764823914,1.300415277481079
6818,64,0,19,ring_1,26,0.3541637659072876,0.7600608468055725
6818,64,0,19,near_2_4,57,0.03672579675912857,0.21992331743240356
6818,64,0,19,mid_5_8,127,0.02598753198981285,0.16054067015647888
6818,64,0,19,far_gt8,794,0.01056230254471302,0.1045176088809967
6818,64,0,20,inside,20,0.8139837980270386,1.275022029876709
6818,64,0,20,ring_1,26,0.36166828870773315,0.77516770362854
6818,64,0,20,near_2_4,57,0.03788077086210251,0.22338926792144775
6818,64,0,20,mid_5_8,127,0.028073761612176895,0.16710242629051208
6818,64,0,20,far_gt8,794,0.012714987620711327,0.11379300802946091
6818,64,0,21,inside,20,0.7932316064834595,1.2582255601882935
6818,64,0,21,ring_1,26,0.35874366760253906,0.7724980711936951
6818,64,0,21,near_2_4,57,0.03958351910114288,0.22972150146961212
6818,64,0,21,mid_5_8,127,0.030631663277745247,0.17376650869846344
6818,64,0,21,far_gt8,794,0.01410589087754488,0.12122839689254761
6818,64,0,22,inside,20,0.7813755869865417,1.2482986450195312
6818,64,0,22,ring_1,26,0.3631035089492798,0.776097297668457
6818,64,0,22,near_2_4,57,0.04095449671149254,0.2384001463651657
6818,64,0,22,mid_5_8,127,0.031197968870401382,0.17775331437587738
6818,64,0,22,far_gt8,794,0.015136797912418842,0.12688744068145752
6818,64,0,23,inside,20,0.747628390789032,1.2204828262329102
6818,64,0,23,ring_1,26,0.35533592104911804,0.7638413906097412
6818,64,0,23,near_2_4,57,0.041958920657634735,0.24279353022575378
6818,64,0,23,mid_5_8,127,0.03177274391055107,0.18250712752342224
6818,64,0,23,far_gt8,794,0.016497621312737465,0.1326836496591568
6818,64,0,24,inside,20,0.7580608129501343,1.2276437282562256
6818,64,0,24,ring_1,26,0.36313703656196594,0.7702559232711792
6818,64,0,24,near_2_4,57,0.049045927822589874,0.26408231258392334
6818,64,0,24,mid_5_8,127,0.03821821138262749,0.20278023183345795
6818,64,0,24,far_gt8,794,0.02137862518429756,0.15197764337062836
6818,64,0,25,inside,20,0.6860597133636475,1.1669585704803467
6818,64,0,25,ring_1,26,0.3437880277633667,0.7529386281967163
6818,64,0,25,near_2_4,57,0.055921521037817,0.2844674289226532
6818,64,0,25,mid_5_8,127,0.04389705881476402,0.2274715006351471
6818,64,0,25,far_gt8,794,0.026785219088196754,0.17720210552215576
6818,64,0,26,inside,20,0.7209471464157104,1.1972033977508545
6818,64,0,26,ring_1,26,0.3609373867511749,0.775428056716919
6818,64,0,26,near_2_4,57,0.07127469033002853,0.3228917121887207
6818,64,0,26,mid_5_8,127,0.05560296028852463,0.2603842616081238
6818,64,0,26,far_gt8,794,0.035212352871894836,0.2067755162715912
6818,64,0,27,inside,20,0.7724239230155945,1.239875078201294
6818,64,0,27,ring_1,26,0.37182775139808655,0.7884194254875183
6818,64,0,27,near_2_4,57,0.08095518499612808,0.3455553650856018
6818,64,0,27,mid_5_8,127,0.06616226583719254,0.28971603512763977
6818,64,0,27,far_gt8,794,0.04184938594698906,0.23240673542022705
6894,65,1,0,inside,127,0.02523106336593628,0.21918104588985443
6894,65,1,0,ring_1,82,-2.907543539265589e-09,0.0
6894,65,1,0,near_2_4,156,1.184451292601807e-08,0.0
6894,65,1,0,mid_5_8,298,8.400654394336016e-09,0.0
6894,65,1,0,far_gt8,361,1.1392577548008376e-08,0.0
6894,65,1,1,inside,127,0.048892952501773834,0.2978639006614685
6894,65,1,1,ring_1,82,0.0005964164156466722,0.03336632251739502
6894,65,1,1,near_2_4,156,0.0005308282561600208,0.03173520788550377
6894,65,1,1,mid_5_8,298,0.0004367222427390516,0.028579413890838623
6894,65,1,1,far_gt8,361,0.00035915299667976797,0.02554362267255783
6894,65,1,2,inside,127,0.2035616636276245,0.6308375000953674
6894,65,1,2,ring_1,82,0.0052744620479643345,0.09715597331523895
6894,65,1,2,near_2_4,156,0.0017633812967687845,0.05726615712046623
6894,65,1,2,mid_5_8,298,0.0011307505192235112,0.04649070277810097
6894,65,1,2,far_gt8,361,0.0009469081414863467,0.04255187138915062
6894,65,1,3,inside,127,0.34791526198387146,0.8283573389053345
6894,65,1,3,ring_1,82,0.024032292887568474,0.1958092451095581
6894,65,1,3,near_2_4,156,0.004413609858602285,0.08692463487386703
6894,65,1,3,mid_5_8,298,0.0027785496786236763,0.06951991468667984
6894,65,1,3,far_gt8,361,0.00230788323096931,0.06504124402999878
6894,65,1,4,inside,127,0.3983457386493683,0.8879408836364746
6894,65,1,4,ring_1,82,0.03593519702553749,0.24180155992507935
6894,65,1,4,near_2_4,156,0.005815113894641399,0.09829456359148026
6894,65,1,4,mid_5_8,298,0.0036260480992496014,0.07837066054344177
6894,65,1,4,far_gt8,361,0.003064133692532778,0.07459412515163422
6894,65,1,5,inside,127,0.4045778512954712,0.8952178955078125
6894,65,1,5,ring_1,82,0.04558523744344711,0.2736188769340515
6894,65,1,5,near_2_4,156,0.006333324126899242,0.10528888553380966
6894,65,1,5,mid_5_8,298,0.004131985362619162,0.0848248079419136
6894,65,1,5,far_gt8,361,0.0035192174836993217,0.08036745339632034
6894,65,1,6,inside,127,0.4851495325565338,0.9814857244491577
6894,65,1,6,ring_1,82,0.06808190792798996,0.335861474275589
6894,65,1,6,near_2_4,156,0.008067307993769646,0.11855718493461609
6894,65,1,6,mid_5_8,298,0.005030748900026083,0.09164691716432571
6894,65,1,6,far_gt8,361,0.0043932851403951645,0.08782040327787399
6894,65,1,7,inside,127,0.5535839796066284,1.0492171049118042
6894,65,1,7,ring_1,82,0.08733062446117401,0.38007113337516785
6894,65,1,7,near_2_4,156,0.010425067506730556,0.135182723402977
6894,65,1,7,mid_5_8,298,0.006171535234898329,0.10074510425329208
6894,65,1,7,far_gt8,361,0.005448447540402412,0.0949995294213295
6894,65,1,8,inside,127,0.5209586024284363,1.0182459354400635
6894,65,1,8,ring_1,82,0.10226544737815857,0.41476142406463623
6894,65,1,8,near_2_4,156,0.012048189528286457,0.1471811681985855
6894,65,1,8,mid_5_8,298,0.007373953238129616,0.1100272387266159
6894,65,1,8,far_gt8,361,0.007190592121332884,0.10716172307729721
6894,65,1,9,inside,127,0.5125625729560852,1.0096492767333984
6894,65,1,9,ring_1,82,0.10643484443426132,0.4248506426811218
6894,65,1,9,near_2_4,156,0.01376169454306364,0.15767936408519745
6894,65,1,9,mid_5_8,298,0.008718607947230339,0.11555327475070953
6894,65,1,9,far_gt8,361,0.009064682759344578,0.11508295685052872
6894,65,1,10,inside,127,0.5133578181266785,1.0093828439712524
6894,65,1,10,ring_1,82,0.11003969609737396,0.42987823486328125
6894,65,1,10,near_2_4,156,0.01460535079240799,0.16219797730445862
6894,65,1,10,mid_5_8,298,0.01047252956777811,0.12334837764501572
6894,65,1,10,far_gt8,361,0.010800961405038834,0.12344744801521301
6894,65,1,11,inside,127,0.5162724852561951,1.0113959312438965
6894,65,1,11,ring_1,82,0.12236527353525162,0.45113274455070496
6894,65,1,11,near_2_4,156,0.016768237575888634,0.17285503447055817
6894,65,1,11,mid_5_8,298,0.012790095992386341,0.13304272294044495
6894,65,1,11,far_gt8,361,0.012899805791676044,0.13222286105155945
6894,65,1,12,inside,127,0.526603102684021,1.020374059677124
6894,65,1,12,ring_1,82,0.1313323676586151,0.46445056796073914
6894,65,1,12,near_2_4,156,0.01916133053600788,0.18124520778656006
6894,65,1,12,mid_5_8,298,0.015466965734958649,0.14503057301044464
6894,65,1,12,far_gt8,361,0.016147706657648087,0.14705537259578705
6894,65,1,13,inside,127,0.5463480353355408,1.0382752418518066
6894,65,1,13,ring_1,82,0.14693333208560944,0.48732292652130127
6894,65,1,13,near_2_4,156,0.02345566265285015,0.19496911764144897
6894,65,1,13,mid_5_8,298,0.018571728840470314,0.15756002068519592
6894,65,1,13,far_gt8,361,0.020770542323589325,0.163797527551651
6894,65,1,14,inside,127,0.579814076423645,1.070227026939392
6894,65,1,14,ring_1,82,0.15508003532886505,0.4965059161186218
6894,65,1,14,near_2_4,156,0.028098708018660545,0.2048216015100479
6894,65,1,14,mid_5_8,298,0.022153321653604507,0.1676330715417862
6894,65,1,14,far_gt8,361,0.029452189803123474,0.18812622129917145
6894,65,1,15,inside,127,0.6497268080711365,1.1332762241363525
6894,65,1,15,ring_1,82,0.16946442425251007,0.5154503583908081
6894,65,1,15,near_2_4,156,0.03201359882950783,0.2141321897506714
6894,65,1,15,mid_5_8,298,0.02459854818880558,0.17415358126163483
6894,65,1,15,far_gt8,361,0.034136876463890076,0.19954657554626465
6894,65,1,16,inside,127,0.687302827835083,1.1662533283233643
6894,65,1,16,ring_1,82,0.17938227951526642,0.5298795700073242
6894,65,1,16,near_2_4,156,0.03602531552314758,0.2239355891942978
6894,65,1,16,mid_5_8,298,0.027953308075666428,0.18344572186470032
6894,65,1,16,far_gt8,361,0.03901384770870209,0.21121585369110107
6894,65,1,17,inside,127,0.7042631506919861,1.1808780431747437
6894,65,1,17,ring_1,82,0.17547644674777985,0.5223352909088135
6894,65,1,17,near_2_4,156,0.03693697601556778,0.22630974650382996
6894,65,1,17,mid_5_8,298,0.029898080974817276,0.1886584460735321
6894,65,1,17,far_gt8,361,0.04149704426527023,0.21970035135746002
6894,65,1,18,inside,127,0.7149402499198914,1.1910545825958252
6894,65,1,18,ring_1,82,0.18666917085647583,0.534140408039093
6894,65,1,18,near_2_4,156,0.03836654871702194,0.22815421223640442
6894,65,1,18,mid_5_8,298,0.03286484628915787,0.19287939369678497
6894,65,1,18,far_gt8,361,0.04539010673761368,0.22787506878376007
6894,65,1,19,inside,127,0.7613389492034912,1.2288724184036255
6894,65,1,19,ring_1,82,0.19894178211688995,0.5518788695335388
6894,65,1,19,near_2_4,156,0.043049152940511703,0.24028564989566803
6894,65,1,19,mid_5_8,298,0.03528378903865814,0.2003476470708847
6894,65,1,19,far_gt8,361,0.049775660037994385,0.24036195874214172
6894,65,1,20,inside,127,0.7416790723800659,1.213151454925537
6894,65,1,20,ring_1,82,0.19561345875263214,0.5486288070678711
6894,65,1,20,near_2_4,156,0.04502221196889877,0.24402664601802826
6894,65,1,20,mid_5_8,298,0.03812430053949356,0.2072286307811737
6894,65,1,20,far_gt8,361,0.05680744722485542,0.25804126262664795
6894,65,1,21,inside,127,0.7117722034454346,1.188141942024231
6894,65,1,21,ring_1,82,0.19244420528411865,0.5438261032104492
6894,65,1,21,near_2_4,156,0.04500575736165047,0.2416306585073471
6894,65,1,21,mid_5_8,298,0.038294970989227295,0.2076384276151657
6894,65,1,21,far_gt8,361,0.05920878425240517,0.2631213963031769
6894,65,1,22,inside,127,0.6961263418197632,1.1745891571044922
6894,65,1,22,ring_1,82,0.1938677579164505,0.5490311980247498
6894,65,1,22,near_2_4,156,0.04671619459986687,0.2452007383108139
6894,65,1,22,mid_5_8,298,0.03847705200314522,0.20828349888324738
6894,65,1,22,far_gt8,361,0.06085857003927231,0.2681788504123688
6894,65,1,23,inside,127,0.6690508723258972,1.1515060663223267
6894,65,1,23,ring_1,82,0.19374878704547882,0.5530147552490234
6894,65,1,23,near_2_4,156,0.048851095139980316,0.251874715089798
6894,65,1,23,mid_5_8,298,0.03998111933469772,0.21318595111370087
6894,65,1,23,far_gt8,361,0.06496929377317429,0.27672967314720154
6894,65,1,24,inside,127,0.6833202838897705,1.1639838218688965
6894,65,1,24,ring_1,82,0.19858704507350922,0.5587051510810852
6894,65,1,24,near_2_4,156,0.05126684531569481,0.2588617205619812
6894,65,1,24,mid_5_8,298,0.04296620190143585,0.21957536041736603
6894,65,1,24,far_gt8,361,0.06945038586854935,0.28760436177253723
6894,65,1,25,inside,127,0.6569402813911438,1.1411620378494263
6894,65,1,25,ring_1,82,0.20105750858783722,0.5614504218101501
6894,65,1,25,near_2_4,156,0.05408414080739021,0.267214834690094
6894,65,1,25,mid_5_8,298,0.0474889874458313,0.2297612428665161
6894,65,1,25,far_gt8,361,0.07332468032836914,0.2970777153968811
6894,65,1,26,inside,127,0.6835238933563232,1.1640653610229492
6894,65,1,26,ring_1,82,0.21596859395503998,0.5825664401054382
6894,65,1,26,near_2_4,156,0.062392208725214005,0.28933390974998474
6894,65,1,26,mid_5_8,298,0.054812297224998474,0.2501906454563141
6894,65,1,26,far_gt8,361,0.08305235207080841,0.31967779994010925
6894,65,1,27,inside,127,0.7775633931159973,1.2423508167266846
6894,65,1,27,ring_1,82,0.2371043860912323,0.6137214303016663
6894,65,1,27,near_2_4,156,0.07057273387908936,0.3137302100658417
6894,65,1,27,mid_5_8,298,0.06198152154684067,0.2719113230705261
6894,65,1,27,far_gt8,361,0.09255551546812057,0.34372633695602417
6954,66,2,0,inside,81,0.049554742872714996,0.29963070154190063
6954,66,2,0,ring_1,35,-3.4059797204832876e-09,0.0
6954,66,2,0,near_2_4,92,0.0,0.0
6954,66,2,0,mid_5_8,149,5.2004054396093125e-09,0.0
6954,66,2,0,far_gt8,667,8.22133028322014e-09,0.0
6954,66,2,1,inside,81,0.0996379628777504,0.4153755009174347
6954,66,2,1,ring_1,35,7.813658157829195e-05,0.012039567343890667
6954,66,2,1,near_2_4,92,6.083690459490754e-05,0.010768703185021877
6954,66,2,1,mid_5_8,149,4.70340637548361e-05,0.009459374472498894
6954,66,2,1,far_gt8,667,3.5331613617017865e-05,0.008200066164135933
6954,66,2,2,inside,81,0.24907562136650085,0.6909177303314209
6954,66,2,2,ring_1,35,0.003823227481916547,0.07484300434589386
6954,66,2,2,near_2_4,92,0.0008278696332126856,0.039366669952869415
6954,66,2,2,mid_5_8,149,0.0006842353031970561,0.03576679155230522
6954,66,2,2,far_gt8,667,0.000465684657683596,0.029500706121325493
6954,66,2,3,inside,81,0.38665810227394104,0.870334267616272
6954,66,2,3,ring_1,35,0.019671477377414703,0.17932692170143127
6954,66,2,3,near_2_4,92,0.0015420207055285573,0.053082358092069626
6954,66,2,3,mid_5_8,149,0.0012659842614084482,0.04810762777924538
6954,66,2,3,far_gt8,667,0.0008046446600928903,0.038657817989587784
6954,66,2,4,inside,81,0.43573614954948425,0.9270722270011902
6954,66,2,4,ring_1,35,0.02401629649102688,0.19821277260780334
6954,66,2,4,near_2_4,92,0.0021039824932813644,0.06185060366988182
6954,66,2,4,mid_5_8,149,0.0016510634450241923,0.05492807552218437
6954,66,2,4,far_gt8,667,0.0010599992237985134,0.04433697834610939
6954,66,2,5,inside,81,0.4500586986541748,0.9421327114105225
6954,66,2,5,ring_1,35,0.0368184857070446,0.24938145279884338
6954,66,2,5,near_2_4,92,0.003231755457818508,0.07683849334716797
6954,66,2,5,mid_5_8,149,0.0021993734408169985,0.0640777200460434
6954,66,2,5,far_gt8,667,0.001303217257373035,0.04954515025019646
6954,66,2,6,inside,81,0.5333356261253357,1.0256012678146362
6954,66,2,6,ring_1,35,0.06395391374826431,0.3317340016365051
6954,66,2,6,near_2_4,92,0.004508011508733034,0.08996141701936722
6954,66,2,6,mid_5_8,149,0.00246471562422812,0.06724002957344055
6954,66,2,6,far_gt8,667,0.0015054793329909444,0.05216807872056961
6954,66,2,7,inside,81,0.587016224861145,1.076359510421753
6954,66,2,7,ring_1,35,0.08331223577260971,0.37992286682128906
6954,66,2,7,near_2_4,92,0.006741724442690611,0.11026755720376968
6954,66,2,7,mid_5_8,149,0.0030285739339888096,0.07461363822221756
6954,66,2,7,far_gt8,667,0.0016320557333528996,0.0541505329310894
6954,66,2,8,inside,81,0.5731654763221741,1.0627650022506714
6954,66,2,8,ring_1,35,0.09044405817985535,0.39054256677627563
6954,66,2,8,near_2_4,92,0.008517956361174583,0.12417662888765335
6954,66,2,8,mid_5_8,149,0.0037656978238373995,0.08331196755170822
6954,66,2,8,far_gt8,667,0.0018631156999617815,0.05729898437857628
6954,66,2,9,inside,81,0.595755398273468,1.0810027122497559
6954,66,2,9,ring_1,35,0.10124349594116211,0.4139713943004608
6954,66,2,9,near_2_4,92,0.011020881123840809,0.14203521609306335
6954,66,2,9,mid_5_8,149,0.004798459354788065,0.09311888366937637
6954,66,2,9,far_gt8,667,0.0021469569765031338,0.060274235904216766
6954,66,2,10,inside,81,0.5898427367210388,1.0630673170089722
6954,66,2,10,ring_1,35,0.1075252816081047,0.41838353872299194
6954,66,2,10,near_2_4,92,0.011295991949737072,0.14323046803474426
6954,66,2,10,mid_5_8,149,0.005547035951167345,0.09720352292060852
6954,66,2,10,far_gt8,667,0.002367450390011072,0.06188533455133438
6954,66,2,11,inside,81,0.6212210655212402,1.0906572341918945
6954,66,2,11,ring_1,35,0.12344609946012497,0.4445876479148865
6954,66,2,11,near_2_4,92,0.013448738493025303,0.1541622132062912
6954,66,2,11,mid_5_8,149,0.007011158391833305,0.10652253776788712
6954,66,2,11,far_gt8,667,0.0029597871471196413,0.06811385601758957
6954,66,2,12,inside,81,0.6269664764404297,1.0959172248840332
6954,66,2,12,ring_1,35,0.14166252315044403,0.47095587849617004
6954,66,2,12,near_2_4,92,0.016299745067954063,0.16687794029712677
6954,66,2,12,mid_5_8,149,0.009345665574073792,0.1214371994137764
6954,66,2,12,far_gt8,667,0.00408388813957572,0.07864470779895782
6954,66,2,13,inside,81,0.6737208366394043,1.1349447965621948
6954,66,2,13,ring_1,35,0.1682077795267105,0.51446133852005
6954,66,2,13,near_2_4,92,0.02117817848920822,0.18597878515720367
6954,66,2,13,mid_5_8,149,0.013829207047820091,0.14254775643348694
6954,66,2,13,far_gt8,667,0.005354288965463638,0.08772720396518707
6954,66,2,14,inside,81,0.6679101586341858,1.131592035293579
6954,66,2,14,ring_1,35,0.18398478627204895,0.53365159034729
6954,66,2,14,near_2_4,92,0.027400322258472443,0.20693181455135345
6954,66,2,14,mid_5_8,149,0.01832408271729946,0.15933504700660706
6954,66,2,14,far_gt8,667,0.0075202444568276405,0.10025500506162643
6954,66,2,15,inside,81,0.7223182916641235,1.176697015762329
6954,66,2,15,ring_1,35,0.2095033973455429,0.5663109421730042
6954,66,2,15,near_2_4,92,0.03341293707489967,0.22523826360702515
6954,66,2,15,mid_5_8,149,0.024580545723438263,0.17791691422462463
6954,66,2,15,far_gt8,667,0.009164239279925823,0.10804203897714615
6954,66,2,16,inside,81,0.737760066986084,1.1896072626113892
6954,66,2,16,ring_1,35,0.22584232687950134,0.5891587734222412
6954,66,2,16,near_2_4,92,0.03920716792345047,0.24066190421581268
6954,66,2,16,mid_5_8,149,0.029911091551184654,0.1934775859117508
6954,66,2,16,far_gt8,667,0.011151238344609737,0.118227519094944
6954,66,2,17,inside,81,0.7403903007507324,1.1918894052505493
6954,66,2,17,ring_1,35,0.2270122915506363,0.5887687802314758
6954,66,2,17,near_2_4,92,0.0409390889108181,0.24312172830104828
6954,66,2,17,mid_5_8,149,0.033454179763793945,0.1995217502117157
6954,66,2,17,far_gt8,667,0.012426652014255524,0.1236441433429718
6954,66,2,18,inside,81,0.7636493444442749,1.210906744003296
6954,66,2,18,ring_1,35,0.26178860664367676,0.6329338550567627
6954,66,2,18,near_2_4,92,0.04629063606262207,0.256534606218338
6954,66,2,18,mid_5_8,149,0.0370941199362278,0.20631277561187744
6954,66,2,18,far_gt8,667,0.014479690231382847,0.13078069686889648
6954,66,2,19,inside,81,0.7825669050216675,1.225723385810852
6954,66,2,19,ring_1,35,0.2677120864391327,0.640309751033783
6954,66,2,19,near_2_4,92,0.053423549979925156,0.2732461988925934
6954,66,2,19,mid_5_8,149,0.04205870255827904,0.21918095648288727
6954,66,2,19,far_gt8,667,0.01703747734427452,0.14229443669319153
6954,66,2,20,inside,81,0.7608729600906372,1.2084136009216309
6954,66,2,20,ring_1,35,0.26843658089637756,0.6400846838951111
6954,66,2,20,near_2_4,92,0.05757925659418106,0.2807557284832001
6954,66,2,20,mid_5_8,149,0.04671512171626091,0.22723399102687836
6954,66,2,20,far_gt8,667,0.01972084306180477,0.15129873156547546
6954,66,2,21,inside,81,0.7457331418991089,1.1960347890853882
6954,66,2,21,ring_1,35,0.2793464660644531,0.6516847610473633
6954,66,2,21,near_2_4,92,0.061412323266267776,0.28812268376350403
6954,66,2,21,mid_5_8,149,0.05311835557222366,0.23986248672008514
6954,66,2,21,far_gt8,667,0.022044559940695763,0.15836971998214722
6954,66,2,22,inside,81,0.7167443037033081,1.1725049018859863
6954,66,2,22,ring_1,35,0.26995420455932617,0.6428336501121521
6954,66,2,22,near_2_4,92,0.06068890169262886,0.28932201862335205
6954,66,2,22,mid_5_8,149,0.05489738658070564,0.24520966410636902
6954,66,2,22,far_gt8,667,0.023439932614564896,0.16255240142345428
6954,66,2,23,inside,81,0.696700930595398,1.1550066471099854
6954,66,2,23,ring_1,35,0.27002793550491333,0.6377760171890259
6954,66,2,23,near_2_4,92,0.06255260109901428,0.2921825349330902
6954,66,2,23,mid_5_8,149,0.057044994086027145,0.247130885720253
6954,66,2,23,far_gt8,667,0.024421194568276405,0.164484903216362
6954,66,2,24,inside,81,0.6930170655250549,1.1519521474838257
6954,66,2,24,ring_1,35,0.2710256278514862,0.6395775079727173
6954,66,2,24,near_2_4,92,0.06653143465518951,0.30024969577789307
6954,66,2,24,mid_5_8,149,0.06147338077425957,0.25772735476493835
6954,66,2,24,far_gt8,667,0.027659829705953598,0.17434698343276978
6954,66,2,25,inside,81,0.6380791664123535,1.104215145111084
6954,66,2,25,ring_1,35,0.26449277997016907,0.6320204138755798
6954,66,2,25,near_2_4,92,0.06701674312353134,0.30173423886299133
6954,66,2,25,mid_5_8,149,0.062347956001758575,0.25948455929756165
6954,66,2,25,far_gt8,667,0.028738535940647125,0.17812521755695343
6954,66,2,26,inside,81,0.6431809663772583,1.108350157737732
6954,66,2,26,ring_1,35,0.2762017846107483,0.6493688821792603
6954,66,2,26,near_2_4,92,0.07546692341566086,0.3210706412792206
6954,66,2,26,mid_5_8,149,0.06862787902355194,0.2732539772987366
6954,66,2,26,far_gt8,667,0.03391566500067711,0.1952301263809204
6954,66,2,27,inside,81,0.7038472294807434,1.1592966318130493
6954,66,2,27,ring_1,35,0.3062751591205597,0.6813589930534363
6954,66,2,27,near_2_4,92,0.08681255578994751,0.34202882647514343
6954,66,2,27,mid_5_8,149,0.07832510769367218,0.29232257604599
6954,66,2,27,far_gt8,667,0.039536844938993454,0.21056954562664032
7088,67,0,0,inside,75,0.06281565129756927,0.33519089221954346
7088,67,0,0,ring_1,54,-8.830317810293309e-09,0.0
7088,67,0,0,near_2_4,143,7.919497946318188e-09,0.0
7088,67,0,0,mid_5_8,291,2.2530965981815143e-09,0.0
7088,67,0,0,far_gt8,461,2.97376745450606e-09,0.0
7088,67,0,1,inside,75,0.13163328170776367,0.4860326647758484
7088,67,0,1,ring_1,54,0.0005728845135308802,0.03222379460930824
7088,67,0,1,near_2_4,143,0.0004846366064157337,0.02899712510406971
7088,67,0,1,mid_5_8,291,0.00033664354123175144,0.024124374613165855
7088,67,0,1,far_gt8,461,0.0002596962731331587,0.0211950670927763
7088,67,0,2,inside,75,0.2931424081325531,0.7488119006156921
7088,67,0,2,ring_1,54,0.006453125737607479,0.10324183851480484
7088,67,0,2,near_2_4,143,0.0019603942055255175,0.05973253771662712
7088,67,0,2,mid_5_8,291,0.002119673416018486,0.06227344647049904
7088,67,0,2,far_gt8,461,0.0014070357428863645,0.0502900630235672
7088,67,0,3,inside,75,0.4066038727760315,0.8911328911781311
7088,67,0,3,ring_1,54,0.020176097750663757,0.18463490903377533
7088,67,0,3,near_2_4,143,0.0036218357272446156,0.08173447102308273
7088,67,0,3,mid_5_8,291,0.003852754132822156,0.08409938961267471
7088,67,0,3,far_gt8,461,0.0024231658317148685,0.06597085297107697
7088,67,0,4,inside,75,0.456968754529953,0.947598397731781
7088,67,0,4,ring_1,54,0.03468368202447891,0.2424599826335907
7088,67,0,4,near_2_4,143,0.004850368481129408,0.09502416849136353
7088,67,0,4,mid_5_8,291,0.004972158465534449,0.09434634447097778
7088,67,0,4,far_gt8,461,0.0029275857377797365,0.07252372801303864
7088,67,0,5,inside,75,0.47340118885040283,0.9655702710151672
7088,67,0,5,ring_1,54,0.04842187836766243,0.28887665271759033
7088,67,0,5,near_2_4,143,0.007198894862085581,0.11622032523155212
7088,67,0,5,mid_5_8,291,0.0068114460445940495,0.10893510282039642
7088,67,0,5,far_gt8,461,0.004022258333861828,0.08428964763879776
7088,67,0,6,inside,75,0.5313552618026733,1.024321436882019
7088,67,0,6,ring_1,54,0.07131423056125641,0.3526112735271454
7088,67,0,6,near_2_4,143,0.010663043707609177,0.1383017897605896
7088,67,0,6,mid_5_8,291,0.010271797887980938,0.11811916530132294
7088,67,0,6,far_gt8,461,0.006070664152503014,0.09037599712610245
7088,67,0,7,inside,75,0.5567843914031982,1.049587368965149
7088,67,0,7,ring_1,54,0.09151047468185425,0.39914214611053467
7088,67,0,7,near_2_4,143,0.01653534173965454,0.16873718798160553
7088,67,0,7,mid_5_8,291,0.015663042664527893,0.13769970834255219
7088,67,0,7,far_gt8,461,0.009370770305395126,0.10258123278617859
7088,67,0,8,inside,75,0.5625757575035095,1.0559501647949219
7088,67,0,8,ring_1,54,0.11070659756660461,0.4401252865791321
7088,67,0,8,near_2_4,143,0.021511830389499664,0.192051500082016
7088,67,0,8,mid_5_8,291,0.019474191591143608,0.15327809751033783
7088,67,0,8,far_gt8,461,0.012195644900202751,0.1141468733549118
7088,67,0,9,inside,75,0.5592626333236694,1.0522334575653076
7088,67,0,9,ring_1,54,0.1306612640619278,0.47516360878944397
7088,67,0,9,near_2_4,143,0.031434960663318634,0.2281792312860489
7088,67,0,9,mid_5_8,291,0.0288542490452528,0.1831306368112564
7088,67,0,9,far_gt8,461,0.01962406001985073,0.1357949823141098
7088,67,0,10,inside,75,0.568683385848999,1.0615445375442505
7088,67,0,10,ring_1,54,0.15448243916034698,0.5161169767379761
7088,67,0,10,near_2_4,143,0.044376347213983536,0.2693026661872864
7088,67,0,10,mid_5_8,291,0.03775026649236679,0.2122230976819992
7088,67,0,10,far_gt8,461,0.025893591344356537,0.15660540759563446
7088,67,0,11,inside,75,0.596812903881073,1.0883015394210815
7088,67,0,11,ring_1,54,0.18150605261325836,0.560401201248169
7088,67,0,11,near_2_4,143,0.05994825437664986,0.31149280071258545
7088,67,0,11,mid_5_8,291,0.051683299243450165,0.24933238327503204
7088,67,0,11,far_gt8,461,0.03229152783751488,0.17728789150714874
7088,67,0,12,inside,75,0.6238964796066284,1.1132705211639404
7088,67,0,12,ring_1,54,0.21437866985797882,0.6108234524726868
7088,67,0,12,near_2_4,143,0.08492670208215714,0.3692227602005005
7088,67,0,12,mid_5_8,291,0.07062765955924988,0.2979314923286438
7088,67,0,12,far_gt8,461,0.04224075376987457,0.21026746928691864
7088,67,0,13,inside,75,0.6566303372383118,1.1425858736038208
7088,67,0,13,ring_1,54,0.248273104429245,0.6578071713447571
7088,67,0,13,near_2_4,143,0.11155082285404205,0.42107903957366943
7088,67,0,13,mid_5_8,291,0.09384534507989883,0.34269726276397705
7088,67,0,13,far_gt8,461,0.0586884431540966,0.24592436850070953
7088,67,0,14,inside,75,0.6551654934883118,1.141265630722046
7088,67,0,14,ring_1,54,0.2519475519657135,0.6650587916374207
7088,67,0,14,near_2_4,143,0.13051870465278625,0.453698068857193
7088,67,0,14,mid_5_8,291,0.1182221844792366,0.3875889778137207
7088,67,0,14,far_gt8,461,0.07281704246997833,0.2737225294113159
7088,67,0,15,inside,75,0.715196967124939,1.1921299695968628
7088,67,0,15,ring_1,54,0.28266921639442444,0.7040027976036072
7088,67,0,15,near_2_4,143,0.15646958351135254,0.49378710985183716
7088,67,0,15,mid_5_8,291,0.1395079791545868,0.41960614919662476
7088,67,0,15,far_gt8,461,0.0833689495921135,0.29121360182762146
7088,67,0,16,inside,75,0.7562523484230042,1.2257349491119385
7088,67,0,16,ring_1,54,0.30716705322265625,0.7351757287979126
7088,67,0,16,near_2_4,143,0.17733322083950043,0.5235995054244995
7088,67,0,16,mid_5_8,291,0.1580168455839157,0.4461323916912079
7088,67,0,16,far_gt8,461,0.0920276939868927,0.3055797219276428
7088,67,0,17,inside,75,0.7779542803764343,1.242453694343567
7088,67,0,17,ring_1,54,0.3022410571575165,0.7293692231178284
7088,67,0,17,near_2_4,143,0.1901704967021942,0.5378267765045166
7088,67,0,17,mid_5_8,291,0.1688394695520401,0.45998385548591614
7088,67,0,17,far_gt8,461,0.09583666175603867,0.3120703399181366
7088,67,0,18,inside,75,0.7994875311851501,1.2602245807647705
7088,67,0,18,ring_1,54,0.3409605026245117,0.7718909978866577
7088,67,0,18,near_2_4,143,0.2113955020904541,0.5647814273834229
7088,67,0,18,mid_5_8,291,0.18251684308052063,0.47910788655281067
7088,67,0,18,far_gt8,461,0.10080717504024506,0.3232720196247101
7088,67,0,19,inside,75,0.8468969464302063,1.29694402217865
7088,67,0,19,ring_1,54,0.3610863983631134,0.7942848205566406
7088,67,0,19,near_2_4,143,0.22937406599521637,0.588910698890686
7088,67,0,19,mid_5_8,291,0.20064905285835266,0.5045150518417358
7088,67,0,19,far_gt8,461,0.11209000647068024,0.346446692943573
7088,67,0,20,inside,75,0.8374691009521484,1.2894103527069092
7088,67,0,20,ring_1,54,0.3611845076084137,0.7950043082237244
7088,67,0,20,near_2_4,143,0.23754234611988068,0.6001026630401611
7088,67,0,20,mid_5_8,291,0.21059194207191467,0.5180141925811768
7088,67,0,20,far_gt8,461,0.1218852624297142,0.36163848638534546
7088,67,0,21,inside,75,0.8039758205413818,1.2632973194122314
7088,67,0,21,ring_1,54,0.35225141048431396,0.7877508997917175
7088,67,0,21,near_2_4,143,0.23734115064144135,0.6040850281715393
7088,67,0,21,mid_5_8,291,0.21170289814472198,0.5247058868408203
7088,67,0,21,far_gt8,461,0.12470601499080658,0.3719587028026581
7088,67,0,22,inside,75,0.7837693691253662,1.2472120523452759
7088,67,0,22,ring_1,54,0.3500996232032776,0.7859386205673218
7088,67,0,22,near_2_4,143,0.23950032889842987,0.6088361740112305
7088,67,0,22,mid_5_8,291,0.2137932926416397,0.5324138402938843
7088,67,0,22,far_gt8,461,0.12641552090644836,0.38089895248413086
7088,67,0,23,inside,75,0.7408258318901062,1.212331771850586
7088,67,0,23,ring_1,54,0.3325282633304596,0.7683960795402527
7088,67,0,23,near_2_4,143,0.2370494157075882,0.6091263294219971
7088,67,0,23,mid_5_8,291,0.2130548506975174,0.5342088341712952
7088,67,0,23,far_gt8,461,0.1271781325340271,0.38616856932640076
7088,67,0,24,inside,75,0.7523885369300842,1.2213451862335205
7088,67,0,24,ring_1,54,0.3545963764190674,0.7984701991081238
7088,67,0,24,near_2_4,143,0.2600615620613098,0.6394558548927307
7088,67,0,24,mid_5_8,291,0.2378683239221573,0.5695523619651794
7088,67,0,24,far_gt8,461,0.14376497268676758,0.4152674078941345
7088,67,0,25,inside,75,0.6957299709320068,1.174060344696045
7088,67,0,25,ring_1,54,0.34401848912239075,0.7914330363273621
7088,67,0,25,near_2_4,143,0.2649647891521454,0.6521136164665222
7088,67,0,25,mid_5_8,291,0.24402914941310883,0.5843329429626465
7088,67,0,25,far_gt8,461,0.14782819151878357,0.426634818315506
7088,67,0,26,inside,75,0.7114755511283875,1.1869337558746338
7088,67,0,26,ring_1,54,0.35901471972465515,0.8086875677108765
7088,67,0,26,near_2_4,143,0.28307855129241943,0.6748048663139343
7088,67,0,26,mid_5_8,291,0.2663993835449219,0.6132823824882507
7088,67,0,26,far_gt8,461,0.16618746519088745,0.45772188901901245
7088,67,0,27,inside,75,0.7835338115692139,1.2453539371490479
7088,67,0,27,ring_1,54,0.40439772605895996,0.8569771647453308
7088,67,0,27,near_2_4,143,0.3244139850139618,0.7292315363883972
7088,67,0,27,mid_5_8,291,0.30613940954208374,0.665629506111145
7088,67,0,27,far_gt8,461,0.1931886523962021,0.5040456056594849
7108,68,2,0,inside,56,0.0204914677888155,0.16715967655181885
7108,68,2,0,ring_1,33,2.3480618338567183e-08,0.0
7108,68,2,0,near_2_4,66,2.438371815571827e-08,0.0
7108,68,2,0,mid_5_8,109,-1.6404948510739814e-09,0.0
7108,68,2,0,far_gt8,760,1.5685432952494693e-09,0.0
7108,68,2,1,inside,56,0.030607443302869797,0.21821269392967224
7108,68,2,1,ring_1,33,5.5210155551321805e-05,0.009296716190874577
7108,68,2,1,near_2_4,66,7.446787640219554e-05,0.010139641351997852
7108,68,2,1,mid_5_8,109,6.588226824533194e-05,0.009053119458258152
7108,68,2,1,far_gt8,760,5.48137650184799e-05,0.008660388179123402
7108,68,2,2,inside,56,0.11317747086286545,0.4556293487548828
7108,68,2,2,ring_1,33,0.004150713793933392,0.07478844374418259
7108,68,2,2,near_2_4,66,0.00019807978242170066,0.01929899863898754
7108,68,2,2,mid_5_8,109,0.00012167386012151837,0.01509797666221857
7108,68,2,2,far_gt8,760,8.649559458717704e-05,0.012753630056977272
7108,68,2,3,inside,56,0.24967621266841888,0.6966376900672913
7108,68,2,3,ring_1,33,0.011286605149507523,0.12924835085868835
7108,68,2,3,near_2_4,66,0.0007532401359640062,0.03714549168944359
7108,68,2,3,mid_5_8,109,0.00043577831820584834,0.02755987085402012
7108,68,2,3,far_gt8,760,0.00024832526105456054,0.020932821556925774
7108,68,2,4,inside,56,0.3007616400718689,0.7652856707572937
7108,68,2,4,ring_1,33,0.02115081436932087,0.1815500259399414
7108,68,2,4,near_2_4,66,0.0012284608092159033,0.04703151062130928
7108,68,2,4,mid_5_8,109,0.0007386913057416677,0.03562351316213608
7108,68,2,4,far_gt8,760,0.00043242998071946204,0.027055364102125168
7108,68,2,5,inside,56,0.3443647027015686,0.8188862204551697
7108,68,2,5,ring_1,33,0.02747522108256817,0.2100033313035965
7108,68,2,5,near_2_4,66,0.0017024766420945525,0.0551735945045948
7108,68,2,5,mid_5_8,109,0.0012012337101623416,0.0423496812582016
7108,68,2,5,far_gt8,760,0.0005885612918063998,0.03119346685707569
7108,68,2,6,inside,56,0.4158417582511902,0.8981068730354309
7108,68,2,6,ring_1,33,0.04431900754570961,0.2652914226055145
7108,68,2,6,near_2_4,66,0.0026054789777845144,0.0676090195775032
7108,68,2,6,mid_5_8,109,0.0019546658731997013,0.05036136135458946
7108,68,2,6,far_gt8,760,0.0008664050255902112,0.0372220054268837
7108,68,2,7,inside,56,0.47183161973953247,0.9554367065429688
7108,68,2,7,ring_1,33,0.059268396347761154,0.30133238434791565
7108,68,2,7,near_2_4,66,0.0037529785186052322,0.08079420775175095
7108,68,2,7,mid_5_8,109,0.0029567130841314793,0.05900096893310547
7108,68,2,7,far_gt8,760,0.0010731692891567945,0.04108714684844017
7108,68,2,8,inside,56,0.45026761293411255,0.9323229789733887
7108,68,2,8,ring_1,33,0.06558427959680557,0.3099172115325928
7108,68,2,8,near_2_4,66,0.00396014004945755,0.08309309184551239
7108,68,2,8,mid_5_8,109,0.004147969651967287,0.06277773529291153
7108,68,2,8,far_gt8,760,0.0012837758986279368,0.04446206986904144
7108,68,2,9,inside,56,0.45668378472328186,0.9373438954353333
7108,68,2,9,ring_1,33,0.07969910651445389,0.34599098563194275
7108,68,2,9,near_2_4,66,0.005264462903141975,0.09562098979949951
7108,68,2,9,mid_5_8,109,0.006156771909445524,0.07218779623508453
7108,68,2,9,far_gt8,760,0.0017488787416368723,0.04990560561418533
7108,68,2,10,inside,56,0.45802170038223267,0.9370450973510742
7108,68,2,10,ring_1,33,0.09594252705574036,0.3749166429042816
7108,68,2,10,near_2_4,66,0.006894471123814583,0.10882939398288727
7108,68,2,10,mid_5_8,109,0.008231191895902157,0.08067739754915237
7108,68,2,10,far_gt8,760,0.0021161732729524374,0.05368365719914436
7108,68,2,11,inside,56,0.4812455475330353,0.9601098895072937
7108,68,2,11,ring_1,33,0.11215176433324814,0.40627869963645935
7108,68,2,11,near_2_4,66,0.008654136210680008,0.12190333008766174
7108,68,2,11,mid_5_8,109,0.009272443130612373,0.08905484527349472
7108,68,2,11,far_gt8,760,0.0025564036332070827,0.05914894491434097
7108,68,2,12,inside,56,0.4918893277645111,0.9688904881477356
7108,68,2,12,ring_1,33,0.12287189066410065,0.42472442984580994
7108,68,2,12,near_2_4,66,0.01187945157289505,0.13968384265899658
7108,68,2,12,mid_5_8,109,0.011267033405601978,0.10059511661529541
7108,68,2,12,far_gt8,760,0.0035516321659088135,0.06991484016180038
7108,68,2,13,inside,56,0.5242440104484558,0.9965963363647461
7108,68,2,13,ring_1,33,0.13519281148910522,0.439726859331131
7108,68,2,13,near_2_4,66,0.01578204333782196,0.15318436920642853
7108,68,2,13,mid_5_8,109,0.013136124238371849,0.11100827157497406
7108,68,2,13,far_gt8,760,0.0045327115803956985,0.0776699036359787
7108,68,2,14,inside,56,0.5665711760520935,1.0346404314041138
7108,68,2,14,ring_1,33,0.1538727879524231,0.46517038345336914
7108,68,2,14,near_2_4,66,0.02321600541472435,0.17204813659191132
7108,68,2,14,mid_5_8,109,0.01651602052152157,0.12171364575624466
7108,68,2,14,far_gt8,760,0.005959178786724806,0.08591481298208237
7108,68,2,15,inside,56,0.5968415141105652,1.0614783763885498
7108,68,2,15,ring_1,33,0.17324697971343994,0.489461213350296
7108,68,2,15,near_2_4,66,0.029650341719388962,0.18539980053901672
7108,68,2,15,mid_5_8,109,0.0185020100325346,0.12470096349716187
7108,68,2,15,far_gt8,760,0.007105895783752203,0.09125195443630219
7108,68,2,16,inside,56,0.6331457495689392,1.0930683612823486
7108,68,2,16,ring_1,33,0.18249481916427612,0.5049711465835571
7108,68,2,16,near_2_4,66,0.034154050052165985,0.19808292388916016
7108,68,2,16,mid_5_8,109,0.02023346722126007,0.1336478441953659
7108,68,2,16,far_gt8,760,0.008406262844800949,0.09848964959383011
7108,68,2,17,inside,56,0.6557485461235046,1.1125255823135376
7108,68,2,17,ring_1,33,0.18410933017730713,0.506279706954956
7108,68,2,17,near_2_4,66,0.03750664368271828,0.20496244728565216
7108,68,2,17,mid_5_8,109,0.02118990756571293,0.13677895069122314
7108,68,2,17,far_gt8,760,0.009392322041094303,0.102919802069664
7108,68,2,18,inside,56,0.6921989321708679,1.1423437595367432
7108,68,2,18,ring_1,33,0.20101746916770935,0.5249436497688293
7108,68,2,18,near_2_4,66,0.041715700179338455,0.20620331168174744
7108,68,2,18,mid_5_8,109,0.022361820563673973,0.1354483664035797
7108,68,2,18,far_gt8,760,0.010864969342947006,0.10781353712081909
7108,68,2,19,inside,56,0.7191494107246399,1.1646060943603516
7108,68,2,19,ring_1,33,0.21013143658638,0.5387680530548096
7108,68,2,19,near_2_4,66,0.04394132271409035,0.2170824408531189
7108,68,2,19,mid_5_8,109,0.023851774632930756,0.14331792294979095
7108,68,2,19,far_gt8,760,0.012264331802725792,0.11633675545454025
7108,68,2,20,inside,56,0.6888462901115417,1.1407212018966675
7108,68,2,20,ring_1,33,0.20596671104431152,0.5344537496566772
7108,68,2,20,near_2_4,66,0.04553905874490738,0.22097907960414886
7108,68,2,20,mid_5_8,109,0.0241992324590683,0.1455020308494568
7108,68,2,20,far_gt8,760,0.013737383298575878,0.12164610624313354
7108,68,2,21,inside,56,0.6741548180580139,1.128180742263794
7108,68,2,21,ring_1,33,0.21014373004436493,0.5395939946174622
7108,68,2,21,near_2_4,66,0.04550470411777496,0.21806564927101135
7108,68,2,21,mid_5_8,109,0.023709261789917946,0.14298772811889648
7108,68,2,21,far_gt8,760,0.014141946099698544,0.12235347181558609
7108,68,2,22,inside,56,0.6713503003120422,1.1239153146743774
7108,68,2,22,ring_1,33,0.20550525188446045,0.5344066023826599
7108,68,2,22,near_2_4,66,0.04800418019294739,0.22348809242248535
7108,68,2,22,mid_5_8,109,0.025107750669121742,0.14816166460514069
7108,68,2,22,far_gt8,760,0.01468572486191988,0.12551702558994293
7108,68,2,23,inside,56,0.6357510685920715,1.0938904285430908
7108,68,2,23,ring_1,33,0.195238396525383,0.5202741622924805
7108,68,2,23,near_2_4,66,0.05000006780028343,0.22761063277721405
7108,68,2,23,mid_5_8,109,0.02594824880361557,0.15275031328201294
7108,68,2,23,far_gt8,760,0.015539206564426422,0.1292053759098053
7108,68,2,24,inside,56,0.6318431496620178,1.0898600816726685
7108,68,2,24,ring_1,33,0.19362300634384155,0.5193633437156677
7108,68,2,24,near_2_4,66,0.052571386098861694,0.23441514372825623
7108,68,2,24,mid_5_8,109,0.026337282732129097,0.15621957182884216
7108,68,2,24,far_gt8,760,0.017250962555408478,0.1351098269224167
7108,68,2,25,inside,56,0.5847815275192261,1.0480973720550537
7108,68,2,25,ring_1,33,0.1894802451133728,0.5150724649429321
7108,68,2,25,near_2_4,66,0.057012010365724564,0.24365630745887756
7108,68,2,25,mid_5_8,109,0.027254868298768997,0.15987785160541534
7108,68,2,25,far_gt8,760,0.01853937841951847,0.13881650567054749
7108,68,2,26,inside,56,0.6230586171150208,1.0812768936157227
7108,68,2,26,ring_1,33,0.1995144486427307,0.5315978527069092
7108,68,2,26,near_2_4,66,0.06401727348566055,0.2596300542354584
7108,68,2,26,mid_5_8,109,0.030370965600013733,0.16867828369140625
7108,68,2,26,far_gt8,760,0.02178950048983097,0.15168467164039612
7108,68,2,27,inside,56,0.6878290176391602,1.1351525783538818
7108,68,2,27,ring_1,33,0.21812257170677185,0.5616901516914368
7108,68,2,27,near_2_4,66,0.06985114514827728,0.27908074855804443
7108,68,2,27,mid_5_8,109,0.0342646948993206,0.18630991876125336
7108,68,2,27,far_gt8,760,0.02541659213602543,0.16960032284259796
7278,69,0,0,inside,27,0.07219528406858444,0.3681425154209137
7278,69,0,0,ring_1,30,2.582867963951685e-08,0.0
7278,69,0,0,near_2_4,86,1.594077758682033e-08,0.0
7278,69,0,0,mid_5_8,185,1.288749107430931e-09,0.0
7278,69,0,0,far_gt8,696,8.563885600665344e-09,0.0
7278,69,0,1,inside,27,0.2639788091182709,0.7141835689544678
7278,69,0,1,ring_1,30,5.4530300985788926e-05,0.010305031202733517
7278,69,0,1,near_2_4,86,3.1376992410514504e-05,0.007712510414421558
7278,69,0,1,mid_5_8,185,1.6906777091207914e-05,0.00571360532194376
7278,69,0,1,far_gt8,696,1.0699975973693654e-05,0.004447107668966055
7278,69,0,2,inside,27,0.44228971004486084,0.9276713132858276
7278,69,0,2,ring_1,30,0.0049269795417785645,0.08266441524028778
7278,69,0,2,near_2_4,86,0.00026484354748390615,0.021385855972766876
7278,69,0,2,mid_5_8,185,0.0002810945443343371,0.02076536789536476
7278,69,0,2,far_gt8,696,0.00026373795117251575,0.01818588748574257
7278,69,0,3,inside,27,0.5122833847999573,1.0026203393936157
7278,69,0,3,ring_1,30,0.021206390112638474,0.17970147728919983
7278,69,0,3,near_2_4,86,0.0014988052425906062,0.05292729288339615
7278,69,0,3,mid_5_8,185,0.0011428858852013946,0.045701757073402405
7278,69,0,3,far_gt8,696,0.0010586032876744866,0.04197564721107483
7278,69,0,4,inside,27,0.5042861700057983,0.9958443641662598
7278,69,0,4,ring_1,30,0.036923568695783615,0.2463337928056717
7278,69,0,4,near_2_4,86,0.004036718979477882,0.07938290387392044
7278,69,0,4,mid_5_8,185,0.002134008100256324,0.0625782385468483
7278,69,0,4,far_gt8,696,0.0018976054852828383,0.055593375116586685
7278,69,0,5,inside,27,0.5103216767311096,1.0024553537368774
7278,69,0,5,ring_1,30,0.05317825451493263,0.30080410838127136
7278,69,0,5,near_2_4,86,0.008113538846373558,0.10741172730922699
7278,69,0,5,mid_5_8,185,0.0034225648269057274,0.07848519831895828
7278,69,0,5,far_gt8,696,0.0030365202110260725,0.06819828599691391
7278,69,0,6,inside,27,0.5181716680526733,1.0111727714538574
7278,69,0,6,ring_1,30,0.0758502185344696,0.3655776083469391
7278,69,0,6,near_2_4,86,0.01696053519845009,0.14212621748447418
7278,69,0,6,mid_5_8,185,0.006030278746038675,0.09372745454311371
7278,69,0,6,far_gt8,696,0.004652136005461216,0.07696951180696487
7278,69,0,7,inside,27,0.5251448750495911,1.0182603597640991
7278,69,0,7,ring_1,30,0.09440718591213226,0.4121931493282318
7278,69,0,7,near_2_4,86,0.029467621818184853,0.18460632860660553
7278,69,0,7,mid_5_8,185,0.010717341676354408,0.11587344855070114
7278,69,0,7,far_gt8,696,0.007265787571668625,0.09101773053407669
7278,69,0,8,inside,27,0.5204604268074036,1.0141762495040894
7278,69,0,8,ring_1,30,0.104157954454422,0.43624770641326904
7278,69,0,8,near_2_4,86,0.0380525104701519,0.21133631467819214
7278,69,0,8,mid_5_8,185,0.015864180400967598,0.13621576130390167
7278,69,0,8,far_gt8,696,0.010126573033630848,0.10557617247104645
7278,69,0,9,inside,27,0.5098136067390442,1.0044885873794556
7278,69,0,9,ring_1,30,0.12281958758831024,0.47484174370765686
7278,69,0,9,near_2_4,86,0.0503280833363533,0.24879349768161774
7278,69,0,9,mid_5_8,185,0.024515144526958466,0.1673160195350647
7278,69,0,9,far_gt8,696,0.0159150343388319,0.13108491897583008
7278,69,0,10,inside,27,0.5309601426124573,1.0257302522659302
7278,69,0,10,ring_1,30,0.13792230188846588,0.5064054727554321
7278,69,0,10,near_2_4,86,0.06020593270659447,0.27976223826408386
7278,69,0,10,mid_5_8,185,0.035740550607442856,0.20450006425380707
7278,69,0,10,far_gt8,696,0.020480329170823097,0.15328297019004822
7278,69,0,11,inside,27,0.5609940886497498,1.0547888278961182
7278,69,0,11,ring_1,30,0.15261046588420868,0.5349337458610535
7278,69,0,11,near_2_4,86,0.06981131434440613,0.3092605769634247
7278,69,0,11,mid_5_8,185,0.044646408408880234,0.2322670966386795
7278,69,0,11,far_gt8,696,0.024805720895528793,0.1725941002368927
7278,69,0,12,inside,27,0.6041132807731628,1.0947178602218628
7278,69,0,12,ring_1,30,0.17236055433750153,0.5710375308990479
7278,69,0,12,near_2_4,86,0.081088587641716,0.33710533380508423
7278,69,0,12,mid_5_8,185,0.05648207291960716,0.26245391368865967
7278,69,0,12,far_gt8,696,0.03105938248336315,0.19598187506198883
7278,69,0,13,inside,27,0.6525648832321167,1.1374768018722534
7278,69,0,13,ring_1,30,0.2045871913433075,0.6221648454666138
7278,69,0,13,near_2_4,86,0.09346937388181686,0.3675708770751953
7278,69,0,13,mid_5_8,185,0.07033855468034744,0.2978533208370209
7278,69,0,13,far_gt8,696,0.040446195751428604,0.2222987711429596
7278,69,0,14,inside,27,0.6712272763252258,1.1534788608551025
7278,69,0,14,ring_1,30,0.22102484107017517,0.6479053497314453
7278,69,0,14,near_2_4,86,0.11130562424659729,0.4088447093963623
7278,69,0,14,mid_5_8,185,0.08575302362442017,0.3400350511074066
7278,69,0,14,far_gt8,696,0.05429810658097267,0.2587398588657379
7278,69,0,15,inside,27,0.7295404076576233,1.2026410102844238
7278,69,0,15,ring_1,30,0.2709175944328308,0.7179703116416931
7278,69,0,15,near_2_4,86,0.13289251923561096,0.44735580682754517
7278,69,0,15,mid_5_8,185,0.10175948590040207,0.37055957317352295
7278,69,0,15,far_gt8,696,0.06752444803714752,0.28653714060783386
7278,69,0,16,inside,27,0.7823503017425537,1.2459145784378052
7278,69,0,16,ring_1,30,0.29742440581321716,0.7524109482765198
7278,69,0,16,near_2_4,86,0.14486628770828247,0.4680705964565277
7278,69,0,16,mid_5_8,185,0.11597699671983719,0.40066882967948914
7278,69,0,16,far_gt8,696,0.07852720469236374,0.31189173460006714
7278,69,0,17,inside,27,0.7928698062896729,1.25435471534729
7278,69,0,17,ring_1,30,0.32951265573501587,0.792363703250885
7278,69,0,17,near_2_4,86,0.14725598692893982,0.4651128649711609
7278,69,0,17,mid_5_8,185,0.12294119596481323,0.4025554656982422
7278,69,0,17,far_gt8,696,0.08489662408828735,0.32056787610054016
7278,69,0,18,inside,27,0.7999616265296936,1.259257435798645
7278,69,0,18,ring_1,30,0.3392333388328552,0.8034032583236694
7278,69,0,18,near_2_4,86,0.15540744364261627,0.4778909981250763
7278,69,0,18,mid_5_8,185,0.13013650476932526,0.4161038100719452
7278,69,0,18,far_gt8,696,0.08970419317483902,0.3308889865875244
7278,69,0,19,inside,27,0.8384358286857605,1.289031982421875
7278,69,0,19,ring_1,30,0.3520296812057495,0.8188766837120056
7278,69,0,19,near_2_4,86,0.1638476401567459,0.49024197459220886
7278,69,0,19,mid_5_8,185,0.14312869310379028,0.43682777881622314
7278,69,0,19,far_gt8,696,0.10056853294372559,0.352687805891037
7278,69,0,20,inside,27,0.8148674368858337,1.270525336265564
7278,69,0,20,ring_1,30,0.34336552023887634,0.8082888126373291
7278,69,0,20,near_2_4,86,0.16031675040721893,0.4856986701488495
7278,69,0,20,mid_5_8,185,0.14669138193130493,0.4450330138206482
7278,69,0,20,far_gt8,696,0.1065751314163208,0.36513134837150574
7278,69,0,21,inside,27,0.7802833318710327,1.2436245679855347
7278,69,0,21,ring_1,30,0.33613139390945435,0.8007423877716064
7278,69,0,21,near_2_4,86,0.1601305902004242,0.48877888917922974
7278,69,0,21,mid_5_8,185,0.15005862712860107,0.45444872975349426
7278,69,0,21,far_gt8,696,0.11127854138612747,0.37813258171081543
7278,69,0,22,inside,27,0.7713901400566101,1.235824465751648
7278,69,0,22,ring_1,30,0.33037814497947693,0.7936331033706665
7278,69,0,22,near_2_4,86,0.15626899898052216,0.48250606656074524
7278,69,0,22,mid_5_8,185,0.1444002240896225,0.4485826790332794
7278,69,0,22,far_gt8,696,0.11203885078430176,0.3814692497253418
7278,69,0,23,inside,27,0.7254380583763123,1.1984833478927612
7278,69,0,23,ring_1,30,0.3277480900287628,0.7873716354370117
7278,69,0,23,near_2_4,86,0.15507477521896362,0.4798862040042877
7278,69,0,23,mid_5_8,185,0.14585238695144653,0.4558018743991852
7278,69,0,23,far_gt8,696,0.11621920019388199,0.39199262857437134
7278,69,0,24,inside,27,0.7210521697998047,1.1958204507827759
7278,69,0,24,ring_1,30,0.31511345505714417,0.772510290145874
7278,69,0,24,near_2_4,86,0.1618908792734146,0.49362653493881226
7278,69,0,24,mid_5_8,185,0.1608188897371292,0.4831817150115967
7278,69,0,24,far_gt8,696,0.1325981169939041,0.4274355471134186
7278,69,0,25,inside,27,0.6666542291641235,1.1501586437225342
7278,69,0,25,ring_1,30,0.2870238721370697,0.7359121441841125
7278,69,0,25,near_2_4,86,0.16081175208091736,0.4913313090801239
7278,69,0,25,mid_5_8,185,0.16411073505878448,0.49199825525283813
7278,69,0,25,far_gt8,696,0.14249321818351746,0.4481639266014099
7278,69,0,26,inside,27,0.668085515499115,1.1509573459625244
7278,69,0,26,ring_1,30,0.30782902240753174,0.7616492509841919
7278,69,0,26,near_2_4,86,0.17804130911827087,0.5190187692642212
7278,69,0,26,mid_5_8,185,0.1849944293498993,0.5261476039886475
7278,69,0,26,far_gt8,696,0.16589228808879852,0.49014899134635925
7278,69,0,27,inside,27,0.7422471046447754,1.212677001953125
7278,69,0,27,ring_1,30,0.33426615595817566,0.7923336029052734
7278,69,0,27,near_2_4,86,0.1970294862985611,0.5471067428588867
7278,69,0,27,mid_5_8,185,0.20005765557289124,0.5515332818031311
7278,69,0,27,far_gt8,696,0.18525271117687225,0.5225724577903748
7281,70,1,0,inside,53,0.04719739407300949,0.29719674587249756
7281,70,1,0,ring_1,49,8.514949634275126e-09,0.0
7281,70,1,0,near_2_4,105,-9.650276133754687e-09,0.0
7281,70,1,0,mid_5_8,196,4.865685188093494e-09,0.0
7281,70,1,0,far_gt8,621,6.046847911278519e-09,0.0
7281,70,1,1,inside,53,0.11791477352380753,0.47321927547454834
7281,70,1,1,ring_1,49,2.0119608961977065e-05,0.0061474270187318325
7281,70,1,1,near_2_4,105,1.2502783647505566e-05,0.00482988590374589
7281,70,1,1,mid_5_8,196,9.796753147384152e-06,0.004209623672068119
7281,70,1,1,far_gt8,621,8.441015779681038e-06,0.003961372654885054
7281,70,1,2,inside,53,0.29354995489120483,0.75784832239151
7281,70,1,2,ring_1,49,0.004167189355939627,0.080272376537323
7281,70,1,2,near_2_4,105,0.0003661751688923687,0.026583172380924225
7281,70,1,2,mid_5_8,196,0.00024400377878919244,0.021468430757522583
7281,70,1,2,far_gt8,621,0.00011139378329971805,0.014523510821163654
7281,70,1,3,inside,53,0.4275531470775604,0.9173676371574402
7281,70,1,3,ring_1,49,0.016529323533177376,0.16067560017108917
7281,70,1,3,near_2_4,105,0.0010069035924971104,0.04310590773820877
7281,70,1,3,mid_5_8,196,0.0006971918628551066,0.036137618124485016
7281,70,1,3,far_gt8,621,0.0004418789758346975,0.02894068881869316
7281,70,1,4,inside,53,0.46332377195358276,0.9542735815048218
7281,70,1,4,ring_1,49,0.035881079733371735,0.24158261716365814
7281,70,1,4,near_2_4,105,0.0020947784651070833,0.06096615642309189
7281,70,1,4,mid_5_8,196,0.0013900399208068848,0.04981032758951187
7281,70,1,4,far_gt8,621,0.0008353456505574286,0.03863448277115822
7281,70,1,5,inside,53,0.4791905879974365,0.9698354005813599
7281,70,1,5,ring_1,49,0.05143129453063011,0.29586687684059143
7281,70,1,5,near_2_4,105,0.0033590737730264664,0.0769890770316124
7281,70,1,5,mid_5_8,196,0.002193655353039503,0.06270323693752289
7281,70,1,5,far_gt8,621,0.0012788939056918025,0.04658942669630051
7281,70,1,6,inside,53,0.5516690611839294,1.0399513244628906
7281,70,1,6,ring_1,49,0.07941032946109772,0.36877673864364624
7281,70,1,6,near_2_4,105,0.006280471105128527,0.10311295837163925
7281,70,1,6,mid_5_8,196,0.0036116689443588257,0.07812734693288803
7281,70,1,6,far_gt8,621,0.0028261360712349415,0.06276293098926544
7281,70,1,7,inside,53,0.5779649019241333,1.0644294023513794
7281,70,1,7,ring_1,49,0.09223207086324692,0.3995848298072815
7281,70,1,7,near_2_4,105,0.00936921313405037,0.1233198270201683
7281,70,1,7,mid_5_8,196,0.005441451445221901,0.09128506481647491
7281,70,1,7,far_gt8,621,0.003966732881963253,0.07223758846521378
7281,70,1,8,inside,53,0.5532103776931763,1.0413241386413574
7281,70,1,8,ring_1,49,0.10303342342376709,0.4242686927318573
7281,70,1,8,near_2_4,105,0.013546613976359367,0.14093288779258728
7281,70,1,8,mid_5_8,196,0.007555428892374039,0.10159965604543686
7281,70,1,8,far_gt8,621,0.0054630739614367485,0.08116985857486725
7281,70,1,9,inside,53,0.5390757322311401,1.0274980068206787
7281,70,1,9,ring_1,49,0.10988753288984299,0.44082358479499817
7281,70,1,9,near_2_4,105,0.019295796751976013,0.1642373949289322
7281,70,1,9,mid_5_8,196,0.010603982955217361,0.11640385538339615
7281,70,1,9,far_gt8,621,0.008643394336104393,0.09686354547739029
7281,70,1,10,inside,53,0.559424102306366,1.047142505645752
7281,70,1,10,ring_1,49,0.11796964704990387,0.45848456025123596
7281,70,1,10,near_2_4,105,0.02419614978134632,0.18123041093349457
7281,70,1,10,mid_5_8,196,0.013254322111606598,0.1305752992630005
7281,70,1,10,far_gt8,621,0.011387788690626621,0.10753647238016129
7281,70,1,11,inside,53,0.5865142345428467,1.0726317167282104
7281,70,1,11,ring_1,49,0.14149846136569977,0.5030936002731323
7281,70,1,11,near_2_4,105,0.03138647973537445,0.20371319353580475
7281,70,1,11,mid_5_8,196,0.015868794173002243,0.14438024163246155
7281,70,1,11,far_gt8,621,0.014172684401273727,0.11914319545030594
7281,70,1,12,inside,53,0.587177038192749,1.0725817680358887
7281,70,1,12,ring_1,49,0.16309960186481476,0.5423859357833862
7281,70,1,12,near_2_4,105,0.042023517191410065,0.2365511953830719
7281,70,1,12,mid_5_8,196,0.023655230179429054,0.17719803750514984
7281,70,1,12,far_gt8,621,0.0199798084795475,0.14275048673152924
7281,70,1,13,inside,53,0.6027210354804993,1.0868066549301147
7281,70,1,13,ring_1,49,0.18789725005626678,0.584318220615387
7281,70,1,13,near_2_4,105,0.052730850875377655,0.2657829821109772
7281,70,1,13,mid_5_8,196,0.030468527227640152,0.20132632553577423
7281,70,1,13,far_gt8,621,0.025948001071810722,0.16284547746181488
7281,70,1,14,inside,53,0.6124846935272217,1.0954428911209106
7281,70,1,14,ring_1,49,0.2032727599143982,0.6060142517089844
7281,70,1,14,near_2_4,105,0.05871915444731712,0.27975544333457947
7281,70,1,14,mid_5_8,196,0.04315139353275299,0.23048411309719086
7281,70,1,14,far_gt8,621,0.033853210508823395,0.1917247623205185
7281,70,1,15,inside,53,0.670144259929657,1.1457570791244507
7281,70,1,15,ring_1,49,0.24046149849891663,0.6577728390693665
7281,70,1,15,near_2_4,105,0.07343284040689468,0.31077516078948975
7281,70,1,15,mid_5_8,196,0.05661850422620773,0.25769802927970886
7281,70,1,15,far_gt8,621,0.043081603944301605,0.21380262076854706
7281,70,1,16,inside,53,0.7244700193405151,1.1920956373214722
7281,70,1,16,ring_1,49,0.2774476706981659,0.7078859806060791
7281,70,1,16,near_2_4,105,0.08304904401302338,0.3310953378677368
7281,70,1,16,mid_5_8,196,0.06691623479127884,0.2766781151294708
7281,70,1,16,far_gt8,621,0.050660956650972366,0.23122426867485046
7281,70,1,17,inside,53,0.760953962802887,1.2221568822860718
7281,70,1,17,ring_1,49,0.2987203598022461,0.7334811091423035
7281,70,1,17,near_2_4,105,0.0878538116812706,0.3388298451900482
7281,70,1,17,mid_5_8,196,0.07319504022598267,0.2859874665737152
7281,70,1,17,far_gt8,621,0.05833543837070465,0.24651645123958588
7281,70,1,18,inside,53,0.782105565071106,1.2392686605453491
7281,70,1,18,ring_1,49,0.33551841974258423,0.7768064141273499
7281,70,1,18,near_2_4,105,0.09983691573143005,0.36038076877593994
7281,70,1,18,mid_5_8,196,0.08310282975435257,0.30124029517173767
7281,70,1,18,far_gt8,621,0.06412070244550705,0.25758638978004456
7281,70,1,19,inside,53,0.813866138458252,1.263598084449768
7281,70,1,19,ring_1,49,0.3620487451553345,0.807166576385498
7281,70,1,19,near_2_4,105,0.11557113379240036,0.3897744417190552
7281,70,1,19,mid_5_8,196,0.09054514765739441,0.31875452399253845
7281,70,1,19,far_gt8,621,0.06980601698160172,0.2722753882408142
7281,70,1,20,inside,53,0.7970673441886902,1.2506622076034546
7281,70,1,20,ring_1,49,0.36233019828796387,0.8054901361465454
7281,70,1,20,near_2_4,105,0.11757068336009979,0.39499542117118835
7281,70,1,20,mid_5_8,196,0.09461882710456848,0.3261251151561737
7281,70,1,20,far_gt8,621,0.0757787898182869,0.28800976276397705
7281,70,1,21,inside,53,0.762902021408081,1.2235891819000244
7281,70,1,21,ring_1,49,0.3544749915599823,0.7983910441398621
7281,70,1,21,near_2_4,105,0.1236666664481163,0.4061277210712433
7281,70,1,21,mid_5_8,196,0.10205863416194916,0.33976948261260986
7281,70,1,21,far_gt8,621,0.0822877585887909,0.3041500151157379
7281,70,1,22,inside,53,0.7488759756088257,1.2119556665420532
7281,70,1,22,ring_1,49,0.35108235478401184,0.7957638502120972
7281,70,1,22,near_2_4,105,0.12259003520011902,0.40752753615379333
7281,70,1,22,mid_5_8,196,0.10278309881687164,0.3440138101577759
7281,70,1,22,far_gt8,621,0.0836837962269783,0.3094480037689209
7281,70,1,23,inside,53,0.7112447023391724,1.1819318532943726
7281,70,1,23,ring_1,49,0.3393104374408722,0.7836682200431824
7281,70,1,23,near_2_4,105,0.12091454863548279,0.4081590175628662
7281,70,1,23,mid_5_8,196,0.10469319671392441,0.35100457072257996
7281,70,1,23,far_gt8,621,0.08579476177692413,0.3181150257587433
7281,70,1,24,inside,53,0.7029279470443726,1.175595760345459
7281,70,1,24,ring_1,49,0.33962610363960266,0.7844454646110535
7281,70,1,24,near_2_4,105,0.1308618038892746,0.43147724866867065
7281,70,1,24,mid_5_8,196,0.11899726092815399,0.38081294298171997
7281,70,1,24,far_gt8,621,0.10071532428264618,0.3535943627357483
7281,70,1,25,inside,53,0.6482349038124084,1.1290127038955688
7281,70,1,25,ring_1,49,0.3226061463356018,0.7647700905799866
7281,70,1,25,near_2_4,105,0.13282188773155212,0.44042935967445374
7281,70,1,25,mid_5_8,196,0.1267169862985611,0.39710596203804016
7281,70,1,25,far_gt8,621,0.10990621894598007,0.37662458419799805
7281,70,1,26,inside,53,0.6535614132881165,1.1327875852584839
7281,70,1,26,ring_1,49,0.32596471905708313,0.7634295225143433
7281,70,1,26,near_2_4,105,0.1405758261680603,0.4564759433269501
7281,70,1,26,mid_5_8,196,0.14555703103542328,0.43219804763793945
7281,70,1,26,far_gt8,621,0.12728317081928253,0.4156738817691803
7281,70,1,27,inside,53,0.7353662252426147,1.201647162437439
7281,70,1,27,ring_1,49,0.3660706877708435,0.8049900531768799
7281,70,1,27,near_2_4,105,0.15886110067367554,0.4862060844898224
7281,70,1,27,mid_5_8,196,0.16897444427013397,0.4687484800815582
7281,70,1,27,far_gt8,621,0.15161213278770447,0.45923706889152527
7386,71,1,0,inside,21,0.06145312637090683,0.3345291018486023
7386,71,1,0,ring_1,19,-1.8822518654815212e-08,0.0
7386,71,1,0,near_2_4,53,1.3495391470996765e-08,0.0
7386,71,1,0,mid_5_8,124,9.132969935876645e-09,0.0
7386,71,1,0,far_gt8,807,9.23244147799096e-09,0.0
7386,71,1,1,inside,21,0.11921776086091995,0.46473488211631775
7386,71,1,1,ring_1,19,1.7470434613642283e-05,0.005749688949435949
7386,71,1,1,near_2_4,53,1.2663175766647328e-05,0.0046915956772863865
7386,71,1,1,mid_5_8,124,3.949288384319516e-06,0.002659797202795744
7386,71,1,1,far_gt8,807,2.308036528120283e-06,0.0020997803658246994
7386,71,1,2,inside,21,0.25773945450782776,0.6999722123146057
7386,71,1,2,ring_1,19,0.003348222002387047,0.06852063536643982
7386,71,1,2,near_2_4,53,0.00021221277711447328,0.01934703253209591
7386,71,1,2,mid_5_8,124,0.00011563493171706796,0.014019167050719261
7386,71,1,2,far_gt8,807,7.853573333704844e-05,0.01105501875281334
7386,71,1,3,inside,21,0.39786648750305176,0.8720039129257202
7386,71,1,3,ring_1,19,0.010054889135062695,0.12518110871315002
7386,71,1,3,near_2_4,53,0.0007326501654461026,0.03579787537455559
7386,71,1,3,mid_5_8,124,0.00037209352012723684,0.024978337809443474
7386,71,1,3,far_gt8,807,0.00023617997067049146,0.02003094181418419
7386,71,1,4,inside,21,0.439918577671051,0.9232538342475891
7386,71,1,4,ring_1,19,0.015122118405997753,0.1541035771369934
7386,71,1,4,near_2_4,53,0.0009322413825429976,0.04067032411694527
7386,71,1,4,mid_5_8,124,0.00048642532783560455,0.02880622074007988
7386,71,1,4,far_gt8,807,0.0003206772671546787,0.023429783061146736
7386,71,1,5,inside,21,0.4389267563819885,0.9233037233352661
7386,71,1,5,ring_1,19,0.017746608704328537,0.16948330402374268
7386,71,1,5,near_2_4,53,0.0012365939328446984,0.047090187668800354
7386,71,1,5,mid_5_8,124,0.0006449996726587415,0.03356444835662842
7386,71,1,5,far_gt8,807,0.0003639139758888632,0.025100454688072205
7386,71,1,6,inside,21,0.49580979347229004,0.9852925539016724
7386,71,1,6,ring_1,19,0.027260055765509605,0.21144349873065948
7386,71,1,6,near_2_4,53,0.0016983679961413145,0.05466148257255554
7386,71,1,6,mid_5_8,124,0.0007088861893862486,0.03524681180715561
7386,71,1,6,far_gt8,807,0.00037169369170442224,0.025313349440693855
7386,71,1,7,inside,21,0.5255031585693359,1.0154582262039185
7386,71,1,7,ring_1,19,0.030704347416758537,0.22519902884960175
7386,71,1,7,near_2_4,53,0.0022234399802982807,0.06299711763858795
7386,71,1,7,mid_5_8,124,0.0008720130426809192,0.0395326092839241
7386,71,1,7,far_gt8,807,0.0003859131829813123,0.025812853127717972
7386,71,1,8,inside,21,0.5222601890563965,1.0157155990600586
7386,71,1,8,ring_1,19,0.03830813616514206,0.25142037868499756
7386,71,1,8,near_2_4,53,0.0030347940046340227,0.07231074571609497
7386,71,1,8,mid_5_8,124,0.0009986954974010587,0.042754944413900375
7386,71,1,8,far_gt8,807,0.0004271268844604492,0.027055274695158005
7386,71,1,9,inside,21,0.5304596424102783,1.0237486362457275
7386,71,1,9,ring_1,19,0.043803535401821136,0.268883615732193
7386,71,1,9,near_2_4,53,0.004152796231210232,0.08445410430431366
7386,71,1,9,mid_5_8,124,0.001206126413308084,0.04699186980724335
7386,71,1,9,far_gt8,807,0.0005040959804318845,0.028809497132897377
7386,71,1,10,inside,21,0.5716598033905029,1.0626460313796997
7386,71,1,10,ring_1,19,0.04687078297138214,0.2771017551422119
7386,71,1,10,near_2_4,53,0.005448501091450453,0.09566516429185867
7386,71,1,10,mid_5_8,124,0.0013445308431982994,0.04946122318506241
7386,71,1,10,far_gt8,807,0.0005783065571449697,0.030104605481028557
7386,71,1,11,inside,21,0.6203436255455017,1.1085920333862305
7386,71,1,11,ring_1,19,0.05566297844052315,0.30294910073280334
7386,71,1,11,near_2_4,53,0.008235285058617592,0.11471009999513626
7386,71,1,11,mid_5_8,124,0.0018502911552786827,0.057220716029405594
7386,71,1,11,far_gt8,807,0.000756646681111306,0.03394864872097969
7386,71,1,12,inside,21,0.6222147941589355,1.1110765933990479
7386,71,1,12,ring_1,19,0.06482750177383423,0.32070672512054443
7386,71,1,12,near_2_4,53,0.011887128464877605,0.13369151949882507
7386,71,1,12,mid_5_8,124,0.0025208606384694576,0.06461457908153534
7386,71,1,12,far_gt8,807,0.001162212691269815,0.040629755705595016
7386,71,1,13,inside,21,0.6457407474517822,1.1329898834228516
7386,71,1,13,ring_1,19,0.08066242933273315,0.34978657960891724
7386,71,1,13,near_2_4,53,0.018710054457187653,0.15768587589263916
7386,71,1,13,mid_5_8,124,0.003020768752321601,0.0698668360710144
7386,71,1,13,far_gt8,807,0.0014217833522707224,0.044711895287036896
7386,71,1,14,inside,21,0.6602007746696472,1.1464512348175049
7386,71,1,14,ring_1,19,0.09158128499984741,0.3578282594680786
7386,71,1,14,near_2_4,53,0.02356952615082264,0.16813263297080994
7386,71,1,14,mid_5_8,124,0.0031706243753433228,0.06944557279348373
7386,71,1,14,far_gt8,807,0.0019622710533440113,0.04890827089548111
7386,71,1,15,inside,21,0.710320234298706,1.1875238418579102
7386,71,1,15,ring_1,19,0.10553445667028427,0.37568435072898865
7386,71,1,15,near_2_4,53,0.028865555301308632,0.1798020452260971
7386,71,1,15,mid_5_8,124,0.003514134557917714,0.07147307693958282
7386,71,1,15,far_gt8,807,0.0027790686581283808,0.05342365801334381
7386,71,1,16,inside,21,0.7440941333770752,1.2154093980789185
7386,71,1,16,ring_1,19,0.11633801460266113,0.393099844455719
7386,71,1,16,near_2_4,53,0.03217729553580284,0.18866102397441864
7386,71,1,16,mid_5_8,124,0.003889434738084674,0.07457669079303741
7386,71,1,16,far_gt8,807,0.003773304633796215,0.05828306823968887
7386,71,1,17,inside,21,0.7485202550888062,1.2190141677856445
7386,71,1,17,ring_1,19,0.12137911468744278,0.3963039517402649
7386,71,1,17,near_2_4,53,0.0340888649225235,0.19069048762321472
7386,71,1,17,mid_5_8,124,0.004047887399792671,0.07450302690267563
7386,71,1,17,far_gt8,807,0.004186621867120266,0.0604139007627964
7386,71,1,18,inside,21,0.7898862957954407,1.2531687021255493
7386,71,1,18,ring_1,19,0.12543711066246033,0.40265581011772156
7386,71,1,18,near_2_4,53,0.03857288137078285,0.19977396726608276
7386,71,1,18,mid_5_8,124,0.0042551555670797825,0.07605709880590439
7386,71,1,18,far_gt8,807,0.004859252367168665,0.06372056901454926
7386,71,1,19,inside,21,0.830785870552063,1.2853249311447144
7386,71,1,19,ring_1,19,0.1358136087656021,0.41958752274513245
7386,71,1,19,near_2_4,53,0.0432097502052784,0.21202720701694489
7386,71,1,19,mid_5_8,124,0.005000113043934107,0.08143280446529388
7386,71,1,19,far_gt8,807,0.005637266207486391,0.0693216323852539
7386,71,1,20,inside,21,0.8020811676979065,1.2636289596557617
7386,71,1,20,ring_1,19,0.1392504721879959,0.4276198744773865
7386,71,1,20,near_2_4,53,0.047583144158124924,0.22295525670051575
7386,71,1,20,mid_5_8,124,0.007045845966786146,0.08877133578062057
7386,71,1,20,far_gt8,807,0.007927050814032555,0.07992475479841232
7386,71,1,21,inside,21,0.7828192710876465,1.248532772064209
7386,71,1,21,ring_1,19,0.14704646170139313,0.4368955194950104
7386,71,1,21,near_2_4,53,0.05111084505915642,0.22895587980747223
7386,71,1,21,mid_5_8,124,0.007481802254915237,0.0926346629858017
7386,71,1,21,far_gt8,807,0.008633485063910484,0.08498895913362503
7386,71,1,22,inside,21,0.7564702033996582,1.2269632816314697
7386,71,1,22,ring_1,19,0.15597841143608093,0.44085943698883057
7386,71,1,22,near_2_4,53,0.05515894666314125,0.23345285654067993
7386,71,1,22,mid_5_8,124,0.007496649865061045,0.09402066469192505
7386,71,1,22,far_gt8,807,0.009409674443304539,0.09032942354679108
7386,71,1,23,inside,21,0.7083771824836731,1.188034176826477
7386,71,1,23,ring_1,19,0.15310272574424744,0.4369504451751709
7386,71,1,23,near_2_4,53,0.058873146772384644,0.24080638587474823
7386,71,1,23,mid_5_8,124,0.007926546968519688,0.0977441594004631
7386,71,1,23,far_gt8,807,0.010330257937312126,0.09569072723388672
7386,71,1,24,inside,21,0.7229989171028137,1.1997530460357666
7386,71,1,24,ring_1,19,0.1576133817434311,0.4442944824695587
7386,71,1,24,near_2_4,53,0.0624517947435379,0.24932239949703217
7386,71,1,24,mid_5_8,124,0.008882712572813034,0.10286639630794525
7386,71,1,24,far_gt8,807,0.01243517454713583,0.10383708775043488
7386,71,1,25,inside,21,0.6837905645370483,1.166090488433838
7386,71,1,25,ring_1,19,0.15901370346546173,0.44299498200416565
7386,71,1,25,near_2_4,53,0.06551116704940796,0.2579919099807739
7386,71,1,25,mid_5_8,124,0.00960945338010788,0.10717850923538208
7386,71,1,25,far_gt8,807,0.014036121778190136,0.11089763790369034
7386,71,1,26,inside,21,0.6743804812431335,1.157595157623291
7386,71,1,26,ring_1,19,0.16875270009040833,0.46208152174949646
7386,71,1,26,near_2_4,53,0.07164128124713898,0.2725656032562256
7386,71,1,26,mid_5_8,124,0.011649547144770622,0.1180950477719307
7386,71,1,26,far_gt8,807,0.016475219279527664,0.12301049381494522
7386,71,1,27,inside,21,0.7394236326217651,1.2125284671783447
7386,71,1,27,ring_1,19,0.1881314218044281,0.49272486567497253
7386,71,1,27,near_2_4,53,0.08126511424779892,0.2932397127151489
7386,71,1,27,mid_5_8,124,0.013322862796485424,0.12811216711997986
7386,71,1,27,far_gt8,807,0.018731076270341873,0.13316546380519867
7574,72,0,0,inside,39,0.06359706819057465,0.3333691358566284
7574,72,0,0,ring_1,40,1.639127766850379e-08,0.0
7574,72,0,0,near_2_4,106,0.0,0.0
7574,72,0,0,mid_5_8,137,-5.2208446454926616e-09,0.0
7574,72,0,0,far_gt8,702,4.58497284583359e-09,0.0
7574,72,0,1,inside,39,0.13569118082523346,0.49857521057128906
7574,72,0,1,ring_1,40,1.0888278666243423e-05,0.004595325328409672
7574,72,0,1,near_2_4,106,6.546389158756938e-06,0.0035658006090670824
7574,72,0,1,mid_5_8,137,7.807773727108724e-06,0.0035690399818122387
7574,72,0,1,far_gt8,702,4.236854238115484e-06,0.0027279676869511604
7574,72,0,2,inside,39,0.27247944474220276,0.724097728729248
7574,72,0,2,ring_1,40,0.00414995988830924,0.07188885658979416
7574,72,0,2,near_2_4,106,0.00015404763689730316,0.016809483990073204
7574,72,0,2,mid_5_8,137,9.55057839746587e-05,0.013131419196724892
7574,72,0,2,far_gt8,702,4.572864781948738e-05,0.009115422144532204
7574,72,0,3,inside,39,0.392014741897583,0.8742080330848694
7574,72,0,3,ring_1,40,0.018872937187552452,0.17220011353492737
7574,72,0,3,near_2_4,106,0.0006411935901269317,0.03305188938975334
7574,72,0,3,mid_5_8,137,0.0003177397302351892,0.023052019998431206
7574,72,0,3,far_gt8,702,0.00026221672305837274,0.021104764193296432
7574,72,0,4,inside,39,0.42924559116363525,0.9162356853485107
7574,72,0,4,ring_1,40,0.022128712385892868,0.19011752307415009
7574,72,0,4,near_2_4,106,0.0009930707747116685,0.0415336936712265
7574,72,0,4,mid_5_8,137,0.000482169387396425,0.028759228065609932
7574,72,0,4,far_gt8,702,0.00040267538861371577,0.02623903565108776
7574,72,0,5,inside,39,0.4208011031150818,0.9075785875320435
7574,72,0,5,ring_1,40,0.024729637429118156,0.2036559283733368
7574,72,0,5,near_2_4,106,0.0013585472479462624,0.04873631149530411
7574,72,0,5,mid_5_8,137,0.0007166096474975348,0.03447270393371582
7574,72,0,5,far_gt8,702,0.0004885859088972211,0.029005955904722214
7574,72,0,6,inside,39,0.4812162220478058,0.9705296754837036
7574,72,0,6,ring_1,40,0.03324957564473152,0.2363426685333252
7574,72,0,6,near_2_4,106,0.0018662635702639818,0.05718871206045151
7574,72,0,6,mid_5_8,137,0.0009229979477822781,0.03937431797385216
7574,72,0,6,far_gt8,702,0.0006313988124020398,0.033099379390478134
7574,72,0,7,inside,39,0.5095235109329224,0.9983105659484863
7574,72,0,7,ring_1,40,0.036148227751255035,0.24643146991729736
7574,72,0,7,near_2_4,106,0.002654576674103737,0.0685332864522934
7574,72,0,7,mid_5_8,137,0.0011314806761220098,0.04398300126194954
7574,72,0,7,far_gt8,702,0.0006829402409493923,0.034183401614427567
7574,72,0,8,inside,39,0.4724425673484802,0.9604873657226562
7574,72,0,8,ring_1,40,0.04073026776313782,0.25946468114852905
7574,72,0,8,near_2_4,106,0.0030187598895281553,0.07310406118631363
7574,72,0,8,mid_5_8,137,0.0011918013915419579,0.04552802816033363
7574,72,0,8,far_gt8,702,0.0007370163802988827,0.03476861119270325
7574,72,0,9,inside,39,0.4817189872264862,0.9682940244674683
7574,72,0,9,ring_1,40,0.04794313386082649,0.28225022554397583
7574,72,0,9,near_2_4,106,0.003941303584724665,0.08245693892240524
7574,72,0,9,mid_5_8,137,0.0012379171093925834,0.046264950186014175
7574,72,0,9,far_gt8,702,0.0008590666111558676,0.03646969422698021
7574,72,0,10,inside,39,0.4753531515598297,0.960766613483429
7574,72,0,10,ring_1,40,0.051389433443546295,0.2930728495121002
7574,72,0,10,near_2_4,106,0.00462896516546607,0.08757980912923813
7574,72,0,10,mid_5_8,137,0.0013757257256656885,0.047913968563079834
7574,72,0,10,far_gt8,702,0.0009481549495831132,0.03750292584300041
7574,72,0,11,inside,39,0.5344167351722717,1.0190402269363403
7574,72,0,11,ring_1,40,0.058616459369659424,0.3147461414337158
7574,72,0,11,near_2_4,106,0.005888902582228184,0.09777354449033737
7574,72,0,11,mid_5_8,137,0.0015918256249278784,0.05096520483493805
7574,72,0,11,far_gt8,702,0.001221166574396193,0.040816523134708405
7574,72,0,12,inside,39,0.5426561832427979,1.0255860090255737
7574,72,0,12,ring_1,40,0.06399989128112793,0.3269899785518646
7574,72,0,12,near_2_4,106,0.008589849807322025,0.11558075994253159
7574,72,0,12,mid_5_8,137,0.002332713920623064,0.05999424681067467
7574,72,0,12,far_gt8,702,0.002342877211049199,0.05180678889155388
7574,72,0,13,inside,39,0.5595405101776123,1.041688323020935
7574,72,0,13,ring_1,40,0.07124798744916916,0.3447909355163574
7574,72,0,13,near_2_4,106,0.00982600450515747,0.12394775450229645
7574,72,0,13,mid_5_8,137,0.002940898761153221,0.0664738193154335
7574,72,0,13,far_gt8,702,0.0032405995298177004,0.057293057441711426
7574,72,0,14,inside,39,0.5742131471633911,1.0557260513305664
7574,72,0,14,ring_1,40,0.07513736933469772,0.3507969379425049
7574,72,0,14,near_2_4,106,0.013034534640610218,0.1340467929840088
7574,72,0,14,mid_5_8,137,0.003687733318656683,0.06756988167762756
7574,72,0,14,far_gt8,702,0.005233325995504856,0.06635715067386627
7574,72,0,15,inside,39,0.6178414225578308,1.094099998474121
7574,72,0,15,ring_1,40,0.0787784606218338,0.3584384322166443
7574,72,0,15,near_2_4,106,0.01504692155867815,0.14064669609069824
7574,72,0,15,mid_5_8,137,0.003830656874924898,0.06946855038404465
7574,72,0,15,far_gt8,702,0.006345046684145927,0.07034289836883545
7574,72,0,16,inside,39,0.6553840637207031,1.1297627687454224
7574,72,0,16,ring_1,40,0.08993802219629288,0.3858056962490082
7574,72,0,16,near_2_4,106,0.017988884821534157,0.15351144969463348
7574,72,0,16,mid_5_8,137,0.004194974899291992,0.07385386526584625
7574,72,0,16,far_gt8,702,0.007536723278462887,0.07684525847434998
7574,72,0,17,inside,39,0.667358934879303,1.1401773691177368
7574,72,0,17,ring_1,40,0.0894535481929779,0.3870767056941986
7574,72,0,17,near_2_4,106,0.01971178501844406,0.15905170142650604
7574,72,0,17,mid_5_8,137,0.004603279754519463,0.07638244330883026
7574,72,0,17,far_gt8,702,0.00823565199971199,0.07996676862239838
7574,72,0,18,inside,39,0.7055109739303589,1.1724904775619507
7574,72,0,18,ring_1,40,0.09973493963479996,0.4074985384941101
7574,72,0,18,near_2_4,106,0.02303817868232727,0.17047977447509766
7574,72,0,18,mid_5_8,137,0.005488988943397999,0.08375145494937897
7574,72,0,18,far_gt8,702,0.009442012757062912,0.08502121269702911
7574,72,0,19,inside,39,0.7665698528289795,1.2219218015670776
7574,72,0,19,ring_1,40,0.10848183929920197,0.42661720514297485
7574,72,0,19,near_2_4,106,0.026358112692832947,0.1809191107749939
7574,72,0,19,mid_5_8,137,0.00639828946441412,0.09135374426841736
7574,72,0,19,far_gt8,702,0.01053058821707964,0.09129596501588821
7574,72,0,20,inside,39,0.7404332756996155,1.1999515295028687
7574,72,0,20,ring_1,40,0.10603108257055283,0.4214697480201721
7574,72,0,20,near_2_4,106,0.03009779006242752,0.1904883235692978
7574,72,0,20,mid_5_8,137,0.007082910742610693,0.09627393633127213
7574,72,0,20,far_gt8,702,0.012578870169818401,0.10111054033041
7574,72,0,21,inside,39,0.7212393283843994,1.1847468614578247
7574,72,0,21,ring_1,40,0.10930098593235016,0.4239036440849304
7574,72,0,21,near_2_4,106,0.029578743502497673,0.1907583773136139
7574,72,0,21,mid_5_8,137,0.007821587845683098,0.10149987787008286
7574,72,0,21,far_gt8,702,0.013752232305705547,0.10765229910612106
7574,72,0,22,inside,39,0.7017531394958496,1.1694127321243286
7574,72,0,22,ring_1,40,0.11841411888599396,0.439497172832489
7574,72,0,22,near_2_4,106,0.031835008412599564,0.19829542934894562
7574,72,0,22,mid_5_8,137,0.008517148904502392,0.1072554811835289
7574,72,0,22,far_gt8,702,0.014535091817378998,0.1123085543513298
7574,72,0,23,inside,39,0.6578836441040039,1.1319245100021362
7574,72,0,23,ring_1,40,0.11970243602991104,0.4421418607234955
7574,72,0,23,near_2_4,106,0.032965533435344696,0.2002708613872528
7574,72,0,23,mid_5_8,137,0.009273448958992958,0.11338989436626434
7574,72,0,23,far_gt8,702,0.015066437423229218,0.11823733150959015
7574,72,0,24,inside,39,0.6787760853767395,1.1500202417373657
7574,72,0,24,ring_1,40,0.1274329423904419,0.45800191164016724
7574,72,0,24,near_2_4,106,0.03792743384838104,0.2130441814661026
7574,72,0,24,mid_5_8,137,0.011381277814507484,0.12599961459636688
7574,72,0,24,far_gt8,702,0.017950154840946198,0.13010767102241516
7574,72,0,25,inside,39,0.6229751110076904,1.1037017107009888
7574,72,0,25,ring_1,40,0.1264769434928894,0.45735985040664673
7574,72,0,25,near_2_4,106,0.04146062210202217,0.22077569365501404
7574,72,0,25,mid_5_8,137,0.013843764550983906,0.13727881014347076
7574,72,0,25,far_gt8,702,0.019345076754689217,0.14124695956707
7574,72,0,26,inside,39,0.6505289673805237,1.1257871389389038
7574,72,0,26,ring_1,40,0.13090455532073975,0.4624423384666443
7574,72,0,26,near_2_4,106,0.04919421300292015,0.23427313566207886
7574,72,0,26,mid_5_8,137,0.01786833070218563,0.15155357122421265
7574,72,0,26,far_gt8,702,0.023799140006303787,0.15755364298820496
7574,72,0,27,inside,39,0.6839326024055481,1.1544148921966553
7574,72,0,27,ring_1,40,0.139598086476326,0.4766902029514313
7574,72,0,27,near_2_4,106,0.05355193465948105,0.24567440152168274
7574,72,0,27,mid_5_8,137,0.01984107866883278,0.16032321751117706
7574,72,0,27,far_gt8,702,0.026946311816573143,0.168236643075943
