area_frac,category,image_id,is_thing,map_inside_mean,map_neutral_mass_frac,map_neutral_mean,map_other_region_mass_frac,map_other_region_mean,map_outside_mass_frac,map_outside_mean,map_self_mass_frac,object_index,own_gt_patch_win_frac,sample_index,size_bucket
0.7371673583984375,"bear",285,True,0.001324750017374754,9.220116684705406e-16,3.4257618894434637e-18,0.0,0.0,9.220116684705406e-16,3.4257618894434637e-18,1.0,0,1.0,0,"large"
0.044269561767578125,"person",4765,True,0.022059453651309013,5.90402900180198e-12,6.149629027172145e-15,1.9836507436643558e-11,1.0661652767238183e-12,2.5740536438445538e-11,2.630159951595365e-14,1.0,0,0.977940559387207,1,"medium"
0.018169403076171875,"surfboard",4765,True,0.053747642785310745,1.2535751325870592e-09,1.305722565660139e-12,4.0810256107630394e-13,9.002521967368775e-15,1.2539832505709114e-09,1.2472550119449477e-12,1.0,1,0.9462523460388184,1,"small"
0.374542236328125,"motorcycle",7386,True,0.002607346512377262,7.73784147867218e-09,2.7108705905054542e-11,1.1284530501143308e-06,3.1700901903519707e-09,1.1284633956165635e-06,1.7619335990204377e-09,0.9999988675117493,0,0.7113990187644958,2,"large"
0.142059326171875,"tree-merged",7386,False,0.006874327082186937,1.2319136999394686e-07,4.315878487926028e-10,1.1849500936023105e-07,1.9967560938027873e-10,1.2321213205268577e-07,1.402478549961117e-10,0.9999998807907104,1,0.5218045115470886,2,"large"
0.12310791015625,"grass-merged",7386,False,0.007926421239972115,3.7562429042736767e-06,1.3159598744039158e-08,0.0007755500846542418,1.2610570365723106e-06,0.0007755500846542418,8.637016435386613e-07,0.9992244243621826,2,0.5537927746772766,2,"large"
0.0501708984375,"gravel",7386,False,0.01893932931125164,0.00057004060363397,1.9970768789789872e-06,0.02642260305583477,3.8314450648613274e-05,0.02699202112853527,2.775172470137477e-05,0.9730080366134644,3,0.6946471929550171,2,"medium"
0.02001953125,"truck",7386,True,0.04878048598766327,1.8221274489249595e-10,6.383630061189416e-13,6.240528926948485e-12,8.684740616547379e-15,1.871947874487745e-10,1.8654188979096153e-13,1.0,4,0.8399389982223511,2,"small"
0.009033203125,"sky-other-merged",7386,False,0.10810811072587967,4.61675619609081e-13,1.6174315415178335e-15,6.140963432210711e-11,8.417323505956545e-14,6.186420126175207e-11,6.096496598566661e-14,1.0,5,0.6486486196517944,2,"tiny"
0.005767822265625,"dog",7386,True,0.16931216418743134,7.984920233697346e-13,2.7974321874257337e-15,2.282228225847227e-12,3.1146068508986586e-15,2.8353153158633404e-12,2.784925534201287e-15,1.0,6,1.0,2,"tiny"
0.508453369140625,"bowl",8277,True,0.0018974010599777102,6.744996790075675e-05,2.7715753958545974e-07,0.012040859088301659,4.607563460012898e-05,0.012106338515877724,2.4051831132965162e-05,0.9878937005996704,0,0.843031644821167,3,"large"
0.17689132690429688,"bowl",8277,True,0.005331190302968025,0.022806616500020027,9.371428313897923e-05,0.012729119509458542,2.1171501430217177e-05,0.034325581043958664,4.072496449225582e-05,0.9656744599342346,1,0.15585172176361084,3,"large"
0.029693603515625,"fork",8277,True,0.03288797289133072,1.1279438183464663e-07,4.6348150317676584e-10,1.2523611303549842e-07,1.6664558621926062e-10,1.2523989312285266e-07,1.2604738086618994e-10,0.9999999403953552,2,0.5877441167831421,3,"small"
0.012165069580078125,"broccoli",8277,True,0.00014724624634254724,0.005829668138176203,2.395459341641981e-05,0.9923363924026489,0.001291034510359168,0.9981657266616821,0.0009867754997685552,0.0018342508701607585,3,0.0,3,"small"
0.010776519775390625,"broccoli",8277,True,0.012986895628273487,0.023876581341028214,9.811086056288332e-05,0.8328116536140442,0.0010820841416716576,0.856687605381012,0.0008457229123450816,0.14331242442131042,4,0.09061946719884872,3,"small"
0.0125732421875,"broccoli",8277,True,0.05394268408417702,0.17378105223178864,0.0007140808156691492,0.1317097544670105,0.00017153633234556764,0.3054879307746887,0.0003021267766598612,0.6945120692253113,5,0.30582523345947266,3,"small"
0.00653076171875,"broccoli",8277,True,0.0021139488089829683,0.1085519790649414,0.0004460491763893515,0.8773553371429443,0.0011331510031595826,0.9858629703521729,0.000969085784163326,0.014137031510472298,6,0.5514018535614014,3,"tiny"
0.0078125,"broccoli",8277,True,0.00027634017169475555,0.632138192653656,0.0025975084863603115,0.36565113067626953,0.0004732510424219072,0.9977892637252808,0.0009820760460570455,0.0022107213735580444,7,0.375,3,"tiny"
0.12060546875,"wall-other-merged",9400,False,0.008097165264189243,1.0013611467796224e-11,1.363323414934909e-14,6.380260320071329e-09,3.843530008151852e-11,6.390274531753448e-09,7.096362126396416e-12,1.0,0,0.23481781780719757,4,"large"
0.04150390625,"wall-wood",9400,False,0.023497486487030983,0.0006336458609439433,8.626900580566144e-07,0.0007233169162645936,2.9107320642651757e-06,0.0013569568982347846,1.3825338101014495e-06,0.998643159866333,1,0.30588236451148987,4,"medium"
0.03515625,"person",9400,True,4.922943164231697e-10,1.0,0.0013614704366773367,8.48707389089487e-12,3.3348029334712495e-14,1.0,0.0010121457744389772,1.77225949471449e-08,2,0.0555555559694767,4,"medium"
0.02001953125,"keyboard",9400,True,0.048715099692344666,0.00012899567082058638,1.7562378218372032e-07,0.0012114080600440502,4.503375748754479e-06,0.0013404038036242127,1.3357287116377847e-06,0.9986595511436462,3,0.2926829159259796,4,"small"
0.02197265625,"keyboard",9400,True,0.031921353191137314,0.09134600311517715,0.00012436487304512411,0.19042351841926575,0.0007131966995075345,0.2817695438861847,0.00028134751482866704,0.7182304859161377,4,0.42222222685813904,4,"small"
0.0126953125,"laptop",9400,True,7.666179323295719e-12,0.9999979734420776,0.0013614676427096128,2.0185816538287327e-06,7.300476223548458e-09,1.0,0.0009891196386888623,9.966033553965303e-11,5,0.0,4,"small"
0.0078125,"cup",9400,True,0.022996513172984123,0.8160279393196106,0.0011109978659078479,1.7951950689876206e-12,6.3772471088901096e-15,0.8160279393196106,0.0008031771285459399,0.18397210538387299,6,0.875,4,"tiny"
0.005859375,"platform",9400,False,0.0001125693743233569,0.7928138971328735,0.0010793926194310188,0.2065107375383377,0.000728432962205261,0.9993245601654053,0.0009816547390073538,0.0006754162604920566,7,1.0,4,"tiny"
0.0048828125,"counter",9400,False,3.2917771325858148e-15,0.9999992251396179,0.0013614693889394403,8.047123287724389e-07,2.8285143116590916e-09,1.0,0.0009813542710617185,1.64588852394126e-14,8,0.0,4,"tiny"
0.0029296875,"mouse",9400,True,0.33333319425582886,3.9402371498908906e-07,5.364516053596446e-10,2.2800718257887098e-10,7.958365954088831e-13,3.942517423638492e-07,3.861427566587139e-10,0.9999995827674866,9,1.0,4,"tiny"
0.00439453125,"laptop",9400,True,6.28028254401336e-11,0.010293603874742985,1.4014436601428315e-05,0.9897063970565796,0.003466572379693389,1.0,0.000980873010121286,2.8261271101115426e-10,10,0.0,4,"tiny"
0.0029296875,"keyboard",9400,True,5.499902044903138e-08,0.25030097365379333,0.00034077733289450407,0.7496989369392395,0.0026167500764131546,0.9999998211860657,0.0009794316720217466,1.6499707555794885e-07,11,0.0,4,"tiny"
0.001953125,"person",9400,True,2.955039438514752e-14,0.999999463558197,0.001361469621770084,5.716440227843123e-07,1.988327058555228e-09,1.0,0.000978473573923111,5.910078877029504e-14,12,0.0,4,"tiny"
0.0009765625,"keyboard",9400,True,0.22203366458415985,0.38807588815689087,0.0005283539067022502,0.3898903727531433,0.0013514399761334062,0.777966320514679,0.0007604755228385329,0.22203363478183746,13,1.0,4,"tiny"
0.00048828125,"keyboard",9400,True,1.9241756632482065e-08,0.0516759417951107,7.035525777610019e-05,0.9483241438865662,0.0032813979778438807,1.0,0.000977039453573525,9.620879204419452e-09,14,0.0,4,"tiny"
0.2021484375,"wall-other-merged",10707,False,0.004830917809158564,5.1276074176131256e-18,2.5831776164587016e-20,2.4903806264636816e-15,4.016743146033506e-18,2.495492893816835e-15,3.054458917237039e-18,1.0,0,0.03864734247326851,5,"large"
0.1455078125,"person",10707,True,0.006711410358548164,2.909273710827165e-09,1.4656293539916376e-11,4.187958868584474e-10,6.18148978184796e-13,3.3278997335628446e-09,3.8033144342253244e-12,1.0,1,0.12080536782741547,5,"large"
0.13671875,"window-blind",10707,False,0.007142854388803244,9.277095151111192e-14,4.673599577682168e-16,4.0598544615022547e-07,5.913844969285265e-10,4.0598544615022547e-07,4.592595470587213e-10,0.9999995827674866,2,0.15000000596046448,5,"large"
0.0595703125,"couch",10707,True,0.01639338955283165,3.1430301987711573e-06,1.5833903077577816e-08,8.826370190284649e-11,1.154528268777419e-13,3.1431186471309047e-06,3.263881831472304e-09,0.9999968409538269,3,0.2295081913471222,5,"medium"
0.06103515625,"couch",10707,True,0.01600000075995922,8.512448016438634e-14,4.2883869927210416e-16,4.507642089451869e-12,5.896196345837185e-15,4.590447379854146e-12,4.774256314452659e-15,1.0,4,0.30399999022483826,5,"medium"
0.0556640625,"blanket",10707,False,0.017543846741318703,4.51756548836002e-10,2.275851599189971e-12,7.179274916779832e-07,9.341931672679493e-10,7.1837922632767e-07,7.428947457199797e-10,0.9999992847442627,5,0.4736842215061188,5,"medium"
0.04931640625,"dining table",10707,True,0.019801979884505272,1.1736308973275822e-11,5.912498003126862e-14,5.983466166981088e-08,7.710652255576989e-11,5.984621509469434e-08,6.147531095290759e-11,0.9999999403953552,6,0.11881188303232193,5,"medium"
0.04736328125,"floor-wood",10707,False,0.020618556067347527,1.5267079267466954e-11,7.691223146647636e-14,2.1901114602429494e-11,2.8132451067048453e-14,2.383841214703697e-11,2.4437119062786956e-14,1.0,7,0.14432989060878754,5,"medium"
0.01953125,"window-other",10707,False,7.525727957480299e-11,1.340509786507127e-10,6.753197176814774e-13,1.0,0.0012383899884298444,1.0,0.0009960158495232463,1.5051456747627867e-09,8,0.0,5,"small"
0.0126953125,"food-other-merged",10707,False,1.4412662494578399e-05,0.997622013092041,0.005025803577154875,0.002190675586462021,2.696216142794583e-06,0.999812662601471,0.0009889344219118357,0.00018736461061052978,9,0.23076923191547394,5,"small"
0.00830078125,"backpack",10707,True,0.11764354258775711,2.9866458135074936e-05,1.5046074963720457e-07,2.986646541103255e-05,3.6489268495643046e-08,2.986646541103255e-05,2.941060195382761e-08,0.9999701380729675,10,0.4117647111415863,5,"tiny"
0.00244140625,"cup",10707,True,0.391505628824234,0.00027317123021930456,1.3761774653175962e-06,0.020963029935956,2.5456016373937018e-05,0.02123592421412468,2.078896068269387e-05,0.9787640571594238,11,0.4000000059604645,5,"tiny"
0.0029296875,"laptop",10707,True,0.3203722834587097,4.104002528038109e-06,2.0675075873555215e-08,0.038879089057445526,4.726940824184567e-05,0.03888319805264473,3.8083446270320565e-05,0.9611168503761292,12,1.0,5,"tiny"
0.00146484375,"table-merged",10707,False,0.0891098901629448,0.16950325667858124,0.0008539205882698298,0.7389662861824036,0.0008962598512880504,0.8663351535797119,0.0008472714689560235,0.13366484642028809,14,1.0,5,"tiny"
0.001953125,"remote",10707,True,0.46938568353652954,0.015928732231259346,8.024550334084779e-05,0.04529990255832672,5.500898987520486e-05,0.06122863292694092,5.991059879306704e-05,0.9387713670730591,15,1.0,5,"tiny"
0.001953125,"bottle",10707,True,0.14341731369495392,0.0061254072934389114,3.085847129113972e-05,0.707040011882782,0.0008585791802033782,0.7131654024124146,0.0006978134624660015,0.2868346571922302,16,0.5,5,"tiny"
0.00244140625,"cup",10707,True,0.18686814606189728,0.013063086196780205,6.58089920761995e-05,0.5197665691375732,0.0006315510254353285,0.5328296422958374,0.0005216148565523326,0.467170387506485,17,0.6000000238418579,5,"tiny"
0.0009765625,"remote",10707,True,0.0025214292109012604,0.14218929409980774,0.0007163187838159502,0.8552893400192261,0.0010373429395258427,0.9974786043167114,0.000975052360445261,0.002521429443731904,18,1.0,5,"tiny"
0.4838409423828125,"tree-merged",11760,False,0.002018263330683112,4.1137666190183e-11,5.132184174166943e-12,4.516028639045544e-05,8.649841731767083e-08,4.516028639045544e-05,8.544234475493795e-08,0.9999549388885498,0,0.9615724086761475,6,"large"
0.182861328125,"dirt-merged",11760,False,0.005340453237295151,3.942726589656331e-09,4.91880092212682e-10,6.319379686203774e-09,7.596976867030314e-12,6.319379686203774e-09,7.552290390289151e-12,1.0,1,0.3228471279144287,6,"large"
0.10765838623046875,"zebra",11760,True,0.008993249386548996,7.856409208091553e-13,9.801367887880136e-14,0.008564618416130543,9.439709174330346e-06,0.008564618416130543,9.372963177156635e-06,0.9914354681968689,2,0.8648571968078613,6,"large"
0.1038970947265625,"zebra",11760,True,0.009399323724210262,1.0951409253729359e-14,1.3662576852949636e-15,7.644960930974776e-08,8.402498835602401e-11,7.644961641517511e-08,8.33138974476455e-11,0.9999998807907104,3,0.6955500245094299,6,"large"
0.07556915283203125,"zebra",11760,True,0.012922766618430614,9.406233116623225e-15,1.1734871743017514e-15,2.4008233623362685e-08,2.5548318668966452e-11,2.400824428150372e-08,2.5362146410801145e-11,1.0,4,0.775365948677063,6,"medium"
0.0428924560546875,"grass-merged",11760,False,0.00802646391093731,0.0002983906597364694,3.7226127460598946e-05,0.6474626064300537,0.000664884748402983,0.6474626064300537,0.0006606235401704907,0.3525373041629791,5,0.5480256080627441,6,"medium"
0.26699066162109375,"fence-merged",13201,False,0.0036576653365045786,1.5938663722181445e-09,7.276112004572788e-12,4.643570861162516e-08,8.709714893750942e-11,4.643635875822838e-08,6.186552659048772e-11,1.0,0,0.2914987802505493,7,"large"
0.22695159912109375,"grass-merged",13201,False,0.004302953835576773,2.5394353997398866e-07,1.1592700133178369e-09,5.1863128558199325e-16,9.03760269880151e-19,2.5394353997398866e-07,3.207971666085996e-10,0.9999997019767761,1,0.090362049639225,7,"large"
0.1447296142578125,"tree-merged",13201,False,0.006747495848685503,1.1084572658619923e-13,5.060184885413439e-16,3.2948257455700514e-09,5.0153730994650925e-12,3.294936323783304e-09,3.762215365632482e-12,1.0,2,0.09446494281291962,7,"large"
0.117767333984375,"person",13201,True,0.008292303420603275,2.2776366903620726e-10,1.0397571475681544e-12,7.980356826753354e-12,1.1652946504600841e-14,2.3574314722552003e-10,2.6094922121570885e-13,1.0,3,0.4394921064376831,7,"large"
0.03154754638671875,"sky-other-merged",13201,False,0.0038678329437971115,1.731607517285738e-05,7.904910148681665e-08,0.8750335574150085,0.0011320770718157291,0.8750508427619934,0.0008823788375593722,0.12494911998510361,4,0.9596130847930908,7,"medium"
0.38916015625,"bed",14831,True,0.0025094100274145603,8.682198071596758e-09,1.3880411577071872e-11,0.0,0.0,8.682198071596758e-09,1.3880411577071872e-11,1.0,0,1.0,8,"large"
0.3468017578125,"grass-merged",15746,False,0.0028159101493656635,8.981675403418876e-10,1.3320062067223581e-11,9.316883931020925e-10,1.540279297336522e-12,1.8298499382396471e-09,2.735713131724049e-12,1.0,0,0.9143127202987671,9,"large"
0.23229217529296875,"tree-merged",15746,False,0.004204023629426956,1.0791652294006582e-10,1.6004304001851488e-12,7.549306815235468e-07,1.0490156521214544e-09,7.550373766207485e-07,9.60445056819026e-10,0.9999992847442627,1,0.44874700903892517,9,"large"
0.17742919921875,"fire hydrant",15746,True,0.005503955762833357,5.300941047022081e-18,7.86143471505933e-20,6.657766379218957e-14,8.576055727972591e-17,6.657769089724389e-14,7.904155445241488e-17,1.0,2,0.7870656847953796,9,"large"
0.12474822998046875,"house",15746,False,0.00782826729118824,1.6570217198363935e-08,2.4574067780669395e-10,1.2675675396464636e-12,1.527506076914344e-15,1.6571485517147266e-08,1.8489642109043025e-11,1.0,3,0.868631899356842,9,"large"
0.04175567626953125,"sky-other-merged",15746,False,0.023387538269162178,2.6596343264675623e-15,3.944307518818666e-17,5.085197887777504e-11,5.5633408578732724e-14,5.0854636474140236e-11,5.182679507992685e-14,1.0,4,0.8419513702392578,9,"medium"
0.01520538330078125,"pavement-merged",15746,False,0.06386261433362961,4.096643857476323e-10,6.075430523250214e-12,0.005639124196022749,5.984495146549307e-06,0.005639124196022749,5.591985427599866e-06,0.9943608641624451,5,0.9001505374908447,9,"small"
0.3759765625,"grass-merged",17029,False,0.002597402548417449,1.518580657815065e-14,1.3498494924363454e-15,6.834208199357761e-10,1.0847949058132023e-12,6.834238730490938e-10,1.069520882447661e-12,1.0,0,0.5896103978157043,10,"large"
0.357666015625,"tree-merged",17029,False,0.0027303751558065414,1.5020866835145107e-18,1.335188028132729e-19,4.630608505147571e-13,7.132241879612231e-16,4.6306231418769e-13,7.040095282862804e-16,1.0,1,0.18293514847755432,10,"large"
0.09765625,"dog",17029,True,0.009999999776482582,8.492974898387847e-15,7.549310844324e-16,1.0501557306044629e-12,1.1499104357314016e-15,1.0586487199024108e-12,1.1457237636313604e-15,1.0,2,0.7300000190734863,10,"medium"
0.077880859375,"dirt-merged",17029,False,0.012539184652268887,1.0769381534551231e-13,9.572783510975943e-15,7.105697696907498e-10,7.609850249945538e-13,7.105697696907498e-10,7.525229354585217e-13,1.0,3,0.5768024921417236,10,"medium"
0.065673828125,"car",17029,True,0.014780594035983086,0.005822523031383753,0.0005175576079636812,0.0001825880608521402,1.9285774044419668e-07,0.006005111150443554,6.27657300356077e-06,0.993994951248169,4,0.8029739856719971,10,"medium"
0.0078125,"frisbee",17029,True,0.125,3.8567887659859013e-16,3.4282566661709236e-17,2.4708060042399893e-09,2.4591251344269205e-12,2.470806448329199e-09,2.4318960473862505e-12,1.0,5,1.0,10,"tiny"
0.00732421875,"pavement-merged",17029,False,0.12019126862287521,0.00497856643050909,0.00044253922533243895,0.09856545925140381,9.80019467533566e-05,0.09856545925140381,9.696553024696186e-05,0.9014345407485962,6,0.5333333611488342,10,"tiny"
0.001953125,"wall-brick",17029,False,0.027622466906905174,1.0831578735057685e-16,9.628069655845697e-18,0.9447550773620605,0.0009347070008516312,0.9447550773620605,0.0009244178654626012,0.05524493381381035,7,1.0,10,"tiny"
0.0009765625,"road",17029,False,3.391001155250706e-05,0.015055505558848381,0.0013382671168074012,0.9849106073379517,0.0009734723134897649,0.9999660849571228,0.0009774839272722602,3.391001155250706e-05,8,1.0,10,"tiny"
0.4619140625,"floor-other-merged",17714,False,0.002114164875820279,6.15997162133064e-13,1.1891837536055576e-15,1.1085890451303438e-16,3.359360792951382e-18,6.16107967595092e-13,1.1181633232309552e-15,1.0,0,0.31501057744026184,11,"large"
0.0185546875,"cup",17714,True,0.05263157933950424,3.739495865739961e-11,7.219103922507034e-14,3.798935314545601e-14,7.800688385500905e-17,3.743294563207655e-11,3.724671192675312e-14,1.0,1,1.0,11,"small"
0.00732421875,"fork",17714,True,0.0021233067382127047,0.9840748310089111,0.001899758237414062,4.1560707586540957e-07,8.337152634929623e-10,0.9840752482414246,0.0009681014926172793,0.01592480204999447,2,1.0,11,"tiny"
0.00341796875,"banana",17714,True,0.23784533143043518,0.16754133999347687,0.00032343887141905725,1.8754976738311058e-11,3.7323337915293534e-14,0.16754133999347687,0.00016417574079241604,0.8324586749076843,3,1.0,11,"tiny"
0.0029296875,"banana",17714,True,8.670081297168508e-05,0.9997398853302002,0.001930000027641654,5.117922530217811e-09,1.0174796769013561e-11,0.9997398853302002,0.0009791773045435548,0.0002601024170871824,4,1.0,11,"tiny"
0.3916015625,"person",19402,True,0.0024577612057328224,0.01443779468536377,3.0395356588996947e-05,2.3093358336723213e-09,1.555108299078345e-11,0.01443779468536377,2.3174630769062787e-05,0.9855622053146362,0,0.7032418847084045,12,"large"
0.14501953125,"wall-other-merged",19402,False,0.006651737727224827,0.011980774812400341,2.5222687327186577e-05,0.00023631170915905386,5.893060688322294e-07,0.012217085808515549,1.3954411770100705e-05,0.9877829551696777,1,0.9898989796638489,12,"large"
0.8843173980712891,"dirt-merged",20553,False,0.0011043122503906488,4.721684198141785e-13,4.720670045594037e-15,1.7810072620389134e-15,9.303905183847801e-17,4.739490050420514e-13,4.0009546206415305e-15,1.0,0,0.06073717027902603,13,"large"
0.00738525390625,"dining table",20553,True,0.13223087787628174,1.5385688599892089e-12,1.5382384290483532e-14,3.978942459070822e-06,4.341851767009075e-09,3.978943823312875e-06,3.9145975350152185e-09,0.9999960660934448,1,0.39669421315193176,13,"tiny"
0.0055713653564453125,"teddy bear",20553,True,1.4193796138428638e-10,1.0,0.009997852146625519,1.3770737328222538e-10,1.4984830054316084e-13,1.0,0.0009820337872952223,8.097671977402854e-10,2,0.0,13,"tiny"
0.0037841796875,"vase",20553,True,0.10908648371696472,0.5730347037315369,0.005729116033762693,0.004255193285644054,4.624689609045163e-06,0.577289879322052,0.0005659011076204479,0.422710120677948,3,0.7419354915618896,13,"tiny"
0.001953125,"rock-merged",20553,False,0.4053354263305664,6.151663546916097e-05,6.150341391730763e-07,0.1892676204442978,0.00020528415916487575,0.1893291175365448,0.0001852535060606897,0.8106709718704224,4,1.0,13,"tiny"
0.20873260498046875,"sky-other-merged",22479,False,0.004678533412516117,4.421807700809993e-13,1.4434872906894138e-15,9.483959570368711e-14,1.874271359943565e-16,5.37014334910102e-13,6.627697175459551e-16,1.0,0,0.19649840891361237,14,"large"
0.2021026611328125,"person",22479,True,0.0048320116475224495,2.8209693261893598e-11,9.208978116745717e-14,5.497436106338682e-08,1.0737506023206222e-10,5.500255895185546e-08,6.731872004284156e-11,1.0,1,0.3237448036670685,14,"large"
0.1390533447265625,"tree-merged",22479,False,0.007021893281489611,9.498428432674899e-11,3.100736627095063e-13,0.0001482151128584519,2.5604683173696685e-07,0.0001482151128584519,1.681188024349467e-07,0.9998517632484436,2,0.36870405077934265,14,"large"
0.09830474853515625,"house",22479,False,0.009934024885296822,4.688723720391863e-07,1.5306214073973479e-09,2.557560492277844e-07,4.1368261594065814e-10,7.246257496262842e-07,7.847910099556543e-10,0.9999992847442627,3,0.1887466013431549,14,"medium"
0.0537109375,"skateboard",22479,True,0.0181818176060915,3.0783917454805642e-15,1.0049327926400577e-17,1.041609120732822e-14,1.5718324227749047e-17,1.349448252929231e-14,1.392619441726106e-17,1.0,4,0.41818180680274963,14,"medium"
0.001953125,"bench",22479,True,0.010038327425718307,0.6139780282974243,0.0020043146796524525,0.36594539880752563,0.0005113311926834285,0.9799233675003052,0.0009588290704414248,0.020076656714081764,5,1.0,14,"tiny"
0.0009765625,"window-other",22479,False,0.5706813335418701,0.39307427406311035,0.0012831806670874357,0.036244384944438934,5.057319867773913e-05,0.4293186366558075,0.00041966637945733964,0.5706812739372253,6,1.0,14,"tiny"
0.168975830078125,"horse",23126,True,0.005779302679002285,5.4417807066053925e-12,1.0172146565551928e-14,1.192487623404015e-12,3.7725759033369315e-15,6.63426822158919e-12,7.796136139274785e-15,1.0,0,0.4879898726940155,15,"large"
0.158447265625,"sky-other-merged",23126,False,0.006163328420370817,6.806212038412696e-09,1.2722634577799763e-11,6.710550626461143e-13,2.05058841475504e-15,6.806883057208779e-09,7.898907222747553e-12,1.0,1,0.43143296241760254,15,"large"
0.075958251953125,"fence-merged",23126,False,0.01284470222890377,0.0009230999276041985,1.7255212014788412e-06,3.600555409377648e-10,8.753154451257572e-13,0.0009231002768501639,9.755675591804902e-07,0.9990769624710083,2,0.9742868542671204,15,"medium"
0.074737548828125,"person",23126,True,0.013066038489341736,3.305251448182389e-05,6.178399303280457e-08,6.568919616256608e-06,1.590657383587768e-08,3.962143091484904e-05,4.181818624715561e-08,0.9999604225158691,3,0.5945283770561218,15,"medium"
0.8112459182739258,"sky-other-merged",24027,False,0.0012037809938192368,1.2178270544782599e-11,9.174444922299338e-14,2.5749059134883012e-11,4.149805499231718e-13,3.777704538077131e-11,1.9544819050958812e-13,1.0,0,0.04694746434688568,16,"large"
0.029196739196777344,"building-other-merged",24027,False,0.03340275585651398,2.473463212027127e-09,1.8633724771510707e-11,0.0013424796052277088,1.5585557093800162e-06,0.0013424820499494672,1.350446268588712e-06,0.9986575841903687,1,0.30102890729904175,16,"small"
0.01674938201904297,"kite",24027,True,0.005985643714666367,0.1025172770023346,0.0007723093149252236,0.8973379731178284,0.0010248108301311731,0.8973379731178284,0.0008912342600524426,0.10266197472810745,2,0.2975004315376282,16,"small"
0.0146484375,"grass-merged",24027,False,0.06666667014360428,7.327774671772591e-12,5.520346481910181e-14,2.89421047891536e-12,3.30291752166634e-15,1.0221984717007082e-11,1.0130807122561182e-14,1.0,3,0.46666666865348816,16,"small"
0.32373046875,"house",25393,False,0.003016591304913163,5.90898789859344e-14,1.4035600633799774e-16,2.1735357383281112e-13,7.932612311197884e-16,2.288338518240812e-13,3.3044600216028494e-16,1.0,0,0.12066365033388138,17,"large"
0.087890625,"person",25393,True,0.011110970750451088,1.71832297723995e-07,4.081527060773027e-10,1.2592393431987148e-05,2.449881897348405e-08,1.2592393431987148e-05,1.3482218896854192e-08,0.9999874234199524,1,0.25,17,"medium"
0.08251953125,"person",25393,True,0.011834313161671162,4.924216341350984e-07,1.169647712018218e-09,1.3651309416218282e-07,2.6277788278683545e-10,5.829703582094226e-07,6.205113645130211e-10,0.9999993443489075,2,0.42603549361228943,17,"medium"
0.0625,"tree-merged",25393,False,0.010237579233944416,4.731101274635385e-11,1.1237768392713052e-13,0.34479478001594543,0.0006385088199749589,0.34479478001594543,0.00035916120395995677,0.6552051305770874,3,0.125,17,"medium"
0.02001953125,"sky-other-merged",25393,False,0.04878048598766327,4.902788244831591e-12,1.1645578164992676e-14,4.038008469264831e-11,6.926258205213268e-14,4.527894031935986e-11,4.512101819563116e-14,1.0,4,0.3414634168148041,17,"small"
0.00634765625,"tie",25393,True,0.15383249521255493,8.307143417596308e-09,1.9731931366617772e-11,8.882308611646295e-05,1.4878239085192035e-07,8.883138070814312e-05,8.730356881869739e-08,0.9999111890792847,5,0.3076923191547394,17,"tiny"
0.00048828125,"tie",25393,True,0.002629878930747509,0.0013970560394227505,3.3184230687766103e-06,0.9986030459403992,0.0016560583608224988,0.9986851215362549,0.0009757549851201475,0.0013149393489584327,6,1.0,17,"tiny"
0.00390625,"car",25393,True,0.00039262755308300257,4.876951164960175e-13,1.1584205757524655e-15,0.9984294772148132,0.0016668271273374557,0.9984294772148132,0.0009788523893803358,0.001570510328747332,7,0.25,17,"tiny"
0.0048828125,"car",25393,True,0.0015546611975878477,0.9853678345680237,0.00234054122120142,0.0068589309230446815,1.1469784112705383e-05,0.9922266602516174,0.000973725866060704,0.007773306220769882,8,0.20000000298023224,17,"tiny"
0.5626678466796875,"pizza",27696,True,0.0017355931922793388,2.905716466050645e-12,7.936066829194142e-15,4.369550325001659e-15,5.3491053752672676e-17,2.9100858008057617e-12,6.498220354416969e-15,1.0,0,0.5657762885093689,18,"large"
0.0587310791015625,"person",27696,True,0.016289658844470978,0.020329691469669342,5.552426591748372e-05,1.5607275194451375e-10,2.6111401994592665e-13,0.020329691469669342,2.1091966118547134e-05,0.9796703457832336,1,0.5487139225006104,18,"medium"
0.0146484375,"knife",27696,True,0.06666666269302368,3.0618403645821246e-11,8.362470329918714e-14,8.213614233198996e-10,1.2776688344470766e-12,8.519798200268269e-10,8.443803382190973e-13,1.0,2,0.5333333611488342,18,"small"
0.0063934326171875,"fork",27696,True,0.08413311094045639,0.44914621114730835,0.0012267041020095348,4.489046841626987e-05,6.892308590522589e-08,0.4491911232471466,0.00044148581218905747,0.5508089661598206,3,1.0,18,"tiny"
0.200286865234375,"wall-other-merged",29596,False,0.004875819198787212,2.441183540036196e-11,2.2754988540131527e-13,7.940945678797107e-09,1.1135418975793954e-11,7.965330617309974e-09,9.72679142091648e-12,1.0,0,0.16577784717082977,19,"large"
0.201995849609375,"curtain",29596,False,0.004834566731005907,3.5347362515279757e-13,3.29483110987714e-15,3.2861666404530865e-14,4.6204720830436024e-17,3.857515706601894e-13,4.720658081253657e-16,1.0,1,0.28523945808410645,19,"large"
0.128082275390625,"couch",29596,True,0.007624493911862373,5.634152806969776e-17,5.251758852353633e-19,2.974907646613456e-12,3.784719391185243e-15,2.974956869392087e-12,3.3320016684597374e-15,1.0,2,0.5565880537033081,19,"large"
0.096466064453125,"cabinet-merged",29596,False,0.010122749023139477,2.5864137220832362e-11,2.4108720662191496e-13,6.221036164788529e-05,7.600822016229358e-08,6.221036164788529e-05,6.72385382927132e-08,0.9999378323554993,3,0.3846883773803711,19,"medium"
0.08624267578125,"ceiling-merged",29596,False,0.011323424987494946,4.7262064054032216e-12,4.40543563814174e-14,2.9032550669105817e-11,3.5033055693608e-14,2.9180408089857224e-11,3.118606244014062e-14,1.0,4,0.18117479979991913,19,"medium"
0.07366943359375,"rug-merged",29596,False,0.013256006874144077,9.551939968155398e-12,8.903643745677634e-14,2.3381977777570118e-12,2.7765447784629162e-15,1.1890139914316755e-11,1.253490431433633e-14,1.0,5,0.18558409810066223,19,"medium"
0.047882080078125,"tv",29596,True,0.020395157858729362,1.6117975010221386e-11,1.5024038870631307e-13,2.383019614971005e-10,2.746304431696517e-13,2.4697605072177e-10,2.533169258123885e-13,1.0,6,0.3467176556587219,19,"medium"
0.02099609375,"light",29596,False,0.04651162773370743,1.0090203672596942e-10,9.405375783755332e-13,4.878765835769627e-08,5.446761791594312e-11,4.8888558978887886e-08,4.876665044006856e-11,0.9999998807907104,7,0.27906978130340576,19,"small"
0.016510009765625,"chair",29596,True,0.006822989322245121,4.2124570498458525e-09,3.9265549145461875e-11,0.8846487998962402,0.0009830455528572202,0.8846487998962402,0.0008784175151959062,0.11535116285085678,8,0.41404804587364197,19,"small"
0.0107421875,"chair",29596,True,0.00020269131346140057,3.1839392233834474e-12,2.967843188545448e-14,0.9977704286575317,0.0011016338830813766,0.9977704286575317,0.0009849658235907555,0.0022296044044196606,9,0.0,19,"small"
0.00714111328125,"dining table",29596,True,0.006927013397216797,0.9493459463119507,0.008849132806062698,2.583461196081771e-07,2.8408222996212373e-10,0.9493461847305298,0.0009337640949524939,0.05065377801656723,10,0.2735042870044708,19,"tiny"
0.00390625,"book",29596,True,9.97678125713719e-06,1.0321177777456586e-14,9.620672345063758e-17,0.9999600648880005,0.0010955840116366744,0.9999600648880005,0.000980352982878685,3.990712502854876e-05,11,0.25,19,"tiny"
0.001953125,"flower",29596,False,0.49999865889549255,1.003859148585029e-11,9.357265803129275e-14,2.7032208436139626e-06,2.9552480462768926e-09,2.703230848055682e-06,2.645039964832563e-09,0.9999973177909851,12,0.5,19,"tiny"
0.001129150390625,"vase",29596,True,0.0018281926168128848,0.6406919360160828,0.005972077138721943,0.3571942150592804,0.0003901363234035671,0.9978861808776855,0.0009755996870808303,0.002113847993314266,13,1.0,19,"tiny"
0.0009765625,"cup",29596,True,0.13148021697998047,0.013778932392597198,0.0001284374884562567,0.8547407984733582,0.0009334098431281745,0.8685197234153748,0.0008489930187352002,0.13148020207881927,14,1.0,19,"tiny"
0.8733978271484375,"pavement-merged",31093,False,0.0011181187583133578,3.0575756770206963e-12,4.904382022025144e-13,1.3865994463735376e-10,1.1045850649080147e-12,1.4137047088524923e-10,1.0904797030641955e-12,1.0,0,0.06261464953422546,20,"large"
0.0930633544921875,"person",31093,True,0.010493522509932518,4.61190113876242e-13,7.397534462164762e-14,1.98698800468744e-11,2.149256656978557e-14,1.987938806624623e-11,2.140553393445519e-14,1.0,1,0.22036398947238922,20,"medium"
0.01806640625,"fence-merged",31093,False,0.05405362695455551,1.003788930231328e-13,1.610087490579431e-14,7.856619959056843e-06,7.862394291180408e-09,7.856620868551545e-06,7.813645730436747e-09,0.9999921321868896,2,0.1621621549129486,20,"small"
0.001953125,"person",31093,True,0.4674864113330841,5.028465821510508e-08,8.065709877769223e-09,0.06502718478441238,6.401790597010404e-05,0.06502723693847656,6.362743442878127e-05,0.9349728226661682,3,0.5,20,"tiny"
0.0029296875,"person",31093,True,0.0015419662231579423,2.0699995729955845e-05,3.3203002658410696e-06,0.9953534603118896,0.0009808704489842057,0.9953740835189819,0.0009749012533575296,0.004625898320227861,4,0.0,20,"tiny"
0.0030975341796875,"skateboard",31093,True,0.31526416540145874,1.320623558426215e-11,2.118293387920467e-12,2.147583472833503e-05,2.1163344854358e-08,2.147584564227145e-05,2.1037671160684113e-08,0.9999785423278809,5,0.6305418610572815,20,"tiny"
0.0009765625,"building-other-merged",31093,False,0.46546417474746704,3.908946382580325e-06,6.2699899672225e-07,0.5345320701599121,0.0005257181474007666,0.5345359444618225,0.0005225180648267269,0.46546411514282227,6,1.0,20,"tiny"
0.0009765625,"tree-merged",31093,False,0.5450140237808228,2.2805488697486e-06,3.6580232176675054e-07,0.45498377084732056,0.0004474814631976187,0.4549860656261444,0.00044475667527876794,0.5450140237808228,7,1.0,20,"tiny"
0.0009765625,"sky-other-merged",31093,False,0.7337175607681274,0.000463221367681399,7.430116966133937e-05,0.2658191919326782,0.00026143601280637085,0.26628240942955017,0.00026029557920992374,0.7337176203727722,8,1.0,20,"tiny"
0.0007171630859375,"skateboard",31093,True,0.012782497331500053,0.009759408421814442,0.001565418904647231,0.9842488169670105,0.0009675138280726969,0.9906128644943237,0.0009680896764621139,0.009387146681547165,9,1.0,20,"tiny"
0.7250766754150391,"playingfield",32081,False,0.0013467530952766538,2.1543697936721173e-09,3.1403193934131934e-10,6.468928040703759e-05,2.3273855731531512e-07,6.468928040703759e-05,2.2978450431310193e-07,0.9999353289604187,0,0.9767051935195923,21,"large"
0.15199756622314453,"net",32081,False,0.006424856372177601,7.614719469664806e-15,1.1099605502906261e-15,1.3009100741090407e-10,1.5071837278658046e-13,1.300910629220553e-10,1.4981330791804387e-13,1.0,1,0.40476593375205994,21,"large"
0.10963916778564453,"person",32081,True,0.008907055482268333,1.4933666892609672e-14,2.1768079705989556e-15,3.9625160752621014e-07,4.3720552178605487e-10,3.9625160752621014e-07,4.346153714696044e-10,0.9999995231628418,2,0.7177140712738037,21,"large"
0.009830474853515625,"tennis racket",32081,True,0.09933065623044968,5.629816612895411e-10,8.206309937142109e-11,9.731570025905967e-05,9.660813304890326e-08,9.731622412800789e-05,9.597890482382354e-08,0.999902606010437,3,0.904055118560791,21,"tiny"
0.603546142578125,"fence-merged",33005,False,0.0016180409584194422,5.225841287481714e-11,6.557918270921892e-12,9.738283068827513e-08,2.4376178853202646e-10,9.743494189251578e-08,2.40006015062022e-10,0.9999998807907104,0,0.25691458582878113,22,"large"
0.2816314697265625,"playingfield",33005,False,0.0034675190690904856,3.1771638339434145e-15,3.9870290813513146e-16,1.2150475292571628e-08,1.6689497006616705e-11,1.2150475292571628e-08,1.651756509346569e-11,1.0,1,0.7433494329452515,22,"large"
0.084197998046875,"sky-other-merged",33005,False,0.011598405428230762,2.8212541420343136e-14,3.5403973962309498e-15,5.174347061931428e-11,5.5636271550094443e-14,5.177163558967024e-11,5.520651752584371e-14,1.0,2,0.9162740111351013,22,"medium"
0.0209197998046875,"person",33005,True,0.046681251376867294,6.52518905896527e-20,8.188471717783394e-21,3.8128822321681355e-10,3.831921759067658e-13,3.8128822321681355e-10,3.8030771023697674e-13,1.0,3,0.4668125510215759,22,"small"
0.003387451171875,"tennis racket",33005,True,0.28828683495521545,1.0620028294272554e-11,1.3327094419354757e-12,4.9968061830441e-06,4.932529051870915e-09,4.996812094759662e-06,4.896285155098212e-09,0.9999949932098389,4,1.0,22,"tiny"
0.8480911254882812,"food-other-merged",34205,False,0.0011514832731336355,1.084491222478755e-16,4.0948351997131057e-17,5.459911494275216e-13,3.5209270733888888e-15,5.459911494275216e-13,3.509963290677866e-15,1.0,0,0.6147570013999939,23,"large"
0.078369140625,"broccoli",34205,True,0.012460696510970592,4.782097384747885e-09,1.8056296458013321e-09,2.904766188294161e-05,3.084587874013778e-08,2.9052444006083533e-05,3.0784047311271934e-08,0.9999709129333496,1,0.5607476830482483,23,"medium"
0.02794647216796875,"broccoli",34205,True,7.025542370087123e-09,8.830933900805249e-11,3.334393525178392e-11,0.9999997615814209,0.0010057907784357667,0.9999997615814209,0.00100463826674968,2.010512929473407e-07,2,0.7278187274932861,23,"small"
0.02410125732421875,"table-merged",34205,False,0.040519148111343384,1.3817156511823636e-13,5.21709682833188e-14,9.688412181893535e-13,9.714138063279636e-16,9.688419771308743e-13,9.695007824165897e-16,1.0,3,0.8971193432807922,23,"small"
0.0213775634765625,"broccoli",34205,True,0.04560286924242973,5.712878764886978e-14,2.1570749404883037e-14,0.0017245926428586245,1.725333845570276e-06,0.0017245926428586245,1.7209623592862044e-06,0.9982753992080688,4,0.502498209476471,23,"small"
0.2099609375,"wall-tile",35770,False,0.0046511623077094555,1.8903959994598374e-11,5.898271237744779e-14,1.5073948134158854e-07,3.08260694747986e-10,1.5075839598921448e-07,1.8635154530599607e-10,0.9999998807907104,0,0.25581395626068115,24,"large"
0.1748046875,"sink",35770,True,6.981159117458446e-08,0.9999874830245972,0.0031200856901705265,6.954359310640257e-10,1.3233795569805862e-12,0.9999874830245972,0.001183417160063982,1.249627530341968e-05,1,0.12290503084659576,24,"large"
0.1640625,"floor-other-merged",35770,False,0.0059523805975914,1.1886378938106114e-16,3.708698139087826e-19,6.224205612720413e-12,1.1612322804450525e-14,6.224324007597648e-12,7.271406004714324e-15,1.0,2,0.2261904776096344,24,"large"
0.1044921875,"toilet",35770,True,0.009345795959234238,2.0291797417164824e-14,6.331294671529057e-17,5.6136610117329955e-12,9.411000218050372e-15,5.633952505912365e-12,6.1438967317016015e-15,1.0,3,0.5046728849411011,24,"large"
0.02099609375,"toilet",35770,True,0.04651162028312683,4.844067813536412e-09,1.5114095738844036e-11,1.7579789357569098e-07,2.577681679216681e-10,1.8064194762246188e-07,1.801914728538634e-10,0.9999998211860657,4,0.5581395626068115,24,"small"
0.013671875,"paper-merged",35770,False,0.06945110857486725,0.024844033643603325,7.75165026425384e-05,0.0028404926415532827,4.119642198929796e-06,0.02768452651798725,2.7410429538576864e-05,0.9723153114318848,5,1.0,24,"small"
0.392578125,"wall-other-merged",37670,False,0.002487561199814081,7.705902049792712e-08,1.0702642105897553e-09,2.831840504313732e-07,5.134797032013694e-10,3.6024306382387294e-07,5.791689350331808e-10,0.9999996423721313,0,0.7524875402450562,25,"large"
0.37646484375,"toilet",37670,True,0.0025940323248505592,6.499999471998308e-07,9.02777763656104e-09,6.663356657554687e-07,1.175195274427665e-09,6.663357225988875e-07,1.0435955433152344e-09,0.9999993443489075,1,0.6809338331222534,25,"large"
0.0634765625,"floor-wood",37670,False,0.01538461446762085,7.876522980570787e-17,1.0939614561475582e-18,3.1821349644317316e-16,3.5855038040148308e-19,3.969786931616565e-16,4.1395064683085725e-19,1.0,2,0.7384615540504456,25,"medium"
0.0537109375,"remote",37670,True,0.01818181574344635,4.102983786058445e-10,5.698589169988999e-12,2.1488892798515735e-07,2.394305864683588e-10,2.1529922378249466e-07,2.2218704653909072e-10,0.9999997615814209,3,0.9818181991577148,25,"medium"
0.044921875,"person",37670,True,0.021739019080996513,1.5033826628041425e-08,2.0880314144378076e-10,5.152253834239673e-06,5.686814574801247e-09,5.1672873269126285e-06,5.283524728838529e-09,0.9999948740005493,4,0.8152173757553101,25,"medium"
0.3257904052734375,"building-other-merged",38829,False,0.0019835899583995342,0.00012057210551574826,1.7319301832685596e-06,0.33824753761291504,0.000542817753739655,0.33825573325157166,0.0004899483174085617,0.661744236946106,0,0.07432907074689865,26,"large"
0.14684295654296875,"road",38829,False,0.006650386843830347,3.5959886450152823e-16,5.165374830021072e-18,6.683333708679129e-08,8.302439291618668e-11,6.683333708679129e-08,7.650048650109653e-11,0.9999999403953552,1,0.0665038675069809,26,"large"
0.06705474853515625,"motorcycle",38829,True,0.014563659206032753,3.693892847850266e-12,5.3060071662997324e-14,1.2237999058584137e-08,1.3817025648621417e-11,1.224169299263167e-08,1.2814018943152483e-11,1.0,2,0.5097280740737915,26,"medium"
0.062469482421875,"person",38829,True,0.013032088987529278,0.0027334613259881735,3.926417412003502e-05,0.16362018883228302,0.00018359633395448327,0.16635364294052124,0.0001732794044073671,0.8336464166641235,3,0.14069369435310364,26,"medium"
0.0550994873046875,"bicycle",38829,True,0.0009060919401235878,6.114468646956084e-07,8.78298678230749e-09,0.9488766193389893,0.001055562635883689,0.948876678943634,0.000980671844445169,0.05112341046333313,4,0.4945998191833496,26,"medium"
0.0467071533203125,"motorcycle",38829,True,0.02090819925069809,9.286127422569734e-10,1.333884478565972e-11,1.4752232324610759e-08,1.6270191791067923e-11,1.549944350642818e-08,1.587778346301416e-11,0.9999998807907104,5,0.7108787894248962,26,"medium"
0.03998565673828125,"person",38829,True,0.023597992956638336,0.013192183338105679,0.00018949610239360482,0.020580720156431198,2.2529718989972025e-05,0.03377290442585945,3.435506368987262e-05,0.9662270545959473,6,0.8059530854225159,26,"medium"
0.03417205810546875,"person",38829,True,0.028541887179017067,7.732968453945388e-13,1.1107842686560072e-14,0.0012568571837618947,1.3670544376509497e-06,0.0012568571837618947,1.2708262602245668e-06,0.9987431168556213,7,0.4286671280860901,26,"medium"
0.02999114990234375,"bicycle",38829,True,2.186571590456765e-09,0.005995506886392832,8.612106466898695e-05,0.994004487991333,0.0010759533615782857,1.0,0.0010067562106996775,6.715166733783917e-08,8,0.0,26,"small"
0.02500152587890625,"wall-other-merged",38829,False,2.362781742704101e-05,0.013545096851885319,0.00019456543668638915,0.9858500957489014,0.0010607579024508595,0.9993950724601746,0.0010009983088821173,0.0006049089715816081,9,0.11718034744262695,26,"small"
0.02677154541015625,"tree-merged",38829,False,0.03188902512192726,0.10315830260515213,0.0014817934716120362,0.0391596257686615,4.221812923788093e-05,0.12579230964183807,0.0001262232253793627,0.8742077946662903,10,0.3208891451358795,26,"small"
0.01889801025390625,"pavement-merged",38829,False,0.0008633241523057222,9.281931312443703e-08,1.333281596238578e-09,0.9832932949066162,0.001051448518410325,0.983293354511261,0.0009787437738850713,0.016706671565771103,11,0.4650787115097046,26,"small"
0.01921844482421875,"stairs",38829,False,0.050813816487789154,3.7801291502374823e-13,5.429879297385275e-15,1.1699616969673698e-11,1.2507524821349283e-14,1.1828892032550442e-11,1.177800753113115e-14,1.0,12,0.15244144201278687,26,"small"
0.01056671142578125,"person",38829,True,0.09234826266765594,8.713574306540295e-10,1.2516412385699116e-11,0.0007629789179190993,8.084611522463092e-07,0.0007629797328263521,7.530547350143024e-07,0.999237060546875,13,0.3696750998497009,26,"small"
0.01154327392578125,"motorcycle",38829,True,0.07266468554735184,0.14108063280582428,0.0020265199709683657,1.589632425691434e-08,1.6861791476974197e-11,0.14108064770698547,0.00013938298798166215,0.8589193820953369,14,0.5076007843017578,26,"small"
0.004547119140625,"person",38829,True,0.09599979966878891,0.14130599796772003,0.002029757248237729,0.5526775121688843,0.0005815027980133891,0.5530009269714355,0.0005425068084150553,0.44699907302856445,15,0.7466443181037903,26,"tiny"
0.0068359375,"backpack",38829,True,0.14285707473754883,4.2796477828233037e-07,6.147400810618819e-09,1.6359160692758223e-09,1.7267739972279261e-12,4.296007318771444e-07,4.2241957154409704e-10,0.9999995827674866,16,0.7142857313156128,26,"tiny"
0.00298309326171875,"person",38829,True,4.3309564268234624e-11,0.005330931860953569,7.657493551960215e-05,0.9946691393852234,0.0010450092377141118,1.0,0.0009794844081625342,1.3229718709428795e-10,17,0.0,26,"tiny"
0.001953125,"grass-merged",38829,False,0.49432775378227234,0.0028345503378659487,4.0716240619076416e-05,0.008509919978678226,8.935398000176065e-06,0.011344470083713531,1.1100263691332657e-05,0.9886555671691895,18,1.0,26,"tiny"
0.2222890853881836,"umbrella",40083,True,0.004393209237605333,9.418892332746509e-09,3.259936764976601e-11,9.597313166409549e-09,1.8903580090157135e-11,9.59787360699238e-09,1.205193844028285e-11,0.9999998807907104,0,0.10983023792505264,27,"large"
0.14580917358398438,"building-other-merged",40083,False,0.006697527132928371,1.0389816784694972e-09,3.5959794170148385e-12,1.5716360621809145e-06,2.677711163912022e-09,1.5726737956356374e-06,1.7979755462249614e-09,0.9999983906745911,1,0.1272532194852829,27,"large"
0.10632610321044922,"pavement-merged",40083,False,0.009184560738503933,3.991333414887777e-06,1.3814251076382789e-08,6.779841044135537e-08,1.0787304383086393e-10,4.058222202729667e-06,4.434624223392802e-09,0.9999958872795105,2,0.20206114649772644,27,"large"
0.0917654037475586,"tree-merged",40083,False,0.010641946457326412,5.635517226487696e-12,1.9504871621913583e-14,7.362460352478267e-15,1.148346554830419e-17,5.642878959238873e-12,6.067401609751539e-15,1.0,3,0.21283893287181854,27,"medium"
0.042362213134765625,"road",40083,False,0.023051835596561432,1.1465641591712483e-06,3.968328776693397e-09,3.629524871939793e-05,5.2398387850871586e-08,3.666944758151658e-05,3.7394105589783067e-08,0.9999634027481079,4,0.41517335176467896,27,"medium"
0.03880023956298828,"car",40083,True,0.02516898140311241,5.903237100535197e-12,2.043146637390348e-14,9.2034355397147e-13,1.3231068623465142e-15,6.277731806614284e-12,6.378067883815999e-15,1.0,5,0.679562509059906,27,"medium"
0.027556419372558594,"chair",40083,True,0.023929689079523087,0.3247108459472656,0.0011238441802561283,5.044252975494601e-05,7.127383838678725e-08,0.32475748658180237,0.00032613304210826755,0.67524254322052,6,0.35601314902305603,27,"small"
0.023858070373535156,"tent",40083,False,0.0006147567764855921,0.973773717880249,0.003370290156453848,0.011401080526411533,1.603366581548471e-05,0.9849811792373657,0.000985405407845974,0.015018917620182037,7,0.9590678215026855,27,"small"
0.011180877685546875,"wall-stone",40083,False,0.0830715224146843,0.0015189715195447206,5.257253633317305e-06,0.048893895000219345,6.755569484084845e-05,0.04889595881104469,4.8289883125107735e-05,0.9511040449142456,8,0.6925963759422302,27,"small"
0.009171485900878906,"bicycle",40083,True,0.10647810995578766,5.205081365922126e-10,1.801510655062566e-12,1.0652174697867167e-09,1.4675417998877283e-12,1.3160534884093522e-09,1.2971048931123552e-12,1.0,9,0.6388686895370483,27,"tiny"
0.001953125,"car",40083,True,2.7409420355140393e-14,0.9970170259475708,0.003450737101957202,0.0029830411076545715,4.0692375478101894e-06,1.0,0.000978473573923111,5.4818840710280786e-14,11,0.0,27,"tiny"
0.55615234375,"bus",42070,True,0.0017559257103130221,2.5451498686379637e-07,2.2473729544003618e-09,2.5992036967181775e-07,7.550337577377775e-10,2.600320101464604e-07,5.721276230552519e-10,0.9999997019767761,0,0.04741000756621361,28,"large"
0.13134765625,"sky-other-merged",42070,False,0.0074349441565573215,7.23655788070765e-11,6.389897291847468e-13,9.881480167450718e-08,1.2713388675145154e-10,9.888716334671699e-08,1.1117164133711555e-10,0.9999998807907104,1,0.1338289976119995,28,"large"
0.126953125,"road",42070,False,0.007692307699471712,4.557782115826128e-16,4.024531465090999e-18,7.336951490799493e-09,9.373300746684521e-12,7.336952378977912e-09,8.206882222416834e-12,1.0,2,0.07692307978868484,28,"large"
0.048583984375,"pavement-merged",42070,False,0.020100504159927368,2.2180679873102377e-13,1.9585591320688076e-15,1.440612407144215e-09,1.6717291613510543e-12,1.4408341186822327e-09,1.4789164901399254e-12,1.0,3,0.18090452253818512,28,"medium"
0.01513671875,"tree-merged",42070,False,0.06451612710952759,2.7979311427712256e-17,2.4705793680972826e-19,7.526303365257281e-12,8.392866615450703e-15,7.526330253471158e-12,7.46289559013305e-15,1.0,4,0.3870967626571655,28,"small"
0.014404296875,"grass-merged",42070,False,0.06779661029577255,1.5768825134543363e-10,1.3923907599827645e-12,3.103553247729707e-10,3.4608901573578155e-13,4.680436038739799e-10,4.637538725434098e-13,1.0,5,0.33898305892944336,28,"small"
0.00048828125,"building-other-merged",42070,False,4.271325515503577e-10,0.8444769978523254,0.00745675154030323,0.1555229276418686,0.0001707635965431109,1.0,0.0009770396864041686,2.1356624801960322e-10,6,0.0,28,"tiny"
0.0009765625,"car",42070,True,0.7724480628967285,0.02852199785411358,0.0002518498804420233,0.19902999699115753,0.00021877438121009618,0.22755199670791626,0.0002224359632236883,0.7724480628967285,7,1.0,28,"tiny"
0.332794189453125,"snow",43314,False,0.0029344100039452314,8.132957191264722e-06,2.8589200340434218e-08,3.5490867189569286e-11,8.880695251444262e-14,8.132992661558092e-06,1.1903936503188106e-08,0.9999918937683105,0,0.4489683508872986,29,"large"
0.27230072021484375,"mountain-merged",43314,False,0.003586338134482503,4.719150581422582e-08,1.6588889983903954e-10,4.3107239999784497e-10,9.320799340684083e-13,4.758848959340867e-08,6.386310230643844e-11,0.9999999403953552,1,0.1781681627035141,29,"large"
0.06932830810546875,"sky-other-merged",43314,False,0.014086057431995869,4.1674844998562666e-12,1.46496584394612e-14,2.495152973125414e-10,3.730154748450565e-13,2.536826859689256e-10,2.661916097702194e-13,1.0,2,0.36623749136924744,29,"medium"
0.02918243408203125,"person",43314,True,0.02977473847568035,0.11022830754518509,0.0003874776011798531,1.9508428522385657e-05,2.748573102451246e-08,0.11024711281061172,0.00011089950567111373,0.889752984046936,3,0.9762091636657715,29,"small"
0.02051544189453125,"skis",43314,True,0.04756675660610199,0.00015359649842139333,5.39926759302034e-07,0.0006473286193795502,8.999855367619602e-07,0.0007265117601491511,7.243444315463421e-07,0.999273419380188,4,0.9018222093582153,29,"small"
0.18201446533203125,"person",44279,True,0.0053650010377168655,1.1358143251814323e-15,3.684904754056833e-18,5.599905489361845e-05,1.0573652531320477e-07,5.599905489361845e-05,6.685518627591591e-08,0.9999439716339111,0,0.22534266114234924,30,"large"
0.1435546875,"ceiling-merged",44279,False,0.00471413554623723,6.338374447523165e-08,2.0563489799840795e-10,0.3070220947265625,0.000539804226718843,0.3070221245288849,0.00035008223494514823,0.6929779052734375,1,0.31972789764404297,30,"large"
0.08965301513671875,"shelf",44279,False,0.010082169435918331,0.07421383261680603,0.00024077077978290617,0.00019585328118409961,3.1368284680866054e-07,0.07440967857837677,7.98219844000414e-05,0.925590455532074,2,0.10058718174695969,30,"medium"
0.0664520263671875,"person",44279,True,0.014695752412080765,4.4284294981045136e-11,1.4367085537751734e-13,2.2579444092230005e-08,3.481963328777482e-11,2.2623728668236254e-08,2.3666148901702044e-11,1.0,3,0.2057405263185501,30,"medium"
0.0574951171875,"wall-other-merged",44279,False,0.016985099762678146,3.332830678104415e-10,1.0812650688002412e-12,2.2752267341275e-06,3.461572584129158e-09,2.2755589270673227e-06,2.357786632600778e-09,0.9999977946281433,4,0.03397027775645256,30,"medium"
0.04296112060546875,"oven",44279,True,0.02102472446858883,0.07502997666597366,0.00024341861717402935,4.644509681384079e-05,6.909706229407675e-08,0.07507641613483429,7.660798291908577e-05,0.9249234795570374,5,0.29550701379776,30,"medium"
0.03497314453125,"paper-merged",44279,False,0.02791989967226982,2.6083328830139862e-09,8.462173670120698e-12,0.00011862038809340447,1.7444976663227862e-07,0.00011862039536936209,1.2003835081486613e-07,0.999881386756897,6,0.05584642291069031,30,"medium"
0.02099609375,"oven",44279,True,5.6325909099541605e-05,0.9598605036735535,0.003114060265943408,0.038928475230932236,5.6071436119964346e-05,0.9987890124320984,0.0009962981566786766,0.0012110071256756783,7,0.23255814611911774,30,"small"
0.014892578125,"counter",44279,False,0.0628821924328804,0.04104596748948097,0.00013316477998159826,5.872672659279488e-07,8.383169158854287e-10,0.04104655236005783,4.069050555699505e-05,0.9589534401893616,8,0.26229506731033325,30,"small"
0.01171875,"light",44279,False,0.08160068839788437,1.5981862588887452e-06,5.184971563210183e-09,0.020790252834558487,2.9541446565417573e-05,0.020791850984096527,2.0545308871078305e-05,0.9792081713676453,9,0.75,30,"small"
0.00844573974609375,"floor-other-merged",44279,False,0.11562782526016235,4.6884362711607785e-12,1.521062125537341e-14,2.5916805593967362e-12,3.6633145823717576e-15,7.276532675015712e-12,7.166515373756982e-15,1.0,10,0.4625113010406494,30,"tiny"
0.00608062744140625,"cardboard",44279,False,5.89334376854822e-06,0.005207281094044447,1.6893902284209616e-05,0.9947559833526611,0.001401527551934123,0.9999632835388184,0.0009825009619817138,3.6695269955089316e-05,11,0.0,30,"tiny"
0.0068206787109375,"food-other-merged",44279,False,0.14289020001888275,0.0015794998034834862,5.124346898810472e-06,0.00042174762347713113,5.950190029579971e-07,0.002001245506107807,1.9677627278724685e-06,0.9979987144470215,12,0.2863534688949585,30,"tiny"
0.0039825439453125,"bowl",44279,True,4.687186958562961e-07,0.14426034688949585,0.00046802160795778036,0.8557377457618713,0.001202406594529748,0.9999980926513672,0.0009804654400795698,1.9114934275421547e-06,13,0.0,30,"tiny"
0.001953125,"bowl",44279,True,3.521707640175009e-06,0.11000984907150269,0.0003569032996892929,0.889983057975769,0.0012468843488022685,0.9999929666519165,0.000978466821834445,7.0434143708553165e-06,14,0.0,30,"tiny"
0.00390625,"bowl",44279,True,2.4836346710799262e-05,0.19735169410705566,0.0006402650033123791,0.8025490641593933,0.001127546769566834,0.9999006390571594,0.0009802946588024497,9.934539411915466e-05,15,0.0,30,"tiny"
0.0029296875,"bowl",44279,True,0.02529565989971161,0.2582116723060608,0.0008377121412195265,0.6659013628959656,0.0009342501289211214,0.9241130352020264,0.0009051057859323919,0.07588697969913483,16,0.0,30,"tiny"
0.0009765625,"bowl",44279,True,0.001342810457572341,0.1978932023048401,0.0006420218269340694,0.8007639646530151,0.0011203167960047722,0.9986572265625,0.0009762045228853822,0.001342810457572341,17,0.0,30,"tiny"
4.57763671875e-05,"bowl",44279,True,0.00013466413656715304,0.1513836532831192,0.0004911316209472716,0.8486100435256958,0.001185675268061459,0.9999936819076538,0.0009766010334715247,6.312381628958974e-06,18,0.0,30,"tiny"
0.0005035400390625,"knife",44279,True,3.292650063713154e-08,0.996033787727356,0.0032314169220626354,0.00396620761603117,5.545204658119474e-06,1.0,0.0009770544711500406,1.6977727668177067e-08,19,0.0,30,"tiny"
0.32666015625,"sky-other-merged",50165,False,0.0029895363841205835,8.683761348882157e-11,4.0670375053841745e-12,2.148032152149426e-08,3.210997787106429e-11,2.156708056588741e-08,3.127930206514584e-11,1.0,0,0.5201793909072876,31,"large"
0.30242156982421875,"grass-merged",50165,False,0.0032291430979967117,3.146930893649369e-08,1.4738644749101582e-09,3.1916439269252805e-08,4.5970994372313e-11,3.1916439269252805e-08,4.468084929820648e-11,1.0,1,0.298468679189682,31,"large"
0.1917266845703125,"mountain-merged",50165,False,0.005093513056635857,1.4412407031705321e-11,6.750048111604789e-13,1.9062277090142743e-07,2.3581211983092487e-10,1.9062304090766702e-07,2.303123386449002e-10,0.9999998807907104,2,0.3972940742969513,31,"large"
0.0707855224609375,"train",50165,True,0.013796062208712101,1.5253420930225664e-16,7.143937088508098e-18,1.1922949170184438e-06,1.2811013361258006e-09,1.1922949170184438e-06,1.2530483317618746e-09,0.9999988079071045,3,0.5104548335075378,31,"medium"
0.0608062744140625,"tree-merged",50165,False,0.016060225665569305,1.437415297900202e-09,6.732131518916162e-11,1.4186974928165341e-09,1.5065106280520713e-12,1.4467216313818199e-09,1.5042840020504378e-12,1.0,4,0.493600994348526,31,"medium"
0.02106475830078125,"railroad",50165,False,0.029706211760640144,1.2803377025250029e-08,5.996459995216696e-10,0.3592277467250824,0.00036596087738871574,0.3592277467250824,0.00035835709422826767,0.6407722234725952,5,0.9735603332519531,31,"small"
0.00693511962890625,"building-other-merged",50165,False,0.1401916742324829,6.730784321007377e-07,3.1523615717787834e-08,0.004419558681547642,4.438875293999445e-06,0.004420232027769089,4.346778951003216e-06,0.9955797791481018,6,0.9856985807418823,31,"tiny"
0.00202178955078125,"roof",50165,False,0.40037503838539124,1.1902081986647772e-08,5.574337103020355e-10,0.17109857499599457,0.00017098768148571253,0.17109857499599457,0.000167426944244653,0.8289015293121338,7,0.4830188751220703,31,"tiny"
0.37744140625,"grass-merged",51309,False,0.002587217139080167,3.925401670379358e-11,5.186327712777827e-13,4.052019721711986e-05,7.174890725991645e-08,4.0520237234886736e-05,6.356115989092359e-08,0.9999594688415527,0,0.2839586138725281,32,"large"
0.13848876953125,"sky-other-merged",51309,False,0.00705156521871686,3.72364948035851e-17,4.919768362541827e-19,7.309548474311589e-13,9.054176577591184e-16,7.309759893735224e-13,8.285949458167055e-16,1.0,1,0.5923314094543457,32,"large"
0.134033203125,"horse",51309,True,0.007285973522812128,2.6122054172517117e-11,3.4513036417486986e-13,1.192681367001569e-07,1.467915511366158e-10,1.1926837828468706e-07,1.3450056346453465e-10,0.9999998807907104,2,0.561020016670227,32,"large"
0.11041259765625,"tree-merged",51309,False,0.008844664320349693,4.013041987604993e-08,5.302119299166463e-10,4.110079387942278e-08,4.913056766975288e-11,4.1100843617414284e-08,4.5119276370630956e-11,0.9999999403953552,3,0.6578220129013062,32,"large"
0.066650390625,"horse",51309,True,1.1351588275593759e-15,1.0,0.013212221674621105,3.93122583375316e-08,4.464765362977019e-11,1.0,0.0010462987702339888,7.747459358081743e-14,4,0.0,32,"medium"
0.05938720703125,"horse",51309,True,0.01621726155281067,0.009578908793628216,0.0001265586615772918,0.0042104353196918964,4.732820343633648e-06,0.013787694275379181,1.4314652617031243e-05,0.9862122535705566,5,0.9013360738754272,32,"medium"
0.02178955078125,"wall-other-merged",51309,False,3.815387242256385e-11,4.1462147571617175e-14,5.478070707523716e-16,1.0,0.0010793308028951287,1.0,0.000998315284959972,8.513083016303824e-10,6,0.2240896373987198,32,"small"
0.02264404296875,"house",51309,False,0.04312668368220329,6.806524094349342e-11,8.992930098511431e-13,2.469290016904324e-08,2.66860110398337e-11,2.47609630577017e-08,2.474086040205048e-11,1.0,7,0.8274932503700256,32,"small"
0.2890625,"pavement-merged",52007,False,0.003378374269232154,1.2664918683663064e-16,1.6237075659660653e-18,1.1674735560518457e-06,1.7919777883790289e-09,1.1674735560518457e-06,1.6036724170831462e-09,0.9999988079071045,0,0.07770270109176636,33,"large"
0.2265625,"bus",52007,True,0.004309372510761023,8.606515621067956e-06,1.1033995406251051e-07,0.00021710064902435988,3.0384978799702367e-07,0.00022570631699636579,2.8498274673438573e-07,0.9997742772102356,1,0.15948276221752167,33,"large"
0.189453125,"sky-other-merged",52007,False,0.005154639948159456,2.9663264574687764e-13,3.80298311559394e-15,2.6389339602417294e-09,3.509220908651245e-12,2.6392306118339093e-09,3.1797962700419458e-12,1.0,2,0.04639175161719322,33,"large"
0.10888671875,"flower",52007,False,0.00896860845386982,2.176139693790824e-12,2.789922732128556e-14,1.414357342355288e-07,1.6938411784295226e-10,1.4143574844638351e-07,1.5499808381225222e-10,0.9999998807907104,3,0.12556053698062897,33,"large"
0.06103515625,"building-other-merged",52007,False,0.015999997034668922,1.0961212406485066e-12,1.4052836483726978e-14,2.2830818124930374e-07,2.582671854156615e-10,2.283088775811848e-07,2.3745072574854476e-10,0.9999998211860657,4,0.1120000034570694,33,"medium"
0.0166015625,"person",52007,True,0.058810994029045105,2.682974502288271e-12,3.439711013307305e-14,0.0002131182118318975,2.2940604083032667e-07,0.00021311822638381273,2.1163677388358337e-07,0.999786913394928,5,0.529411792755127,33,"small"
0.01171875,"person",52007,True,0.08025515079498291,0.03096422553062439,0.00039697729516774416,0.005974000319838524,6.3961470004869625e-06,0.036938223987817764,3.65002233593259e-05,0.9630616903305054,6,0.75,33,"small"
0.01123046875,"tree-merged",52007,False,0.013906561769545078,1.0644105259416392e-06,1.3646287655433298e-08,0.8400740623474121,0.0008984748856164515,0.8400745987892151,0.0008297032327391207,0.15992547571659088,7,0.43478259444236755,33,"small"
0.00634765625,"road",52007,False,9.706015990929018e-10,7.817260438969242e-08,1.0022128682507514e-09,0.9999999403953552,0.0010638297535479069,1.0,0.0009828009642660618,6.308910283081559e-09,8,0.0,33,"tiny"
0.0048828125,"person",52007,True,1.1418819667596836e-05,0.5514181852340698,0.007069463841617107,0.4485247731208801,0.0004766469355672598,0.9999428987503052,0.0009812982752919197,5.7094097428489476e-05,9,0.0,33,"tiny"
0.28857421875,"dirt-merged",53624,False,0.0024434879887849092,2.4640331730552134e-07,2.3153445827261976e-09,0.2779492735862732,0.000444552133558318,0.2779492735862732,0.0003815364034380764,0.7220507264137268,0,0.06768189370632172,34,"large"
0.16750335693359375,"water-other",53624,False,0.005830107256770134,2.6329235659923716e-16,2.474043652201443e-18,1.509108116248825e-11,2.0178193358279077e-14,1.5091096774999535e-11,1.7702653172567764e-14,1.0,1,0.20405374467372894,34,"large"
0.14159393310546875,"grass-merged",53624,False,0.006896921433508396,3.915883795002628e-08,3.6795858027183215e-10,3.688330139084428e-07,4.758896610113084e-10,4.0742708051766385e-07,4.6350798199590315e-10,0.9999995827674866,2,0.08276308327913284,34,"large"
0.09752655029296875,"elephant",53624,True,0.010013298131525517,7.64231919121814e-15,7.181153929500329e-17,1.4866429198789888e-09,1.8129962591970084e-12,1.4866458064588528e-09,1.6086926712607919e-12,1.0,3,0.30039897561073303,34,"medium"
0.09372711181640625,"rock-merged",53624,False,0.010350912809371948,2.4775888007866342e-09,2.3280823449600696e-11,0.006555014289915562,7.961303708725609e-06,0.006555014289915562,7.063414614094654e-06,0.9934450387954712,4,0.42718762159347534,34,"medium"
0.05403900146484375,"pavement-merged",53624,False,0.017541537061333656,0.0005804617539979517,5.454346137412358e-06,0.029316136613488197,3.3980490115936846e-05,0.029322557151317596,3.0271130526671186e-05,0.9706774353981018,5,0.3238740563392639,34,"medium"
0.05510711669921875,"fence-merged",53624,False,0.0004590440366882831,0.9740723967552185,0.00915293488651514,2.3834061721572652e-05,2.7657247159140752e-08,0.9740962386131287,0.0010067448019981384,0.02590370737016201,6,0.09594351053237915,34,"medium"
0.00048828125,"person",53624,True,0.02578219771385193,0.028148844838142395,0.0002645024214871228,0.9718511700630188,0.0010591481113806367,0.9871088862419128,0.000964444421697408,0.012891098856925964,7,1.0,34,"tiny"
0.00244140625,"person",53624,True,0.03558487072587013,0.4134899377822876,0.0038853848818689585,0.49754804372787476,0.0005437219515442848,0.9110379815101624,0.000891862902790308,0.08896217495203018,8,0.20000000298023224,34,"tiny"
0.00146484375,"person",53624,True,0.06651621311903,0.3636356592178345,0.0034169259015470743,0.536590039730072,0.0005857470096088946,0.9002257585525513,0.0008804163662716746,0.0997743234038353,9,0.3333333432674408,34,"tiny"
0.34017181396484375,"person",54654,True,0.0028707885649055243,1.2652441228055977e-06,1.2596347964688448e-08,2.9617003294291067e-11,5.139958554264967e-14,1.265273795070243e-06,1.8726373784971884e-09,0.9999988079071045,0,0.3957880139350891,35,"large"
0.1724395751953125,"wall-other-merged",54654,False,0.005663168616592884,7.115875944041505e-11,7.084327699122261e-13,8.298812645080034e-06,1.107408031941759e-08,8.298884495161474e-06,9.793096111820887e-09,0.999991774559021,1,0.2208654135465622,35,"large"
0.1624603271484375,"oven",54654,True,0.003080079099163413,0.4875962436199188,0.004854345228523016,3.6766653011000017e-06,4.8556363374530065e-09,0.4875999093055725,0.0005685363430529833,0.5124000906944275,2,0.2305813878774643,35,"large"
0.053009033203125,"paper-merged",54654,False,0.01835246942937374,4.376298490260666e-10,4.356896787793829e-12,0.0038049910217523575,4.375006483314792e-06,0.003804991254583001,3.923808890249347e-06,0.9961950182914734,3,0.9579735398292542,35,"medium"
0.0507049560546875,"wall-wood",54654,False,0.01925969123840332,3.027761092212267e-16,3.0143379691912262e-18,6.940063599358837e-07,7.956436065548189e-10,6.940063599358837e-07,7.139409063938729e-10,0.9999992847442627,4,0.19259704649448395,35,"medium"
0.03920745849609375,"cabinet-merged",54654,False,0.01944708079099655,0.001194148906506598,1.1888548215210903e-05,0.21906258165836334,0.0002472685882821679,0.21923008561134338,0.00022282841382548213,0.780769944190979,5,1.0,35,"medium"
0.0390625,"window-other",54654,False,0.02499999850988388,1.157806896147015e-13,1.1526738807218187e-15,4.2289009627438645e-08,4.786235643927661e-11,4.228912331427637e-08,4.297675063047457e-11,0.9999999403953552,6,0.375,35,"medium"
0.037994384765625,"rug-merged",54654,False,0.025702811777591705,1.946235649719205e-15,1.9376072228705458e-17,1.445835451363564e-09,1.6342172840660973e-12,1.4458374497650084e-09,1.4677155974959777e-12,1.0,7,0.4112449884414673,35,"medium"
0.005859375,"table-merged",54654,False,0.14814679324626923,0.00047867625835351646,4.765541234519333e-06,0.11064055562019348,0.0001205819717142731,0.11111921072006226,0.00010915443272097036,0.8888807892799377,8,0.6666666865348816,35,"tiny"
0.00450897216796875,"food-other-merged",54654,False,0.0003608929691836238,1.1483077943380549e-12,1.1432169060964902e-14,0.9983338117599487,0.0010862615890800953,0.9983338117599487,0.0009793512290343642,0.0016663104761391878,9,0.6497461795806885,35,"tiny"
0.375762939453125,"floor-wood",61418,False,0.002598879160359502,2.1655655046970423e-10,3.507876064276494e-12,3.0962378494425735e-11,5.3098743799237166e-14,2.473680704717651e-10,3.869849590516089e-13,1.0,0,0.08576301485300064,36,"large"
0.18719482421875,"sky-other-merged",61418,False,0.005216821562498808,5.703315966200384e-13,9.238475700320669e-15,4.1526632799104846e-07,5.373550493459334e-10,4.152665553647239e-07,4.989310076197739e-10,0.9999995827674866,1,0.1721552014350891,36,"large"
0.09857177734375,"sea",61418,False,0.00990712083876133,1.5749621433405604e-17,2.5511914792118136e-19,9.713351900586531e-09,1.12596139009713e-11,9.713351900586531e-09,1.052296270953601e-11,1.0,2,0.10897833108901978,36,"medium"
0.0367889404296875,"fence-merged",61418,False,0.021302366629242897,0.0077162678353488445,0.00012499142030719668,0.19313324987888336,0.00020856720220763236,0.19749994575977325,0.00020023755496367812,0.8025001287460327,3,0.22314392030239105,36,"medium"
0.0326995849609375,"chair",61418,True,0.029825514182448387,7.805414497852325e-05,1.2643546369872638e-06,0.0013112988090142608,1.4095961660132161e-06,0.0013112989254295826,1.323854917245626e-06,0.9986886978149414,4,0.3733084499835968,36,"medium"
0.03369140625,"person",61418,True,0.0289799552410841,8.739985059946775e-05,1.4157402574710432e-06,0.00010411336552351713,1.120986254932177e-07,0.00019149522995576262,1.9352724223153928e-07,0.9998085498809814,5,0.17391304671764374,36,"medium"
0.0292205810546875,"person",61418,True,1.2892060752278667e-08,0.002173279644921422,3.520371683407575e-05,0.9978264570236206,0.001070144702680409,0.9999996423721313,0.00100595667026937,3.857546744256979e-07,6,0.0,36,"small"
0.0265045166015625,"wall-wood",61418,False,0.03587079420685768,0.025332888588309288,0.00041035303729586303,0.026444150134921074,2.8252768970560282e-05,0.02644415758550167,2.6527470254222862e-05,0.9735558032989502,7,0.5210132598876953,36,"small"
0.022674560546875,"mountain-merged",61418,False,0.04306632652878761,4.697636086348211e-06,7.609433083644035e-08,5.368435085983947e-05,5.707022054934896e-08,5.368435085983947e-05,5.364244159977716e-08,0.9999462962150574,8,0.31292060017585754,36,"small"
0.02392578125,"chair",61418,True,0.029491886496543884,0.022978732362389565,0.0003722193941939622,0.25447192788124084,0.0002712152199819684,0.2774488031864166,0.0002775875909719616,0.7225512266159058,9,0.16326530277729034,36,"small"
0.0220794677734375,"boat",61418,True,1.8358291553610684e-09,1.8582395144113237e-15,3.010056316904529e-17,0.9999999403953552,0.0010637766681611538,0.9999999403953552,0.000998611212708056,4.150695076532429e-08,10,0.3538355231285095,36,"small"
0.01806640625,"boat",61418,True,0.054054029285907745,2.8630946571905902e-11,4.637764239485975e-13,4.836437028643559e-07,5.121902901805697e-10,4.836724087908806e-07,4.810267739685514e-10,0.9999995231628418,11,0.5945945978164673,36,"small"
0.0095977783203125,"person",61418,True,1.3018193385505583e-06,0.7781971096992493,0.012605572119355202,0.22179032862186432,0.00023264465562533587,0.9999872446060181,0.0009860135614871979,1.2794443136954214e-05,12,0.0,36,"tiny"
0.0098114013671875,"chair",61418,True,1.549487751617562e-05,0.0030005064327269793,4.8603495088173077e-05,0.9968658089637756,0.001045840559527278,0.9998443722724915,0.000986085389740765,0.00015567509399261326,13,0.0,36,"tiny"
0.0065765380859375,"chair",61418,True,0.10222050547599792,0.0018741005333140492,3.0357487048604526e-05,0.3116074502468109,0.0003259545483160764,0.3116088807582855,0.00030632008565589786,0.6883912086486816,14,0.2969837486743927,36,"tiny"
0.005859375,"person",61418,True,0.013141530565917492,0.7319686412811279,0.011856744065880775,0.18918225169181824,0.00019783445168286562,0.9211508631706238,0.0009048634674400091,0.0788491740822792,15,0.3333333432674408,36,"tiny"
0.00347900390625,"chair",61418,True,0.00030559662263840437,0.07138486206531525,0.001156322774477303,0.9275527000427246,0.0009669404244050384,0.9989113211631775,0.0009789050091058016,0.0010886879172176123,16,0.0,36,"tiny"
0.00537109375,"person",61418,True,0.00025539714260958135,0.2881533205509186,0.004667631816118956,0.710940420627594,0.000742290576454252,0.9985953569412231,0.0009804569417610765,0.0014046842698007822,17,0.1818181872367859,36,"tiny"
0.0023193359375,"chair",61418,True,0.0003541878832038492,0.15780869126319885,0.0025562532246112823,0.8414537310600281,0.0008761007920838892,0.9991587400436401,0.0009780093096196651,0.000841196218971163,18,0.6184210777282715,36,"tiny"
0.3304443359375,"dining table",62554,True,0.0029553009662777185,3.6673916695842477e-16,1.0116942331415152e-16,6.7555117055917435e-09,9.858463004275286e-12,6.7555117055917435e-09,9.853070616350212e-12,1.0,0,0.03841891512274742,37,"large"
0.284271240234375,"broccoli",62554,True,0.003435312071815133,2.8109843837095574e-17,7.754439393964085e-18,2.1751673102698987e-06,2.98044677826681e-09,2.1751673102698987e-06,2.9678657309517575e-09,0.9999978542327881,1,0.3126140534877777,37,"large"
0.149688720703125,"wall-other-merged",62554,False,0.0041952417232096195,5.79396044031455e-07,1.598333767560689e-07,0.35694757103919983,0.00041146689909510314,0.3569481372833252,0.0004099465149920434,0.6430519223213196,2,0.46320080757141113,37,"large"
0.11114501953125,"bowl",62554,True,0.000599805498495698,0.015257996506989002,0.004209102597087622,0.9164766073226929,0.0010109359864145517,0.9317346811294556,0.0010236733360216022,0.06826536357402802,3,0.920922577381134,37,"large"
0.074188232421875,"bowl",62554,True,0.013125828467309475,0.0021329661831259727,0.0005884044803678989,0.0028471737168729305,3.0096973659965442e-06,0.0028471769765019417,3.0032522317924304e-06,0.9971528053283691,4,0.25010284781455994,37,"medium"
0.045013427734375,"bowl",62554,True,0.001626780373044312,0.0034065700601786375,0.0009397435933351517,0.9216245412826538,0.0009452560334466398,0.9250155687332153,0.0009459144785068929,0.07498440146446228,5,0.4861016869544983,37,"medium"
0.0048828125,"fork",62554,True,0.0027382359839975834,2.1219393602223136e-06,5.853625566487608e-07,0.9863067269325256,0.0009713718900457025,0.9863088726997375,0.0009679184295237064,0.01369117945432663,6,1.0,37,"tiny"
0.70654296875,"fence-merged",64495,False,0.0013820721069350839,4.668457894568823e-12,7.529769857758314e-14,7.073448796290904e-05,2.953422892915114e-07,7.073449523886666e-05,2.3538930804534175e-07,0.9999293088912964,0,0.49758121371269226,38,"large"
0.09375,"gravel",64495,False,0.010416666977107525,2.0469903776137814e-16,3.301597323210732e-18,3.746559329442789e-08,4.32628100011101e-11,3.746559329442789e-08,4.037240680654364e-11,1.0,1,0.3229166567325592,38,"medium"
0.076171875,"parking meter",64495,True,0.012820505537092686,4.305431673401472e-07,6.944244290707502e-09,3.711309375376004e-07,4.195940261908504e-10,4.336150141170947e-07,4.583667889690446e-10,0.9999995231628418,2,0.8846153616905212,38,"medium"
0.03662109375,"rock-merged",64495,False,0.02645987458527088,0.0010615169303491712,1.712124139885418e-05,0.007754647638648748,8.38340292830253e-06,0.007754653692245483,7.860774530854542e-06,0.9922453165054321,3,1.0,38,"medium"
0.02734375,"pavement-merged",64495,False,0.035713739693164825,1.1490140089387424e-10,1.8532484574729224e-12,1.5224319213302806e-05,1.6300127470003645e-08,1.522443380963523e-05,1.5285575472034907e-08,0.9999847412109375,4,0.7142857313156128,38,"small"
0.3896484375,"bed",66523,True,0.002506265649572015,1.2373960219303252e-18,5.755330124157607e-20,3.4524273218039525e-08,5.720674975395745e-11,3.4524273218039525e-08,5.523883780944594e-11,1.0,0,0.15789473056793213,39,"large"
0.341796875,"curtain",66523,False,0.0028571432922035456,1.6861226341826188e-19,7.842432340749199e-21,6.957016343220324e-14,1.066209472150149e-16,6.957032606252911e-14,1.0322007684456438e-16,1.0,1,0.11142857372760773,39,"large"
0.17724609375,"wall-other-merged",66523,False,0.005509641487151384,1.8311522003572334e-12,8.516986080156844e-14,1.412274325263141e-10,1.7191407802527592e-13,1.412285011159753e-10,1.6763024616398697e-13,1.0,2,0.3085399568080902,39,"large"
0.0654296875,"blanket",66523,False,0.01483297348022461,3.9363015957860625e-08,1.830837925709261e-09,0.006190700922161341,6.61753165331902e-06,0.006190740969032049,6.4689038481446914e-06,0.9938092231750488,3,0.9850746393203735,39,"medium"
0.00537109375,"ceiling-merged",66523,False,0.18030022084712982,1.5247627743519843e-05,7.091919655977108e-07,0.008348873816430569,8.36979870655341e-06,0.008348873816430569,8.197224815376103e-06,0.991651177406311,4,1.0,39,"tiny"
0.443359375,"wall-stone",67180,False,0.0022026430815458298,8.820891066185776e-12,2.9550723033931053e-14,8.114045026152983e-12,2.9721776255431376e-14,1.693493088816833e-11,2.9710405685147434e-14,1.0,0,0.8887665271759033,40,"large"
0.1904296875,"person",67180,True,0.0051282052882015705,1.698416526776242e-13,5.689837414666764e-16,6.503890308262594e-14,1.2236858672367282e-16,2.3488039312992426e-13,2.833297944692645e-16,1.0,1,0.8974359035491943,40,"large"
0.0751953125,"bench",67180,True,0.012987012974917889,2.605626043295305e-17,8.729065752035908e-20,1.8236402610227742e-08,2.80992330098373e-11,1.8236402610227742e-08,1.925702479421698e-11,1.0,2,0.6103895902633667,40,"medium"
0.0009765625,"grass-merged",67180,False,0.01197810098528862,0.9880219101905823,0.003309956518933177,3.591551014925365e-11,4.9572826854756e-14,0.9880219101905823,0.0009658084600232542,0.01197809912264347,3,1.0,40,"tiny"
0.58837890625,"playingfield",68387,False,1.2194208316718136e-12,7.872854793219627e-14,1.9682135288983174e-14,1.0,0.0023866347037255764,1.0,0.0023724790662527084,7.347011332647924e-10,0,0.0,41,"large"
0.3447265625,"grass-merged",68387,False,0.0028328606858849525,3.4233130653121835e-12,8.558281579078286e-13,1.861172727046778e-08,2.786186385772549e-11,1.8614208840972424e-08,2.7740993530089852e-11,0.9999999403953552,1,0.02266288921236992,41,"large"
0.01953125,"person",68387,True,0.049991220235824585,6.726094579789788e-05,1.681523644947447e-05,0.00010834512795554474,1.083451266481461e-07,0.000175606066477485,1.7490644665940636e-07,0.9998244047164917,2,0.5,41,"small"
0.01416015625,"person",68387,True,0.020101161673665047,3.5982586723548593e-06,8.995646680887148e-07,0.7085295915603638,0.0007043037912808359,0.7085331678390503,0.0007018654723651707,0.2914668321609497,3,0.48275861144065857,41,"small"
0.0146484375,"person",68387,True,0.0014598334673792124,1.214128797499825e-10,3.0353219937495624e-11,0.9781025052070618,0.0009732363396324217,0.9781025052070618,0.0009693781030364335,0.02189750224351883,4,0.0,41,"small"
0.0146484375,"person",68387,True,0.06666666269302368,1.8202318755186023e-15,4.550579159400914e-16,2.2467634863687636e-08,2.235585327969858e-11,2.2467636640044475e-08,2.2267229726757876e-11,1.0,5,0.13333334028720856,41,"small"
0.00146484375,"baseball glove",68387,True,0.24028806388378143,0.027199935168027878,0.006799984723329544,0.6123680472373962,0.0006012450903654099,0.6395679712295532,0.0006254944019019604,0.36043205857276917,7,1.0,41,"tiny"
0.24427032470703125,"zebra",70158,True,0.003997861873358488,1.0162782473344123e-06,2.021312894839866e-09,3.5301686693856027e-06,1.2984901154311501e-08,3.530184812916559e-06,4.561745203801593e-09,0.9999964833259583,0,0.5950588583946228,42,"large"
0.1434326171875,"zebra",70158,True,0.006808380130678415,1.8429359371907594e-08,3.6654831947480204e-11,1.924008574860636e-05,5.1396852995821973e-08,1.9258515749243088e-05,2.1956415352519798e-08,0.9999805688858032,1,0.8068085312843323,42,"large"
0.12206268310546875,"zebra",70158,True,0.008000479079782963,6.651119832667973e-08,1.3228655670882716e-10,2.514866991987219e-06,6.3345528822367214e-09,2.5812605599639937e-06,2.8712325850221987e-09,0.9999974370002747,2,0.9808738231658936,42,"large"
0.3548431396484375,"building-other-merged",72281,False,0.0027520961593836546,8.817551147512117e-15,4.5710844373905113e-17,6.219176562627382e-11,1.3214277762296778e-13,6.219336157187172e-11,9.414097648131892e-14,1.0,0,0.10457965731620789,43,"large"
0.152923583984375,"pavement-merged",72281,False,0.0063859508372843266,2.4681206006098386e-15,1.2794922359198838e-17,1.9796042582953532e-09,2.9257037331004154e-12,1.9796067007860074e-09,2.2822139143785503e-12,1.0,1,0.12133307009935379,43,"large"
0.08507537841796875,"table-merged",72281,False,0.011475186794996262,3.860112701659091e-05,2.0011113122109236e-07,0.00031400626176036894,4.2142741563111485e-07,0.00031400626176036894,3.351606210344471e-07,0.999686062335968,2,0.7474666237831116,43,"medium"
0.08858489990234375,"wall-brick",72281,False,0.011022022925317287,9.350352089820824e-12,4.847292746769198e-14,0.0001820073666749522,2.456369259107305e-07,0.0001820073666749522,1.9501713666159048e-07,0.9998180270195007,3,0.19843252003192902,43,"medium"
0.0425872802734375,"sky-other-merged",72281,False,0.022930849343538284,1.9622262685697165e-17,1.017232854611387e-19,2.5644810168652665e-14,3.256096227024752e-17,2.5664434227974653e-14,2.617776333876974e-17,1.0,4,0.2981010377407074,43,"medium"
0.03564453125,"wall-other-merged",72281,False,1.5694334720706138e-08,1.4237498291436168e-08,7.380825811642566e-11,0.9999994039535522,0.0012577002635225654,0.9999994039535522,0.0010126576526090503,5.728432483920187e-07,5,1.0,43,"medium"
0.02756500244140625,"roof",72281,False,0.03540727123618126,8.794135055723018e-07,4.558945221333488e-09,0.0005744568188674748,7.144082019294729e-07,0.0005744568188674748,5.768950472884171e-07,0.9994256496429443,6,0.9291447401046753,43,"small"
0.02880859375,"skateboard",72281,True,0.03325529396533966,3.6824847171601505e-08,1.90902751939781e-10,0.018968887627124786,2.364898318774067e-05,0.018968887627124786,1.9073791918344796e-05,0.9810311794281006,7,0.9322034120559692,43,"small"
0.36224365234375,"dining table",74733,True,0.0026946000289171934,5.7299621403217316e-06,2.3542623850403288e-08,0.00046609147102572024,1.1319875738990959e-06,0.0004718214622698724,7.224751925605233e-07,0.9995282292366028,0,0.07818028330802917,44,"large"
0.07897567749023438,"pizza",74733,True,0.01236535795032978,1.4851279928063121e-12,6.101927096198098e-15,4.601938385917492e-09,6.563685359117777e-12,4.602590752966762e-09,4.880128853107513e-12,1.0,1,0.6800946593284607,44,"medium"
0.0728759765625,"cup",74733,True,0.01339880283921957,0.00011403096141293645,4.6851758384036657e-07,2.993092209635506e-07,4.2373266007089683e-10,0.0001143302652053535,1.2042686137192504e-07,0.9998857378959656,2,0.4422110617160797,44,"medium"
0.041133880615234375,"cup",74733,True,1.1368064406269696e-05,0.998615026473999,0.0041029974818229675,0.0009061029413715005,1.2263344615348615e-06,0.9995211362838745,0.001017967937514186,0.0004788352525793016,3,0.0,44,"medium"
0.0382080078125,"floor-other-merged",74733,False,0.02555910497903824,1.2509822067130472e-09,5.139895453698529e-12,3.41939170311889e-08,4.610359663481667e-11,3.5444898571768135e-08,3.5989239366429615e-11,0.9999998807907104,4,0.17891374230384827,44,"medium"
0.024135589599609375,"dining table",74733,True,0.04045701399445534,3.692580867209472e-05,1.5171661971180583e-07,7.425624062307179e-05,9.823573776657213e-08,0.0001111820456571877,1.1126157772878287e-07,0.9998887777328491,5,0.7064959406852722,44,"small"
0.020854949951171875,"cup",74733,True,0.00010416914301458746,0.11327728629112244,0.00046542094787582755,0.8844984769821167,0.0011647895444184542,0.9977754354476929,0.000995143665932119,0.0022245810832828283,6,0.07901956886053085,44,"small"
0.02227783203125,"cup",74733,True,0.043835610151290894,5.968745497852979e-09,2.4523711186774655e-11,1.4694035144202644e-07,1.938557092628912e-10,1.529091093743773e-07,1.527277471158328e-10,0.9999998807907104,7,0.6136986017227173,44,"small"
0.0205078125,"cup",74733,True,0.01578133925795555,2.697585841815453e-05,1.1083536577416453e-07,0.6685649156570435,0.0008801384246908128,0.6685919165611267,0.0006665920955128968,0.33140814304351807,8,0.6666666865348816,44,"small"
0.019733428955078125,"paper-merged",74733,False,0.00018447106413077563,0.0012403186410665512,5.096081167721422e-06,0.9950321316719055,0.0013079418567940593,0.9962724447250366,0.0009925077902153134,0.0037276127841323614,9,0.6309685111045837,44,"small"
0.018901824951171875,"cup",74733,True,0.031059032306075096,0.3713521659374237,0.0015257700579240918,0.02881149761378765,3.7829562643310055e-05,0.3988378643989563,0.0003969940007664263,0.6011621356010437,10,0.6900100708007812,44,"small"
0.017314910888671875,"chair",74733,True,1.912875177367823e-06,1.3324862493391265e-06,5.474769970703619e-09,0.9999648332595825,0.001310268067754805,0.9999660849571228,0.0009937358554452658,3.391617428860627e-05,11,0.0,44,"small"
0.015522003173828125,"chair",74733,True,0.0038852866273373365,0.8567677736282349,0.0035201911814510822,0.08221624791622162,0.00010747057240223512,0.9382451772689819,0.00093070138245821,0.06175481155514717,12,0.43376749753952026,44,"small"
0.00872802734375,"cup",74733,True,2.140614560630638e-05,0.9614834785461426,0.0039504352025687695,0.03832635655999184,4.966237611370161e-05,0.9998087286949158,0.0009849725756794214,0.0001913174201035872,13,0.0,44,"tiny"
0.001953125,"cup",74733,True,0.00022609869483858347,0.004391989670693874,1.8045311662717722e-05,0.9951558709144592,0.0012781131081283092,0.9995477795600891,0.0009780310792848468,0.0004521974187809974,14,0.0,44,"tiny"
0.001953125,"cup",74733,True,5.279211379161097e-08,0.8453766107559204,0.003473388496786356,0.15462332963943481,0.00019858809537254274,0.9999998807907104,0.0009784734575077891,1.0558422758322195e-07,15,0.0,44,"tiny"
0.55224609375,"laptop",78420,True,0.0017683457117527723,5.586154543379962e-07,3.8525207912698534e-08,5.62970910777949e-07,1.2665263282585215e-09,5.629709676213679e-07,1.2278539296417534e-09,0.9999994039535522,0,0.9929265975952148,45,"large"
0.17041015625,"floor-other-merged",78420,False,0.005730659235268831,1.5185998236688647e-08,1.0473102385333277e-09,1.918162460465278e-12,2.2930812420597375e-15,1.51879167020752e-08,1.7878653418845758e-11,1.0,1,0.6017192006111145,45,"large"
0.1552734375,"cat",78420,True,0.006289307959377766,1.0437547610673355e-15,7.198308993660189e-17,8.327828877885413e-12,9.791685623666661e-15,8.328872314056213e-12,9.628753754064613e-15,1.0,2,0.5849056839942932,45,"large"
0.0537109375,"curtain",78420,False,0.01818181574344635,3.1958000543255566e-17,2.203999787885544e-18,1.440077874656498e-12,1.5079347453933229e-15,1.4401099670408035e-12,1.4861813511210563e-15,1.0,3,0.34545454382896423,45,"medium"
0.03173828125,"chair",78420,True,0.030769184231758118,7.667612749173713e-07,5.288008964043911e-08,7.688252026127884e-07,7.857181572035188e-10,1.5353680282714777e-06,1.5485305260298787e-09,0.9999985098838806,4,0.9384615421295166,45,"medium"
0.0244140625,"wall-other-merged",78420,False,0.040000006556510925,1.2061405693652993e-11,8.318212113035683e-13,6.0173333329971435e-12,6.112071162774416e-15,1.80787381592884e-11,1.8096836895231498e-14,1.0,5,0.9599999785423279,45,"small"
0.2299346923828125,"rock-merged",79144,False,0.004247129894793034,2.5314724275138367e-12,4.448496336784602e-15,5.0972575905148046e-14,2.3223782588206916e-16,2.5824451084510702e-12,3.274941717484425e-15,1.0,0,0.5266441106796265,46,"large"
0.141754150390625,"wall-wood",79144,False,0.006887008901685476,0.0002966170141007751,5.21238007422653e-07,1.1504123904160224e-05,3.703540940591665e-08,0.00030765272094868124,3.5006533494197356e-07,0.9996923804283142,1,0.38460710644721985,46,"large"
0.03228759765625,"bear",79144,True,0.03024168312549591,2.2692899642740016e-11,3.987769451674686e-14,0.00013440802285913378,3.185967898389208e-07,0.00013440805196296424,1.356372649752302e-07,0.9998656511306763,2,0.8426275849342346,46,"medium"
0.0322723388671875,"bear",79144,True,0.030260011553764343,6.412584352410988e-11,1.126868306240876e-13,1.3316483773451182e-06,3.1563831548453436e-09,1.3317123830347555e-06,1.3438703483359404e-09,0.9999986886978149,3,0.9380614757537842,46,"medium"
0.0068359375,"grass-merged",79144,False,0.0003038705908693373,0.9978712797164917,0.0017535354709252715,1.5594657725159777e-06,3.4814360283519363e-09,0.9978728890419006,0.0009811925701797009,0.002127094194293022,4,0.1428571492433548,46,"tiny"
0.00201416015625,"floor-wood",79144,False,6.681289050902706e-07,0.09916582703590393,0.00017426171689294279,0.9008336663246155,0.0019854449201375246,0.9999986886978149,0.000978532014414668,1.3780160088572302e-06,5,0.2954545319080353,46,"tiny"
0.43929290771484375,"rug-merged",80057,False,0.0022230236791074276,3.2761652164481347e-06,9.977377146697108e-09,4.080839516973356e-06,1.6533645563754362e-08,4.080839516973356e-06,7.107444854881351e-09,0.9999959468841553,0,0.9464908838272095,47,"large"
0.24103546142578125,"teddy bear",80057,True,0.00405153026804328,1.5474783726567715e-14,4.7127576461359385e-17,1.7394402975282053e-12,3.866832459157969e-15,1.7549148982956564e-12,2.258055370899588e-15,1.0,1,0.7981514930725098,47,"large"
0.1640625,"dog",81766,True,0.0059523805975914,8.657566041847531e-08,1.364470619824587e-10,2.736489691530092e-13,1.235435564173905e-15,8.65759304247149e-08,1.0114010323691858e-10,0.9999999403953552,0,0.8809523582458496,48,"large"
0.10009765625,"fence-merged",81766,False,0.009756097570061684,1.1077749828558581e-10,1.7459022780014904e-13,3.786278037687309e-16,1.3192606395886263e-18,1.1077787298585662e-10,1.2021472413446116e-13,1.0,1,0.47804877161979675,48,"large"
0.06982421875,"dirt-merged",81766,False,0.01398538425564766,4.502706360653974e-05,7.096463150446652e-08,3.437178276374797e-12,1.0808735871126792e-14,4.5027070882497355e-05,4.727251123881615e-08,0.9999550580978394,2,0.8251748085021973,48,"medium"
0.02978515625,"dog",81766,True,0.032786883413791656,5.483524190275091e-10,8.642276347683997e-13,4.404328464435725e-12,1.2268324411110563e-14,5.527567292773483e-10,5.56373144170591e-13,1.0,3,0.7213114500045776,48,"small"
0.013671875,"dog",81766,True,0.0714285746216774,1.165692681270869e-10,1.837183156256847e-13,4.692274346851377e-10,1.2496069717177205e-12,5.857966889344368e-10,5.799967168866604e-13,1.0,4,0.7142857313156128,48,"small"
0.0029296875,"sky-other-merged",81766,False,0.33331629633903503,5.106775279273279e-05,8.048503019608688e-08,1.408658606427693e-10,3.6446534809261855e-13,5.106789467390627e-05,5.0017526120882394e-08,0.9999489188194275,5,1.0,48,"tiny"
0.68994140625,"dining table",85195,True,0.0014154281234368682,1.3039945168037866e-14,3.8352780995925824e-16,4.7749026954591045e-11,1.6813037507362738e-13,4.7762065136236487e-11,1.5043169617964813e-13,1.0,0,0.6949752569198608,49,"large"
0.18603515625,"wall-other-merged",85195,False,0.005249343812465668,6.386798642038505e-13,1.8784702187301348e-14,1.9697192824279924e-13,2.4636890301089225e-16,8.356517517890683e-13,1.002581548292488e-15,1.0,1,1.0,49,"large"
0.09130859375,"cake",85195,True,0.010695187374949455,7.70481074096772e-15,2.266120712744225e-16,6.428276635267224e-17,7.166417531111816e-20,7.766346837552798e-15,8.346423607046848e-18,1.0,2,0.9251337051391602,49,"medium"
0.3619537353515625,"dirt-merged",88250,False,0.0026980312541127205,9.96103698656936e-13,2.397722210055876e-15,4.432233727713793e-15,1.855097445693484e-17,1.0005353750369705e-12,1.5313706647361917e-15,1.0,0,0.9724295139312744,50,"large"
0.2333221435546875,"elephant",88250,True,0.004185468424111605,1.173989705449685e-08,2.8259117268447653e-11,8.651279532878163e-17,2.3341423884051963e-19,1.173989705449685e-08,1.4953795146599447e-11,1.0,1,0.956771969795227,50,"large"
0.843109130859375,"fence-merged",89296,False,0.0011582871666178107,1.4626702626863164e-11,2.127520598929622e-12,6.33222825285884e-08,4.013296361904395e-10,6.332327018299111e-08,3.9415384844865287e-10,0.9999998807907104,0,0.056756071746349335,51,"large"
0.07720947265625,"person",89296,True,0.012597078457474709,0.004043171182274818,0.0005880975513719022,0.00404348224401474,4.2971478251274675e-06,0.004043523222208023,4.27914301326382e-06,0.995956540107727,1,0.3166007995605469,51,"medium"
0.0731353759765625,"person",89296,True,0.013352805748581886,1.8547192861401163e-12,2.6977733740517207e-13,4.758392013748391e-10,5.045346193784106e-13,4.776938289374755e-10,5.033074651494829e-13,1.0,2,0.1869392842054367,51,"medium"
0.0027618408203125,"baseball bat",89296,True,0.3235261142253876,0.00034493289422243834,5.017206058255397e-05,0.0850277915596962,8.381251973332837e-05,0.0850277990102768,8.326493116328493e-05,0.914972186088562,3,0.9944751262664795,51,"tiny"
0.0009765625,"sports ball",89296,True,0.06966674327850342,0.31863877177238464,0.04634745791554451,0.6116945147514343,0.0006019874708727002,0.9303332567214966,0.0009094166452996433,0.06966674327850342,5,1.0,51,"tiny"
0.47283935546875,"sky-other-merged",90155,False,0.0020653156097978354,1.8969398968282647e-11,5.759620075795543e-14,1.6110866807306223e-10,7.609841576328158e-13,1.796361809303093e-10,3.327751485829311e-13,1.0,0,0.9691977500915527,52,"large"
0.092681884765625,"tree-merged",90155,False,0.010536715388298035,6.017540632452523e-11,1.8270874722024766e-13,3.383228145878957e-14,5.632260217728255e-17,6.02076860589662e-11,6.480260121913273e-14,1.0,1,0.3793216943740845,52,"medium"
0.0560150146484375,"railroad",90155,False,0.017433909699320793,1.7822040945247863e-06,5.411251002840345e-09,1.7956664351004292e-06,2.8129738538495985e-09,1.795722482711426e-06,1.8576938876080362e-09,0.9999982118606567,2,0.652138352394104,52,"medium"
0.04376220703125,"gravel",90155,False,0.02231518179178238,7.190833457570989e-07,2.1833301833140695e-09,7.907269861107125e-08,1.2148237971132403e-10,7.981554972502636e-07,8.151200825423643e-10,0.9999992251396179,3,0.5320780873298645,52,"medium"
0.01532745361328125,"grass-merged",90155,False,0.06371327489614487,1.7564362053690274e-07,5.333012920161195e-10,5.250685664037746e-09,7.730032759722949e-12,1.8089299658186064e-07,1.7940308960628926e-10,0.9999998211860657,4,1.0,52,"small"
0.47393798828125,"curtain",92124,False,0.002060527680441737,5.339849895591442e-09,2.961441508686491e-11,9.736191887432799e-12,2.712975548694544e-14,5.349585663338985e-09,9.930776687094856e-12,1.0,0,0.4887314736843109,53,"large"
0.12005615234375,"wall-other-merged",92124,False,0.008134213276207447,1.64684454961872e-09,9.13328006973968e-12,7.361570197872425e-08,1.0211107653868012e-10,7.525667200525277e-08,8.351992708544032e-11,0.9999998807907104,1,0.10574478656053543,53,"large"
0.0667724609375,"rug-merged",92124,False,0.014625216834247112,3.2031904906304476e-10,1.776466126979237e-12,8.509919666721544e-07,1.096285950907827e-09,8.509919666721544e-07,8.905082782284524e-10,0.9999992251396179,2,0.36563071608543396,53,"medium"
0.06146240234375,"toilet",92124,True,0.015888778492808342,6.538246506704315e-13,3.626063767417408e-15,2.0674793474451114e-11,2.64362421791833e-14,2.1327547367056e-11,2.2191634719615806e-14,1.0,3,0.4289970099925995,53,"medium"
0.03271484375,"wall-tile",92124,False,0.024378566071391106,0.00316994683817029,1.758029429765884e-05,0.18014830350875854,0.0002222167095169425,0.18331807851791382,0.00018507630738895386,0.816681981086731,4,1.0,53,"medium"
0.02862548828125,"sink",92124,True,0.03411513939499855,1.2334470060994598e-14,6.840607641779188e-17,3.7540270371450024e-12,4.604402491605649e-15,3.7663604873783285e-12,3.786476137517848e-15,1.0,5,0.2046908289194107,53,"small"
0.02081298828125,"ceiling-merged",92124,False,0.04692082107067108,2.0289054724481614e-12,1.1252161854179155e-14,1.7585394251895536e-09,2.1378795001664175e-12,1.7586551104287196e-09,1.7539413931649817e-12,1.0,6,0.4222874045372009,53,"small"
0.01751708984375,"floor-wood",92124,False,0.05574855953454971,1.0175898751185741e-05,5.643479283889974e-08,1.0198696145380381e-05,1.233122759458638e-08,1.0198696145380381e-05,1.0137239492280514e-08,0.9999898076057434,7,0.6445993185043335,53,"small"
0.0048828125,"bottle",92124,True,0.19999998807907104,8.28610404167993e-15,4.595413142694676e-17,3.4541329796411446e-08,4.118498250771374e-11,3.4541336901838804e-08,3.3897287754491856e-11,0.9999999403953552,8,0.800000011920929,53,"tiny"
0.27685546875,"grass-merged",94852,False,0.0035273367539048195,8.062471801295601e-10,1.934606337974931e-12,2.60779252196381e-15,8.042536475148954e-18,8.06249789153668e-10,1.0887910581805493e-12,1.0,0,0.9232804179191589,54,"large"
0.1943359375,"sky-other-merged",94852,False,0.005025125574320555,2.7625506049400173e-12,6.628795565433903e-15,1.3707800085999144e-12,3.3576974717058807e-15,4.133330830380366e-12,5.010097815539042e-15,1.0,1,1.0,54,"large"
0.122314453125,"elephant",94852,True,0.007982867769896984,0.00014573143562301993,3.4968550721714564e-07,6.035611351510342e-17,1.250903881333316e-19,0.00014573143562301993,1.6214902132105635e-07,0.9998542070388794,2,0.9261476993560791,54,"large"
0.42919921875,"sky-other-merged",98497,False,0.0022753120865672827,2.6942204977425943e-12,2.494648571375012e-14,4.4315314084997226e-07,9.251631127860094e-10,4.4315464720057207e-07,7.581772987208524e-10,0.9999996423721313,0,0.7736063599586487,55,"large"
0.2998046875,"building-other-merged",98497,False,0.0032573288772255182,2.276203748055594e-12,2.107596019094212e-14,8.633932679913414e-09,1.415398787757427e-11,8.634438053434224e-09,1.2042452104954471e-11,1.0,1,0.732899010181427,55,"large"
0.16845703125,"tree-merged",98497,False,0.004825028125196695,2.3655585823512126e-10,2.1903321170690937e-12,0.16768261790275574,0.00022477562015410513,0.16768261790275574,0.00019692615023814142,0.8323173522949219,2,0.6492753624916077,55,"large"
0.3010711669921875,"sky-other-merged",99054,False,0.003243626793846488,4.3255079998762245e-15,6.055616549188815e-17,6.759461046446091e-11,1.0486770685765728e-13,6.759892645646914e-11,9.445107185517693e-14,1.0,0,0.09730880707502365,56,"large"
0.3018798828125,"airplane",99054,True,0.0032349370885640383,3.9936044055055575e-11,5.590958468762453e-13,2.2708217251032892e-10,3.520483058717938e-13,2.670181298292107e-10,3.7351718940037415e-13,1.0,1,0.28143954277038574,56,"large"
0.25714874267578125,"pavement-merged",99054,False,0.0037976561579853296,2.6163560207237424e-10,3.6628412976302815e-12,1.66742175622403e-10,2.414093230873604e-13,4.2837780545035287e-10,5.631513593125359e-13,1.0,2,0.11013203114271164,56,"large"
0.053253173828125,"building-other-merged",99054,False,0.01833810843527317,1.1287588160165118e-13,1.5802376895291867e-15,2.7092539323092524e-10,3.0150716450426385e-13,2.710382474013784e-10,2.795739985003709e-13,1.0,3,0.0916905477643013,56,"medium"
0.00876617431640625,"mountain-merged",99054,False,0.00014265642676036805,0.9986078143119812,0.013980292715132236,0.00011156731488881633,1.1823367884744584e-07,0.998719334602356,0.0009839372942224145,0.0012805642327293754,4,0.5570061206817627,56,"tiny"
0.005584716796875,"person",99054,True,0.17483742535114288,0.0001462426589569077,2.0473653421504423e-06,0.00013721467985305935,1.4483192956049606e-07,0.00014845904661342502,1.4579374862933037e-07,0.9998515248298645,5,1.0,56,"tiny"
0.00379180908203125,"road",99054,False,0.00015445977624040097,0.006625880487263203,9.27608780330047e-05,0.9927743673324585,0.0010463421931490302,0.99940025806427,0.0009796916274353862,0.0005997383268550038,6,1.0,56,"tiny"
0.0009765625,"grass-merged",99054,False,0.012348960153758526,3.1322338145400863e-06,4.385058716138701e-08,0.9876478910446167,0.0010379137238487601,0.987650990486145,0.0009654457098804414,0.012348960153758526,7,1.0,56,"tiny"
0.5473480224609375,"sky-other-merged",100489,False,0.001784171094186604,1.5398906515152674e-14,4.360752193778529e-15,8.841589960173479e-11,1.912308880041083e-13,8.842133969455546e-11,1.9076237714032301e-13,1.0,0,0.8431881070137024,57,"large"
0.3751220703125,"tree-merged",100489,False,0.0026032947935163975,1.948423193620652e-12,5.517658812487225e-13,9.4166007329477e-06,1.4737545406262598e-08,9.4166007329477e-06,1.4716312612961246e-08,0.9999905824661255,1,0.8793524503707886,57,"large"
0.0769500732421875,"bird",100489,True,0.012690858915448189,1.8724531507827245e-15,5.302522070414078e-16,8.000448636913404e-10,8.487906558163338e-13,8.000448636913404e-10,8.464263903489033e-13,1.0,2,0.8870711922645569,57,"medium"
0.4697265625,"tree-merged",101780,False,0.0020789827685803175,9.2929703896516e-06,1.0560193430819709e-07,1.8163759385458889e-10,3.9920351095970585e-13,9.293152288591955e-06,1.7114460959533062e-08,0.999990701675415,0,0.5841996073722839,58,"large"
0.2587890625,"dirt-merged",101780,False,0.0037735835649073124,3.026453125110941e-14,3.43915175980388e-16,4.980865924153477e-07,7.423049952492988e-10,4.980866492587666e-07,6.562407284249616e-10,0.9999995231628418,1,0.7320754528045654,58,"large"
0.10546875,"rock-merged",101780,False,0.009258477948606014,9.92073068660504e-13,1.1273556212360904e-14,8.433098992099985e-05,1.0184901100274146e-07,8.433098992099985e-05,9.206438988940135e-08,0.9999156594276428,2,0.7037037014961243,58,"large"
0.0439453125,"giraffe",101780,True,0.02222222276031971,1.2320667056031631e-11,1.4000758018217763e-13,7.366088183857755e-09,8.267214170187831e-12,7.378409438985045e-09,7.536679613728836e-12,1.0,3,0.5333333611488342,58,"medium"
0.013671875,"fence-merged",101780,False,0.006964053027331829,1.6899953152460512e-06,1.9204492218705127e-08,0.9025015830993652,0.0009788520401343703,0.902503252029419,0.0008935675723478198,0.09749674052000046,4,1.0,58,"small"
0.013671875,"giraffe",101780,True,0.043923236429691315,1.3672682541709946e-07,1.5537139352872487e-09,0.3850744664669037,0.00041765125934034586,0.3850746154785156,0.00038126198342069983,0.6149253249168396,5,0.1428571492433548,58,"small"
0.0087890625,"giraffe",101780,True,0.019897662103176117,0.0006462808232754469,7.34410014047171e-06,0.8202747702598572,0.0008848703000694513,0.8209210634231567,0.0008087892201729119,0.17907896637916565,6,0.6666666865348816,58,"tiny"
0.397430419921875,"person",102820,True,0.002457189839333296,4.7333452357634087e-07,1.2281443639849954e-09,4.7286440008065256e-07,2.032322754530469e-09,4.733708180992835e-07,7.671747681570196e-10,0.9999995231628418,0,0.4510289430618286,59,"large"
0.1573638916015625,"tree-merged",102820,False,0.005276578012853861,0.14972898364067078,0.0003884965553879738,3.1165188160188484e-15,6.512144808446221e-18,0.14972898364067078,0.00017352653958369046,0.8502709865570068,1,0.2881314754486084,59,"large"
0.05088043212890625,"cake",102820,True,0.01919328235089779,3.608030263446693e-10,9.361629310297714e-13,4.894737095023985e-14,8.345783865561099e-17,3.6085195942447967e-10,3.7128565738391017e-13,1.0,2,0.7293447256088257,59,"medium"
0.01496124267578125,"cardboard",102820,False,0.06432975828647614,0.014446837827563286,3.7484700442291796e-05,1.2110683655919274e-06,1.943077032606766e-09,0.014448047615587711,1.4323722098197322e-05,0.9855519533157349,3,1.0,59,"small"
0.00348663330078125,"window-blind",102820,False,0.0009026206098496914,0.06634818017482758,0.00017215129628311843,0.9304291009902954,0.0014650265220552683,0.996777355670929,0.0009768212912604213,0.0032226371113210917,4,1.0,59,"tiny"
0.0005950927734375,"wall-other-merged",102820,False,2.20091383551405e-19,0.9168708324432373,0.002378972712904215,0.0831291675567627,0.0001302996970480308,1.0,0.0009771441109478474,1.3411817271525e-19,5,0.0,59,"tiny"
0.240264892578125,"railroad",106281,False,0.004064514301717281,2.500966502338997e-06,4.3752472755898e-09,2.313222356720157e-11,1.1183006696233525e-13,2.5009896944538923e-06,3.214768895531961e-09,0.9999974966049194,0,0.7606058716773987,60,"large"
0.155426025390625,"bridge",106281,False,0.006283121649175882,9.105467029257852e-07,1.5929308982975954e-09,9.820423656492494e-07,3.34909078247847e-09,1.8925891254184535e-06,2.1883594936156214e-09,0.9999980926513672,1,0.8994698524475098,60,"large"
0.04657745361328125,"building-other-merged",106281,False,0.020962897688150406,1.2260105040559632e-12,2.1448102422252403e-15,0.00016802539175841957,4.146855019371287e-07,0.00016802539175841957,1.7210342662110634e-07,0.9998319745063782,2,0.2935298979282379,60,"medium"
0.2513885498046875,"wall-other-merged",107339,False,0.0038846738170832396,2.0505287745553602e-10,1.5686569881587231e-12,2.0622746566001382e-10,3.23185136421808e-13,2.0835570768706901e-10,2.717996997175093e-13,1.0,0,0.16704097390174866,61,"large"
0.218170166015625,"rug-merged",107339,False,0.004476150032132864,1.584521982176399e-15,1.2121610575470474e-17,2.45662327286178e-11,3.657730178853805e-14,2.456781826587484e-11,3.0686994015750174e-14,1.0,1,0.12085606157779694,61,"large"
0.1402130126953125,"window-other",107339,False,0.006964841391891241,3.483594639419607e-07,2.6649538131806594e-09,1.0735135447248467e-06,1.4281973381713442e-09,1.0735137720985222e-06,1.2193173137831081e-09,0.999998927116394,2,0.055718794465065,61,"large"
0.09417724609375,"couch",107339,True,0.010369175113737583,2.2684420400764793e-05,1.7353610815007414e-07,7.02872204882965e-11,8.80395813218117e-14,2.2684436771669425e-05,2.4455967917447197e-08,0.9999772310256958,3,0.24886584281921387,61,"medium"
0.07720947265625,"table-merged",107339,False,0.012648220174014568,2.7784637654862387e-13,2.12552796069747e-15,5.796969485384953e-14,7.10100078988843e-17,2.8695760503037737e-13,3.036788875243222e-16,1.0,4,0.18972331285476685,61,"medium"
0.049560546875,"floor-wood",107339,False,0.01970428228378296,1.5433053022206877e-06,1.180630349040257e-08,7.70293172536185e-06,9.112356202933825e-09,7.702981747570448e-06,7.914699118316548e-09,0.9999923706054688,5,0.29556649923324585,61,"medium"
0.0461578369140625,"person",107339,True,0.021157024428248405,7.925514466933237e-08,6.063027857550196e-10,2.697213459523784e-11,3.181672929134828e-14,7.927854284162095e-08,8.116694122373147e-11,0.9999999403953552,6,0.2327272742986679,61,"medium"
0.0013885498046875,"book",107339,True,0.003315987763926387,0.7060942649841309,0.005401630885899067,0.28919073939323425,0.0003242560487706214,0.9952850937843323,0.0009733097977004945,0.004714919254183769,7,0.0,61,"tiny"
0.0009765625,"remote",107339,True,0.05237800255417824,0.20332765579223633,0.0015554589917883277,0.7442943453788757,0.0008341476786881685,0.9476220011711121,0.0009263167157769203,0.05237800255417824,8,1.0,61,"tiny"
0.2525787353515625,"wall-other-merged",109118,False,0.0038662422448396683,3.278093208791688e-05,9.540608658653582e-08,4.156960691469036e-13,9.844786542646507e-16,3.278093208791688e-05,4.283077714717365e-08,0.9999672174453735,0,0.10052558779716492,62,"large"
0.1985015869140625,"person",109118,True,0.0049196165055036545,6.870279321447015e-06,1.999535292895871e-08,4.051501036883565e-06,8.475388391104843e-09,1.0921779903583229e-05,1.3307325019695782e-08,0.9999890327453613,1,0.4083327054977417,62,"large"
0.1833953857421875,"person",109118,True,0.0053246719762682915,4.32086453656666e-05,1.2575502239542402e-07,2.2308713099050692e-08,4.528681943338775e-11,4.3230953451711684e-05,5.1699100112045926e-08,0.9999568462371826,2,0.30351942777633667,62,"large"
0.014739990234375,"chair",109118,True,0.06624041497707367,4.261520913928507e-09,1.2402787998022635e-11,0.0001837459421949461,2.761798896244727e-07,0.0001837501913541928,1.82128104597723e-07,0.9998162984848022,3,0.4637681245803833,62,"small"
0.015228271484375,"baseball glove",109118,True,0.06412825733423233,2.0581440333478432e-14,5.990050905115411e-17,1.968056828616227e-09,2.9576770720074474e-12,1.968060159285301e-09,1.9516541160946588e-12,1.0,4,0.32064127922058105,62,"small"
0.0009765625,"sports ball",109118,True,0.9407986402511597,0.009792170487344265,2.8499265681602992e-05,0.0494091622531414,7.272402581293136e-05,0.05920133367180824,5.787031113868579e-05,0.9407986998558044,5,1.0,62,"tiny"
0.438323974609375,"sky-other-merged",110282,False,0.0022279471158981323,1.319884278911873e-13,3.895080213855512e-16,2.442615380793267e-11,1.0337063372162572e-13,2.455814371304932e-11,4.2698219363413586e-14,1.0,0,0.9955441355705261,63,"large"
0.1892547607421875,"tree-merged",110282,False,0.005160042084753513,2.8554953540593786e-11,8.426785880416912e-14,4.717449414570339e-16,9.591357725899369e-19,2.8555427120102728e-11,3.439571083464418e-14,1.0,1,0.47988390922546387,63,"large"
0.0419921875,"traffic light",110282,True,0.023255813866853714,1.8630678272037998e-17,5.498056274138301e-20,5.440409505106422e-16,8.46571070279766e-19,5.626715990041781e-16,5.735694148885305e-19,1.0,2,0.5813953280448914,63,"medium"
0.6726608276367188,"oven",111036,True,0.0014517903327941895,6.453149646590273e-12,3.498234552512178e-14,8.900699188102434e-13,5.87020556336716e-15,7.343218914879213e-12,2.1907284065156643e-14,1.0,0,0.48925334215164185,64,"large"
0.0704193115234375,"floor-other-merged",111036,False,0.013867821544408798,6.471966652920116e-14,3.5084348197245456e-16,1.2161402256332526e-13,1.5829038051400085e-16,1.8633338416066542e-13,1.957508228879061e-16,1.0,1,0.29122427105903625,64,"medium"
0.05959320068359375,"car",111036,True,0.016387145966291428,1.1382832409342214e-16,6.170601933523076e-19,6.370309280079312e-10,8.180172576637001e-13,6.370310390302336e-10,6.615228655658389e-13,1.0,2,0.8193573355674744,64,"medium"
0.0173187255859375,"cardboard",111036,False,0.04790959134697914,0.022894056513905525,0.0001241080608451739,0.12745946645736694,0.0001550484012113884,0.15035337209701538,0.00014941718836780638,0.8496465682983398,3,1.0,64,"small"
0.0009765625,"dirt-merged",111036,False,6.603808628824481e-07,0.006715737748891115,3.640582872321829e-05,0.9932836294174194,0.0011845517437905073,0.9999994039535522,0.0009775165235623717,6.603808628824481e-07,4,1.0,64,"tiny"
0.29264068603515625,"giraffe",112634,True,0.0033370701130479574,8.472856509314353e-19,2.2365965330585123e-20,2.8059294525459993e-14,4.081537444185703e-17,2.8059784110503506e-14,3.873863163492425e-17,1.0,0,0.6596188545227051,65,"large"
0.2138519287109375,"tree-merged",112634,False,0.0045665353536605835,1.2711402263621604e-15,3.3554535226099265e-17,3.7620271481353385e-11,4.8898669943904516e-14,3.7621177007007844e-11,4.673347077160592e-14,1.0,1,0.8073492646217346,65,"large"
0.20384979248046875,"dirt-merged",112634,False,0.004790598526597023,6.920736905649885e-15,1.826880395940279e-16,8.579436466815693e-11,1.1009753221949414e-13,8.58012272342279e-11,1.0524428415347939e-13,1.0,2,0.803286075592041,65,"large"
0.17555999755859375,"rock-merged",112634,False,0.005562556907534599,1.3201709170296283e-10,3.4848810035598143e-12,3.4662228642901027e-10,4.297483863994339e-13,3.4662228642901027e-10,4.105796919898902e-13,1.0,3,0.6273086667060852,65,"large"
0.043304443359375,"fence-merged",112634,False,0.022551091387867928,1.4472254124264783e-11,3.82026929621887e-13,5.203288466759659e-08,5.52114222396316e-11,5.2047358423124024e-08,5.312818587843715e-11,1.0,4,0.7147639393806458,65,"medium"
0.0301361083984375,"sky-other-merged",112634,False,0.0324050635099411,1.0437757971305806e-13,2.755275357640887e-15,2.877442284443532e-09,3.0106394807716264e-12,2.877546645407847e-09,2.8974212352289586e-12,1.0,5,0.9027848243713379,65,"medium"
0.0068359375,"giraffe",112634,True,0.14272861182689667,5.2377126017694466e-18,1.3826093879215991e-19,0.0008998046978376806,9.189960223920934e-07,0.0008998046978376806,8.847638355291565e-07,0.9991001486778259,6,1.0,65,"tiny"
0.4124298095703125,"wall-other-merged",114770,False,0.002367827109992504,1.1697998125725917e-10,1.4252272322393122e-12,1.057949838845218e-09,2.0300963601144195e-12,1.1749298201024772e-09,1.9527749643005743e-12,1.0,0,0.16338007152080536,66,"large"
0.16394805908203125,"floor-other-merged",114770,False,0.005956535693258047,1.5410812622017518e-15,1.87757856038145e-17,2.0604061534180984e-13,2.660573368368712e-16,2.0758168675725358e-13,2.4246876627503943e-16,1.0,1,0.23826143145561218,66,"large"
0.1373748779296875,"car",114770,True,0.007104628253728151,4.892352444585413e-05,5.96060431234946e-07,0.0005297590978443623,6.599495350201323e-07,0.0005786825786344707,6.551161391143978e-07,0.9994214177131653,2,0.8551038503646851,66,"large"
0.1260986328125,"motorcycle",114770,True,0.007744432892650366,2.381156253075667e-12,2.9010847950273685e-14,6.8008767020733e-12,8.363794750635041e-15,9.182032738308532e-12,1.026068691952842e-14,1.0,3,0.42594385147094727,66,"large"
0.08213043212890625,"airplane",114770,True,0.011890383437275887,1.6682109027499337e-09,2.0324670765847763e-11,2.381744934609742e-07,2.774435958752264e-10,2.3853723973843444e-07,2.537904331134655e-10,0.9999998211860657,4,1.0,66,"medium"
0.94482421875,"snow",117645,False,0.0010335916886106133,2.7412813569127094e-14,2.8855591893239656e-15,8.765655735987199e-12,1.8073514690061798e-13,8.775889737133724e-12,1.553254730781231e-13,1.0,0,0.13126614689826965,67,"large"
0.04541015625,"tree-merged",117645,False,0.02150462195277214,1.2533585280749548e-09,1.3193247883069859e-10,3.502987601677887e-05,3.6131897473978825e-08,3.502987601677887e-05,3.5836190903637544e-08,0.9999649524688721,1,0.301075279712677,67,"medium"
0.001953125,"person",117645,True,0.4967525005340576,2.1484056200726798e-10,2.261479892240459e-11,0.006495099049061537,6.414913514163345e-06,0.006495099049061537,6.355283858283656e-06,0.9935048818588257,2,0.5,67,"tiny"
0.447265625,"grass-merged",119038,False,0.0021834061481058598,1.6251728695432233e-12,3.693574580302533e-14,1.2872361843108138e-08,2.4565575268420403e-11,1.287261941484985e-08,2.274314417349821e-11,1.0,0,0.8799126744270325,68,"large"
0.36474609375,"sky-other-merged",119038,False,0.0026773761492222548,2.3609444954608705e-10,5.3657829048037176e-12,3.74826447657739e-10,6.175064799773811e-13,6.109208694482504e-10,9.391558711269177e-13,1.0,1,0.9892904758453369,68,"large"
0.07373046875,"tree-merged",119038,False,0.013244962319731712,1.5236618082781206e-06,3.4628673262204757e-08,5.301360943121836e-06,5.851391371436421e-09,5.301375040289713e-06,5.589219309598548e-09,0.9999947547912598,2,0.5761589407920837,68,"medium"
0.07421875,"mountain-merged",119038,False,0.013157893903553486,3.0194532871864787e-15,6.862393593880364e-17,3.2005122293718435e-13,3.532573935232313e-16,3.2307064467239355e-13,3.40791794926947e-16,1.0,3,0.5526315569877625,68,"medium"
0.391876220703125,"sky-other-merged",120572,False,0.00249201781116426,3.1554403187583624e-13,3.3493353506923495e-15,2.0441512523471095e-13,3.862183836464319e-16,5.199539258350649e-13,8.349739509424777e-16,1.0,0,0.21929755806922913,69,"large"
0.16855621337890625,"wall-stone",120572,False,0.005789583548903465,0.0007089731516316533,7.525381079176441e-06,3.464644404704842e-10,4.574071156560056e-13,0.0007089735008776188,8.327165232913103e-07,0.9992910623550415,1,0.5388131737709045,69,"large"
0.170501708984375,"house",120572,False,0.00572758074849844,7.885932878926027e-11,8.370506978522263e-13,3.2468201993651746e-07,4.2889294893377894e-10,3.2475603006787424e-07,3.8233299859413705e-10,0.9999997615814209,2,0.3206998407840729,69,"large"
0.12290191650390625,"tree-merged",120572,False,0.00794586818665266,5.382108092533144e-10,5.71282647923721e-12,6.130596030828883e-10,7.61084554753988e-13,1.1512086839360336e-09,1.281757577679954e-12,1.0,3,0.28605127334594727,69,"large"
0.03910064697265625,"grass-merged",120572,False,0.02497560903429985,1.9469212700351513e-11,2.066555477089893e-13,1.494286291925384e-11,1.6753408759568288e-14,3.33395464013897e-11,3.3882998403539366e-14,1.0,4,0.27473169565200806,69,"medium"
0.0185546875,"rock-merged",120572,False,0.05260398983955383,2.8535223464132287e-05,3.028865194210084e-07,0.0004957730998285115,5.440069799078628e-07,0.0005242781480774283,5.216697900323197e-07,0.9994757771492004,5,1.0,69,"small"
0.8350143432617188,"road",122217,False,0.001169515890069306,2.480792478198559e-16,2.0970904160258216e-18,1.709670951902456e-14,3.291290247459821e-16,1.731771566155626e-14,1.0250486339972653e-16,1.0,0,0.585927426815033,70,"large"
0.041412353515625,"pavement-merged",122217,False,5.3216404921840876e-05,9.45659106577068e-10,7.99394925254937e-12,0.9977433085441589,0.0011546181049197912,0.9977433085441589,0.0010164525592699647,0.002256707986816764,1,0.5436624884605408,70,"medium"
0.00931549072265625,"person",122217,True,0.10483156144618988,4.932798219670076e-06,4.169846334889371e-08,4.9348905122315045e-06,5.5038507085214405e-09,5.241883627604693e-06,5.167161365449147e-09,0.9999948740005493,2,1.0,70,"tiny"
0.4453125,"mirror-stuff",123480,False,0.0021929596550762653,7.6210853876546025e-06,3.858777830600957e-08,2.7936737296840874e-06,7.540280400064603e-09,1.0414759344712365e-05,1.8335844842454208e-08,0.9999895095825195,0,0.2214912325143814,71,"large"
0.26513671875,"wall-other-merged",123480,False,0.0036390412133187056,3.7071174486360254e-18,1.8770212823404245e-20,0.01200027670711279,2.1622117856168188e-05,0.01200027670711279,1.594721106812358e-05,0.9879997372627258,1,0.1031307578086853,71,"large"
0.08837890625,"door-stuff",123480,False,0.010661265812814236,3.7846003830561536e-16,1.9162534312803975e-18,0.035155463963747025,4.776557761942968e-05,0.035155463963747025,3.765984365600161e-05,0.9648445844650269,2,0.45303866267204285,71,"medium"
0.00830078125,"cell phone",123480,True,0.11693613231182098,1.4043114049400174e-07,7.110437238999623e-10,0.006042809691280127,7.387297955574468e-06,0.006042948924005032,5.950712875346653e-06,0.9939571022987366,3,0.6470588445663452,71,"tiny"
0.1709585189819336,"dining table",125129,True,0.005712277255952358,3.9688259623194e-11,4.453100214962813e-13,3.2603747479598155e-10,4.2905728882963734e-13,3.487226618581474e-10,4.107749296961005e-13,1.0,0,0.1713683307170868,72,"large"
0.14286136627197266,"person",125129,True,0.00683568837121129,6.9746752160426695e-06,7.82572229240941e-08,3.802876680225609e-09,4.820656460818862e-12,6.978477358643431e-06,7.950778702081607e-09,0.9999931454658508,1,0.4344964325428009,72,"large"
0.1447286605834961,"person",125129,True,0.0067475405521690845,3.62282621436949e-12,4.0648823147531807e-14,1.0937107469688456e-10,1.3894092853235923e-13,1.128965046448549e-10,1.2890703044929341e-13,1.0,2,0.2294163703918457,72,"large"
0.1338796615600586,"wall-tile",125129,False,0.0072942557744681835,2.8670234589189825e-12,3.2168563060715194e-14,1.0166277206735685e-05,1.2729304721403878e-08,1.016627993521979e-05,1.1462618410007508e-08,0.9999898076057434,3,0.08023763447999954,72,"large"
0.11039924621582031,"wall-other-merged",125129,False,0.008845637552440166,2.8679031263516286e-13,3.217843861784723e-15,1.1107624231954105e-05,1.3493016481902487e-08,1.1107624231954105e-05,1.2193436482732523e-08,0.9999887943267822,4,0.09730308502912521,72,"large"
0.07998371124267578,"person",125129,True,0.012209516949951649,8.462002257757228e-13,9.49453206620975e-15,3.916585458729749e-11,4.5879278701881424e-14,4.0006154639060654e-11,4.246501764050732e-14,1.0,5,0.29302841424942017,72,"medium"
0.06890869140625,"chair",125129,True,0.014171639457345009,9.57533029577462e-06,1.0743708855898149e-07,4.0824470488587394e-06,4.720956514603358e-09,1.3657473573402967e-05,1.4324456287795329e-08,0.9999862909317017,6,0.2692648470401764,72,"medium"
0.06271553039550781,"floor-other-merged",125129,False,0.015571297146379948,1.1279770006922263e-07,1.2656125036869526e-09,3.730380058186711e-07,4.284412824517858e-10,4.858270017393806e-07,5.061862040633969e-10,0.9999995231628418,7,0.3269973397254944,72,"medium"
0.0006256103515625,"table-merged",125129,False,7.328239007620141e-05,0.07677282392978668,0.0008614061516709626,0.9231801629066467,0.0009881675941869617,0.999953031539917,0.0009771279292181134,4.6946530346758664e-05,8,0.0,72,"tiny"
0.48221588134765625,"cat",125850,True,0.002025156281888485,2.743964886991531e-19,5.601714283353413e-20,4.00658018996072e-16,7.610403364478416e-19,4.0080084992680275e-16,7.559271711901333e-19,1.0,0,0.5305909514427185,73,"large"
0.40526580810546875,"floor-wood",125850,False,0.002409684006124735,7.276133719109424e-16,1.4853989309058098e-16,5.5478445595098444e-14,9.145780014463184e-17,5.580827683662748e-14,9.16380328739398e-17,1.0,1,0.4385624825954437,73,"large"
0.11080169677734375,"bowl",125850,True,0.008623764850199223,0.00033401919063180685,6.818892870796844e-05,0.021539557725191116,2.3714634153293446e-05,0.02153957262635231,2.3655846234760247e-05,0.9784604907035828,2,1.0,73,"large"
0.4951171875,"sky-other-merged",127624,False,0.001972347730770707,9.204965956133293e-11,1.1891158630678023e-12,1.945217081811279e-05,4.4250718644889275e-08,1.945226358657237e-05,3.762525935258054e-08,0.9999805092811584,0,0.09270217269659042,74,"large"
0.18836212158203125,"building-other-merged",127624,False,0.005184494890272617,3.297231654189218e-16,4.259430493131051e-18,3.745542209721009e-10,4.969493783493761e-13,3.745545540390083e-10,4.506639473492863e-13,1.0,1,0.08295191824436188,74,"large"
0.13545608520507812,"railroad",127624,False,0.0071731372736394405,0.005035472568124533,6.504925840999931e-05,2.4424837152814405e-10,3.023314834160046e-13,0.00503547303378582,5.687917564500822e-06,0.9949644804000854,2,0.08651328086853027,74,"large"
0.0888671875,"train",127624,True,0.010988740250468254,1.315664758294588e-05,1.6996023077808786e-07,1.147566126746824e-05,1.3412573274251827e-08,2.4632310669403523e-05,2.6401190567071353e-08,0.999975323677063,3,0.23076923191547394,74,"medium"
0.0166015625,"sea",127624,False,0.0013900288613513112,0.04566732794046402,0.0005899397656321526,0.9307022094726562,0.0010011965641751885,0.9763695001602173,0.0009695824119262397,0.02363049052655697,4,1.0,74,"small"
0.23081207275390625,"food-other-merged",128658,False,0.0042303320951759815,0.00015436892863363028,2.1384440174188057e-07,6.81261340743089e-12,1.0303846128103047e-13,0.00015436892863363028,1.959870985501766e-07,0.9998456239700317,0,0.9872409105300903,75,"large"
0.06456756591796875,"banana",128658,True,0.015124661847949028,2.0089813601749384e-13,2.783004834053829e-16,5.860095395049392e-13,2.4793979972695824e-15,7.819015617263614e-13,8.162811514064369e-16,1.0,1,0.8694316148757935,75,"medium"
0.65087890625,"grass-merged",129756,False,0.0015003749867901206,2.2051918329032104e-15,4.7423475510081854e-17,2.598245403551136e-11,8.301103131703319e-14,2.5983538237683845e-11,7.268122057977819e-14,1.0,0,0.05251313000917435,76,"large"
0.21484375,"mountain-merged",129756,False,0.004545454401522875,2.2447041447826166e-10,4.827320401051827e-12,6.984847145119488e-10,9.196637592093215e-13,7.003869706423416e-10,8.711279852850751e-13,1.0,1,0.20000000298023224,76,"large"
0.03369140625,"sky-other-merged",129756,False,0.028985507786273956,5.055304387450478e-16,1.0871622383075254e-17,2.3625084093897852e-12,2.503983552080112e-15,2.363012563399991e-12,2.388087422039095e-15,1.0,2,0.17391304671764374,76,"medium"
0.02734375,"tree-merged",129756,False,0.0357142835855484,3.371224133186246e-11,7.249943375677026e-13,3.3733873472385767e-09,3.5453358998571716e-12,3.3733873472385767e-09,3.3869348298187774e-12,1.0,3,0.4285714328289032,76,"small"
0.01123046875,"sheep",129756,True,5.410901576397009e-05,0.01135222427546978,0.0002441338583594188,0.9880254864692688,0.001022271579131484,0.9993777275085449,0.0009870397625491023,0.0006222536903806031,4,0.0,76,"small"
0.00927734375,"sheep",129756,True,0.0012515587732195854,0.38149625062942505,0.008204220794141293,0.6066139936447144,0.0006263438262976706,0.9881101846694946,0.0009739873930811882,0.011889807879924774,5,0.0,76,"tiny"
0.00634765625,"sheep",129756,True,0.0032503402326256037,0.09179379791021347,0.0019740602001547813,0.8885363936424255,0.0009146025404334068,0.9788728356361389,0.0009620371856726706,0.021127210929989815,6,0.4615384638309479,76,"tiny"
0.0029296875,"dog",129756,True,0.33331403136253357,1.5152795684869602e-09,3.2586662535027955e-11,5.803070234833285e-05,5.954921533657398e-08,5.80322157475166e-05,5.68386120392006e-08,0.9999419450759888,7,1.0,76,"tiny"
0.001953125,"dog",129756,True,0.00036177816218696535,0.06300463527441025,0.001354938605800271,0.9362717866897583,0.0009597867028787732,0.999276340007782,0.0009777656523510814,0.0007235562661662698,8,0.5,76,"tiny"
0.234375,"tree-merged",130599,False,0.004166665021330118,2.065945757363471e-15,2.2954955175699837e-17,5.20428216077562e-07,7.482793273894117e-10,5.20428216077562e-07,6.638115612744855e-10,0.999999463558197,0,0.36666667461395264,77,"large"
0.203125,"sky-other-merged",130599,False,0.004807691555470228,5.622740554406258e-12,6.247488691744213e-14,2.4980590512813095e-11,3.4337577269408226e-14,3.060317624314912e-11,3.750388807019847e-14,1.0,1,0.932692289352417,77,"large"
0.18896484375,"person",130599,True,0.005167951341718435,1.92318508340783e-10,2.1368722763481784e-12,1.4879599348205375e-06,2.00533678551551e-09,1.4881521792631247e-06,1.7918749817269486e-09,0.9999985694885254,2,0.842377245426178,77,"large"
0.15380859375,"gravel",130599,False,1.9821690955268423e-09,7.268918106317912e-12,8.076575703803296e-14,0.9999997019767761,0.001286173239350319,0.9999997019767761,0.0011540676932781935,3.1219164497997554e-07,3,0.6126984357833862,77,"large"
0.1328125,"mountain-merged",130599,False,0.007352940738201141,1.9783290674049714e-13,2.1981432482326337e-15,2.928532253938104e-13,3.658378444932074e-16,4.881916268809072e-13,5.497653050473051e-16,1.0,4,0.1985294073820114,77,"large"
0.0029296875,"fence-merged",130599,False,0.06873302906751633,1.0349975809731404e-06,1.1499973417983256e-08,0.7937999963760376,0.000852631579618901,0.7938010096549988,0.0007774740806780756,0.20619907975196838,5,1.0,77,"tiny"
0.56787109375,"person",131444,True,0.0017196736298501492,3.034511183996891e-11,7.75098640327411e-14,9.80013828666415e-06,1.9215957536289352e-07,9.800167390494607e-06,2.214727068405864e-08,0.9999902248382568,0,1.0,78,"large"
0.0498046875,"tie",131444,True,0.019607840105891228,1.3444040547483382e-08,3.433981918266049e-11,2.533718406524249e-13,4.3572108019656176e-16,1.3444294566511417e-08,1.3817361317614019e-11,1.0,1,0.7058823704719543,78,"medium"
0.4792022705078125,"stairs",132703,False,0.0020378921180963516,1.5034936143388869e-18,3.959818540831561e-19,6.127489703513286e-15,1.1543944858791005e-17,6.1276726626298926e-15,1.1490171501530157e-17,1.0,0,0.18544816970825195,79,"large"
0.4534149169921875,"sky-other-merged",132703,False,0.0021537942811846733,2.6241113793162727e-17,6.911240015258662e-18,9.097966824356263e-11,1.6327918021547677e-13,9.097967518245653e-11,1.6254987807162724e-13,1.0,1,0.8044422268867493,79,"large"
0.05419921875,"person",132703,True,0.018018020316958427,1.4562651431959672e-11,3.835431104659559e-12,5.411217030015791e-10,5.597600291271099e-13,5.411218140238816e-10,5.587215802863033e-13,1.0,2,0.9189189076423645,79,"medium"
0.0126953125,"skateboard",132703,True,0.0754428431391716,2.407493926437354e-10,6.340724473252735e-11,0.019243011251091957,1.906753095681779e-05,0.019243011251091957,1.9033641365240328e-05,0.980756938457489,3,1.0,79,"small"
0.40369415283203125,"elephant",133631,True,0.0024190652184188366,1.0282295848096368e-11,4.516898397736828e-14,1.288111869772457e-12,3.3615021319467102e-15,1.1570407826289042e-11,1.894870978874641e-14,1.0,0,0.5104227662086487,80,"large"
0.25750732421875,"dirt-merged",133631,False,0.0037923676427453756,6.080093459953639e-12,2.670917313544758e-14,4.062963507300843e-11,7.6128888620592e-14,4.670822409402753e-11,6.143292797210209e-14,1.0,1,0.22374969720840454,80,"large"
0.063140869140625,"wall-other-merged",133631,False,0.01546640694141388,1.5184441204407761e-10,6.670355999320587e-13,1.3212875888887754e-12,1.8057698467354192e-15,1.5316568846568401e-10,1.5965671167940398e-13,1.0,2,0.4330594539642334,80,"medium"
0.04233551025390625,"fence-merged",133631,False,0.02306704968214035,7.3379733294132166e-06,3.2234900970706803e-08,5.737785802040207e-09,7.614765588914718e-12,7.343711786234053e-06,7.488628384066942e-09,0.9999926686286926,3,0.34600830078125,80,"medium"
0.01201629638671875,"rock-merged",133631,False,0.0632641613483429,0.09606033563613892,0.0004219824040774256,0.12863901257514954,0.00016400519234593958,0.22155416011810303,0.00021899296552874148,0.7784457802772522,4,1.0,80,"small"
0.34133434295654297,"wall-other-merged",135670,False,0.002858980093151331,6.745948244457622e-11,7.281616173741845e-13,0.0007111712475307286,1.2176428754173685e-06,0.0007111712475307286,1.0544092674535932e-06,0.9992889165878296,0,0.4827207624912262,81,"large"
0.1727437973022461,"floor-other-merged",135670,False,0.005653241649270058,4.941307305277205e-14,5.333675942214091e-16,3.0039680595436713e-13,3.977006034607336e-16,3.0039770042115943e-13,3.546145785327491e-16,1.0,1,0.5354183316230774,81,"large"
0.16297435760498047,"door-stuff",135670,False,0.005986791104078293,3.192304476318242e-10,3.4457922626351944e-12,0.0008900037501007318,1.162823195954843e-06,0.0008900037501007318,1.0383723747509066e-06,0.9991100430488586,2,0.6576941013336182,81,"large"
0.15012359619140625,"ceiling-merged",135670,False,0.006505056284368038,7.441136595787157e-10,8.032006483527088e-12,2.5013617843683278e-09,3.2072716878162044e-12,2.5013620064129327e-09,2.8742253802699347e-12,0.9999999403953552,3,0.37426310777664185,81,"large"
0.06985092163085938,"window-other",135670,False,0.013980666175484657,1.754650647001199e-08,1.8939805279671873e-10,8.885046298701127e-08,1.0326771382462852e-10,1.0610946077349581e-07,1.1140421918298671e-10,0.9999998211860657,4,0.9401862025260925,81,"medium"
0.016420364379882812,"light",135670,False,0.05940666422247887,8.488796083838679e-06,9.162856429156818e-08,0.0011094649089500308,1.211561425407126e-06,0.0011094649089500308,1.101549628401699e-06,0.9988905787467957,5,0.9128237962722778,81,"small"
0.49332427978515625,"table-merged",136772,False,0.0019795550033450127,2.1756720570650402e-14,3.851812023904309e-15,3.29907989815581e-10,6.418248094455792e-13,3.299296669201368e-10,6.359036561209841e-13,1.0,0,0.9381891489028931,82,"large"
0.3635215759277344,"bowl",136772,True,0.0026863948442041874,1.0825646157286428e-08,1.9165735665183092e-09,9.83447878688537e-10,1.5123877627684634e-12,1.1562610424675768e-08,1.7740761984463838e-11,1.0,1,0.7804029583930969,82,"large"
0.14169692993164062,"orange",136772,True,0.006891910918056965,2.304393065255539e-10,4.0797004663417624e-11,3.106755408488482e-10,3.544169894630772e-13,3.106755408488482e-10,3.534813229882222e-13,1.0,2,0.7705613374710083,82,"large"
0.103515625,"hot dog",138241,True,0.009433956816792488,4.143355170072027e-07,4.513458773391932e-10,0.0,0.0,4.143355170072027e-07,4.513458773391932e-10,0.999999463558197,0,1.0,83,"large"
0.3324422836303711,"wall-other-merged",139684,False,0.0029375399462878704,8.831554194552171e-13,5.7704898802010685e-15,1.5277966392002185e-11,2.8628802209744106e-14,1.6160814006460633e-11,2.3641468828178996e-14,1.0,0,0.047000639140605927,84,"large"
0.18027782440185547,"couch",139684,True,0.005416985601186752,1.63820573106932e-07,1.0703948838397537e-09,1.639751161519598e-07,2.384215602724282e-10,1.6397574142956728e-07,1.9534981965385612e-10,0.9999997615814209,1,0.30876821279525757,84,"large"
0.05316162109375,"window-other",139684,False,0.01836968958377838,3.3730513499495574e-13,2.203933565460064e-15,9.636835329729365e-09,1.1796068462299747e-11,9.636916153965558e-09,9.939447702389526e-12,1.0,2,0.07347875833511353,84,"medium"
0.05649280548095703,"curtain",139684,False,0.01728649251163006,1.7707657443220143e-14,1.1570087571178498e-16,1.445062060463631e-13,1.7723899723500218e-16,1.4965979844294708e-13,1.549030560532615e-16,1.0,3,0.2247244119644165,84,"medium"
0.03937053680419922,"chair",139684,True,1.970843754861562e-07,0.9999920725822449,0.006533894222229719,5.959972099178756e-11,7.173936737627645e-14,0.9999920725822449,0.0010165779385715723,7.945541256049182e-06,4,0.1240219920873642,84,"medium"
0.031882286071777344,"rug-merged",139684,False,0.028165072202682495,0.08043986558914185,0.0005255897413007915,5.039605457568541e-05,6.00591221200375e-08,0.08048193901777267,8.11839709058404e-05,0.9195181131362915,5,0.2387903481721878,84,"medium"
0.03406333923339844,"cat",139684,True,0.028669018298387527,1.5874647652175736e-14,1.0372408791796029e-16,1.1668307379336662e-12,1.3940532832173503e-15,1.182634068799815e-12,1.1956436503777926e-15,1.0,6,0.200683131814003,84,"medium"
0.03165912628173828,"table-merged",139684,False,1.3005185307574801e-13,0.01463120523840189,9.5599505584687e-05,0.9853687286376953,0.0011751085985451937,1.0,0.0010084904497489333,4.216143927038285e-12,7,0.0,84,"medium"
0.029036521911621094,"shelf",139684,False,0.03344285115599632,3.972756167058833e-05,2.5957774596463423e-07,0.005591232795268297,6.64226809021784e-06,0.005630331579595804,5.662798685079906e-06,0.994369626045227,8,0.1681610643863678,84,"small"
0.027059555053710938,"mirror-stuff",139684,False,0.03608865663409233,7.223177611592746e-10,4.719584965895418e-12,2.002412838919554e-05,2.369938378876668e-08,2.002424662350677e-05,2.0098791964073826e-08,0.9999800324440002,9,0.28871503472328186,84,"small"
0.01953125,"tv",139684,True,0.05000000447034836,4.4060370315342906e-14,2.878881287446931e-16,1.22472443297994e-09,1.439238593754777e-12,1.2247686198563201e-09,1.2198892070103273e-12,1.0,10,0.4000000059604645,84,"small"
0.0137939453125,"dining table",139684,True,5.842593253646555e-08,0.0661218911409378,0.000432036817073822,0.9338772892951965,0.0010896851308643818,0.9999991655349731,0.0009902206948027015,8.252663405983185e-07,11,0.0,84,"small"
0.006103515625,"light",139684,False,0.1598687320947647,3.299668969702907e-05,2.155985896479251e-07,0.0007901409408077598,9.119257811107673e-07,0.0008204063633456826,8.060981144808466e-07,0.9991796016693115,12,0.3199999928474426,84,"tiny"
0.0009765625,"book",139684,True,0.9196845293045044,0.07943566888570786,0.0005190283409319818,0.0008798344642855227,1.0113584494320094e-06,0.080315500497818,7.850977272028103e-05,0.9196845293045044,13,1.0,84,"tiny"
0.0011444091796875,"book",139684,True,0.06183227524161339,0.14562192559242249,0.0009514857665635645,0.7819184064865112,0.0008989828056655824,0.9275403618812561,0.0009068389190360904,0.07245969772338867,14,1.0,84,"tiny"
0.3566436767578125,"wall-other-merged",140640,False,0.0027382022235542536,4.370316042785977e-15,1.7437670416138493e-17,2.906640206301603e-12,7.0969392404365665e-15,2.9110060716097674e-12,4.4186701891294096e-15,1.0,0,0.10405168682336807,85,"large"
0.1927337646484375,"person",140640,True,0.005066893994808197,9.881853202386992e-07,3.942883797236618e-09,4.804397324420506e-09,8.335087828270638e-12,9.929897260008147e-07,1.2012350003587358e-09,0.9999990463256836,1,0.5928272008895874,85,"large"
0.09259033203125,"person",140640,True,0.010543794371187687,0.0003164477529935539,1.262634441445698e-06,2.992683789670991e-08,4.407081644064448e-11,0.00031647764262743294,3.405961024327553e-07,0.9996834993362427,2,0.5695451498031616,85,"medium"
0.048614501953125,"door-stuff",140640,False,0.01985688880085945,5.665590219194883e-10,2.260584731558768e-12,0.011499322950839996,1.5880301361903548e-05,0.011499323882162571,1.180363597086398e-05,0.9885007739067078,3,0.40175768733024597,85,"medium"
0.039794921875,"potted plant",140640,True,0.024539874866604805,2.705500823374507e-10,1.0795015055464763e-12,3.256743852375621e-08,4.4330168008643867e-11,3.256743852375621e-08,3.312223065266018e-11,1.0,4,0.6100460290908813,85,"medium"
0.018646240234375,"cake",140640,True,0.05237315595149994,1.1548818606960167e-17,4.6080070269744023e-20,1.213625120538575e-11,1.608982112583264e-14,1.2136262481088345e-11,1.2077008467446023e-14,1.0,5,0.5761047601699829,85,"small"
0.0029296875,"cake",140640,True,0.01200185064226389,0.0002495898224879056,9.958696409739787e-07,0.9637448191642761,0.001251007430255413,0.9639944434165955,0.0009441669099032879,0.03600555285811424,6,0.3333333432674408,85,"tiny"
0.0027313232421875,"knife",140640,True,6.596044113393873e-05,5.5568627431057394e-05,2.2172019953359268e-07,0.9997599720954895,0.0012974153505638242,0.9998155236244202,0.0009790564654394984,0.00018448312766849995,7,0.6424580812454224,85,"tiny"
0.001953125,"cake",140640,True,0.019214246422052383,0.11281118541955948,0.00045011943439021707,0.8487603664398193,0.0011003213003277779,0.9615715146064758,0.0009408722980879247,0.03842849284410477,8,0.5,85,"tiny"
0.0009765625,"cake",140640,True,0.012355725280940533,0.14433588087558746,0.0005759038031101227,0.8433083295822144,0.0010918381158262491,0.9876443147659302,0.000965439307037741,0.012355723418295383,9,0.0,85,"tiny"
0.21352672576904297,"bus",142585,True,0.0045734914019703865,4.129535255414929e-12,1.161048897811972e-14,9.025750979940739e-11,2.0051266148759378e-13,9.322073668549535e-11,1.1575203957229357e-13,1.0,0,0.4756430387496948,86,"large"
0.15548324584960938,"sky-other-merged",142585,False,0.006280820816755295,3.3325835580716445e-12,9.369799688462976e-15,5.2822666379848116e-11,1.0368761377927901e-13,5.6155202016183736e-11,6.493543631405294e-14,1.0,1,0.03140410780906677,86,"large"
0.1332263946533203,"car",142585,True,0.00733009772375226,7.154316066437447e-14,2.0114877857230055e-16,1.3270463287279322e-12,2.4949014530614147e-15,1.3985895774837331e-12,1.57574036809574e-15,1.0,2,0.42514568567276,86,"large"
0.06494808197021484,"bridge",142585,False,0.015026913955807686,0.000607541122008115,1.7081461010093335e-06,4.3027054141830945e-10,7.138528049926984e-13,0.0006075415294617414,6.345127303575282e-07,0.9993923902511597,3,0.22554072737693787,86,"medium"
0.053444862365722656,"tree-merged",142585,False,0.018047740682959557,0.012287555262446404,3.454735269770026e-05,4.098153567611007e-06,6.67590827063691e-09,0.012291653081774712,1.2681318366958294e-05,0.9877083897590637,4,0.1461786925792694,86,"medium"
0.0135040283203125,"building-other-merged",142585,False,0.07229294627904892,3.8210390407300565e-10,1.0743127307893952e-12,0.00032408974948339164,4.951721734869352e-07,0.0003240901278331876,3.2082670031741145e-07,0.9996759295463562,5,0.5785310864448547,86,"small"
0.005859375,"car",142585,True,0.16619162261486053,0.0017009004950523376,4.782204996445216e-06,0.0011494101490825415,1.735411501613271e-06,0.002850310644134879,2.7999121812172234e-06,0.9971497654914856,6,0.8333333134651184,86,"tiny"
0.005859375,"car",142585,True,5.820890237373533e-06,0.9150779247283936,0.0025728074833750725,0.08488716185092926,0.0001281649892916903,0.9999650716781616,0.0009822838474065065,3.4925345971714705e-05,7,0.0,86,"tiny"
0.00390625,"traffic light",142585,True,0.24798235297203064,4.847480886382982e-05,1.3629043849050504e-07,0.008022116497159004,1.2075551239831839e-05,0.008070592768490314,7.912345608929172e-06,0.9919294118881226,8,0.25,86,"tiny"
0.0028963088989257812,"traffic light",142585,True,0.012246198020875454,0.028847621753811836,8.110717317322269e-05,0.9348323941230774,0.0014049995224922895,0.9636799693107605,0.0009438272682018578,0.036320026963949203,9,1.0,86,"tiny"
0.0009765625,"car",142585,True,0.0014938199892640114,0.08415625989437103,0.0002366114204050973,0.9143499732017517,0.0013701674761250615,0.9985062479972839,0.0009760569664649665,0.0014938199892640114,10,0.0,86,"tiny"
0.48388671875,"sky-other-merged",144706,False,0.002018163213506341,3.207941074237497e-12,4.22097456271274e-14,4.926632712898282e-11,1.0827762433407787e-13,5.242545633721285e-11,9.919668575051818e-14,1.0,0,0.10494449734687805,87,"large"
0.18994140625,"tree-merged",144706,False,0.005138912703841925,5.64481187487198e-13,7.427383733819414e-15,0.00048155084368772805,6.378156740538543e-07,0.00048155084368772805,5.805314344797807e-07,0.9995185136795044,1,0.13367609679698944,87,"large"
0.14599609375,"road",144706,False,0.006688951980322599,5.863897475227864e-12,7.715654287351881e-14,1.7056586329999845e-06,2.1347417167305593e-09,1.7056590877473354e-06,1.9504391435276602e-09,0.9999983310699463,2,0.3076923191547394,87,"large"
0.052734375,"house",144706,False,0.006304789334535599,0.6595414280891418,0.008678175508975983,1.0256838045563654e-08,1.1472971878090377e-11,0.6595414280891418,0.0006799395778216422,0.3404586613178253,3,0.5370370149612427,87,"medium"
0.02392578125,"pavement-merged",144706,False,0.040816325694322586,5.291435067888983e-10,6.962414585837129e-12,5.747410325440683e-10,6.220141047195982e-13,5.779777767500605e-10,5.782669265305684e-13,1.0,4,0.2857142984867096,87,"small"
0.01953125,"grass-merged",144706,False,0.048412296921014786,0.03174883872270584,0.0004177478840574622,5.23799371876521e-06,5.6443898444058505e-09,0.03175407648086548,3.162756547681056e-05,0.9682459235191345,5,0.44999998807907104,87,"small"
0.0048828125,"traffic light",144706,True,0.17628785967826843,0.10359914600849152,0.001363146584481001,0.11854246258735657,0.00012557463196571916,0.11856068670749664,0.00011635002738330513,0.8814393877983093,6,0.800000011920929,87,"tiny"
0.0029296875,"truck",144706,True,0.009617768228054047,2.345892653465853e-07,3.086701338972375e-09,0.9711464047431946,0.0010276682442054152,0.9711466431617737,0.0009511721436865628,0.02885330095887184,7,0.0,87,"tiny"
0.0029296875,"traffic light",144706,True,0.2788197696208954,0.15661898255348206,0.0020607763435691595,0.006921745371073484,7.324599209823646e-06,0.16354072093963623,0.0001601770200068131,0.8364591598510742,8,1.0,87,"tiny"
0.001953125,"car",144706,True,0.06861700862646103,6.81679784975131e-06,8.969470854935935e-08,0.8627592325210571,0.0009120076429098845,0.862765908241272,0.000844193622469902,0.13723401725292206,9,0.0,87,"tiny"
0.40234375,"dog",145781,True,0.0024271844886243343,9.170093157040426e-11,3.7892947243531316e-13,3.893984947315153e-14,1.0453651162838537e-16,9.173986570409909e-11,1.4990173815773722e-13,1.0,0,0.8689320683479309,88,"large"
0.26318359375,"rug-merged",145781,False,0.003710574936121702,1.5371713857348368e-07,6.351948411698061e-10,1.3494014967105426e-14,2.625295074772836e-17,1.537171669951931e-07,2.0373383535776668e-10,0.9999998211860657,1,0.4897959232330322,88,"large"
0.06103515625,"wall-other-merged",145781,False,0.01600000262260437,2.0875086104155116e-09,8.626069476769249e-12,2.7234256516628363e-10,3.7799109545502696e-13,2.359847428579087e-09,2.454339682878004e-12,1.0,2,0.9679999947547913,88,"medium"
0.03955078125,"bottle",145781,True,1.6142506575151858e-14,1.0,0.00413223123177886,3.357168330223731e-13,4.527536686862045e-16,1.0,0.0010167767759412527,6.537715247639797e-13,3,0.5925925970077515,88,"medium"
0.32861328125,"gravel",147338,False,0.002971765585243702,3.80806090870614e-13,7.117871118629115e-15,8.789644994067203e-07,1.3776872975768129e-09,8.789645562501391e-07,1.278493866330166e-09,0.9999991059303284,0,0.21396730840206146,89,"large"
0.19287109375,"fire hydrant",147338,True,0.005063291173428297,2.5565776912476156e-14,4.778649662591831e-16,4.884121440618117e-10,6.314313221594814e-13,4.884360693679923e-10,5.909692223429741e-13,1.0,1,0.6025316715240479,89,"large"
0.08447265625,"truck",147338,True,0.011560690589249134,2.8342577707007877e-07,5.29767874013487e-09,5.3162221153035816e-11,6.007031623424947e-14,2.8347895408842305e-07,3.023775951849217e-10,0.9999996423721313,2,0.5086705088615417,89,"medium"
0.08056640625,"pavement-merged",147338,False,0.012121206149458885,5.658813972964083e-10,1.0577221390417613e-11,3.628655349530163e-07,4.0794320699255593e-10,3.630823641742609e-07,3.8564237914151533e-10,0.9999996423721313,3,0.4787878692150116,89,"medium"
0.0537109375,"sky-other-merged",147338,False,0.0181818176060915,6.074571227489345e-18,1.1354338622179176e-19,1.863411118116498e-12,2.035402596318428e-15,1.863417189648664e-12,1.9230311821291732e-15,1.0,4,0.1818181872367859,89,"medium"
0.0498046875,"grass-merged",147338,False,0.01950051449239254,3.588439767554519e-07,6.7073639975490096e-09,0.005473457742482424,5.946179044258315e-06,0.00547378696501255,5.625680387311149e-06,0.9945262670516968,5,0.6960784196853638,89,"medium"
0.046875,"car",147338,True,0.02083333395421505,3.910186663347304e-08,7.308760818780513e-10,6.479577430162919e-10,7.023932759205043e-13,3.974982121235371e-08,4.072727918802421e-11,0.9999998807907104,6,0.5416666865348816,89,"medium"
0.03662109375,"wall-other-merged",147338,False,2.042407309943428e-08,2.1111798975681495e-09,3.9461305750831954e-11,0.9999992251396179,0.0010700901038944721,0.9999992251396179,0.0010136839700862765,7.659027687623166e-07,7,0.3199999928474426,89,"medium"
0.02783203125,"road",147338,False,2.3456661438103765e-05,7.519062364735873e-06,1.4054323571599525e-07,0.9993240833282471,0.0010586061980575323,0.999331533908844,0.0010038489708676934,0.0006685148109681904,8,0.9473684430122375,89,"small"
0.025390625,"tree-merged",147338,False,0.038461532443761826,3.0144727996310724e-18,5.634527504277626e-20,3.8480488240288935e-10,4.074164508365008e-13,3.8480488240288935e-10,3.8557598411835536e-13,1.0,9,0.26923078298568726,89,"small"
0.01416015625,"building-other-merged",147338,False,0.06894254684448242,5.291652116490297e-10,9.890939629830786e-12,0.0003331939806230366,3.483471004983585e-07,0.00033319450449198484,3.3005898103510845e-07,0.9996668100357056,10,0.3448275923728943,89,"small"
0.009765625,"truck",147338,True,0.09942951053380966,2.1998425836500246e-06,4.1118557447816784e-08,0.00570285739377141,5.937384685239522e-06,0.005705057177692652,5.626289748761337e-06,0.9942950010299683,11,0.800000011920929,89,"tiny"
0.0029296875,"truck",147338,True,0.3333333432674408,3.354881303319068e-11,6.270806356817316e-13,1.3433228751580373e-08,1.388447429945261e-11,1.3466777915027706e-08,1.3189792140433365e-11,1.0,12,0.3333333432674408,89,"tiny"
0.218505859375,"zebra",148783,True,0.004469273611903191,1.4602881126535294e-09,2.9923936592513023e-12,9.39290293561581e-16,3.003326334081767e-18,1.4602888898096467e-09,1.8247909693708264e-12,1.0,0,0.7039105892181396,90,"large"
0.16455078125,"tree-merged",148783,False,0.005932776257395744,0.0003272246685810387,6.705424198116816e-07,1.8280270808190835e-07,4.967465883076727e-10,0.0003272436442784965,3.8251744172157487e-07,0.9996727108955383,1,0.9940652847290039,90,"large"
0.140869140625,"fence-merged",148783,False,0.006932408548891544,4.88227548667286e-11,1.0004661893858388e-13,3.466148548736392e-11,8.847857478145107e-14,8.348424035409252e-11,9.48954050105158e-14,1.0,2,0.8284229040145874,90,"large"
0.5029296875,"mountain-merged",150726,False,3.2742846087785438e-06,7.531296120077968e-08,1.0041729225918061e-08,0.9983137845993042,0.0019632524345070124,0.9983137845993042,0.0019613238982856274,0.0016862563788890839,0,0.15631067752838135,91,"large"
0.25439453125,"tree-merged",150726,False,0.003838667878881097,6.270825204491532e-19,8.361100272655376e-20,2.6987972887582146e-05,3.567478401578228e-08,2.6987972887582146e-05,3.534770343094351e-08,0.9999729990959167,1,0.5662187933921814,91,"large"
0.11669921875,"rock-merged",150726,False,0.008366821333765984,5.704978267573324e-09,7.606636986956516e-10,0.00016474726726301014,1.8274792523698125e-07,0.00016474726726301014,1.8214178965081373e-07,0.9998352527618408,2,0.3263598382472992,91,"large"
0.072265625,"giraffe",150726,True,0.013513513840734959,1.3684023024070595e-21,1.8245364452819942e-22,1.2210423783187707e-08,1.2927923488670334e-11,1.2210423783187707e-08,1.2853077976937577e-11,1.0,3,0.6351351141929626,91,"medium"
0.05322265625,"giraffe",150726,True,0.01834862306714058,4.543692764996124e-19,6.05825723540645e-20,1.2215121358849501e-08,1.2697631140978771e-11,1.2215121358849501e-08,1.2599403291513323e-11,1.0,4,0.8623853325843811,91,"medium"
0.18572998046875,"platform",151857,False,0.005257969722151756,1.8427582376689955e-11,3.590645169431264e-14,2.405992722762096e-12,7.504620433114798e-15,2.0833574448930747e-11,2.4985925261840174e-14,1.0,0,0.4732172191143036,92,"large"
0.17197418212890625,"ceiling-merged",151857,False,0.005678514018654823,2.4294990932233196e-12,4.733919334954989e-15,4.8382867134932894e-06,1.4453095609212596e-08,4.838288987230044e-06,5.706212835576707e-09,0.9999951720237732,1,0.23282019793987274,92,"large"
0.06989288330078125,"wall-other-merged",151857,False,0.013972274027764797,4.6189506212879206e-14,9.000101597191775e-17,3.083031829831384e-09,7.018230181038421e-12,3.083047594998334e-09,3.2370343384935385e-12,1.0,2,0.47505730390548706,92,"medium"
0.05078125,"railroad",151857,False,0.01923077180981636,3.03867619955156e-09,5.9209117643510556e-12,3.607384356507648e-12,7.862839136838114e-15,3.042283758247777e-09,3.1299221027458746e-12,1.0,3,0.807692289352417,92,"medium"
0.013671875,"sky-other-merged",151857,False,0.07142475992441177,2.4336228968439497e-14,4.741954143908855e-17,5.3332289098761976e-05,1.0735398348060698e-07,5.3332289098761976e-05,5.28042427561104e-08,0.999946653842926,4,0.3571428656578064,92,"small"
0.0068359375,"building-other-merged",151857,False,0.014184275642037392,6.716766620229464e-06,1.3087730010852283e-08,0.9007033705711365,0.001787857967428863,0.9007100462913513,0.0008856538916006684,0.09928993880748749,5,1.0,92,"tiny"
0.41039562225341797,"motorcycle",153217,True,0.0023795634042471647,8.85651627774237e-17,6.694672550363703e-19,1.9553470984295246e-14,4.1206200737676086e-17,1.9627728668715136e-14,3.2509428918085467e-17,1.0,0,0.6412017941474915,93,"large"
0.14391040802001953,"grass-merged",153217,False,0.00678205257281661,2.5395874558853393e-07,1.9196835232548892e-09,0.0005676271975971758,7.618278345944418e-07,0.0005678811576217413,6.477960141637595e-07,0.9994321465492249,1,0.9257791638374329,93,"large"
0.09716129302978516,"pavement-merged",153217,False,0.010050940327346325,6.862166483171382e-16,5.187136297576117e-18,7.910494304042004e-08,9.960547664444874e-11,7.910494304042004e-08,8.556446523533268e-11,0.9999999403953552,2,0.3819357752799988,93,"medium"
0.09402084350585938,"wall-brick",153217,False,0.010386533103883266,1.2167522072559223e-05,9.19747407124305e-08,9.512854913518165e-13,1.1932362768625774e-15,1.2167523891548626e-05,1.3115475816505295e-08,0.9999878406524658,3,0.547095000743866,93,"medium"
0.06958389282226562,"cat",153217,True,0.014030588790774345,3.950553491449682e-06,2.9862377459721756e-08,0.0002657522272784263,3.234040661936888e-07,0.0002657522272784263,2.7893290166502993e-07,0.9997342824935913,4,0.6747300028800964,93,"medium"
0.06121253967285156,"window-other",153217,False,0.015953632071614265,1.6850024847636647e-11,1.2736994347683356e-13,9.153384716853452e-09,1.100979203638719e-11,9.168710235485378e-09,9.537640642542922e-12,0.9999999403953552,5,0.9680927395820618,93,"medium"
0.37890625,"truck",154000,True,0.002577319974079728,4.829222022273427e-10,5.6814383059267115e-11,9.868594830209076e-10,1.5689342186542277e-12,1.4697794092910499e-09,2.3109743285676387e-12,1.0,0,0.36211341619491577,94,"large"
0.3779296875,"sky-other-merged",154000,False,0.002583979396149516,6.965375541970187e-13,8.194559261839526e-14,2.3509595312165565e-11,3.734645852662179e-14,2.4204934931382205e-11,3.799832830656512e-14,1.0,1,0.27131783962249756,94,"large"
0.19384765625,"dirt-merged",154000,False,0.00503773707896471,1.4014857052657703e-09,1.64880664677014e-10,9.21801256481558e-06,1.1275856692805064e-08,9.218198101734743e-06,1.1166805258255863e-08,0.9999908208847046,2,0.8438287377357483,94,"large"
0.01953125,"fence-merged",154000,False,0.050000011920928955,1.0583648723855223e-14,1.2451354678485061e-15,1.787566405661578e-12,1.79564716774102e-15,1.798150170428947e-12,1.79098658070699e-15,1.0,3,0.4000000059604645,94,"small"
0.01708984375,"truck",154000,True,0.05714285001158714,3.1874364259110166e-12,3.749924904015295e-13,3.52754589982851e-08,3.5346146148862445e-11,3.527864578245499e-08,3.5050812946524346e-11,0.9999999403953552,4,0.4000000059604645,94,"small"
0.00390625,"tree-merged",154000,False,0.00013866812514606863,0.9994453191757202,0.1175817996263504,7.253802891682426e-08,7.171332278010922e-11,0.999445378780365,0.000979848438873887,0.0005546725005842745,5,1.0,94,"tiny"
0.001953125,"truck",154000,True,2.462321013751989e-08,8.568928933527786e-06,1.0081092796099256e-06,0.9999913573265076,0.00098667130805552,0.9999999403953552,0.000978473573923111,4.924642027503978e-08,6,1.0,94,"tiny"
0.27890586853027344,"wall-tile",154718,False,0.003501403843984008,5.114786176818598e-07,1.0308558451299632e-09,1.6434256062405287e-15,6.768591064262667e-18,5.114786176818598e-07,6.926847428978533e-10,0.999999463558197,0,0.3633255064487457,95,"large"
0.18355941772460938,"person",154718,True,0.005320143420249224,1.4921288027380797e-07,3.0073002421637796e-10,1.495735718441693e-12,4.394729649908214e-15,1.492129939606457e-07,1.7847695543693476e-10,0.9999998211860657,1,0.7268490791320801,95,"large"
0.042809486389160156,"paper-merged",154718,False,0.022701747715473175,1.6777893563357793e-07,3.3814881450489054e-10,0.004825258161872625,9.967831829271745e-06,0.004825425799936056,4.923084816255141e-06,0.9951745867729187,2,0.6973423361778259,95,"medium"
0.0107421875,"cardboard",154718,False,0.09087736159563065,0.00033884437289088964,6.829213816672564e-07,1.013594101095805e-05,1.9611711365996598e-08,0.0003489803057163954,3.44501785320972e-07,0.9996510148048401,3,0.8181818127632141,95,"small"
0.25543975830078125,"platform",155443,False,0.0038230642676353455,7.328350123934099e-16,9.13990984452814e-18,1.2968146250857265e-13,1.8978138466191103e-16,1.3041428830948276e-13,1.7105091862949708e-16,1.0,0,0.20644544064998627,96,"large"
0.21976470947265625,"building-other-merged",155443,False,2.9113259643054334e-06,0.9993448257446289,0.01246381551027298,6.584380596308392e-09,9.119246156819028e-12,0.9993448853492737,0.001250805682502687,0.0006551620899699628,1,0.017774691805243492,96,"large"
0.12882232666015625,"house",155443,False,0.0075806924141943455,3.4414525130468596e-17,4.292174541076539e-19,8.455215000369165e-11,1.0376783796377936e-13,8.455218469816117e-11,9.478030339737931e-14,1.0,2,0.3714539408683777,96,"large"
0.1081085205078125,"railroad",155443,False,0.009033169597387314,1.5534287189922225e-09,1.937434587762077e-11,5.741962114114152e-11,6.892143106229653e-14,1.6108482325805085e-09,1.7637730468852975e-12,1.0,3,0.6296401023864746,96,"large"
0.05820465087890625,"sky-other-merged",155443,False,0.01677808351814747,4.312616751342077e-14,5.378689390613553e-16,9.727003274020984e-13,1.0970915787229915e-15,1.0147474223745623e-12,1.052207514606223e-15,1.0,4,0.21811509132385254,96,"medium"
0.0517578125,"train",155443,True,0.01886792480945587,3.556380653835754e-14,4.4355131745877653e-16,2.6752705546738767e-15,3.00315386692405e-18,3.8239075398965525e-14,3.938112928647379e-17,1.0,5,0.5471698045730591,96,"medium"
0.04974365234375,"bridge",155443,False,0.019631197676062584,1.684108065092005e-05,2.1004170491778495e-07,2.8365760954329744e-05,3.174928764337892e-08,3.583426951081492e-05,3.682627536250038e-08,0.9999642968177795,6,0.6073619723320007,96,"medium"
0.02001953125,"wall-brick",155443,False,2.486498691407074e-13,2.5168407358222566e-09,3.139000517848878e-11,1.0,0.0010812911204993725,1.0,0.0009965122444555163,5.097322303831975e-12,7,0.0,96,"small"
0.01607513427734375,"ceiling-merged",155443,False,4.762842945638113e-05,0.0007752298261038959,9.668657185102347e-06,0.9984418749809265,0.0010759163415059447,0.9992160201072693,0.0009917393326759338,0.0007840084726922214,8,1.0,96,"small"
0.01123046875,"train",155443,True,0.08695653080940247,1.912618848021186e-11,2.3854158123608193e-13,1.97809095492385e-11,2.1205490163302143e-14,1.9804376888421515e-11,1.9559879635574172e-14,1.0,9,0.739130437374115,96,"small"
0.0087890625,"fence-merged",155443,False,0.10231967270374298,0.002276303479447961,2.8390024453983642e-05,0.07684668153524399,8.220475137932226e-05,0.07912297546863556,7.795366400387138e-05,0.9208770990371704,10,1.0,96,"tiny"
0.1258716583251953,"cake",157138,True,0.007758398074656725,7.158054149414284e-10,8.533258735038407e-13,8.403064555295714e-08,1.493463241963866e-09,8.474644630496186e-08,9.467740480495479e-11,0.9999999403953552,0,0.17844316363334656,97,"large"
0.046051025390625,"fork",157138,True,0.021206095814704895,4.054830082811378e-11,4.8338432188195155e-14,3.178026244943233e-11,2.299760046026861e-13,6.565802068703164e-11,6.72144496094082e-14,1.0,1,0.4877402186393738,97,"medium"
0.0090789794921875,"food-other-merged",157138,False,0.0011723481584340334,0.2221231609582901,0.0002647974470164627,0.7669856548309326,0.004356664139777422,0.9891008138656616,0.0009747686563059688,0.010899174027144909,2,1.0,97,"tiny"
0.2782135009765625,"dirt-merged",158945,False,0.003510111942887306,6.584482308349959e-13,6.81557268305058e-15,2.0641437004087493e-06,3.210020915744849e-09,2.0641443825297756e-06,2.792745590340928e-09,0.9999979734420776,0,0.957878589630127,98,"large"
0.2535552978515625,"elephant",158945,True,0.0038514770567417145,1.0908817551935436e-16,1.1291675037887339e-18,1.2567155432616217e-13,1.8785422588822988e-16,1.2578063861724137e-13,1.6455691554624537e-16,1.0,1,0.654751181602478,98,"large"
0.138427734375,"rock-merged",158945,False,0.007054673507809639,3.326636138255355e-16,3.4433884879115093e-18,2.6504762062418488e-14,3.35543135416951e-17,2.683742069992546e-14,3.0419292402674225e-17,1.0,2,0.190476194024086,98,"large"
0.12347412109375,"building-other-merged",158945,False,0.007908079773187637,1.4018554850281362e-07,1.4510551649138392e-09,0.00012218041229061782,1.5204840053684165e-07,0.00012218042684253305,1.3612468308110692e-07,0.9998778700828552,3,0.9920909404754639,98,"large"
0.0489349365234375,"grass-merged",158945,False,0.01994970068335533,7.102277030311926e-16,7.351539569924207e-18,0.000332912226440385,3.794344252128212e-07,0.000332912226440385,3.418373637487093e-07,0.9996671080589294,4,0.5188649892807007,98,"medium"
0.04736328125,"chair",158945,True,0.020618554204702377,2.5714070872595585e-08,2.661653675239961e-10,5.650548828839419e-08,6.425527471209946e-11,8.221956449006029e-08,8.428453768249966e-11,0.9999998807907104,5,1.0,98,"medium"
0.0206298828125,"person",158945,True,0.047337278723716736,4.198487044138055e-12,4.3458380611597486e-14,3.1788608204075253e-12,3.5052910569408112e-15,7.375986106616939e-12,7.354841291117714e-15,1.0,6,0.8831360936164856,98,"small"
0.08544921875,"toothbrush",160666,True,0.011428571306169033,2.2067717445062307e-11,2.3564033076141008e-14,0.0,0.0,2.2067717445062307e-11,2.3564033076141008e-14,1.0,0,1.0,99,"medium"
0.392486572265625,"snow",161781,False,0.0024881423451006413,7.114295264010195e-11,1.1708967400259757e-13,5.61212153138424e-11,3.680079678491932e-12,1.270551580612178e-10,2.0423795304719966e-13,1.0,0,0.9768291711807251,100,"large"
0.014892578125,"skis",161781,True,0.0643361285328865,0.01040855422616005,1.7130778360296972e-05,0.008466854691505432,2.106674037349876e-05,0.01887403056025505,1.8710315998760052e-05,0.9811259508132935,1,0.8319672346115112,100,"small"
0.32861328125,"person",162092,True,0.0029717679135501385,4.116181173685618e-08,7.535343182762944e-11,6.348953718315897e-08,4.486893079302945e-10,8.664685680059847e-08,1.2603179611048176e-10,0.9999999403953552,0,0.43462109565734863,101,"large"
0.041259765625,"person",162092,True,0.023668639361858368,2.8639218774273445e-10,5.242877529690326e-13,5.57492524366765e-11,1.280120622134881e-13,3.4214148181277437e-10,3.485016366201049e-13,1.0,1,0.5917159914970398,101,"medium"
0.021484375,"table-merged",162092,False,0.0031510351691395044,0.9249922037124634,0.0016933493316173553,0.005684995092451572,1.2467093256418593e-05,0.9306772351264954,0.0009288194705732167,0.06932277977466583,2,0.28409090638160706,101,"small"
0.01953125,"light",162092,False,0.035618241876363754,0.2876347601413727,0.0005265625077299774,2.888447738769173e-07,6.310098554784815e-10,0.28763502836227417,0.000286489084828645,0.7123648524284363,3,0.3499999940395355,101,"small"
0.015625,"tree-merged",162092,False,0.004778816364705563,0.923538863658905,0.0016906890086829662,7.229584042534043e-08,1.5656922980333832e-10,0.9235389232635498,0.0009162092464976013,0.076461061835289,4,0.5,101,"small"
0.014404296875,"person",162092,True,6.386393351931474e-07,0.995491623878479,0.001822410267777741,0.004498973488807678,9.711761776998173e-06,0.9999905824661255,0.0009908254723995924,9.41993039305089e-06,5,0.33898305892944336,101,"small"
0.012451171875,"cake",162092,True,1.4249604100846636e-13,0.999675989151001,0.0018300703959539533,0.0003240100049879402,6.964212388993474e-07,1.0,0.000988875050097704,1.8168245770680547e-12,6,0.0,101,"small"
0.0078125,"fruit",162092,False,8.409531346842414e-07,0.9940606355667114,0.0018197905737906694,0.005932571832090616,1.2629209777514916e-05,0.9999933242797852,0.0009842453291639686,6.727625532221282e-06,7,0.375,101,"tiny"
0.005859375,"person",162092,True,0.00015847421309445053,0.9667192101478577,0.0017697381554171443,0.03232990950345993,6.85318882460706e-05,0.9990491271018982,0.0009813844226300716,0.00095084507483989,8,1.0,101,"tiny"
0.41059112548828125,"pavement-merged",163257,False,0.0023784306831657887,4.0000440459930786e-11,2.889096297267746e-13,4.760644656265356e-11,1.0211695719705358e-13,8.760687314479654e-11,1.4515150962689932e-13,1.0,0,0.28303325176239014,102,"large"
0.3081512451171875,"person",163257,True,0.003169101197272539,9.90442970694172e-13,7.153633696695139e-15,1.083570828007939e-13,1.895079386037357e-16,1.0819165658856877e-12,1.5271533935709309e-15,1.0,1,0.49514731764793396,102,"large"
0.14095306396484375,"tree-merged",163257,False,0.006928131449967623,2.1775875211460516e-05,1.572797856397301e-07,1.01730960894858e-14,1.3706764907446668e-17,2.1775875211460516e-05,2.4754765348689034e-08,0.999978244304657,2,0.3602706491947174,102,"large"
0.0071258544921875,"person",163257,True,0.059392090886831284,0.25909119844436646,0.0018713278695940971,0.5321833491325378,0.0006057540886104107,0.5666233897209167,0.0005573144881054759,0.433376669883728,3,1.0,102,"tiny"
0.32958984375,"mirror-stuff",164602,False,0.002535303821787238,0.14432267844676971,0.0007162416004575789,1.2343422895355616e-05,2.542414634376655e-08,0.14433501660823822,0.00021024765737820417,0.8556650280952454,0,0.24740740656852722,103,"large"
0.28369140625,"person",164602,True,0.003442340297624469,1.6255233921055878e-12,8.06711299052975e-15,9.67297921761201e-08,1.8131168788571017e-10,9.673139089727556e-08,1.3187645420131844e-10,0.9999999403953552,1,0.3132530152797699,103,"large"
0.16455078125,"person",164602,True,0.00593145377933979,0.0004076769982930273,2.023210981860757e-06,0.00014229759108275175,2.1708251551899593e-07,0.0005499746184796095,6.428692245208367e-07,0.9994499683380127,2,0.4302670657634735,103,"large"
0.01318359375,"wall-tile",164602,False,4.652431744034402e-05,7.637773191682129e-10,3.790457964863991e-12,0.9993719458580017,0.001235317555256188,0.9993719458580017,0.0009889875072985888,0.000628078356385231,3,0.2222222238779068,103,"small"
0.013671875,"sink",164602,True,0.07077120244503021,2.830606717907358e-06,1.4047675911399438e-08,0.009200384840369225,1.137957315222593e-05,0.009203215129673481,9.11209463083651e-06,0.9907968044281006,4,0.8571428656578064,103,"small"
0.00048828125,"toothbrush",164602,True,0.9728642106056213,0.4864340126514435,0.0024140644818544388,0.5135661363601685,0.0006243965472094715,0.5135680437088013,0.000501776288729161,0.48643210530281067,5,1.0,103,"tiny"
0.4638671875,"grass-merged",165500,False,0.0021052630618214607,4.008338660987931e-10,1.694857795775384e-12,6.8901828687018e-12,2.1908371655460918e-14,4.0771983012000135e-10,7.42659080933683e-13,1.0,0,0.8378947377204895,104,"large"
0.22412109375,"tree-merged",165500,False,0.004357156343758106,2.310690527806969e-09,9.770360735739114e-12,3.263495455030352e-05,5.812101733226882e-08,3.263496182626113e-05,4.107609541392776e-08,0.9999673962593079,1,0.9477124214172363,104,"large"
0.0537109375,"sky-other-merged",165500,False,0.0181818176060915,1.698810464859351e-14,7.183131222036576e-17,6.723076414159868e-13,9.165748816194704e-16,6.892909637165601e-13,7.113426101480161e-16,1.0,2,0.4000000059604645,104,"medium"
0.02783203125,"mountain-merged",165500,False,0.024323415011167526,0.30659550428390503,0.001296386937610805,0.3067827522754669,0.0004039272607769817,0.3067827522754669,0.00030816951766610146,0.6932173371315002,3,0.7543859481811523,104,"small"
0.0029296875,"bear",165500,True,3.3955748369313143e-12,0.9989358186721802,0.004223829600960016,0.0010642430279403925,1.356587517875596e-06,1.0,0.0009794317884370685,1.0186725594996116e-11,4,0.6666666865348816,104,"tiny"
0.49029541015625,"sky-other-merged",166563,False,0.001991783967241645,6.7901564371197765e-09,2.085268763218906e-11,2.2886297024182767e-11,1.1595337591572413e-13,6.8129830665952795e-09,1.3053254657724445e-11,1.0,0,0.9731109142303467,105,"large"
0.1927490234375,"elephant",166563,True,0.005066473037004471,4.261787125869887e-06,1.3088020445195525e-08,4.845245712203905e-06,9.65068114311407e-09,4.845246166951256e-06,5.861479746016585e-09,0.9999951720237732,1,0.6966434717178345,105,"large"
0.7361373901367188,"wall-other-merged",167240,False,0.0013266035821288824,4.24528148603527e-16,1.682340708587335e-16,1.3546068433623049e-10,5.057009498654619e-13,1.354610867920769e-10,5.013450592172841e-13,1.0,0,0.9635183811187744,106,"large"
0.19518280029296875,"vase",167240,True,0.005003319121897221,3.970347488280179e-12,1.5733887717001016e-12,9.079211622520234e-07,1.1041180192350453e-09,9.079251412913436e-07,1.101673641201728e-09,0.9999991059303284,1,0.9589962363243103,106,"large"
0.06689453125,"table-merged",167240,False,0.014598540030419827,8.079773044398794e-19,3.2018915571130043e-19,8.069182292019892e-15,8.46290552654534e-18,8.069982738155047e-15,8.445821765354282e-18,1.0,2,0.7007299065589905,106,"medium"
0.302734375,"refrigerator",168593,True,0.0032256003469228745,6.387210305547342e-05,6.054227696949965e-07,2.9339110696469106e-08,4.821546634170559e-11,6.39014397165738e-05,8.949781715728022e-08,0.9999361038208008,0,0.9838709831237793,107,"large"
0.21142578125,"window-other",168593,False,0.004618937149643898,1.7812029184938183e-08,1.6883440479009693e-10,1.7742094016170995e-08,2.5237686940293713e-11,2.710945956607702e-08,3.357208608334439e-11,0.9999998807907104,1,0.9815242290496826,107,"large"
0.20947265625,"wall-other-merged",168593,False,0.004662004765123129,3.289599495581719e-14,3.118103773481839e-16,1.0083400043756074e-13,1.4312846428836927e-16,1.3372983276305206e-13,1.6520052823726063e-16,1.0,2,0.6107226014137268,107,"large"
0.12158203125,"refrigerator",168593,True,0.008032046258449554,5.146509010955924e-06,4.878207704450688e-08,5.145868271938525e-06,6.476863934068433e-09,1.0292375918652397e-05,1.1442329750366298e-08,0.9999897480010986,3,0.7710843086242676,107,"large"
0.052734375,"chair",168593,True,0.018518518656492233,7.64969854225462e-15,7.25089915177284e-17,2.3986804160774575e-15,2.7746448091159697e-18,1.004837811129913e-14,1.0359152560735377e-17,1.0,4,0.8333333134651184,107,"medium"
0.3846435546875,"bed",170278,True,0.0025388728827238083,1.3616052001452772e-06,5.3122857224252584e-09,8.239018495226347e-11,2.1992709031953134e-13,1.36168739572895e-06,2.1609798395161306e-09,0.9999985694885254,0,0.9108219742774963,108,"large"
0.26385498046875,"dog",170278,True,0.0037011338863521814,4.876934138009748e-17,1.9027299588433446e-19,2.656334874284738e-11,5.330661584888874e-14,2.656339731510471e-11,3.5238739010123865e-14,1.0,1,0.7661346197128296,108,"large"
0.09503173828125,"cabinet-merged",170278,False,0.010276172310113907,2.21413707680862e-12,8.638428243123303e-15,1.5211739853859818e-11,2.2691389240693527e-14,1.742587844855148e-11,1.880448210068563e-14,1.0,2,0.852922260761261,108,"medium"
0.0069580078125,"window-other",170278,False,0.14035023748874664,4.578480911732186e-06,1.7862886281250212e-08,9.711870196937866e-12,1.2769325764686642e-14,4.578490461426554e-06,4.502510808634952e-09,0.9999954104423523,3,0.9824561476707458,108,"tiny"
0.24560546875,"couch",171740,True,0.003976142965257168,2.8640714457597817e-15,1.4575426973358005e-17,3.9465617731292146e-13,6.839795284243212e-16,3.975202599818678e-13,5.145893502368141e-16,1.0,0,0.5566600561141968,109,"large"
0.16796875,"wall-other-merged",171740,False,0.0058139474131166935,9.569093781247595e-12,4.869767918991644e-14,9.98897235149343e-07,1.5227091809677518e-09,9.989068985305494e-07,1.17242593411504e-09,0.9999989867210388,1,0.09883721172809601,109,"large"
0.1650390625,"shelf",171740,False,0.005915045738220215,1.6685649528724866e-09,8.49142457737262e-12,0.0003573469293769449,5.418452246885863e-07,0.0003573469293769449,4.179496215783729e-07,0.9996427297592163,2,0.3076923191547394,109,"large"
0.091796875,"table-merged",171740,False,0.010624885559082031,5.1821204662474973e-14,2.6372114055900505e-16,0.0012607838725671172,1.7188600622830563e-06,0.0012607838725671172,1.3556815474657924e-06,0.9987392425537109,3,0.585106372833252,109,"medium"
0.0400390625,"floor-other-merged",171740,False,0.023009661585092545,2.006274598898017e-06,1.0210049694592271e-08,0.05660194903612137,7.19211675459519e-05,0.05660395324230194,5.758287079515867e-05,0.9433959722518921,4,0.40243902802467346,109,"medium"
0.0380859375,"mirror-stuff",171740,False,0.013395032845437527,0.47678250074386597,0.002426374005153775,0.47759369015693665,0.000604931847192347,0.47759369015693665,0.00048486670129932463,0.522406280040741,5,0.19230769574642181,109,"medium"
0.025390625,"rug-merged",171740,False,0.038461510092020035,6.596414867325826e-19,3.3569541885073413e-21,7.657910146008362e-07,9.554472768513733e-10,7.657910146008362e-07,7.673256474660661e-10,0.9999992251396179,6,0.38461539149284363,109,"small"
0.0205078125,"light",171740,False,0.0476190485060215,1.0467191646244887e-15,5.32681525658274e-18,1.7988535262595563e-14,2.230444545273711e-17,1.903525453309917e-14,1.8978319122436884e-17,1.0,7,0.523809552192688,109,"small"
0.0107421875,"ceiling-merged",171740,False,0.09090639650821686,6.602541846589816e-10,3.3600722031124075e-12,2.964566374430433e-05,3.630822220657137e-08,2.9646324037457816e-05,2.9265867951266955e-08,0.9999703764915466,8,0.3636363744735718,109,"small"
0.001953125,"cup",171740,True,0.4999985098838806,2.383001856287592e-06,1.2127236992398593e-08,7.782487045915332e-07,9.427605363043767e-10,3.16125033350545e-06,3.093200362513926e-09,0.9999969005584717,9,1.0,109,"tiny"
0.0029296875,"clock",171740,True,0.01707502454519272,1.3797252904623747e-05,7.021503733994905e-08,0.9487610459327698,0.0011507109738886356,0.9487749338150024,0.0009292605682276189,0.05122506618499756,10,1.0,109,"tiny"
0.5237884521484375,"pavement-merged",172617,False,0.0018644217634573579,5.758034565643555e-13,1.4897477833454706e-15,7.999060615271336e-12,7.90969123965618e-14,8.574863909205366e-12,1.7584393820603908e-14,1.0,0,0.19949311017990112,110,"large"
0.06905269622802734,"suitcase",172617,True,0.014141757041215897,3.672996172099374e-05,9.502959841256597e-08,1.6168090155588288e-07,2.847547475592904e-10,3.689164077513851e-05,3.86992837775324e-08,0.999963104724884,1,0.3111301362514496,110,"medium"
0.017464637756347656,"book",172617,True,0.05527068302035332,0.011550484225153923,2.988398955494631e-05,1.896140986445971e-07,3.0590482924530704e-10,0.01155067328363657,1.1480455214041285e-05,0.9884492754936218,2,0.5032490491867065,110,"small"
0.005612373352050781,"book",172617,True,0.0008991447975859046,0.9793572425842285,0.0025338423438370228,0.018765738233923912,2.9677994461962953e-05,0.9948325753211975,0.0009769995231181383,0.005167448427528143,3,0.0,110,"tiny"
0.0037107467651367188,"book",172617,True,0.06005898118019104,0.383433073759079,0.0009920373558998108,0.38840556144714355,0.0006127337110228837,0.7717875242233276,0.0007565059349872172,0.2282124012708664,4,1.0,110,"tiny"
0.00390625,"book",172617,True,3.2044834341604655e-08,0.9042745232582092,0.0023395847529172897,0.09572529792785645,0.00015110803360585123,0.9999998211860657,0.0009803920984268188,1.281793231555639e-07,5,0.0,110,"tiny"
0.3095703125,"sky-other-merged",173183,False,0.0031545734964311123,1.7680473263226304e-07,2.500774032299091e-10,0.0,0.0,1.7680473263226304e-07,2.500774032299091e-10,0.9999998211860657,0,1.0,111,"large"
0.2439746856689453,"wall-other-merged",174231,False,0.004002720583230257,5.9457270209443535e-15,1.473477504656022e-17,1.947932050036516e-12,5.2554010981627295e-15,1.9538778147504265e-12,2.523835675023148e-15,1.0,0,0.32021763920783997,112,"large"
0.15569019317626953,"floor-other-merged",174231,False,0.006272472906857729,2.3750047609995273e-13,5.885767252674116e-16,5.2332173317015673e-11,1.1318936510729821e-13,5.253072976607598e-11,6.07591437557474e-14,1.0,1,0.5434938669204712,112,"large"
0.14072036743164062,"table-merged",174231,False,0.006939738057553768,5.640237582538177e-11,1.3977709235283436e-13,1.8065891664587053e-12,3.782079189488651e-15,5.7030474093222594e-11,6.48145477718208e-14,1.0,2,0.4464609920978546,112,"large"
0.06388092041015625,"cat",174231,True,0.015287232585251331,2.7436074245823505e-11,6.799243243080233e-14,1.0453850877325632e-15,1.8833413622729845e-18,2.7437116814632567e-11,2.8622490120221167e-14,1.0,3,0.7032126784324646,112,"medium"
0.0029296875,"light",174231,False,2.344796882700062e-12,1.0,0.002478212583810091,1.0585075038704872e-08,1.7142280650528363e-11,1.0,0.0009794319048523903,7.034390864940621e-12,4,1.0,112,"tiny"
0.64697265625,"tree-merged",176701,False,0.0015094337286427617,3.1972402156354995e-12,2.220305441781069e-14,3.865301856365022e-09,1.773074048694312e-11,3.868498854586733e-09,1.0701240241162147e-11,1.0,0,0.14490565657615662,113,"large"
0.20166015625,"sky-other-merged",176701,False,0.004842615220695734,1.3134780374457478e-08,9.121375182941094e-11,1.9555153052408514e-09,2.9013579733172534e-12,1.3263742992819516e-08,1.6224762852679042e-11,1.0,1,0.1646489053964615,113,"large"
0.00537109375,"paper-merged",176701,False,2.563029966040631e-07,0.9999986290931702,0.006944434717297554,3.929058856044776e-09,4.4929199249921226e-12,0.9999986290931702,0.0009818346006795764,1.4096665381657658e-06,2,0.3636363744735718,113,"tiny"
0.0048828125,"pavement-merged",176701,False,0.1282350718975067,0.1323525607585907,0.0009191150311380625,0.2264721542596817,0.00025882531190291047,0.3588247299194336,0.0003521341714076698,0.6411753296852112,3,0.6000000238418579,113,"tiny"
0.0009765625,"road",176701,False,0.0025067885871976614,0.9838853478431702,0.0068325381726026535,0.01360777486115694,1.548097498016432e-05,0.9974932074546814,0.0009750667959451675,0.0025067883543670177,4,0.0,113,"tiny"
0.879730224609375,"sea",177357,False,0.0011100705014541745,7.858308865823019e-14,3.753222301635002e-14,4.625997068047338e-12,3.790830225679914e-14,4.7042946794972895e-12,3.8197777460589194e-14,1.0,0,0.8580844402313232,114,"large"
0.0802001953125,"surfboard",177357,True,0.012176558375358582,2.2380002365207652e-11,1.0688954929505279e-11,3.5467637715669298e-09,3.7707705881351306e-12,3.5687799382344565e-09,3.789015975974586e-12,1.0,1,0.9878234267234802,114,"medium"
0.039276123046875,"person",177357,True,0.024589382112026215,0.003106619231402874,0.0014837583294138312,0.007939138449728489,8.080804036580957e-06,0.011045757681131363,1.1227858522033785e-05,0.9889543056488037,2,0.8997669219970703,114,"medium"
0.429412841796875,"dirt-merged",178618,False,0.002274180995300412,1.4748964295992802e-18,1.127758272368279e-19,4.98572190477109e-12,8.724161529912594e-15,4.985723205813697e-12,8.533087837670969e-15,1.0,0,0.775495707988739,115,"large"
0.28466796875,"sky-other-merged",178618,False,0.0034305318258702755,1.8595985787751932e-15,1.421915267346978e-16,3.958753463928488e-11,5.476756133565401e-14,3.958755198651964e-11,5.404443914418765e-14,1.0,1,0.9210977554321289,115,"large"
0.214202880859375,"tree-merged",178618,False,0.004559054039418697,1.559324128424123e-14,1.1923147050159648e-15,1.0979593428016299e-13,1.3796438234164562e-16,1.2511439638224903e-13,1.554880117126794e-16,1.0,2,0.4791993200778961,115,"large"
0.059906005859375,"elephant",178618,True,0.016301577910780907,1.6159027549951094e-19,1.2355766446353633e-20,5.777911371126674e-16,6.082611629838513e-19,5.779524968891193e-16,6.003725999758745e-19,1.0,3,0.4401426315307617,115,"medium"
0.0031890869140625,"elephant",178618,True,3.614699650711373e-08,0.9999998807907104,0.07646355777978897,2.5464659270113543e-09,2.5265302003307788e-12,0.9999998807907104,0.0009796868544071913,1.180425215352443e-07,4,1.0,115,"tiny"
0.138671875,"wall-wood",179653,False,0.007042253389954567,1.0395679872488017e-09,1.3226055450496488e-12,1.1078228773597727e-16,1.1539821983822887e-18,1.0395680982711042e-09,1.1786486500339755e-12,1.0,0,0.51408451795578,116,"large"
0.08935546875,"sky-other-merged",179653,False,0.010928953997790813,6.604094551221351e-07,8.402156193021426e-10,3.619474164828773e-11,2.4706308505116625e-13,6.604456075365306e-07,7.082526787272059e-10,0.9999992847442627,1,1.0,116,"medium"
0.00439453125,"road",179653,False,0.22222216427326202,2.034176560528067e-07,2.5880109166820375e-10,1.3876448818131437e-13,5.942804863155445e-16,2.0341781237220857e-07,1.9952703378400827e-10,0.9999997615814209,2,0.6666666865348816,116,"tiny"
0.2001953125,"fence-merged",180487,False,0.004877982661128044,7.548506264498656e-10,5.406573192617836e-12,1.3487902833730914e-05,1.981625352698302e-08,1.3487963769875932e-05,1.646881919725729e-08,0.9999865293502808,0,0.4875762164592743,117,"large"
0.2027435302734375,"tree-merged",180487,False,0.004816737957298756,3.629400107773912e-18,2.5995367286590716e-20,1.6442988707393683e-16,2.42181500303575e-19,1.6801585399569711e-16,2.0580326018622927e-19,1.0,1,0.4238729476928711,117,"large"
0.16876220703125,"person",180487,True,0.005786586552858353,2.78759603133949e-06,1.996599507947394e-08,2.7952419259236194e-06,3.923791958015954e-09,5.582838184636785e-06,6.5588818820572214e-09,0.9999944567680359,2,0.7869800925254822,117,"large"
0.10677337646484375,"house",180487,False,0.009146123193204403,3.9510038171925235e-15,2.829883475472924e-17,8.409655784247239e-12,1.0835548699072127e-14,8.410053903284975e-12,9.194691720244147e-15,1.0,3,0.5496963262557983,117,"large"
0.07340240478515625,"dining table",180487,True,0.013304133899509907,7.263992756634252e-06,5.2027925079300985e-08,1.6295368387986287e-09,2.013133149764146e-12,7.265622116392478e-06,7.657406264627298e-09,0.9999927282333374,4,0.6533624529838562,117,"medium"
0.05362701416015625,"umbrella",180487,True,0.018210269510746002,6.496858606652722e-11,4.653336635289385e-13,6.768010088996357e-13,8.144951824371513e-16,6.549045333814618e-11,6.757960890110132e-14,1.0,5,0.7557262778282166,117,"medium"
0.04470062255859375,"person",180487,True,0.021843435242772102,3.597162715265889e-12,2.5764468819045386e-14,0.00015099668235052377,1.798934761154669e-07,0.00015099668235052377,1.543575791629337e-07,0.9998490810394287,6,0.9015190601348877,117,"medium"
0.009246826171875,"cup",180487,True,0.10559633374214172,0.00013465502706822008,9.644587635193602e-07,2.586661906889276e-08,2.9564753423194645e-11,0.0001346808858215809,1.3275183619043673e-07,0.9998652935028076,7,0.8696369528770447,117,"tiny"
0.0080108642578125,"chair",180487,True,0.12184347957372665,0.0005026751314289868,3.6003814329887973e-06,2.273824328824503e-08,2.5951575957638973e-11,0.000502697832416743,4.94880282531085e-07,0.9994972944259644,8,0.9752380847930908,117,"tiny"
0.13494873046875,"cat",181859,True,0.007236544508486986,7.212555175328816e-08,9.68351648866772e-11,1.1231347713566275e-15,7.947879716112673e-18,7.212555175328816e-08,8.142304885883078e-11,1.0,0,0.7164179086685181,118,"large"
0.0845184326171875,"sink",181859,True,0.011505893431603909,0.004200933035463095,5.640137715090532e-06,2.9466099699115844e-12,1.5271118042532207e-14,0.004200933035463095,4.481219093577238e-06,0.9957991242408752,1,0.8456400036811829,118,"medium"
0.0296630859375,"wall-other-merged",181859,False,0.03292180970311165,1.1534285748737716e-09,1.5485835270362402e-12,4.3343635972026284e-12,1.7395075180628994e-14,1.157694162756684e-09,1.1651218184693946e-12,1.0,2,0.6913580298423767,118,"small"
0.0241851806640625,"towel",181859,False,0.04037582501769066,6.752256012987345e-05,9.065522021955985e-08,6.139064950838602e-13,2.409543401867757e-15,6.752256012987345e-05,6.757429815706928e-08,0.9999325275421143,3,0.8738170266151428,118,"small"
0.7324066162109375,"sky-other-merged",183500,False,0.0013333611423149705,3.365713041603158e-08,2.65408611754836e-10,3.2871264304262793e-13,2.209600851151906e-15,3.365745016026267e-08,1.2283039863003609e-10,1.0,0,0.06800141930580139,119,"large"
0.1433258056640625,"airplane",183500,True,0.006813584361225367,2.118897418634802e-11,1.6708899888695505e-13,6.381787898135372e-08,8.486596148049586e-11,6.382868633636463e-08,7.276126923194681e-11,0.9999999403953552,1,0.06813584268093109,119,"large"
0.001953125,"person",183500,True,0.22947651147842407,0.008630686439573765,6.805863813497126e-05,0.5324162840843201,0.0005947539466433227,0.5410469770431519,0.0005294001894071698,0.45895302295684814,2,1.0,119,"tiny"
0.012969970703125,"orange",184791,True,0.0007313310634344816,1.2373259323794628e-06,1.2635847923547772e-09,0.9902857542037964,0.03143764287233353,0.9902869462966919,0.0009797848761081696,0.009712990373373032,0,1.0,120,"small"
0.011810302734375,"orange",184791,True,3.328970155092037e-10,0.00030459134723059833,3.110554587237857e-07,0.9996954202651978,0.030583417043089867,1.0,0.0009882338345050812,4.025973332488775e-09,1,0.0,120,"small"
0.0087890625,"orange",184791,True,0.016968892887234688,0.847279965877533,0.0008652611286379397,5.284800863591954e-08,1.4769747647136455e-09,0.8472800254821777,0.0008347585680894554,0.15272004902362823,2,0.4444444477558136,120,"tiny"
0.0087890625,"bowl",184791,True,8.490078409667707e-18,1.0,0.0010212220950052142,4.3442599328998954e-16,1.2141160989248165e-17,1.0,0.0009852214716374874,7.641071644035733e-17,3,0.0,120,"tiny"
0.001373291015625,"orange",184791,True,0.026800138875842094,0.9604277610778809,0.0009808102622628212,0.0018846836173906922,4.345092020230368e-05,0.9623123407363892,0.0009410504717379808,0.037687696516513824,4,1.0,120,"tiny"
0.637700080871582,"pavement-merged",185950,False,0.0015313820913434029,1.4638623971850728e-13,6.124096489526585e-15,3.3304574376114005e-11,9.568105178601669e-14,3.345022175915702e-11,9.016350627265649e-14,1.0,0,0.9807769656181335,121,"large"
0.14270591735839844,"tree-merged",185950,False,0.006843140814453363,5.286767191137187e-06,2.2117292530765553e-07,6.030625172570581e-06,7.046087269202417e-09,6.030625172570581e-06,6.869617319438248e-09,0.9999940395355225,1,0.3571886718273163,121,"large"
0.11017131805419922,"person",185950,True,0.008863668888807297,6.48673198488936e-11,2.713736787368637e-12,4.134172559133731e-05,4.6526679398084525e-08,4.134172559133731e-05,4.537140796401218e-08,0.9999586343765259,2,0.4505596160888672,121,"large"
0.08114814758300781,"sky-other-merged",185950,False,0.012034316547214985,9.31821792307403e-15,3.898294439192546e-16,1.186825160717775e-13,1.292020117907571e-16,1.2799326485832263e-13,1.3603218107495035e-16,1.0,3,0.7614878416061401,121,"medium"
0.007767677307128906,"skateboard",185950,True,0.1257212907075882,3.6258117751156e-15,1.516865146105123e-16,8.956028807460825e-08,9.026539238288223e-11,8.956028807460825e-08,8.814590030103986e-11,0.9999999403953552,4,1.0,121,"tiny"
0.5349159240722656,"river",186873,False,0.001825595973059535,2.2767279006075114e-05,5.410414871676039e-08,1.9314194341091273e-12,3.48371301966445e-14,2.2767279006075114e-05,4.780570250773053e-08,0.9999773502349854,0,0.09858442097902298,122,"large"
0.043704986572265625,"boat",186873,True,0.02234441600739956,1.4370780831995944e-07,3.415071558876548e-10,4.0799056841289705e-12,7.305879398634627e-15,1.43711872624408e-07,1.467576615787891e-10,0.9999998807907104,1,0.22344417870044708,122,"medium"
0.002414703369140625,"person",186873,True,0.3171509802341461,0.039286404848098755,9.336019138572738e-05,0.17650824785232544,0.00029382650973275304,0.215794637799263,0.00021124705381225795,0.7842053174972534,2,0.8088467717170715,122,"tiny"
0.002162933349609375,"person",186873,True,0.054639384150505066,0.15023966133594513,0.0003570294356904924,0.7287425398826599,0.00121258944272995,0.8789823055267334,0.0008602418238297105,0.1210176944732666,3,0.4514991044998169,122,"tiny"
0.0009765625,"person",186873,True,0.08563041687011719,0.48978665471076965,0.0011639288859441876,0.42458289861679077,0.0007050585700199008,0.9143695831298828,0.0008938120445236564,0.08563040941953659,4,0.0,122,"tiny"
0.0009765625,"person",186873,True,1.5518014606641373e-07,0.05698881298303604,0.0001354282139800489,0.9430109858512878,0.001565955812111497,0.9999997615814209,0.0009775171056389809,1.5518010343384958e-07,5,0.0,122,"tiny"
0.0009765625,"person",186873,True,0.051681023091077805,0.2978568971157074,0.0007078269263729453,0.6504620313644409,0.001080151298083365,0.9483189582824707,0.0009269979782402515,0.051681023091077805,6,0.0,122,"tiny"
0.0009765625,"person",186873,True,0.06957639753818512,0.23204652965068817,0.0005514352233149111,0.6983770728111267,0.0011597184929996729,0.9304236173629761,0.0009095050045289099,0.06957639753818512,7,1.0,122,"tiny"
0.0009765625,"person",186873,True,0.000941524631343782,0.648046612739563,0.0015400175470858812,0.35101181268692017,0.0005828869761899114,0.9990584850311279,0.0009765967261046171,0.000941524631343782,8,1.0,122,"tiny"
0.0009765625,"person",186873,True,0.38460665941238403,0.24292565882205963,0.0005772884469479322,0.37246766686439514,0.000618516409303993,0.615393340587616,0.0006015575490891933,0.38460659980773926,9,1.0,122,"tiny"
0.9716796875,"sky-other-merged",187745,False,0.001005025114864111,9.79851609735332e-15,7.537319504768839e-16,3.001732087380498e-15,1.8192314237287766e-16,1.147743534869912e-14,3.9577360350573007e-16,1.0,0,0.9969848990440369,123,"large"
0.01611328125,"tree-merged",187745,False,0.060606058686971664,9.788928822590924e-17,7.529945057259031e-18,4.1311166293356294e-11,4.1518756477548074e-14,4.1311166293356294e-11,4.1003635084741266e-14,1.0,1,0.9090909361839294,123,"small"
0.3330078125,"ceiling-merged",189310,False,0.0029325513169169426,2.1872862895899736e-11,1.5084732508247045e-13,4.530575133804282e-12,8.421143116328893e-15,2.6403438463384887e-11,3.8658034835336447e-14,1.0,0,0.9032257795333862,124,"large"
0.23291015625,"wall-other-merged",189310,False,0.004192872438579798,2.2507569538612188e-14,1.552246374056425e-16,3.7247570479348457e-13,5.801802994195165e-16,3.949831455830888e-13,5.028430149616467e-16,1.0,1,0.5199161171913147,124,"large"
0.15380859375,"curtain",189310,False,0.0063492064364254475,3.833685015907254e-17,2.643920752324481e-19,6.225628465441474e-14,8.622754374890395e-17,6.229461797747568e-14,7.189223241811906e-17,1.0,2,0.380952388048172,124,"large"
0.03515625,"chair",189310,True,0.02777777798473835,6.742999747162779e-15,4.6503445528130974e-17,6.117454633136621e-13,7.256766840166046e-16,6.184884418850012e-13,6.260004408221195e-16,1.0,3,0.9722222089767456,124,"medium"
0.03515625,"mirror-stuff",189310,False,0.02777777798473835,3.0920662453810376e-15,2.132459542324762e-17,5.36173494491976e-10,6.360302367246218e-13,5.36176603116445e-10,5.426888864505652e-13,1.0,4,0.8888888955116272,124,"medium"
0.02197265625,"window-other",189310,False,0.04444444924592972,3.305822837695871e-10,2.2798781092181475e-12,1.2262225013159878e-08,1.429997266433336e-11,1.2262231230408815e-08,1.2243867378303186e-11,1.0,5,0.5333333611488342,124,"small"
0.02587890625,"floor-wood",189310,False,0.03773520886898041,1.700263783277478e-05,1.1725957449471025e-07,3.1291321530430016e-14,3.6683845510171074e-17,1.700263783277478e-05,1.704525054435635e-08,0.999983012676239,6,0.7924528121948242,124,"small"
0.02294921875,"door-stuff",189310,False,0.0425531268119812,1.1312123433526722e-06,7.80146347523214e-09,1.577027660459862e-06,1.840172125788797e-09,1.577142484165961e-06,1.5763541583169172e-09,0.9999985098838806,7,0.957446813583374,124,"small"
0.439666748046875,"river",190140,False,0.0022209989838302135,5.1791675115264724e-11,1.5706346271314453e-13,6.46309126750566e-05,2.629611230986484e-07,6.46309636067599e-05,1.1264042143466213e-07,0.9999353885650635,0,0.8314014077186584,125,"large"
0.195220947265625,"boat",190140,True,0.005002344027161598,8.993666256174038e-08,2.727419401438169e-10,9.42054594055275e-13,1.898705242916977e-15,8.993760758357894e-08,1.0913515924304562e-10,0.9999999403953552,1,0.5474441051483154,125,"large"
0.024444580078125,"person",190140,True,0.039949722588062286,4.279343556845561e-06,1.2977539043390607e-08,8.51129152579233e-06,1.2700458462688857e-08,8.51129152579233e-06,8.520077976470475e-09,0.9999914765357971,2,0.9163545370101929,125,"small"
0.020843505859375,"dog",190140,True,0.046852122992277145,1.802342963189065e-14,5.4657861489850176e-17,8.000193840729253e-10,1.1889017331387364e-12,8.000374251970754e-10,7.979179383194035e-13,1.0,3,0.7730600237846375,125,"small"
0.401763916015625,"tree-merged",191288,False,0.0024306834675371647,3.384134972250763e-09,3.976949325412704e-11,1.6744102140364703e-06,3.1400102518119866e-09,1.6745217408242752e-06,2.733494985918128e-09,0.9999982714653015,0,0.10695024579763412,126,"large"
0.213409423828125,"fence-merged",191288,False,0.0044602444395422935,0.023869095370173454,0.0002805035619530827,0.001435352605767548,1.9879371393471956e-06,0.025297293439507484,3.1406925700139254e-05,0.9747026562690735,1,0.26140427589416504,126,"large"
0.184600830078125,"horse",191288,True,0.005290130618959665,1.806080025118506e-12,2.1224590756262728e-14,1.5273843116930114e-13,2.031011762808319e-16,1.948002740018162e-12,2.3330247747534085e-15,1.0,2,0.20102496445178986,126,"large"
0.052276611328125,"sky-other-merged",191288,False,0.006696169264614582,0.0009225294343195856,1.0841331459232606e-05,0.6415456533432007,0.0007220294210128486,0.6415457129478455,0.0006610679556615651,0.35845428705215454,3,0.283712774515152,126,"medium"
0.035308837890625,"person",191288,True,0.027657438069581985,1.0766646482807118e-05,1.265268707584255e-07,3.540780407589039e-13,3.9222159731119876e-16,1.0766646482807118e-05,1.0899139368802935e-08,0.9999892711639404,4,0.3595505654811859,126,"medium"
0.029510498046875,"grass-merged",191288,False,0.03306257724761963,3.4009412047453225e-05,3.9966988651940483e-07,0.0008901397231966257,9.782762617760454e-07,0.0008901397231966257,8.95709888482088e-07,0.9991098642349243,5,0.34643226861953735,126,"small"
0.0068359375,"mountain-merged",191288,False,0.009713656269013882,0.00020974490325897932,2.464868884999305e-06,0.9317945837974548,0.0009998802561312914,0.9320042729377747,0.0009164251387119293,0.067995585501194,6,1.0,126,"tiny"
0.3544158935546875,"tree-merged",192699,False,0.0027549921069294214,0.00015305087435990572,6.785297159694892e-07,2.139304629712041e-13,4.90218147701499e-16,0.00015305087435990572,2.3151704908741522e-07,0.9998470544815063,0,0.8302406668663025,127,"large"
0.204315185546875,"person",192699,True,0.004779686685651541,1.6414430925593138e-09,7.27711120529495e-12,4.664991504199634e-09,7.908651164512115e-12,6.306430933022966e-09,7.740030838476741e-12,1.0,1,0.9808812737464905,127,"large"
0.15001678466796875,"person",192699,True,0.006509688217192888,4.010858312142318e-11,1.7781582413098351e-13,1.906073823082499e-12,2.9521495315053096e-15,4.201465564346307e-11,4.827146915151702e-14,1.0,2,0.6658190488815308,127,"large"
0.0721893310546875,"motorcycle",192699,True,0.013527793809771538,3.084693744881406e-08,1.3675559296100204e-10,5.9294833931744506e-08,8.182653166155518e-11,5.929485880074026e-08,6.241050731770059e-11,0.9999999403953552,3,0.959099531173706,127,"medium"
0.5633926391601562,"fence-merged",85772,False,0.0017296388978138566,0.002147068502381444,8.05961371952435e-06,1.6919332688353217e-12,9.35334946159435e-15,0.002147068502381444,4.80236212752061e-06,0.9978529810905457,0,0.3166768252849579,1020,"large"
0.1590728759765625,"person",85772,True,0.0061390888877213,1.0851567422420771e-09,4.073435165563577e-12,4.3303700181240856e-08,7.27898435970431e-11,4.412133236542104e-08,5.123777790938533e-11,1.0,1,0.5425419807434082,1020,"large"
0.0146484375,"tennis racket",85772,True,0.06666665524244308,2.0437297687525557e-13,7.671703399433102e-16,1.4623792310430872e-07,1.9692648900448972e-10,1.4623812205627473e-07,1.4493371780499587e-10,0.9999998211860657,2,1.0,1020,"small"
0.001953125,"sports ball",85772,True,0.5,1.6743132921770432e-11,6.284996665901349e-14,3.587613539579593e-11,4.7480228570432464e-14,5.261927699118374e-11,5.14865724382009e-14,1.0,3,1.0,1020,"tiny"
0.0009765625,"sports ball",85772,True,0.9999999403953552,3.162749351304228e-08,1.1872251792777178e-10,7.819864578095803e-08,1.0335512307113603e-10,1.0982613218857296e-07,1.0735692196339741e-10,0.9999999403953552,4,1.0,1020,"tiny"
0.3662109375,"road",177934,False,0.0026666661724448204,4.067660930306971e-10,1.1790321323423836e-11,1.865940362222318e-07,3.021765893063133e-10,1.8697974724091182e-07,2.8810437369131137e-10,0.9999998211860657,0,0.08799999952316284,1407,"large"
0.142578125,"sky-other-merged",177934,False,0.006849314551800489,8.379549224640792e-14,2.428854694273971e-15,2.4158069641955215e-11,2.858942873022394e-14,2.424178566218238e-11,2.7610231538143654e-14,1.0,1,0.0890410989522934,1407,"large"
0.10107421875,"tree-merged",177934,False,0.009661836549639702,1.4697788492650524e-16,4.260229136012471e-18,3.5398653409554615e-13,3.990829612306526e-16,3.5413352480508087e-13,3.847187118133182e-16,1.0,2,0.12560386955738068,1407,"large"
0.08056640625,"truck",177934,True,0.012121209874749184,1.6670212232838821e-07,4.831945510375135e-09,6.03774436046603e-14,6.653161897529771e-17,1.6670217917180707e-07,1.770601998352106e-10,0.9999998211860657,3,0.3272727131843567,1407,"medium"
0.068359375,"pavement-merged",177934,False,0.014285711571574211,2.3508285602717467e-15,6.813995587112132e-17,1.503302797800643e-07,1.6304801953026526e-10,1.503302797800643e-07,1.5757890825529586e-10,0.9999998211860657,4,0.08571428805589676,1407,"medium"
0.06201171875,"motorcycle",177934,True,0.01433628425002098,0.08964600414037704,0.002598435152322054,5.454637436175247e-11,5.887358742878712e-14,0.08964600414037704,9.333265188615769e-05,0.91035395860672,5,0.31496062874794006,1407,"medium"
0.02294921875,"building-other-merged",177934,False,0.042552534490823746,2.1007350945730996e-15,6.08908692375067e-17,1.5412882930831984e-05,1.5955365029185486e-08,1.5412882930831984e-05,1.5405181130745405e-08,0.9999845623970032,6,0.2978723347187042,1407,"small"
0.01904296875,"person",177934,True,0.05126171559095383,1.81606071691931e-06,5.26394394739782e-08,0.00039655377622693777,4.0797712586027046e-07,0.00039655386353842914,3.947773734580551e-07,0.9996034502983093,7,0.25641027092933655,1407,"small"
0.01318359375,"house",177934,False,0.07407387346029282,4.0650301050618176e-13,1.1782695858494202e-14,2.7785995371232275e-06,2.8454680833789325e-09,2.778599764496903e-06,2.7497275567611723e-09,0.9999972581863403,8,0.37037035822868347,1407,"small"
0.0126953125,"car",177934,True,0.076919324696064,5.799677280310736e-14,1.6810658445923785e-15,4.87123652419541e-05,4.9884654629295255e-08,4.87123652419541e-05,4.818235765924328e-08,0.9999512434005737,9,0.38461539149284363,1407,"small"
0.009765625,"flower",177934,False,0.09999677538871765,3.248215498657947e-15,9.41511597761086e-17,3.216182813048363e-05,3.283494010020149e-08,3.216182813048363e-05,3.171777507304796e-08,0.9999678730964661,10,0.5,1407,"tiny"
0.01025390625,"person",177934,True,0.0194039735943079,0.004587172530591488,0.00013296151882968843,0.7918246388435364,0.0008079843246378005,0.796258270740509,0.0007856519659981132,0.20374172925949097,11,0.8571428656578064,1407,"small"
0.01416015625,"person",177934,True,0.0646958127617836,0.024419011548161507,0.0007077973568812013,0.03807826712727547,3.901461241184734e-05,0.06191068887710571,6.132806447567418e-05,0.9380893707275391,12,0.5862069129943848,1407,"small"
0.01025390625,"car",177934,True,0.0721350833773613,1.4182847951627053e-10,4.110969811094156e-12,0.24258160591125488,0.00024765857961028814,0.24258160591125488,0.00023935035278555006,0.7574185132980347,13,0.6666666865348816,1407,"small"
0.0078125,"person",177934,True,1.4376811122929212e-05,0.0011149891652166843,3.231852679164149e-05,0.998769998550415,0.0010175955248996615,0.9998849630355835,0.000984138692729175,0.0001150144889834337,14,0.0,1407,"tiny"
0.00634765625,"motorcycle",177934,True,0.1487775593996048,0.01687205396592617,0.0004890451091341674,0.02087797038257122,2.1228237528703175e-05,0.0329459123313427,3.237927739974111e-05,0.967054009437561,15,0.692307710647583,1407,"tiny"
0.005859375,"truck",177934,True,0.012111332267522812,0.01504187285900116,0.00043599630589596927,0.9122901558876038,0.0009275954798795283,0.9273320436477661,0.0009109352249652147,0.07266799360513687,16,0.0,1407,"tiny"
0.00634765625,"person",177934,True,0.13082534074783325,0.0006507628131657839,1.886269274109509e-05,0.14911416172981262,0.00015161583723966032,0.1496354043483734,0.00014706182992085814,0.8503645658493042,17,0.3076923191547394,1407,"tiny"
0.0048828125,"car",177934,True,0.06813672184944153,2.5063331122510135e-05,7.264734449563548e-07,0.6592913866043091,0.0006696713389828801,0.6593164801597595,0.0006470230873674154,0.34068357944488525,18,0.800000011920929,1407,"tiny"
0.001953125,"car",177934,True,0.4084925949573517,9.486388989898842e-06,2.749678174041037e-07,0.18300537765026093,0.00018532191461417824,0.1830148547887802,0.0001790752139640972,0.8169850707054138,19,0.5,1407,"tiny"
0.001953125,"banner",177934,False,0.011284450069069862,0.01967604085803032,0.0005703199421986938,0.9577550292015076,0.0009698784560896456,0.9774311184883118,0.0009563904604874551,0.022568902000784874,20,1.0,1407,"tiny"
0.001953125,"car",177934,True,0.13508522510528564,0.0017674867995083332,5.123149821883999e-05,0.7280622124671936,0.0007372781401500106,0.7298296093940735,0.0007141189416870475,0.2701704800128937,21,1.0,1407,"tiny"
0.001953125,"car",177934,True,0.008763661608099937,0.03190647438168526,0.0009248252608813345,0.950566291809082,0.0009625987149775028,0.9824727177619934,0.0009613235597498715,0.017527325078845024,22,0.0,1407,"tiny"
0.00048828125,"person",177934,True,0.002869702409952879,0.05445055663585663,0.001578276976943016,0.9455493688583374,0.0009555830038152635,0.998565137386322,0.0009756376384757459,0.0014348512049764395,23,1.0,1407,"tiny"
0.00048828125,"mirror-stuff",177934,False,0.0019020241452381015,0.017988495528697968,0.0005214056582190096,0.9820114970207214,0.000992432003840804,0.9990490078926086,0.0009761104010976851,0.0009510120726190507,24,0.0,1407,"tiny"
0.0009765625,"truck",177934,True,2.944690038475528e-07,0.2824610769748688,0.008187277242541313,0.7175387144088745,0.0007258864352479577,0.9999997615814209,0.0009775168728083372,2.944690038475528e-07,25,0.0,1407,"tiny"
